id,fuente,producto_id,sku_id,nombre,marca,precio_ars,precio_lista,disponible,volumen_ml,precio_por_ml,categoria_raw,tipo_producto,linea_tipo,tipo_cabello,url,es_combo
1,Jumbo,405294,402229,Shampoo Fructis Hydraliss 200ml,Fructis,5900.0,487603.0,True,200.0,29.5,> Perfumería > Cuidado Capilar > Shampoo >,shampoo,estandar,general,https://www.jumbo.com.ar/shampoo-fructis-hydraliss-200ml/p,False
2,Jumbo,3087475,3086698,Shampoo Pantene Restauracion 700ml,Pantene,17250.0,1425620.0,True,700.0,24.6429,> Perfumería > Cuidado Capilar > Shampoo >,shampoo,estandar,general,https://www.jumbo.com.ar/shampoo-pantene-restauracion-700ml/p,False
3,Jumbo,400585,397923,Shampoo Elvive Colorvive 400ml,Elvive,11123.0,919256.0,True,400.0,27.8075,> Perfumería > Cuidado Capilar > Shampoo >,shampoo,profesional,tratado,https://www.jumbo.com.ar/shampoo-elvive-colorvive-400ml/p,False
4,Jumbo,3087378,3086599,Shampoo Dove Regeneracionretinol 650ml,Dove,16700.0,1380165.0,True,650.0,25.6923,> Perfumería > Cuidado Capilar > Shampoo >,shampoo,estandar,general,https://www.jumbo.com.ar/shampoo-dove-regeneracionretinol-650ml/p,False
5,Jumbo,405288,402223,Shampoo Fructis Hydraliss 350ml,Fructis,8600.0,710744.0,True,350.0,24.5714,> Perfumería > Cuidado Capilar > Shampoo >,shampoo,estandar,general,https://www.jumbo.com.ar/shampoo-fructis-hydraliss-350ml/p,False
6,Jumbo,3087465,3086687,Shampoo Dove Reconstaminoacido 650ml,Dove,16700.0,1380165.0,True,650.0,25.6923,> Perfumería > Cuidado Capilar > Shampoo >,shampoo,estandar,general,https://www.jumbo.com.ar/shampoo-dove-reconstaminoacido-650ml/p,False
7,Jumbo,411249,407089,Shampoo Dove Hidratacion X400ml,Dove,9150.0,756198.0,True,400.0,22.875,> Perfumería > Cuidado Capilar > Shampoo >,shampoo,estandar,seco_danado,https://www.jumbo.com.ar/shampoo-dove-hidratacion-x400ml/p,False
8,Jumbo,412482,408091,Shampoo Fructis Liso Coco 200ml,Fructis,5900.0,487603.0,True,200.0,29.5,> Perfumería > Cuidado Capilar > Shampoo >,shampoo,estandar,general,https://www.jumbo.com.ar/shampoo-fructis-liso-coco-200ml-3/p,False
9,Jumbo,404462,401464,Shampoo Nutritivo 420 Ml Capilatis,Capilatis,9650.0,797521.0,True,420.0,22.9762,> Perfumería > Cuidado Capilar > Shampoo >,shampoo,estandar,general,https://www.jumbo.com.ar/shampoo-nutritivo-420-ml-capilatis/p,False
10,Jumbo,251369,250670,Shampoo Herbal Essences Rosemary 400ml,Herbal Essences,16900.0,1396694.0,True,400.0,42.25,> Perfumería > Cuidado Capilar > Shampoo >,shampoo,estandar,general,https://www.jumbo.com.ar/shampoo-herbal-essences-rosemary-400ml/p,False
11,Jumbo,412488,408096,Shampoo Fructis Regarga Nutritiva 350ml,Fructis,8600.0,710744.0,True,350.0,24.5714,> Perfumería > Cuidado Capilar > Shampoo >,shampoo,estandar,general,https://www.jumbo.com.ar/shampoo-fructis-regarga-nutritiva-350ml/p,False
12,Jumbo,3087383,3086604,Shampoo Dove Nutritri Oleos 650ml,Dove,16700.0,1380165.0,True,650.0,25.6923,> Perfumería > Cuidado Capilar > Shampoo >,shampoo,estandar,general,https://www.jumbo.com.ar/shampoo-dove-nutritri-oleos-650ml/p,False
13,Jumbo,251381,250684,Shampoo Herbal Essences Argan 400ml,Herbal Essences,16550.0,1367769.0,True,400.0,41.375,> Perfumería > Cuidado Capilar > Shampoo >,shampoo,estandar,general,https://www.jumbo.com.ar/shampoo-herbal-essences-argan-400ml/p,False
14,Jumbo,411252,407092,Shampoo Sedal Preboticos 340 Ml,Dove,5600.0,462810.0,True,340.0,16.4706,> Perfumería > Cuidado Capilar > Shampoo >,shampoo,estandar,general,https://www.jumbo.com.ar/shampoo-sedal-preboticos-340-ml/p,False
15,Jumbo,249732,246723,Shampoo Capilatis Limpieza Prof 420ml,Capilatis,9650.0,797521.0,True,420.0,22.9762,> Perfumería > Cuidado Capilar > Shampoo >,shampoo,estandar,general,https://www.jumbo.com.ar/shampoo-capilatis-limpieza-prof-420ml/p,False
16,Jumbo,3079021,3078345,Shampoo Herbal Essences Manzanilla 400ml,Herbal Essences,16550.0,1367769.0,True,400.0,41.375,> Perfumería > Cuidado Capilar > Shampoo >,shampoo,estandar,general,https://www.jumbo.com.ar/shampoo-herbal-essences-manzanilla-400ml/p,False
17,Jumbo,389289,387395,Shampoo Ceramidas 190 Ml Sedal,Sedal,3900.0,322314.0,True,190.0,20.5263,> Perfumería > Cuidado Capilar > Shampoo >,shampoo,estandar,general,https://www.jumbo.com.ar/shampoo-ceramidas-190-ml-sedal/p,False
18,Jumbo,251368,250669,Shampoo Herbal Essences Coconut 400ml,Herbal Essences,16550.0,1367769.0,True,400.0,41.375,> Perfumería > Cuidado Capilar > Shampoo >,shampoo,estandar,general,https://www.jumbo.com.ar/shampoo-herbal-essences-coconut-400ml/p,False
19,Jumbo,3087384,3086605,Shampoo Dove Humectcoco Antioxi 650ml,Dove,16700.0,1380165.0,True,650.0,25.6923,> Perfumería > Cuidado Capilar > Shampoo >,shampoo,estandar,general,https://www.jumbo.com.ar/shampoo-dove-humectcoco-antioxi-650ml/p,False
20,Jumbo,396886,394642,Shampoo Dove Reconstrucción Completa 400 Ml,Dove,9150.0,756198.0,True,400.0,22.875,> Perfumería > Cuidado Capilar > Shampoo >,shampoo,estandar,general,https://www.jumbo.com.ar/shampoo-dove-reconstruccion-completa-400-ml-4/p,False
21,Jumbo,394212,392218,Shampoo Dove óleo Nutrición 400 Ml,Dove,9150.0,756198.0,True,400.0,22.875,> Perfumería > Cuidado Capilar > Shampoo >,shampoo,estandar,general,https://www.jumbo.com.ar/shampoo-dove-oleo-nutricion-400-ml-3/p,False
22,Jumbo,393556,391584,Shampoo Dove Regeneración Extrema 400 Ml,Dove,9150.0,756198.0,True,400.0,22.875,> Perfumería > Cuidado Capilar > Shampoo >,shampoo,estandar,general,https://www.jumbo.com.ar/shampoo-dove-regeneracion-extrema-400-ml-3/p,False
23,Jumbo,3078387,3077731,Shampoo Dove Bond Uv Repair 400ml,Dove,9695.0,801240.0,True,400.0,24.2375,> Perfumería > Cuidado Capilar > Shampoo >,shampoo,profesional,general,https://www.jumbo.com.ar/shampoo-dove-bond-uv-repair-400ml/p,False
24,Jumbo,3070279,3069872,Shampoo Keratina Antifrizz 500 Ml Tresemmé,Tresemmé,10400.0,859504.0,True,500.0,20.8,> Perfumería > Cuidado Capilar > Shampoo >,shampoo,estandar,tratado,https://www.jumbo.com.ar/shampoo-keratina-antifrizz-x-500-ml-tresemme/p,False
25,Jumbo,3067580,3067444,Shampoo Luminous UV 340 Ml Sedal,Sedal,5440.0,449587.0,True,340.0,16.0,> Perfumería > Cuidado Capilar > Shampoo >,shampoo,estandar,general,https://www.jumbo.com.ar/shampoo-luminous-uv-x-340-ml-sedal-2/p,False
26,Jumbo,384331,383820,Shampoo Largo Saludable 970 Ml Plusbelle,Plusbelle,6350.0,524793.0,True,970.0,6.5464,> Perfumería > Cuidado Capilar > Shampoo >,shampoo,estandar,general,https://www.jumbo.com.ar/shampoo-esencia-largo-salud-970-ml-plusbelle/p,False
27,Jumbo,3073294,3072798,Shampoo Reparación Intensiva 350 Ml Bagovit,Bagovit,9800.0,809917.0,True,350.0,28.0,> Perfumería > Cuidado Capilar > Shampoo >,shampoo,estandar,general,https://www.jumbo.com.ar/shampoo-reparacion-intensiva-x-350-ml-bagovit/p,False
28,Jumbo,389292,387398,Shampoo Restauración Instantánea 650 Ml Sedal,Sedal,9400.0,776860.0,True,650.0,14.4615,> Perfumería > Cuidado Capilar > Shampoo >,shampoo,estandar,general,https://www.jumbo.com.ar/shampoo-restauracion-instantanea-650-ml-sedal/p,False
29,Jumbo,119620,118648,Shampoo Bebé Original 750 Ml Johnson's,Johnson's,20700.0,1710744.0,True,750.0,27.6,> Mundo Bebe > Higiene para el Bebe > Higiene del Bebé >,shampoo,estandar,bebe,https://www.jumbo.com.ar/toallas-femeninas-con-alas-siempre-libre-especial-x-16-un/p,False
30,Jumbo,31766,28925,Shampoo para Auto 600 Cc Silisur,Silisur,7399.0,611488.0,True,,,> Hogar y textil > Automotor > Limpieza >,shampoo,estandar,general,https://www.jumbo.com.ar/shampoo-lava-coche-silisur-vainilla-pride-x-600cc/p,False
31,Jumbo,415146,410806,Shampoo Rizos Definidos 190 Ml Sedal,Sedal,3900.0,322314.0,True,190.0,20.5263,> Perfumería > Cuidado Capilar > Shampoo >,shampoo,estandar,rizado,https://www.jumbo.com.ar/shampoo-rizos-definidos-190-ml-sedal/p,False
32,Jumbo,389302,387408,Shampoo Crema Balance 190 Ml Sedal,Sedal,3900.0,322314.0,True,190.0,20.5263,> Perfumería > Cuidado Capilar > Shampoo >,shampoo,estandar,general,https://www.jumbo.com.ar/shampoo-crema-balance-190-ml-sedal/p,False
33,Jumbo,400516,397854,Shampoo Hidra Hialurónico 750 Ml Elvive,Elvive,19400.0,1603306.0,True,750.0,25.8667,> Perfumería > Cuidado Capilar > Shampoo >,shampoo,profesional,general,https://www.jumbo.com.ar/shampoo-elvive-hidra-hialuronico-750-ml/p,False
34,Jumbo,397624,395357,Shampoo Hialurónico Pure 200 Ml Elvive,Elvive,7550.0,623967.0,True,200.0,37.75,> Perfumería > Cuidado Capilar > Shampoo >,shampoo,profesional,general,https://www.jumbo.com.ar/shampoo-elvive-hialuronico-pure-200ml/p,False
35,Jumbo,396882,394638,Shampoo Crema Balance 340 Ml Sedal,Sedal,5448.0,450248.0,True,340.0,16.0235,> Perfumería > Cuidado Capilar > Shampoo >,shampoo,estandar,general,https://www.jumbo.com.ar/shampoo-crema-balance-340-ml-sedal/p,False
36,Jumbo,389290,387396,Shampoo Sedal Ceramidas Botella 340 Ml,Sedal,5448.0,450248.0,True,340.0,16.0235,> Perfumería > Cuidado Capilar > Shampoo >,shampoo,estandar,general,https://www.jumbo.com.ar/shampoo-sedal-ceramidas-botella-340-ml-2/p,False
37,Jumbo,3070283,3069876,Shampoo Ondas Boho 500 Ml Tresemmé,Tresemmé,10400.0,859504.0,True,500.0,20.8,> Perfumería > Cuidado Capilar > Shampoo >,shampoo,estandar,general,https://www.jumbo.com.ar/shampoo-ondas-boho-x-500-ml-tresemme/p,False
38,Jumbo,3067578,3067442,Shampoo Luminous UV 650 Ml Sedal,Sedal,9000.0,743802.0,True,650.0,13.8462,> Perfumería > Cuidado Capilar > Shampoo >,shampoo,estandar,general,https://www.jumbo.com.ar/shampoo-luminous-uv-x-650-ml-sedal/p,False
39,Jumbo,421911,407093,Shampoo Prebioticos Biotina 650 Ml Sedal,Sedal,9400.0,776860.0,True,650.0,14.4615,> Perfumería > Cuidado Capilar > Shampoo >,shampoo,estandar,general,https://www.jumbo.com.ar/shampoo-prebioticos-biotina-650-ml-sedal/p,False
40,Jumbo,389300,387406,Shampoo Restauración Instantánea 340 Ml Sedal,Sedal,5800.0,479339.0,True,340.0,17.0588,> Perfumería > Cuidado Capilar > Shampoo >,shampoo,estandar,general,https://www.jumbo.com.ar/shampoo-restauracion-instantanea-340-ml-sedal/p,False
41,Jumbo,384328,383817,Shampoo Esencia Restauración 970 Ml Plusbelle,Plusbelle,6350.0,524793.0,True,970.0,6.5464,> Perfumería > Cuidado Capilar > Shampoo >,shampoo,estandar,general,https://www.jumbo.com.ar/shampoo-esencia-restauracion-970-ml-plusbelle/p,False
42,Jumbo,413347,409228,Shampoo Keratina Antifrizz 250 Ml Tresemmé,Tresemmé,6300.0,520661.0,True,250.0,25.2,> Perfumería > Cuidado Capilar > Shampoo >,shampoo,estandar,tratado,https://www.jumbo.com.ar/shampoo-tresemme-keratina-antifrizz-250-ml/p,False
43,Jumbo,397217,394958,Shampoo Fructis Goodbye Daños 200 Ml,Fructis,5900.0,487603.0,True,200.0,29.5,> Perfumería > Cuidado Capilar > Shampoo >,shampoo,estandar,general,https://www.jumbo.com.ar/shampoo-fructis-goodbye-danos-200-ml/p,False
44,Jumbo,393563,391591,Shampoo Reconstrucción Completa 200 Cc Dove,Dove,6000.0,495868.0,True,,,> Perfumería > Cuidado Capilar > Shampoo >,shampoo,estandar,general,https://www.jumbo.com.ar/shampoo-dove-reconstruccion-completa-200cc/p,False
45,Jumbo,413348,409229,Shampoo Tresemme Cauterización Reparadora 250 Ml,Tresemmé,6300.0,520661.0,True,250.0,25.2,> Perfumería > Cuidado Capilar > Shampoo >,shampoo,estandar,general,https://www.jumbo.com.ar/shampoo-tresemme-cauterizacion-reparadora-250-ml/p,False
46,Jumbo,3070277,3069870,Shampoo Cauterización Reparadora 500 Ml Tresemmé,Tresemmé,10400.0,859504.0,True,500.0,20.8,> Perfumería > Cuidado Capilar > Shampoo >,shampoo,estandar,general,https://www.jumbo.com.ar/shampoo-cauterizacion-reparadora-x-500-ml-tresemme/p,False
47,Jumbo,389291,387397,Shampoo Brillo Ceramidas 650 Ml Sedal,Sedal,9400.0,776860.0,True,650.0,14.4615,> Perfumería > Cuidado Capilar > Shampoo >,shampoo,estandar,general,https://www.jumbo.com.ar/shampoo-sedal-ceramidas-botella-650-ml-2/p,False
48,Jumbo,3070170,3069775,Shampoo Liso Infinito 700 Ml Pantene,Pantene,17600.0,1454545.0,True,700.0,25.1429,> Perfumería > Cuidado Capilar > Shampoo >,shampoo,estandar,general,https://www.jumbo.com.ar/shampoo-provmir-liso-infinito-x-700-ml-pantene/p,False
49,Jumbo,415572,411156,Shampoo Liso Infinito 400 Ml Pantene,Pantene,10750.0,888430.0,True,400.0,26.875,> Perfumería > Cuidado Capilar > Shampoo >,shampoo,estandar,general,https://www.jumbo.com.ar/shampoo-pantene-provmir-liso-infinito-400-ml/p,False
50,Jumbo,415143,410803,Shampoo Liso Perfecto 340 Ml Sedal,Sedal,5800.0,479339.0,True,340.0,17.0588,> Perfumería > Cuidado Capilar > Shampoo >,shampoo,estandar,general,https://www.jumbo.com.ar/shampoo-liso-perfecto-340-ml-sedal/p,False
51,Jumbo,413343,409224,Shampoo Tresemme Cauterización Reparadora 880 Ml,Tresemmé,16550.0,1367769.0,True,880.0,18.8068,> Perfumería > Cuidado Capilar > Shampoo >,shampoo,estandar,general,https://www.jumbo.com.ar/shampoo-tresemme-cauterizacion-reparadora-880-ml/p,False
52,Jumbo,389301,387407,Shampoo Rizos Definidos 340 Ml Sedal,Sedal,5800.0,479339.0,True,340.0,17.0588,> Perfumería > Cuidado Capilar > Shampoo >,shampoo,estandar,rizado,https://www.jumbo.com.ar/shampoo-rizos-definidos-340-ml-sedal/p,False
53,Jumbo,407570,403759,Shampoo Elvive Reparacion Extreme 200 Ml,Elvive,7400.0,611570.0,True,200.0,37.0,> Perfumería > Cuidado Capilar > Shampoo >,shampoo,profesional,general,https://www.jumbo.com.ar/shampoo-elvive-reparacion-extreme-200-ml/p,False
54,Jumbo,396887,394643,Shampoo Dove Regeneración Extrema 200 Ml,Dove,6000.0,495868.0,True,200.0,30.0,> Perfumería > Cuidado Capilar > Shampoo >,shampoo,estandar,general,https://www.jumbo.com.ar/shampoo-dove-regeneracion-extrema-200-ml-2/p,False
55,Jumbo,394040,392064,Shampoo Dove Regeneración Extrema 750 Ml,Dove,16450.0,1359504.0,True,750.0,21.9333,> Perfumería > Cuidado Capilar > Shampoo >,shampoo,estandar,general,https://www.jumbo.com.ar/shampoo-dove-regeneracion-extrema-750-ml-3/p,False
56,Jumbo,400553,397891,Shampoo Elvive Kera-liso Mk 400ml,Elvive,11123.0,919256.0,True,400.0,27.8075,> Perfumería > Cuidado Capilar > Shampoo >,shampoo,profesional,general,https://www.jumbo.com.ar/shampoo-elvive-kera-liso-mk-400ml/p,False
57,Jumbo,389299,387405,Shampoo Restauración Instantánea 190 Ml Sedal,Sedal,3900.0,322314.0,True,190.0,20.5263,> Perfumería > Cuidado Capilar > Shampoo >,shampoo,estandar,general,https://www.jumbo.com.ar/shampoo-restauracion-instantanea-190-ml-sedal/p,False
58,Jumbo,1362367,1361615,Shampoo Dove Bond Intense Repair 400 Ml,Dove,9695.0,801240.0,True,400.0,24.2375,> Perfumería > Cuidado Capilar > Shampoo >,shampoo,profesional,general,https://www.jumbo.com.ar/shampoo-dove-bond-intense-repair-400-ml-2/p,False
59,Jumbo,316330,315564,Shampoo Pantene Pro-v Bambú 400 Ml,Pantene,10400.0,859504.0,True,400.0,26.0,> Perfumería > Cuidado Capilar > Shampoo >,shampoo,profesional,general,https://www.jumbo.com.ar/shampoo-pantene-pro-v-bambu-400-ml/p,False
60,Jumbo,1365009,1363957,Shampoo Anticomezón 375 Ml Head y Shoulders,Head & Shoulders,12900.0,1066116.0,True,375.0,34.4,> Perfumería > Cuidado Capilar > Shampoo >,shampoo,estandar,general,https://www.jumbo.com.ar/shampoo-anticomezon-375-ml-head-shoulders-2/p,False
61,Jumbo,1365006,1363954,Shampoo Anticomezón 650 Ml Head & Shoulders,Head & Shoulders,19950.0,1648760.0,True,650.0,30.6923,> Perfumería > Cuidado Capilar > Shampoo >,shampoo,estandar,general,https://www.jumbo.com.ar/shampoo-anticomezon-650-ml-head-shoulders-2/p,False
62,Jumbo,424110,417111,Shampoo Argan 650 Ml Head & Shoulders,Head & Shoulders,19400.0,1603306.0,True,650.0,29.8462,> Perfumería > Cuidado Capilar > Shampoo >,shampoo,estandar,general,https://www.jumbo.com.ar/shampoo-argan-650-ml-head-shoulders-2/p,False
63,Jumbo,397216,394957,Shampoo Reparador Goodbye Daños 350 Ml Fructis,Fructis,8600.0,710744.0,True,350.0,24.5714,> Perfumería > Cuidado Capilar > Shampoo >,shampoo,estandar,general,https://www.jumbo.com.ar/shampoo-garnier-fructis-cabellos-danados-goodbye-danos-350-ml/p,False
64,Jumbo,3067684,3067546,Shampoo Nuhoney 375 Ml Head & Shoulders,Head & Shoulders,12900.0,1066116.0,True,375.0,34.4,> Perfumería > Cuidado Capilar > Shampoo >,shampoo,estandar,general,https://www.jumbo.com.ar/shampoo-nuhoney-375-ml-head-shoulders/p,False
65,Jumbo,332379,331536,Shampoo Kids Fuerza Natural 700 Ml Plusbelle,Plusbelle,7350.0,607438.0,True,700.0,10.5,> Mundo Bebe > Higiene para el Bebe > Higiene del Bebé >,shampoo,estandar,bebe,https://www.jumbo.com.ar/shampoo-kids-fuerza-natural-700-ml-plusbelle/p,False
66,Jumbo,3067581,3067445,Shampoo Luminous Uv X 190 Ml Sedal,Sedal,3850.0,318182.0,True,190.0,20.2632,> Perfumería > Cuidado Capilar > Shampoo >,shampoo,estandar,general,https://www.jumbo.com.ar/shampoo-luminous-uv-x-190-ml-sedal-2/p,False
67,Jumbo,3067727,3067587,Shampoo Nuhoney 180 Ml Head & Shoulders,Head & Shoulders,7800.0,644628.0,True,180.0,43.3333,> Perfumería > Cuidado Capilar > Shampoo >,shampoo,estandar,general,https://www.jumbo.com.ar/shampoo-nuhoney-180-ml-head-shoulders/p,False
68,Jumbo,3070280,3069873,Shampoo Liso Efecto Profesional 500 Ml Tresemmé,Tresemmé,10400.0,859504.0,True,500.0,20.8,> Perfumería > Cuidado Capilar > Shampoo >,shampoo,profesional,general,https://www.jumbo.com.ar/shampoo-liso-perfecto-profesional-x-500-ml-tresemme-2/p,False
69,Jumbo,349486,348146,Shampoo Brillo Ceramidas Perladas 1000 Ml Plusbelle,Plusbelle,5750.0,475207.0,True,1000.0,5.75,> Perfumería > Cuidado Capilar > Shampoo >,shampoo,estandar,general,https://www.jumbo.com.ar/shampoo-brillo-1000-ml-plusbelle/p,False
70,Jumbo,80238,77362,Shampoo Sandia Dulce 350 Ml Kids Algabo,Algabo,3750.0,309917.0,True,350.0,10.7143,> Mundo Bebe > Higiene para el Bebe > Higiene del Bebé >,shampoo,estandar,bebe,https://www.jumbo.com.ar/shampoo-sandia-dulce-350-ml-kids-algabo/p,False
71,Jumbo,1365007,1363955,Shampoo Anticomezón 180 Ml Head y Shoulders,Head & Shoulders,7800.0,644628.0,True,180.0,43.3333,> Perfumería > Cuidado Capilar > Shampoo >,shampoo,estandar,general,https://www.jumbo.com.ar/shampoo-anticomezon-180-ml-head-shoulders-2/p,False
72,Jumbo,414733,410434,Shampoo Niños Gotas de Brillo 400 Ml Johnson's,Johnson's,10650.0,880165.0,True,400.0,26.625,> Mundo Bebe > Higiene para el Bebe > Higiene del Bebé >,shampoo,estandar,bebe,https://www.jumbo.com.ar/shampoo-para-ninos-gotas-de-brillo-400-ml-johnson-baby/p,False
73,Jumbo,388708,386820,Shampoo Nutrición Oleo Extraordinario 200 Ml Elvive,Elvive,7550.0,623967.0,True,200.0,37.75,> Perfumería > Cuidado Capilar > Shampoo >,shampoo,profesional,general,https://www.jumbo.com.ar/shampoo-elvive-oleo-extraordinario-nutricion-universal-200-ml/p,False
74,Jumbo,119611,118639,Shampoo para Bebé Original 400 Ml Johnson's,Johnson's,12250.0,1012397.0,True,400.0,30.625,> Mundo Bebe > Higiene para el Bebe > Higiene del Bebé >,shampoo,estandar,bebe,https://www.jumbo.com.ar/toallas-femeninas-con-alas-siempre-libre-especial-8-un/p,False
75,Jumbo,5996,3384,Shampoo Iluminador Puro Rubio 420 Ml Capilatis,Capilatis,9650.0,797521.0,True,420.0,22.9762,> Perfumería > Cuidado Capilar > Shampoo >,shampoo,estandar,general,https://www.jumbo.com.ar/shampoo-capilatis-iluminador-420-ml/p,False
76,Jumbo,1362366,1361614,Shampoo Bond Intense Repair 200 Ml Dove,Dove,6750.0,557851.0,True,200.0,33.75,> Perfumería > Cuidado Capilar > Shampoo >,shampoo,profesional,general,https://www.jumbo.com.ar/shampoo-dove-bond-intense-repair-200-ml-2/p,False
77,Jumbo,389297,387403,Shampoo Hialurónico y Vitamina A 650 Ml Sedal,Sedal,9400.0,776860.0,True,650.0,14.4615,> Perfumería > Cuidado Capilar > Shampoo >,shampoo,estandar,general,https://www.jumbo.com.ar/shampoo-sedal-hialuronico-y-vitamina-a-650-ml-2/p,False
78,Jumbo,384524,383837,Shampoo Esencia Control Frizz 970 Ml Plusbelle,Plusbelle,6450.0,533058.0,True,970.0,6.6495,> Perfumería > Cuidado Capilar > Shampoo >,shampoo,estandar,general,https://www.jumbo.com.ar/shampoo-plusbelle-esencia-control-frizz-970ml/p,False
79,Jumbo,275447,274743,Shampoo Antifall 180 Ml Head & Shoulders,Head & Shoulders,7800.0,644628.0,True,180.0,43.3333,> Perfumería > Cuidado Capilar > Shampoo >,shampoo,estandar,general,https://www.jumbo.com.ar/shampoo-antifall-180-ml-head-shoulders-2/p,False
80,Jumbo,3086634,3085858,Shampoo Purificante Oil Control 200 Ml Fructis Shampoo Oil Control X 200 Ml Fructis,Fructis,5800.0,479339.0,True,200.0,29.0,> Perfumería > Cuidado Capilar > Shampoo >,shampoo,estandar,general,https://www.jumbo.com.ar/shampoo-oil-control-x-200-ml-fructis/p,False
81,Jumbo,389287,387393,Shampoo Hialurónico y Vita A 190 Ml Sedal,Sedal,3850.0,318182.0,True,190.0,20.2632,> Perfumería > Cuidado Capilar > Shampoo >,shampoo,estandar,general,https://www.jumbo.com.ar/shampoo-hialuronico-y-vitamina-a-190-ml-sedal/p,False
82,Jumbo,424003,417080,Shampoo Fuerza 650 Ml Head & Shoulders,Head & Shoulders,19900.0,1644628.0,True,650.0,30.6154,> Perfumería > Cuidado Capilar > Shampoo >,shampoo,estandar,general,https://www.jumbo.com.ar/shampoo-fuerza-650-ml-head-shoulders-2/p,False
83,Jumbo,393553,391581,Shampoo Dove Ritual De Reparacion De Coco 400 Ml,Dove,9220.0,761983.0,True,400.0,23.05,> Perfumería > Cuidado Capilar > Shampoo >,shampoo,estandar,general,https://www.jumbo.com.ar/shampoo-dove-ritual-de-reparacion-de-coco-400-ml/p,False
84,Jumbo,389288,387394,Shampoo Sedal Hialurónico Y Vitamina A 340 Ml,Sedal,5451.0,450496.0,True,340.0,16.0324,> Perfumería > Cuidado Capilar > Shampoo >,shampoo,estandar,general,https://www.jumbo.com.ar/shampoo-sedal-hialuronico-y-vitamina-a-340-ml-2/p,False
85,Jumbo,3070236,3069839,Shampoo Detox Capilar X 500 Ml Tresemmé,Tresemmé,10400.0,859504.0,True,500.0,20.8,> Perfumería > Cuidado Capilar > Shampoo >,shampoo,estandar,general,https://www.jumbo.com.ar/shampoo-detox-capilar-x-500-ml-tresemme/p,False
86,Jumbo,424000,417077,Shampoo Antifall 650 Ml Head & Shoulders,Head & Shoulders,19950.0,1648760.0,True,650.0,30.6923,> Perfumería > Cuidado Capilar > Shampoo >,shampoo,estandar,general,https://www.jumbo.com.ar/shampoo-antifall-650-ml-head-shoulders-2/p,False
87,Jumbo,409862,405948,Shampoo Hidratación Intensa Esencia 970 Ml Plusbelle,Plusbelle,6012.0,496860.0,True,970.0,6.1979,> Perfumería > Cuidado Capilar > Shampoo >,shampoo,estandar,seco_danado,https://www.jumbo.com.ar/shampoo-esencia-970-ml-plusbelle/p,False
88,Jumbo,3067725,3067585,Shampoo Anticaída Biotinamina B3 300 Ml Pantene,Pantene,10250.0,847107.0,True,300.0,34.1667,> Perfumería > Cuidado Capilar > Shampoo >,shampoo,estandar,general,https://www.jumbo.com.ar/shampoo-anti-caida-300-ml-pantene/p,False
89,Jumbo,316338,315572,Shampoo Pantene Pro-v Bambú 200 Ml,Pantene,6750.0,557851.0,True,200.0,33.75,> Perfumería > Cuidado Capilar > Shampoo >,shampoo,profesional,general,https://www.jumbo.com.ar/shampoo-pantene-pro-v-bambu-200-ml/p,False
90,Jumbo,3073302,3072807,Shampoo Plasma Vegetal Regenerador 350 Ml Bagovit,Bagovit,9800.0,809917.0,True,350.0,28.0,> Perfumería > Cuidado Capilar > Shampoo >,shampoo,estandar,general,https://www.jumbo.com.ar/shampoo-plasma-vegetal-regenerador-x-350-ml-bagovit/p,False
91,Jumbo,3071403,3070957,Shampoo Control Caspa 415 Ml Tio Nacho,Tio Nacho,11700.0,966942.0,True,415.0,28.1928,> Perfumería > Cuidado Capilar > Shampoo >,shampoo,estandar,anticaspa,https://www.jumbo.com.ar/shampoo-control-caspa-x-415-ml-tio-nacho-2/p,False
92,Jumbo,3067730,3067590,Shampoo Nuhoney 650 Ml Head & Shoulders,Head & Shoulders,19400.0,1603306.0,True,650.0,29.8462,> Perfumería > Cuidado Capilar > Shampoo >,shampoo,estandar,general,https://www.jumbo.com.ar/shampoo-nuhoney-650-ml-head-shoulders/p,False
93,Jumbo,414718,410419,Shampoo Baby Hidratación Intensa 400 Ml Johnson's,Johnson's,10500.0,867769.0,True,400.0,26.25,> Mundo Bebe > Higiene para el Bebe > Higiene del Bebé >,shampoo,estandar,seco_danado,https://www.jumbo.com.ar/shampoo-baby-hidratacion-intensa-400-ml-johnson-s/p,False
94,Jumbo,394837,392836,Shampoo Hidrata y Fortalece 200 Ml Pantene,Pantene,6750.0,557851.0,True,200.0,33.75,> Perfumería > Cuidado Capilar > Shampoo >,shampoo,estandar,seco_danado,https://www.jumbo.com.ar/shampoo-pro-v-hidrata-y-fortalece-200-ml-pantene-2/p,False
95,Jumbo,413365,409242,Shampoo Liso Efecto Botox 250 Ml Tresemmé,Tresemmé,6400.0,528926.0,True,250.0,25.6,> Perfumería > Cuidado Capilar > Shampoo >,shampoo,estandar,general,https://www.jumbo.com.ar/shampoo-tresemme-liso-efecto-botox-250-ml/p,False
96,Jumbo,407563,403752,Shampoo Reparación Total 5 Keratin 750 Ml Elvive,Elvive,19400.0,1603306.0,True,750.0,25.8667,> Perfumería > Cuidado Capilar > Shampoo >,shampoo,profesional,general,https://www.jumbo.com.ar/shampoo-elvive-reparacion-total-5-keratin-750-ml/p,False
97,Jumbo,407562,403751,Shampoo Reparación Total 5 Keratin 400 Ml Elvive,Elvive,11123.0,919256.0,True,400.0,27.8075,> Perfumería > Cuidado Capilar > Shampoo >,shampoo,profesional,general,https://www.jumbo.com.ar/shampoo-rt5-keratin-400-ml-elvive/p,False
98,Jumbo,3070160,3069767,Shampoo Keratina Repara y Protege 510 Ml Pantene,Pantene,16750.0,1384298.0,True,510.0,32.8431,> Perfumería > Cuidado Capilar > Shampoo >,shampoo,estandar,tratado,https://www.jumbo.com.ar/shampoo-keratina-x-510-ml-pantene-2/p,False
99,Jumbo,1360447,1360030,Shampoo Glycolic Gloss Brillo 72H 750 Ml Elvive,Elvive,21350.0,1764463.0,True,750.0,28.4667,> Perfumería > Cuidado Capilar > Shampoo >,shampoo,profesional,general,https://www.jumbo.com.ar/shampoo-elvive-glyco-gloss-x-750-ml/p,False
100,Jumbo,3071026,3070599,Shampoo Dream Liso Anti Frizz 200 Ml Elvive,Elvive,8050.0,665289.0,True,200.0,40.25,> Perfumería > Cuidado Capilar > Shampoo >,shampoo,profesional,general,https://www.jumbo.com.ar/shampoo-dream-liso-x-200-ml-elvive/p,False
101,Jumbo,3070156,3069762,Shampoo Colágeno Nutre y Revitaliza 300 Ml Pantene,Pantene,10250.0,847107.0,True,300.0,34.1667,> Perfumería > Cuidado Capilar > Shampoo >,shampoo,estandar,general,https://www.jumbo.com.ar/shampoo-colageno-x-300-ml-pantene-2/p,False
102,Jumbo,410403,406409,Shampoo Herbolaria Milenaria Doypack 400 Ml Tio Nacho,Tio Nacho,8100.0,669421.0,True,400.0,20.25,> Perfumería > Cuidado Capilar > Shampoo >,tratamiento,estandar,general,https://www.jumbo.com.ar/shampoo-herbolaria-milenaria-doypack-400-ml-tio-nacho/p,False
103,Jumbo,1360449,1360032,Shampoo Glyco Gloss Brillo 72h 200 Ml Elvive,Elvive,8050.0,665289.0,True,200.0,40.25,> Perfumería > Cuidado Capilar > Shampoo >,shampoo,profesional,general,https://www.jumbo.com.ar/shampoo-elvive-glyco-gloss-200-ml/p,False
104,Jumbo,3073297,3072802,Shampoo Pelo Largo y Sin Frizz 350 Ml Bagovit,Bagovit,9800.0,809917.0,True,350.0,28.0,> Perfumería > Cuidado Capilar > Shampoo >,shampoo,estandar,general,https://www.jumbo.com.ar/shampoo-pelo-largo-y-sin-frizz-x-350-ml-bagovit/p,False
105,Jumbo,19371,16579,Shampoo para Auto Siliconado Concentrado 1 Lts Revigal,Revigal,12749.0,1053636.0,True,,,> Hogar y textil > Automotor > Limpieza >,shampoo,estandar,general,https://www.jumbo.com.ar/lavacoche-siliconado-concentrado-x-1-l-revigal/p,False
106,Jumbo,3071027,3070597,Shampoo Dream Liso Efecto Keratina 400 Ml Elvive,Elvive,13350.0,1103306.0,True,400.0,33.375,> Perfumería > Cuidado Capilar > Shampoo >,shampoo,profesional,tratado,https://www.jumbo.com.ar/shampoo-dream-liso-x-400-ml-elvive/p,False
107,Jumbo,3071025,3070596,Shampoo Dream Liso Efecto Keratina 750 Ml Elvive,Elvive,21050.0,1739669.0,True,750.0,28.0667,> Perfumería > Cuidado Capilar > Shampoo >,shampoo,profesional,tratado,https://www.jumbo.com.ar/shampoo-dream-liso-x-750-ml-elvive/p,False
108,Jumbo,1360446,1360029,Shampoo Glycolic Gloss Brillo 72H 400 Ml Elvive,Elvive,13350.0,1103306.0,True,400.0,33.375,> Perfumería > Cuidado Capilar > Shampoo >,shampoo,profesional,general,https://www.jumbo.com.ar/shampoo-elvive-glyco-gloss-x-400-ml/p,False
109,Jumbo,3086635,3085859,Shampoo Goodbye Daños Oil Control 350 Ml Fructis Shampoo Fructis Oil Control 350ml,Fructis,8400.0,694215.0,True,350.0,24.0,> Perfumería > Cuidado Capilar > Shampoo >,shampoo,estandar,general,https://www.jumbo.com.ar/shampoo-fructis-oil-control-350ml/p,False
110,Jumbo,3069754,3069359,Shampoo Colágeno Nutre y Revitaliza 510 Ml Pantene,Pantene,16450.0,1359504.0,True,510.0,32.2549,> Perfumería > Cuidado Capilar > Shampoo >,shampoo,estandar,general,https://www.jumbo.com.ar/shampoo-colageno-x-510-ml-pantene-2/p,False
111,Jumbo,400519,397857,Shampoo Colorvive para Cabello Teñido 750 Ml Elvive,Elvive,19400.0,1603306.0,True,750.0,25.8667,> Perfumería > Cuidado Capilar > Shampoo >,shampoo,profesional,tratado,https://www.jumbo.com.ar/shampoo-elvive-colorvive-750-ml/p,False
112,Jumbo,3070176,3069776,Shampoo Keratina Repara y Protege 300 Ml Pantene,Pantene,10250.0,847107.0,True,300.0,34.1667,> Perfumería > Cuidado Capilar > Shampoo >,shampoo,estandar,tratado,https://www.jumbo.com.ar/shampoo-keratina-x-300-ml-pantene-2/p,False
113,Jumbo,3070168,3069761,Shampoo Pro-V Miracles Revitalización 700 Ml Pantene,Pantene,17600.0,1454545.0,True,700.0,25.1429,> Perfumería > Cuidado Capilar > Shampoo >,shampoo,profesional,general,https://www.jumbo.com.ar/shampoo-pro-v-miracles-revitalizacion-x-700-ml-pantene/p,False
114,Jumbo,424298,417178,Shampoo Nutrición Intensa Óleo de Argán 700 Ml Plusbelle,Plusbelle,5550.0,458678.0,True,700.0,7.9286,> Perfumería > Cuidado Capilar > Shampoo >,shampoo,estandar,general,https://www.jumbo.com.ar/shampoo-plusbelle-esen-oleo-nut-argan-700-ml/p,False
115,Jumbo,420581,414934,Shampoo Anticanas Henna Egipcia 415 Ml Tio Nacho,Tio Nacho,11700.0,966942.0,True,415.0,28.1928,> Perfumería > Cuidado Capilar > Shampoo >,shampoo,estandar,general,https://www.jumbo.com.ar/shampoo-henna-egipcia-efecto-anti-canas-415-ml-tio-nacho/p,False
116,Jumbo,410401,406407,Shampoo Engrosador Anti-caída 400 Ml Tio Nacho,Tio Nacho,8100.0,669421.0,True,400.0,20.25,> Perfumería > Cuidado Capilar > Shampoo >,shampoo,estandar,general,https://www.jumbo.com.ar/shampoo-engrosador-doypack-400-ml-tio-nacho/p,False
117,Jumbo,3086924,3086148,Shampoo Tío Nacho Herbolaria Milenaria V2 415 Ml,Suave,11100.0,917355.0,True,415.0,26.747,> Perfumería > Cuidado Capilar > Shampoo >,shampoo,estandar,general,https://www.jumbo.com.ar/shampoo-tio-nacho-herbolaria-milenaria-v2-415-ml-2/p,False
118,Jumbo,3078386,3077730,Shampoo UV Repair y Glow 200 Ml Dove,Dove,6750.0,557851.0,True,200.0,33.75,> Perfumería > Cuidado Capilar > Shampoo >,shampoo,profesional,general,https://www.jumbo.com.ar/shampoo-dove-bond-uv-repair-200ml/p,False
119,Jumbo,1362514,1361762,Shampoo Elvive Reparación Total 5 Keratin 200 Ml,Elvive,7550.0,623967.0,True,200.0,37.75,> Perfumería > Cuidado Capilar > Shampoo >,shampoo,profesional,general,https://www.jumbo.com.ar/shampoo-elvive-reparacion-total-5-keratin-200-ml/p,False
120,Jumbo,407567,403756,Shampoo Reparación Total 5 Extreme 750 Ml Elvive,Elvive,19400.0,1603306.0,True,750.0,25.8667,> Perfumería > Cuidado Capilar > Shampoo >,shampoo,profesional,general,https://www.jumbo.com.ar/shampoo-elvive-reparacion-total-5-extreme-750-ml/p,False
121,Jumbo,401192,398530,Shampoo Detox Limpia y Purifica 200 Ml Pantene,Pantene,6750.0,557851.0,True,200.0,33.75,> Perfumería > Cuidado Capilar > Shampoo >,shampoo,estandar,general,https://www.jumbo.com.ar/shampoo-detox-limpia-y-purifica-200-ml-pantene-2/p,False
122,Jumbo,389298,387404,Shampoo Colageno Y Vitamina C 190 Ml Sedal,Sedal,3900.0,322314.0,True,190.0,20.5263,> Perfumería > Cuidado Capilar > Shampoo >,shampoo,estandar,general,https://www.jumbo.com.ar/shampoo-colageno-y-vitamina-c-190-ml-sedal/p,False
123,Jumbo,31765,28924,Shampoo Lava Coche Silisur Siliconado Manzana X 600cc,Silisur,10099.0,834628.0,True,,,> Hogar y textil > Automotor > Limpieza >,shampoo,estandar,general,https://www.jumbo.com.ar/shampoo-lava-coche-silisur-siliconado-manzana-x-600cc/p,False
124,Jumbo,400530,397868,Shampoo Elvive Lóréal Paris Hidra Hialurónico 400 Ml,Elvive,11123.0,919256.0,True,400.0,27.8075,> Perfumería > Cuidado Capilar > Shampoo >,shampoo,profesional,general,https://www.jumbo.com.ar/shampoo-elvive-loreal-paris-hidra-hialuronico-400-ml/p,False
125,Jumbo,397628,395361,Shampoo Hidra Purificante Hialuronico Pure 750 Ml Elvive,Elvive,19400.0,1603306.0,True,750.0,25.8667,> Perfumería > Cuidado Capilar > Shampoo >,shampoo,profesional,general,https://www.jumbo.com.ar/shampoo-elvive-hialuronico-pure-750-ml/p,False
126,Jumbo,416914,412458,Shampoo Rizos Definidos Óleo Extraordinario 400 Ml Elvive,Elvive,12000.0,991736.0,True,400.0,30.0,> Perfumería > Cuidado Capilar > Shampoo >,shampoo,profesional,rizado,https://www.jumbo.com.ar/shampoo-elvive-extraordinario-riso-400-ml/p,False
127,Jumbo,407568,403757,Shampoo Reparación Total 5 Extreme 400 Ml Elvive,Elvive,11123.0,919256.0,True,400.0,27.8075,> Perfumería > Cuidado Capilar > Shampoo >,shampoo,profesional,general,https://www.jumbo.com.ar/shampoo-elvive-reparacion-total-5-extreme-400-ml/p,False
128,Jumbo,401198,398536,Shampoo Equilibrio Raíz y Puntas 700 Ml Pantene,Pantene,17600.0,1454545.0,True,700.0,25.1429,> Perfumería > Cuidado Capilar > Shampoo >,shampoo,estandar,general,https://www.jumbo.com.ar/shampoo-equilibrante-equilibrio-raiz-y-puntas-700-ml-pantene/p,False
129,Jumbo,384041,382754,Shampoo Garnier Fructis Hair Food Coco 300 Ml,Fructis,12050.0,995868.0,True,300.0,40.1667,> Perfumería > Cuidado Capilar > Shampoo >,shampoo,estandar,general,https://www.jumbo.com.ar/shampoo-garnier-fructis-hair-food-coco-300-ml/p,False
130,Jumbo,375297,374015,Shampoo Matizador Color Vive Violeta 200 Ml Elvive,Elvive,8050.0,665289.0,True,200.0,40.25,> Perfumería > Cuidado Capilar > Shampoo >,shampoo,profesional,tratado,https://www.jumbo.com.ar/shampoo-elvive-colorvive-200-ml/p,False
131,Jumbo,3085237,3084470,Shampoo Rizos Definidos Oleo Extraordinario 200 Ml Elvive,Elvive,7200.0,595041.0,True,200.0,36.0,> Perfumería > Cuidado Capilar > Shampoo >,shampoo,profesional,rizado,https://www.jumbo.com.ar/shampoo-elvive-oleo-extraordinario-x-200-ml-2/p,False
132,Jumbo,3070169,3069764,Shampoo Voluminizador Pro-V Miracles 700 Ml Pantene,Pantene,17600.0,1454545.0,True,700.0,25.1429,> Perfumería > Cuidado Capilar > Shampoo >,shampoo,profesional,general,https://www.jumbo.com.ar/shampoo-pro-v-miracles-volumizador-x-700-ml-pantene/p,False
133,Jumbo,1360443,1360027,Shampoo Keratina Repara y Protege 200 Ml Pantene,Pantene,6750.0,557851.0,True,200.0,33.75,> Perfumería > Cuidado Capilar > Shampoo >,shampoo,estandar,tratado,https://www.jumbo.com.ar/shampoo-keratina-200-ml-pantene/p,False
134,Jumbo,411921,407642,Tintura en Shampoo Express Rubio 25 Ml Issue,Issue,4950.0,409091.0,True,25.0,198.0,> Perfumería > Cuidado Capilar > Coloración >,shampoo,estandar,tratado,https://www.jumbo.com.ar/shampoo-issue-express-color-rubio-25-ml/p,False
135,Jumbo,411920,407641,Shampoo Tintura Cobertura de Canas Negro 25 Ml Issue,Issue,4950.0,409091.0,True,25.0,198.0,> Perfumería > Cuidado Capilar > Coloración >,shampoo,estandar,tratado,https://www.jumbo.com.ar/shampoo-issue-color-express-negro-25-ml/p,False
136,Jumbo,389286,387392,Shampoo Colageno Y Vitamina C 340 Ml Sedal,Sedal,5800.0,479339.0,True,340.0,17.0588,> Perfumería > Cuidado Capilar > Shampoo >,shampoo,estandar,general,https://www.jumbo.com.ar/shampoo-colageno-y-vitamina-c-340-ml-sedal/p,False
137,Jumbo,349088,347751,Shampoo 3 en 1 Active Fresh 400 Ml Dove,Dove,9505.0,785537.0,True,400.0,23.7625,> Perfumería > Cuidado Capilar > Shampoo >,shampoo,estandar,general,https://www.jumbo.com.ar/shampoo-para-hombre-dove-active-fresh-3-en-1-400-ml/p,False
138,Jumbo,275435,274731,Shampoo 3 en 1 Anti-Caspa 375 Ml Head y Shoulders,Head & Shoulders,12900.0,1066116.0,True,375.0,34.4,> Perfumería > Cuidado Capilar > Shampoo >,shampoo,estandar,anticaspa,https://www.jumbo.com.ar/shampoo-3-en-1-375-ml-head-shoulders-2/p,False
139,Jumbo,424302,417182,Shampoo Nutrición Cabello Seco Óleo de Coco 700 Ml Plusbelle,Plusbelle,5550.0,458678.0,True,700.0,7.9286,> Perfumería > Cuidado Capilar > Shampoo >,shampoo,estandar,seco_danado,https://www.jumbo.com.ar/shampoo-plusbelle-esen-oleo-nut-coco-700-ml/p,False
140,Jumbo,349085,347748,Shampoo 2 en 1 Fuerza Extrema 400 Ml Dove,Dove,9505.0,785537.0,True,400.0,23.7625,> Perfumería > Cuidado Capilar > Shampoo >,shampoo,estandar,general,https://www.jumbo.com.ar/shampoo-dove-men-2en1-fuerza-extrema-400-ml/p,False
141,Jumbo,3067728,3067588,Shampoo Anticaída y Nutrición Biotinamina B3 510 Ml Pantene,Pantene,16750.0,1384298.0,True,510.0,32.8431,> Perfumería > Cuidado Capilar > Shampoo >,shampoo,estandar,general,https://www.jumbo.com.ar/shampoo-anti-caida-510-ml-pantene-2/p,False
142,Jumbo,412484,408093,Shampoo Liso Coco con Aceite de Coco y Keratina Vegetal 350 Ml Fructis,Fructis,8600.0,710744.0,True,350.0,24.5714,> Perfumería > Cuidado Capilar > Shampoo >,shampoo,estandar,tratado,https://www.jumbo.com.ar/shampoo-fructis-liso-coco-350ml-3/p,False
143,Jumbo,404463,401465,Shampoo Cabellos Grasos Menta y Lima 420 Ml Capilatis,Capilatis,9650.0,797521.0,True,420.0,22.9762,> Perfumería > Cuidado Capilar > Shampoo >,shampoo,estandar,graso,https://www.jumbo.com.ar/shampoo-cabellos-grasos-420-ml-capilatis/p,False
144,Jumbo,388717,386829,Shampoo Óleo Extraordinario Nutrición Cabello Seco 750 Ml Elvive,Elvive,19400.0,1603306.0,True,750.0,25.8667,> Perfumería > Cuidado Capilar > Shampoo >,shampoo,profesional,seco_danado,https://www.jumbo.com.ar/shampoo-elvive-oleo-extraordinario-nutricion-universal-750-ml/p,False
145,Jumbo,3083503,3082778,Shampoo Brillo Anti-residuos Glycolic Cristal 750 Ml Elvive,Elvive,19150.0,1582645.0,True,750.0,25.5333,> Perfumería > Cuidado Capilar > Shampoo >,shampoo,profesional,general,https://www.jumbo.com.ar/shampoo-brillo-anti-residuos-glycolic-cristal-x-750-ml-elvive/p,False
146,Jumbo,414717,410418,Shampoo Para Niños Hidratación Intensa X 200 Ml Johnson's,Johnson's,6550.0,541322.0,True,200.0,32.75,> Mundo Bebe > Higiene para el Bebe > Higiene del Bebé >,shampoo,estandar,seco_danado,https://www.jumbo.com.ar/shampoo-para-ninos-hidratacion-intensa-x-200-ml-johnson-s/p,False
147,Jumbo,275438,274734,Shampoo Anti-Caspa Anticaída 375 Ml Head y Shoulders,Head & Shoulders,12650.0,1045455.0,True,375.0,33.7333,> Perfumería > Cuidado Capilar > Shampoo >,shampoo,estandar,anticaspa,https://www.jumbo.com.ar/shampoo-antifall-375-ml-head-shoulders-2/p,False
148,Jumbo,275414,274710,Shampoo Anti-Caspa Manzana 180 Ml Head y Shoulders,Head & Shoulders,7800.0,644628.0,True,180.0,43.3333,> Perfumería > Cuidado Capilar > Shampoo >,shampoo,estandar,anticaspa,https://www.jumbo.com.ar/shampoo-apple-180-ml-head-shoulders-2/p,False
149,Jumbo,3086505,3085727,Shampoo Reparación Profunda Keratina Vegetal 415 Ml Tio Nacho Shampoo Keratina Vegetal  X 415 Ml Tio Nacho,Tio Nacho,10800.0,892562.0,True,415.0,26.0241,> Perfumería > Cuidado Capilar > Shampoo >,shampoo,estandar,tratado,https://www.jumbo.com.ar/shampoo-keratina-vegetal-x-415-ml-tio-nacho/p,False
150,Jumbo,3085748,3084976,Shampoo Anticaida Renovación Capilar X 375 Ml Head & Shoulders,Head & Shoulders,12600.0,1041322.0,True,375.0,33.6,> Perfumería > Cuidado Capilar > Shampoo >,shampoo,estandar,general,https://www.jumbo.com.ar/shampoo-anticaida-renovacion-capilar-x-375-ml-head-shoulders/p,False
151,Jumbo,3085746,3084974,Shampoo Anticaida Renovación Capilar X 650 Ml Head & Shoulders,Head & Shoulders,19450.0,1607438.0,True,650.0,29.9231,> Perfumería > Cuidado Capilar > Shampoo >,shampoo,estandar,general,https://www.jumbo.com.ar/shampoo-anticaida-renovacion-capilar-x-650-ml-head-shoulders/p,False
152,Jumbo,414723,410424,Shampoo Para Niños Fragancia Prolongada 200 Ml Johnson Baby,Johnson's,6700.0,553719.0,True,200.0,33.5,> Mundo Bebe > Higiene para el Bebe > Higiene del Bebé >,shampoo,estandar,bebe,https://www.jumbo.com.ar/shampoo-para-ninos-fragancia-prolongada-200-ml-johnson-baby/p,False
153,Jumbo,414719,410420,Shampoo Para Niños Gotas De Brillo 200 Ml Johnson Baby,Johnson's,5800.0,479339.0,True,200.0,29.0,> Mundo Bebe > Higiene para el Bebe > Higiene del Bebé >,shampoo,estandar,bebe,https://www.jumbo.com.ar/shampoo-para-ninos-gotas-de-brillo-200-ml-johnson-baby/p,False
154,Jumbo,412491,408100,Shampoo Rizos Poderosos con Óleo de Coco y Glicerina 350 Ml Fructis,Fructis,8600.0,710744.0,True,350.0,24.5714,> Perfumería > Cuidado Capilar > Shampoo >,shampoo,estandar,rizado,https://www.jumbo.com.ar/shampoo-fructis-rizos-poderosos-350ml-2/p,False
155,Jumbo,3079034,3078358,Shampoo Para Bebé Original Refill X 180 Ml  Johnson's,Johnson's,5350.0,442149.0,True,180.0,29.7222,> Mundo Bebe > Higiene para el Bebe > Higiene del Bebé >,shampoo,estandar,bebe,https://www.jumbo.com.ar/shampoo-para-bebe-original-refill-x-180-ml-johnson-s/p,False
156,Jumbo,3083784,3083042,Shampoo 2 en 1 Control Caspa 415 Ml Tio Nacho,Tio Nacho,11850.0,979339.0,True,415.0,28.5542,> Perfumería > Cuidado Capilar > Shampoo >,shampoo,estandar,anticaspa,https://www.jumbo.com.ar/shampoo-acondicionador-2-en-1-control-caspa-415-ml-tio-nacho/p,False
157,Jumbo,400556,397894,Shampoo Kera-Liso para Cabello Alisado con Calor 200 Ml Elvive,Elvive,7550.0,623967.0,True,200.0,37.75,> Perfumería > Cuidado Capilar > Shampoo >,shampoo,profesional,tratado,https://www.jumbo.com.ar/shampoo-elvive-kera-liso-200-ml/p,False
158,Jumbo,332647,331802,Shampoo Anti Caspa Fuerza 180 Ml Head y Shoulders,Head & Shoulders,7650.0,632231.0,True,180.0,42.5,> Perfumería > Cuidado Capilar > Shampoo >,shampoo,estandar,anticaspa,https://www.jumbo.com.ar/shampoo-fuerza-180-ml-head-shoulders-2/p,False
159,Jumbo,298524,297753,Shampoo para Perros y Gatos Pulguicida/Garrapaticida 500 Ml Pet' S Class,Pet' S Class,9600.0,793388.0,True,500.0,19.2,> Mascotas > Accesorios para Mascotas >,shampoo,estandar,general,https://www.jumbo.com.ar/shampoo-para-perro-pets-class-pulguicida-garrapata/p,False
160,Jumbo,1360921,1360329,Shampoo Men+Care Control Fortificante Anti-Caspa 400 Ml Dove,Dove,10000.0,826446.0,True,400.0,25.0,> Perfumería > Cuidado Capilar > Shampoo >,shampoo,estandar,anticaspa,https://www.jumbo.com.ar/shampoo-dove-control-fortificante-400-ml-2/p,False
161,Jumbo,3083500,3082775,Shampoo Brillo Anti-residuos Glycolic Cristal 400 Ml Elvive,Elvive,11400.0,942149.0,True,400.0,28.5,> Perfumería > Cuidado Capilar > Shampoo >,shampoo,profesional,general,https://www.jumbo.com.ar/shampoo-brillo-anti-residuos-glycolic-cristal-x-400-ml-elvive/p,False
162,Jumbo,400535,397873,Shampoo Hidra Hialurónico para Cabello Deshidratado 200 Ml Elvive,Elvive,7550.0,623967.0,True,200.0,37.75,> Perfumería > Cuidado Capilar > Shampoo >,shampoo,profesional,seco_danado,https://www.jumbo.com.ar/shampoo-elvive-hidra-hialuronico-200-ml/p,False
163,Jumbo,424109,417110,Shampoo Anti Caspa Manzana Fresh 650 Ml Head y Shoulders,Head & Shoulders,19900.0,1644628.0,True,650.0,30.6154,> Perfumería > Cuidado Capilar > Shampoo >,shampoo,estandar,anticaspa,https://www.jumbo.com.ar/shampoo-apple-650-ml-head-shoulders-2/p,False
164,Jumbo,349492,348152,Shampoo Protección con Óleo de Coco y Karité 1000 Ml Plusbelle,Plusbelle,5750.0,475207.0,True,1000.0,5.75,> Perfumería > Cuidado Capilar > Shampoo >,shampoo,estandar,general,https://www.jumbo.com.ar/shampoo-proteccion-1000-ml-plusbelle/p,False
165,Jumbo,275406,274702,Shampoo Anti Caspa Apple 375 Ml Head y Shoulders,Head & Shoulders,12900.0,1066116.0,True,375.0,34.4,> Perfumería > Cuidado Capilar > Shampoo >,shampoo,estandar,anticaspa,https://www.jumbo.com.ar/shampoo-apple-375-ml-head-shoulders-2/p,False
166,Jumbo,3083499,3082774,Shampoo Brillo Anti-residuos Glycolic Cristal 200 Ml Elvive,Elvive,7750.0,640496.0,True,200.0,38.75,> Perfumería > Cuidado Capilar > Shampoo >,shampoo,profesional,general,https://www.jumbo.com.ar/shampoo-brillo-anti-residuos-glycolic-cristal-x-200-ml-elvive/p,False
167,Jumbo,424004,417081,Shampoo Anti-Caspa Hidratación Aceite de Coco 650 Ml Head y Shoulders,Head & Shoulders,19900.0,1644628.0,True,650.0,30.6154,> Perfumería > Cuidado Capilar > Shampoo >,shampoo,estandar,anticaspa,https://www.jumbo.com.ar/shampoo-coconut-650-ml-head-shoulders-2/p,False
168,Jumbo,414865,410565,Shampoo para Niños Rulos de Ensueño con Manteca de Karité 200 Ml Johnson's,Johnson's,6700.0,553719.0,True,200.0,33.5,> Mundo Bebe > Higiene para el Bebe > Higiene del Bebé >,shampoo,estandar,rizado,https://www.jumbo.com.ar/shampoo-para-ninos-rulos-de-ensueno-200-ml-johnson-baby/p,False
169,Jumbo,411487,407305,Shampoo Tratante Anti-Caspa Ortiga Concentrado 420 Ml Capilatis,Capilatis,10700.0,884298.0,True,420.0,25.4762,> Perfumería > Cuidado Capilar > Shampoo >,shampoo,estandar,anticaspa,https://www.jumbo.com.ar/shampoo-ortiga-caspa-concentrado-420-ml-capilatis/p,False
170,Jumbo,400531,397869,Shampoo Color Vive para Cabello Teñido 200 Ml Elvive,Elvive,7400.0,611570.0,True,200.0,37.0,> Perfumería > Cuidado Capilar > Shampoo >,shampoo,profesional,tratado,https://www.jumbo.com.ar/shampoo-elvive-colorvive-200-ml-3/p,False
171,Jumbo,3085747,3084975,Shampoo Anticaida Renovación Capilar X 180 Ml Head & Shoulders,Head & Shoulders,7550.0,623967.0,True,180.0,41.9444,> Perfumería > Cuidado Capilar > Shampoo >,shampoo,estandar,general,https://www.jumbo.com.ar/shampoo-anticaida-renovacion-capilar-x-180-ml-head-shoulders/p,False
172,Jumbo,3073298,3072803,Shampoo Brillo Sublime para Cabello Opaco 350 Ml Bagovit,Bagovit,9800.0,809917.0,True,350.0,28.0,> Perfumería > Cuidado Capilar > Shampoo >,shampoo,estandar,general,https://www.jumbo.com.ar/shampoo-brillo-sublime-x-350-ml-bagovit/p,False
173,Jumbo,411923,407644,Shampoo Color Express Cobertura de Canas Castaño 25 Ml Issue,Issue,4950.0,409091.0,True,25.0,198.0,> Perfumería > Cuidado Capilar > Coloración >,shampoo,estandar,tratado,https://www.jumbo.com.ar/shampoo-color-express-castano-25-ml-issue/p,False
174,Jumbo,346768,345443,Shampoo Nutrición Intensa Oleo Extraordinario Coco 200 Ml Elvive,Elvive,7550.0,623967.0,True,200.0,37.75,> Perfumería > Cuidado Capilar > Shampoo >,shampoo,profesional,general,https://www.jumbo.com.ar/shampoo-elvive-oleo-extraordinario-coco-200-ml/p,False
175,Jumbo,391923,389975,Shampoo Anti-Caspa Limpieza y Revitalización 375 Ml Head y Shoulders,Head & Shoulders,12900.0,1066116.0,True,375.0,34.4,> Perfumería > Cuidado Capilar > Shampoo >,shampoo,estandar,anticaspa,https://www.jumbo.com.ar/shampoo-limpieza-y-revitalizacion-375-ml-head-shoulders/p,False
176,Jumbo,391857,389909,Shampoo Anti-Caspa Aceite de Argán 180 Ml Head y Shoulders,Head & Shoulders,7800.0,644628.0,True,180.0,43.3333,> Perfumería > Cuidado Capilar > Shampoo >,shampoo,estandar,anticaspa,https://www.jumbo.com.ar/shampoo-aceite-de-argan-shampoo-180-ml-head-shoulders-2/p,False
177,Jumbo,384031,382752,Shampoo Hidratación Cabello Deshidratado Aloe Vera 300 Ml Fructis,Fructis,12050.0,995868.0,True,300.0,40.1667,> Perfumería > Cuidado Capilar > Shampoo >,shampoo,estandar,seco_danado,https://www.jumbo.com.ar/shampoo-fructis-hair-food-aloe-300-ml/p,False
178,Jumbo,310204,309442,Shampoo Anti Caspa Hidratación Aceite de Coco 180 Ml Head y Shoulders,Head & Shoulders,7800.0,644628.0,True,180.0,43.3333,> Perfumería > Cuidado Capilar > Shampoo >,shampoo,estandar,anticaspa,https://www.jumbo.com.ar/shampoo-coconut-180-ml-head-shoulders-2/p,False
179,Jumbo,401190,398528,Shampoo Pro-v Miracles Detox Limpia y Purifica 750 Ml Pantene,Pantene,17600.0,1454545.0,True,750.0,23.4667,> Perfumería > Cuidado Capilar > Shampoo >,shampoo,profesional,general,https://www.jumbo.com.ar/shampoo-pro-v-miracles-detox-limpia-purifica-750-ml-pantene/p,False
180,Jumbo,401186,398524,Shampoo Pro-v Miracles Equilibrio Raíz y Puntas 400 Ml Pantene,Pantene,10750.0,888430.0,True,400.0,26.875,> Perfumería > Cuidado Capilar > Shampoo >,shampoo,profesional,general,https://www.jumbo.com.ar/shampoo-pro-v-miracles-detox-equilibrio-400-ml-pantene/p,False
181,Jumbo,412300,408002,Shampoo Aloe Hidra Clean para Cabello Deshidratado 350 Ml Fructis,Fructis,5900.0,487603.0,True,350.0,16.8571,> Perfumería > Cuidado Capilar > Shampoo >,shampoo,estandar,seco_danado,https://www.jumbo.com.ar/shampoo-fructis-aloe-hidra-clean-200ml/p,False
182,Jumbo,407561,403750,Shampoo Elvive 2 En 1 Reparación Total 5 Keratin 400 Ml,Elvive,11123.0,919256.0,True,400.0,27.8075,> Perfumería > Cuidado Capilar > Shampoo >,shampoo,profesional,general,https://www.jumbo.com.ar/shampoo-elvive-2-en-1-reparacion-total-5-keratin-400-ml/p,False
183,Jumbo,401195,398533,Shampoo Pro-v Miracles Detox Limpia-purifica 400 Ml Pantene,Pantene,10750.0,888430.0,True,400.0,26.875,> Perfumería > Cuidado Capilar > Shampoo >,shampoo,profesional,general,https://www.jumbo.com.ar/shampoo-pro-v-miracles-detox-limpia-purifica-400-ml-pantene/p,False
184,Jumbo,310203,309441,Shampoo Anti-Caspa Hidratación Aceite de Coco 375 Ml Head y Shoulders,Head & Shoulders,12900.0,1066116.0,True,375.0,34.4,> Perfumería > Cuidado Capilar > Shampoo >,shampoo,estandar,anticaspa,https://www.jumbo.com.ar/shampoo-coconut-375-ml-head-shoulders-2/p,False
185,Jumbo,275424,274720,Shampoo 3 En 1 180 Ml Head & Shoulders,Head & Shoulders,7800.0,644628.0,True,180.0,43.3333,> Perfumería > Cuidado Capilar > Shampoo >,shampoo,estandar,general,https://www.jumbo.com.ar/shampoo-3-en-1-180-ml-head-shoulders-2/p,False
186,Jumbo,275420,274716,Shampoo Anti-Caspa Old Spice 180 Ml Head y Shoulders,Head & Shoulders,7800.0,644628.0,True,180.0,43.3333,> Perfumería > Cuidado Capilar > Shampoo >,shampoo,estandar,anticaspa,https://www.jumbo.com.ar/shampoo-old-spice-180-ml-head-shoulders-2/p,False
187,Jumbo,3074195,3073691,Shampoo Hair Food Anti-quiebre Ananá 300 Ml Fructis,Fructis,12050.0,995868.0,True,300.0,40.1667,> Perfumería > Cuidado Capilar > Shampoo >,shampoo,estandar,general,https://www.jumbo.com.ar/shampoo-fructis-pina-300ml/p,False
188,Jumbo,414731,410432,Shampoo Para Bebé Cabello Claro 750 Ml Johnson Baby,Johnson's,20850.0,1723141.0,True,750.0,27.8,> Mundo Bebe > Higiene para el Bebe > Higiene del Bebé >,shampoo,estandar,bebe,https://www.jumbo.com.ar/shampoo-para-bebe-cabello-claro-750-ml-johnson-baby/p,False
189,Jumbo,346825,345500,Shampoo Nutrición Intensa Oleo Extraordinario Coco 750 Ml Elvive,Elvive,19400.0,1603306.0,True,750.0,25.8667,> Perfumería > Cuidado Capilar > Shampoo >,shampoo,profesional,general,https://www.jumbo.com.ar/shampoo-elvive-oleo-extraordinario-coco-750-ml/p,False
190,Jumbo,3073296,3072801,Shampoo Nutrición Profunda para Cabello Seco 350 Ml Bagovit,Bagovit,9800.0,809917.0,True,350.0,28.0,> Perfumería > Cuidado Capilar > Shampoo >,shampoo,estandar,seco_danado,https://www.jumbo.com.ar/shampoo-nutricion-profunda-x-350-ml-bagovit/p,False
191,Jumbo,394821,392820,Shampoo Pantene Pro-v Miracles Hidrata Y Fortalece 400 Ml,Pantene,10750.0,888430.0,True,400.0,26.875,> Perfumería > Cuidado Capilar > Shampoo >,shampoo,profesional,seco_danado,https://www.jumbo.com.ar/shampoo-pantene-pro-v-miracles-hidrata-y-fortalece-400-ml/p,False
192,Jumbo,394213,392219,Shampoo Óleo Nutrición para Cabello Seco 200 Ml Dove,Dove,6000.0,495868.0,True,200.0,30.0,> Perfumería > Cuidado Capilar > Shampoo >,shampoo,estandar,seco_danado,https://www.jumbo.com.ar/shampoo-dove-oleo-nutricion-200-ml/p,False
193,Jumbo,334661,333783,Shampoo Anti Caspa Crece Fuerte desde la Raíz 375 Ml Head y Shoulders,Head & Shoulders,12900.0,1066116.0,True,375.0,34.4,> Perfumería > Cuidado Capilar > Shampoo >,shampoo,estandar,anticaspa,https://www.jumbo.com.ar/shampoo-crece-fuerte-desde-la-raiz-375-ml-head-shoulders/p,False
194,Jumbo,414737,410438,Shampoo para Bebé Cabello Claro Manzanilla 400 Ml Johnson Baby,Johnson's,12300.0,1016529.0,True,400.0,30.75,> Mundo Bebe > Higiene para el Bebe > Higiene del Bebé >,shampoo,estandar,bebe,https://www.jumbo.com.ar/shampoo-para-bebe-cabello-claro-400-ml-johnson-baby/p,False
195,Jumbo,414732,410433,Shampoo Para Bebé Cabello Claro 200 Ml Johnson Baby,Johnson's,7400.0,611570.0,True,200.0,37.0,> Mundo Bebe > Higiene para el Bebe > Higiene del Bebé >,shampoo,estandar,bebe,https://www.jumbo.com.ar/shampoo-para-bebe-cabello-claro-200-ml-johnson-baby/p,False
196,Jumbo,3073295,3072800,Shampoo Color Radiante para Cabello Tinturado 350 Ml Bagovit,Bagovit,9800.0,809917.0,True,350.0,28.0,> Perfumería > Cuidado Capilar > Shampoo >,shampoo,estandar,tratado,https://www.jumbo.com.ar/shampoo-color-radiante-x-350-ml-bagovit/p,False
197,Jumbo,410392,406398,Shampoo Aclarante y Anticaída con Jalea Real y Manzanilla 400 Ml Tio Nacho,Tio Nacho,8100.0,669421.0,True,400.0,20.25,> Perfumería > Cuidado Capilar > Shampoo >,shampoo,estandar,general,https://www.jumbo.com.ar/sshampoo-aclarante-doypack-400-ml-tio-nacho/p,False
198,Jumbo,401196,398534,Shampoo Pro-v Miracles Detox Equilibrio 200 Ml Pantene,Pantene,6500.0,537190.0,True,200.0,32.5,> Perfumería > Cuidado Capilar > Shampoo >,shampoo,profesional,general,https://www.jumbo.com.ar/shampoo-pro-v-miracles-detox-equilibrio-200-ml-pantene-2/p,False
199,Jumbo,414725,410426,Acondicionador Baby Hidratacion Intensa 200 Ml Johnson's,Johnson's,6700.0,553719.0,True,200.0,33.5,> Mundo Bebe > Higiene para el Bebe > Higiene del Bebé >,acondicionador,estandar,seco_danado,https://www.jumbo.com.ar/acondicionador-baby-hidratacion-intensa-200-ml-johnson-s/p,False
200,Jumbo,17290,14416,Spray Para Peinar Niños Gotas De Brillo  200 Ml Johnson Baby,Johnson's,7450.0,615702.0,True,200.0,37.25,> Mundo Bebe > Higiene para el Bebe > Higiene del Bebé >,shampoo,estandar,bebe,https://www.jumbo.com.ar/spray-para-peinar-ninos-gotas-de-brillo-200-ml-johnson-baby/p,False
201,Jumbo,414728,410429,Acondicionador Para Bebé Original 400 Ml Johnson´s,Johnson's,12300.0,1016529.0,True,400.0,30.75,> Mundo Bebe > Higiene para el Bebe > Higiene del Bebé >,acondicionador,estandar,bebe,https://www.jumbo.com.ar/acondicionador-para-bebe-original-400-ml-johnson-s/p,False
202,Jumbo,414730,410431,Acondicionador Para Bebé Cabello Claro 200 Ml Johnson´s,Johnson's,7400.0,611570.0,True,200.0,37.0,> Mundo Bebe > Higiene para el Bebe > Higiene del Bebé >,acondicionador,estandar,bebe,https://www.jumbo.com.ar/acondicionador-para-bebe-cabello-claro-200-ml-johnson-s/p,False
203,Jumbo,393568,391596,Acondicionador Dove Ritual De Reparación Coco 200 Ml,Dove,6000.0,495868.0,True,200.0,30.0,> Perfumería > Cuidado Capilar > Acondicionador >,acondicionador,estandar,general,https://www.jumbo.com.ar/acondicionador-dove-ritual-de-reparacion-coco-200-ml/p,False
204,Jumbo,415583,411167,Sahmpoo Pro-v Miracles Volumen 400 Ml Pantene,Pantene,10750.0,888430.0,True,400.0,26.875,> Perfumería > Cuidado Capilar > Shampoo >,shampoo,profesional,general,https://www.jumbo.com.ar/sahmpoo-pro-v-miracles-volumen-400-ml-pantene-2/p,False
205,Jumbo,400523,397861,Mascarilla Elvive Hidra Hialuronico 300 Gr Mascarilla Elvive Hialuronico 300g,Elvive,12050.0,995868.0,True,300.0,40.1667,> Perfumería > Cuidado Capilar > Shampoo >,tratamiento,profesional,general,https://www.jumbo.com.ar/mascarilla-elvive-hialuronico-300g/p,False
206,Jumbo,25406,22566,Acondicionador Diario Pro-v Hidratación Extrema 170 Ml Pantene,Pantene,10000.0,826446.0,True,170.0,58.8235,> Perfumería > Cuidado Capilar > Acondicionador >,acondicionador,profesional,seco_danado,https://www.jumbo.com.ar/acondicionador-diario-pro-v-hidratacion-extrema-170-ml-pantene/p,False
207,Jumbo,3087374,3086595,Acondicionador Dove Reconstaminoacido 650ml,Dove,16700.0,1380165.0,True,650.0,25.6923,> Perfumería > Cuidado Capilar > Acondicionador >,acondicionador,estandar,general,https://www.jumbo.com.ar/acondicionador-dove-reconstaminoacido-650ml/p,False
208,Jumbo,3087382,3086603,Acondicionador Dove Regeneracionretinol 650ml,Dove,16700.0,1380165.0,True,650.0,25.6923,> Perfumería > Cuidado Capilar > Acondicionador >,acondicionador,estandar,general,https://www.jumbo.com.ar/acondicionador-dove-regeneracionretinol-650ml/p,False
209,Jumbo,411246,407086,Acondicionador Dove Hidratacion 400 Ml,Dove,9150.0,756198.0,True,400.0,22.875,> Perfumería > Cuidado Capilar > Acondicionador >,acondicionador,estandar,seco_danado,https://www.jumbo.com.ar/acondicionador-dove-hidratacion-400-ml/p,False
210,Jumbo,396962,394718,Acondicionador Restauración 970 Ml Plusbelle,Plusbelle,6350.0,524793.0,True,970.0,6.5464,> Perfumería > Cuidado Capilar > Acondicionador >,acondicionador,estandar,general,https://www.jumbo.com.ar/acondicionador-esencia-restauracion-970-ml-plusbelle/p,False
211,Jumbo,251373,250674,Acondicionador Herbal Essences Coconut 400ml,Herbal Essences,16800.0,1388430.0,True,400.0,42.0,> Perfumería > Cuidado Capilar > Acondicionador >,acondicionador,estandar,general,https://www.jumbo.com.ar/acondicionador-herbal-essences-coconut-400ml/p,False
212,Jumbo,3068263,3068091,Acondicionador Probiotics 200 Ml Fructis,Fructis,5900.0,487603.0,True,200.0,29.5,> Perfumería > Cuidado Capilar > Acondicionador >,acondicionador,estandar,general,https://www.jumbo.com.ar/acondicionador-probiotics-x-200-ml-fructis-2/p,False
213,Jumbo,394353,392359,Acondicionador Ceramidas 190 Ml Sedal,Sedal,3900.0,322314.0,True,190.0,20.5263,> Perfumería > Cuidado Capilar > Acondicionador >,acondicionador,estandar,general,https://www.jumbo.com.ar/acondicionador-ceramidas-190-ml-sedal/p,False
214,Jumbo,251370,250672,Acondicionador Herbal Essences Argan400ml,Herbal Essences,16800.0,1388430.0,True,400.0,42.0,> Perfumería > Cuidado Capilar > Acondicionador >,acondicionador,estandar,general,https://www.jumbo.com.ar/acondicionador-herbal-essences-argan400ml/p,False
215,Jumbo,3070282,3069875,Acondicionador Keratina Antifrizz 500 Ml Tresemmé,Tresemmé,10700.0,884298.0,True,500.0,21.4,> Perfumería > Cuidado Capilar > Acondicionador >,acondicionador,estandar,tratado,https://www.jumbo.com.ar/acondicionador-keratina-antifrizz-x-500-ml-tresemme-2/p,False
216,Jumbo,393559,391587,Acondicionador Dove óleo Nutrición 400 Ml,Dove,9150.0,756198.0,True,400.0,22.875,> Perfumería > Cuidado Capilar > Acondicionador >,acondicionador,estandar,general,https://www.jumbo.com.ar/acondicionador-dove-oleo-nutricion-400-ml-3/p,False
217,Jumbo,3070159,3069766,Acondicionador Keratina X 510 Ml Pantene,Pantene,16400.0,1355372.0,True,510.0,32.1569,> Perfumería > Cuidado Capilar > Acondicionador >,acondicionador,estandar,tratado,https://www.jumbo.com.ar/acondicionador-keratina-x-510-ml-pantene/p,False
218,Jumbo,3070158,3069763,Acondicionador Colágeno Hidratación 510 Ml Pantene,Pantene,16400.0,1355372.0,True,510.0,32.1569,> Perfumería > Cuidado Capilar > Acondicionador >,acondicionador,estandar,seco_danado,https://www.jumbo.com.ar/acondicionador-colageno-x-510-ml-pantene-2/p,False
219,Jumbo,3066238,3066154,Acondicionador Luminous UV 650 Ml Sedal,Sedal,9400.0,776860.0,True,650.0,14.4615,> Perfumería > Cuidado Capilar > Acondicionador >,acondicionador,estandar,general,https://www.jumbo.com.ar/acondicionador-luminous-uv-x-650-ml-sedal-2/p,False
220,Jumbo,401188,398526,Acondicionador Hidratante Equilibrio 700 Ml Pantene,Pantene,17250.0,1425620.0,True,700.0,24.6429,> Perfumería > Cuidado Capilar > Acondicionador >,acondicionador,estandar,seco_danado,https://www.jumbo.com.ar/acondicionador-hidratante-equilibrio-700-ml-pantene/p,False
221,Jumbo,397929,395664,Acondicionador Crema Balance 340 Ml Sedal,Sedal,5450.0,450413.0,True,340.0,16.0294,> Perfumería > Cuidado Capilar > Acondicionador >,acondicionador,estandar,general,https://www.jumbo.com.ar/acondicionador-crema-balance-340-ml-sedal/p,False
222,Jumbo,397197,394938,Acondicionador Goodbye Daños 350 Ml Fructis,Fructis,8450.0,698347.0,True,350.0,24.1429,> Perfumería > Cuidado Capilar > Acondicionador >,acondicionador,estandar,general,https://www.jumbo.com.ar/enjuague-cabello-danado-goodbye-danos-x350-fructis-garnier/p,False
223,Jumbo,393381,391409,Acondicionador Rizos Definidos 340 Ml Sedal,Sedal,5450.0,450413.0,True,340.0,16.0294,> Perfumería > Cuidado Capilar > Acondicionador >,acondicionador,estandar,rizado,https://www.jumbo.com.ar/acondicionador-rizos-definidos-340-ml-sedal/p,False
224,Jumbo,339398,338089,Acondicionador Recarga Nutritiva 650 Ml Fructis,Fructis,12950.0,1070248.0,True,650.0,19.9231,> Perfumería > Cuidado Capilar > Acondicionador >,acondicionador,estandar,general,https://www.jumbo.com.ar/acondicionador-recarga-nutritiva-650-ml-fructis/p,False
225,Jumbo,3065222,3065221,Acondicionador Liso Infinito 700 Ml Pantene,Pantene,17250.0,1425620.0,True,700.0,24.6429,> Perfumería > Cuidado Capilar > Acondicionador >,acondicionador,estandar,general,https://www.jumbo.com.ar/acondicionador-pro-v-miracles-liso-finito-700-ml-pantene-2/p,False
226,Jumbo,396960,394716,Acondicionador Largo Saludable 970 Ml Plusbelle,Plusbelle,6350.0,524793.0,True,970.0,6.5464,> Perfumería > Cuidado Capilar > Acondicionador >,acondicionador,estandar,general,https://www.jumbo.com.ar/acondicionador-largo-saludable-970-ml-plusbelle/p,False
227,Jumbo,393577,391605,Acondicionador Reconstrucción Completa 200 Ml Dove,Dove,6000.0,495868.0,True,200.0,30.0,> Perfumería > Cuidado Capilar > Acondicionador >,acondicionador,estandar,general,https://www.jumbo.com.ar/acondicionador-dove-reconstruccion-completa-200-ml-2/p,False
228,Jumbo,412481,408090,Acondicionador Liso Coco 200 Ml Fructis,Fructis,5900.0,487603.0,True,200.0,29.5,> Perfumería > Cuidado Capilar > Acondicionador >,acondicionador,estandar,general,https://www.jumbo.com.ar/acondicionador-fructis-liso-coco-200ml-2/p,False
229,Jumbo,3066243,3066159,Acondicionador Luminous UV 190 Ml Sedal,Sedal,3900.0,322314.0,True,190.0,20.5263,> Perfumería > Cuidado Capilar > Acondicionador >,acondicionador,estandar,general,https://www.jumbo.com.ar/acondicionador-luminous-uv-x-190-ml-sedal-2/p,False
230,Jumbo,397907,395642,Acondicionador Restauracion Instantanea 650 Ml Sedal,Sedal,9350.0,772727.0,True,650.0,14.3846,> Perfumería > Cuidado Capilar > Acondicionador >,acondicionador,estandar,general,https://www.jumbo.com.ar/acondicionador-restauracion-instantanea-650-ml-sedal/p,False
231,Jumbo,413326,409131,Acondicionador Cauterización Reparadora 250 Ml Tresemmé,Tresemmé,6200.0,512397.0,True,250.0,24.8,> Perfumería > Cuidado Capilar > Acondicionador >,acondicionador,estandar,general,https://www.jumbo.com.ar/acondicionador-tresemme-cauterizacion-reparadora-250-ml/p,False
232,Jumbo,397925,395660,Acondicionador Crema Balance 650 Ml Sedal,Sedal,9350.0,772727.0,True,650.0,14.3846,> Perfumería > Cuidado Capilar > Acondicionador >,acondicionador,estandar,general,https://www.jumbo.com.ar/acondicionador-sedal-crema-balance-650-ml-3/p,False
233,Jumbo,393378,391406,Acondicionador Crema Balance 190 Ml Sedal,Sedal,3900.0,322314.0,True,190.0,20.5263,> Perfumería > Cuidado Capilar > Acondicionador >,acondicionador,estandar,general,https://www.jumbo.com.ar/acondicionador-crema-balance-190-ml-sedal/p,False
234,Jumbo,393569,391597,Acondicionador Dove Reconstrucción Completa 400 Ml,Dove,9150.0,756198.0,True,400.0,22.875,> Perfumería > Cuidado Capilar > Acondicionador >,acondicionador,estandar,general,https://www.jumbo.com.ar/acondicionador-dove-reconstruccion-completa-400-ml-3/p,False
235,Jumbo,400612,397950,Acondicionador Hidra Hialurónico 400 Ml Elvive,Elvive,12050.0,995868.0,True,400.0,30.125,> Perfumería > Cuidado Capilar > Acondicionador >,acondicionador,profesional,general,https://www.jumbo.com.ar/acondicionador-elvive-loreal-paris-hidra-hialuronico-400-ml/p,False
236,Jumbo,407565,403754,Acondicionador Elvive Reparación Total 400 Ml,Elvive,12050.0,995868.0,True,400.0,30.125,> Perfumería > Cuidado Capilar > Acondicionador >,acondicionador,profesional,general,https://www.jumbo.com.ar/acondicionador-elvive-reparacion-total-400-ml/p,False
237,Jumbo,397623,395356,Acondicionador Hialurónico Pure 400 Ml Elvive,Elvive,12050.0,995868.0,True,400.0,30.125,> Perfumería > Cuidado Capilar > Acondicionador >,acondicionador,profesional,general,https://www.jumbo.com.ar/acondicionador-elvive-hialuronico-pure-400-ml/p,False
238,Jumbo,3078384,3077728,Acondicionador Dove Bond Uv Repair 250ml,Dove,9450.0,780992.0,True,250.0,37.8,> Perfumería > Cuidado Capilar > Acondicionador >,acondicionador,profesional,general,https://www.jumbo.com.ar/acondicionador-dove-bond-uv-repair-250ml/p,False
239,Jumbo,411255,407095,Acondicionador Prebioticos Biotina 650 Ml Sedal,Sedal,9350.0,772727.0,True,650.0,14.3846,> Perfumería > Cuidado Capilar > Acondicionador >,acondicionador,estandar,general,https://www.jumbo.com.ar/acondicionador-prebioticos-biotina-650-ml-sedal/p,False
240,Jumbo,411254,407094,Acondicionador Prebióticos Biotina 340 Ml Sedal,Sedal,5600.0,462810.0,True,340.0,16.4706,> Perfumería > Cuidado Capilar > Acondicionador >,acondicionador,estandar,general,https://www.jumbo.com.ar/acondicionador-prebioticos-biotina-340-ml-sedal/p,False
241,Jumbo,397629,395362,Acondicionador Elvive Hialuronico Pure 200 Ml,Elvive,7450.0,615702.0,True,200.0,37.25,> Perfumería > Cuidado Capilar > Acondicionador >,acondicionador,profesional,general,https://www.jumbo.com.ar/acondicionador-elvive-hialuronico-pure-200-ml/p,False
242,Jumbo,3079031,3078355,Acondicionador Herbal Essences Rosa Mosqueta 240ml,Herbal Essences,13100.0,1082645.0,True,240.0,54.5833,> Perfumería > Cuidado Capilar > Acondicionador >,acondicionador,estandar,general,https://www.jumbo.com.ar/acondicionador-herbal-essences-rosa-mosqueta-240ml/p,False
243,Jumbo,413356,409215,Acondicionador Keratina Antifrizz 250 Ml Tresemmé,Tresemmé,6200.0,512397.0,True,250.0,24.8,> Perfumería > Cuidado Capilar > Acondicionador >,acondicionador,estandar,tratado,https://www.jumbo.com.ar/acondicionador-keratina-antifrizz-x-250-ml-tresemme/p,False
244,Jumbo,397908,395643,Acondicionador Restauración Instantánea 340 Ml Sedal,Sedal,5450.0,450413.0,True,340.0,16.0294,> Perfumería > Cuidado Capilar > Acondicionador >,acondicionador,estandar,general,https://www.jumbo.com.ar/acondicionador-restauracion-instantanea-340-ml-sedal/p,False
245,Jumbo,416917,412461,Acondicionador Rizos Definidos 190 Ml Sedal,Sedal,3900.0,322314.0,True,190.0,20.5263,> Perfumería > Cuidado Capilar > Acondicionador >,acondicionador,estandar,rizado,https://www.jumbo.com.ar/acondicioandor-rizos-definidos-190-ml-sedal/p,False
246,Jumbo,393565,391593,Acondicionador Dove Regeneración Extrema 400 Ml,Dove,9150.0,756198.0,True,400.0,22.875,> Perfumería > Cuidado Capilar > Acondicionador >,acondicionador,estandar,general,https://www.jumbo.com.ar/acondicionador-dove-regeneracion-extrema-400-ml-3/p,False
247,Jumbo,3070281,3069874,Acondicionador Detox Capilar 500 Ml Tresemmé,Tresemmé,10700.0,884298.0,True,500.0,21.4,> Perfumería > Cuidado Capilar > Acondicionador >,acondicionador,estandar,general,https://www.jumbo.com.ar/acondicionador-detox-capilar-x-500-ml-tresemme-2/p,False
248,Jumbo,3070278,3069871,Acondicionador Cauterización Reparadora 500 Ml Tresemmé,Tresemmé,10700.0,884298.0,True,500.0,21.4,> Perfumería > Cuidado Capilar > Acondicionador >,acondicionador,estandar,general,https://www.jumbo.com.ar/acondicionador-cauterizacion-reparadora-x-500-ml-tresemme/p,False
249,Jumbo,3066239,3066155,Acondicionador Luminous UV 340 Ml Sedal,Sedal,5457.0,450992.0,True,340.0,16.05,> Perfumería > Cuidado Capilar > Acondicionador >,acondicionador,estandar,general,https://www.jumbo.com.ar/acondicionador-luminous-uv-x-340-ml-sedal-2/p,False
250,Jumbo,415569,411153,Acondicionador Liso Infinito 400 Ml Pantene,Pantene,10300.0,851240.0,True,400.0,25.75,> Perfumería > Cuidado Capilar > Acondicionador >,acondicionador,estandar,general,https://www.jumbo.com.ar/acondicionador-pro-v-miracles-liso-infinito-400-ml-pantene/p,False
251,Jumbo,400517,397855,Acondicionador Hidra Hialurónico 200 Ml Elvive,Elvive,7250.0,599174.0,True,200.0,36.25,> Perfumería > Cuidado Capilar > Acondicionador >,acondicionador,profesional,general,https://www.jumbo.com.ar/acodicionador-elvive-hidra-hialuronico-200-ml/p,False
252,Jumbo,397916,395651,Acondicionador Liso Perfecto 340 Ml Sedal,Sedal,5450.0,450413.0,True,340.0,16.0294,> Perfumería > Cuidado Capilar > Acondicionador >,acondicionador,estandar,general,https://www.jumbo.com.ar/acondicionador-liso-perfecto-340-ml-sedal/p,False
253,Jumbo,416913,412457,Acondicionador Elvive Extraordinario Rizos 400 Ml,Elvive,11550.0,954545.0,True,400.0,28.875,> Perfumería > Cuidado Capilar > Acondicionador >,acondicionador,profesional,rizado,https://www.jumbo.com.ar/acondicionador-elvive-extraordinario-rizos-400-ml/p,False
254,Jumbo,397911,395646,Acondicionador Sedal Ceramidas Botella 650 Ml,Sedal,8850.0,731405.0,True,650.0,13.6154,> Perfumería > Cuidado Capilar > Acondicionador >,acondicionador,estandar,general,https://www.jumbo.com.ar/acondicionador-sedal-ceramidas-botella-650-ml-2/p,False
255,Jumbo,397159,394900,Acondicionador Sedal Ceramidas Botella 340 Ml,Sedal,5450.0,450413.0,True,340.0,16.0294,> Perfumería > Cuidado Capilar > Acondicionador >,acondicionador,estandar,general,https://www.jumbo.com.ar/acondicionador-sedal-ceramidas-botella-340-ml-2/p,False
256,Jumbo,407572,403761,Acondicionador Reparación Total Extreme 400 Ml Elvive,Elvive,12050.0,995868.0,True,400.0,30.125,> Perfumería > Cuidado Capilar > Acondicionador >,acondicionador,profesional,general,https://www.jumbo.com.ar/acondicionador-elvive-reparacion-total-extreme-400-ml/p,False
257,Jumbo,394816,392815,Acondicionador Hidrata y Fortalece 400 Ml Pantene,Pantene,10300.0,851240.0,True,400.0,25.75,> Perfumería > Cuidado Capilar > Acondicionador >,acondicionador,estandar,seco_danado,https://www.jumbo.com.ar/acondicionador-pantene-hidrata-y-fortalece-400-ml/p,False
258,Jumbo,393746,391774,Acondicionador Óleo Extraordinario Nutrición 400 Ml Elvive,Elvive,12050.0,995868.0,True,400.0,30.125,> Perfumería > Cuidado Capilar > Acondicionador >,acondicionador,profesional,general,https://www.jumbo.com.ar/acondicionador-elvive-loreal-oleo-extraordinario-nutricion-400-ml/p,False
259,Jumbo,349498,348158,Acondicionador Brillo Ceramidas Perladas 1000 Ml Plusbelle,Plusbelle,5650.0,466942.0,True,1000.0,5.65,> Perfumería > Cuidado Capilar > Acondicionador >,acondicionador,estandar,general,https://www.jumbo.com.ar/acondicionador-brillo-1000-ml-plusbelle/p,False
260,Jumbo,409856,405942,Acondicionador Hidratación Intensa Esencia 970 Ml Plusbelle,Plusbelle,6350.0,524793.0,True,970.0,6.5464,> Perfumería > Cuidado Capilar > Acondicionador >,acondicionador,estandar,seco_danado,https://www.jumbo.com.ar/acondicionador-esencia-970-ml-plusbelle/p,False
261,Jumbo,332408,331565,Acondicionador Kids Ph Balanceado 350 Ml Plusbelle,Plusbelle,4650.0,384298.0,True,350.0,13.2857,> Mundo Bebe > Higiene para el Bebe > Higiene del Bebé >,acondicionador,estandar,bebe,https://www.jumbo.com.ar/acondicionador-kids-ph-balanceado-350-ml-plusbelle/p,False
262,Jumbo,3086921,3086145,Acondicionador Aclarante Manzanilla 415 Ml Tío Nacho,Suave,11350.0,938017.0,True,415.0,27.3494,> Perfumería > Cuidado Capilar > Acondicionador >,acondicionador,estandar,general,https://www.jumbo.com.ar/acondicionador-tio-nacho-aclarante-v2-415-ml-2/p,False
263,Jumbo,298538,297767,Acondicionador Para Perro Pets Class X500cm3,Pet' S Class,7900.0,652893.0,True,,,> Mascotas > Accesorios para Mascotas >,acondicionador,estandar,general,https://www.jumbo.com.ar/acondicionador-para-perro-pets-class-x500cm3/p,False
264,Jumbo,29576,26738,Acondicionador Keratina Hair Therapy 350 Ml Capilatis,Capilatis,9550.0,789256.0,True,350.0,27.2857,> Perfumería > Cuidado Capilar > Acondicionador >,acondicionador,estandar,tratado,https://www.jumbo.com.ar/acondicionador-keratina-hair-therapy-350-ml-capilatis/p,False
265,Jumbo,413330,409135,Acondicionador Tresemme Liso Efecto Botox 250 Ml,Tresemmé,6150.0,508264.0,True,250.0,24.6,> Perfumería > Cuidado Capilar > Acondicionador >,acondicionador,estandar,general,https://www.jumbo.com.ar/acondicionador-tresemme-liso-efecto-botox-250-ml/p,False
266,Jumbo,332409,331566,Acondicionador Kids Protección Natural 350 Ml Plusbelle,Plusbelle,4650.0,384298.0,True,350.0,13.2857,> Mundo Bebe > Higiene para el Bebe > Higiene del Bebé >,acondicionador,estandar,bebe,https://www.jumbo.com.ar/acondicionador-kids-proteccion-natural-350-ml-plusbelle/p,False
267,Jumbo,1363724,1362814,Acondicionador Bond Intense Repair 250 Ml Dove,Dove,9300.0,768595.0,True,250.0,37.2,> Perfumería > Cuidado Capilar > Acondicionador >,acondicionador,profesional,general,https://www.jumbo.com.ar/acondicionador-dove-bond-intense-repair-250-ml-2/p,False
268,Jumbo,414735,410436,Acondicionador Kids Gotas de Brillo 200 Ml Johnson's,Johnson's,5900.0,487603.0,True,200.0,29.5,> Mundo Bebe > Higiene para el Bebe > Higiene del Bebé >,acondicionador,estandar,bebe,https://www.jumbo.com.ar/acondicionador-para-ninos-gotas-de-brillo-200-ml-johnson-s/p,False
269,Jumbo,407574,403763,Acondicionador Reparación Total Extreme 750 Ml Elvive,Elvive,18600.0,1537190.0,True,750.0,24.8,> Perfumería > Cuidado Capilar > Acondicionador >,acondicionador,profesional,general,https://www.jumbo.com.ar/acondicionador-elvive-rt5-extreme-750ml-3/p,False
270,Jumbo,3071028,3070598,Acondicionador Dream Liso X 200 Ml Elvive,Elvive,8050.0,665289.0,True,200.0,40.25,> Perfumería > Cuidado Capilar > Acondicionador >,acondicionador,profesional,general,https://www.jumbo.com.ar/acondicionador-dream-liso-x-200-ml-elvive/p,False
271,Jumbo,424299,417179,Acondicionador Nutrición Óleo de Coco 700 Ml Plusbelle,Plusbelle,5350.0,442149.0,True,700.0,7.6429,> Perfumería > Cuidado Capilar > Acondicionador >,acondicionador,estandar,general,https://www.jumbo.com.ar/acondicionador-plusbelle-esen-oleo-nut-coco-70-2/p,False
272,Jumbo,397902,395637,Acondicionador Sedal Hialurónico Y Vitamina A 340 Ml,Sedal,5434.0,449091.0,True,340.0,15.9824,> Perfumería > Cuidado Capilar > Acondicionador >,acondicionador,estandar,general,https://www.jumbo.com.ar/acondicionador-sedal-hialuronico-y-vitamina-a-340-ml-2/p,False
273,Jumbo,3066020,3065977,Acondicionador Anti Caida X 510 Ml Pantene,Pantene,16400.0,1355372.0,True,510.0,32.1569,> Perfumería > Cuidado Capilar > Acondicionador >,acondicionador,estandar,general,https://www.jumbo.com.ar/acondicionador-anti-caida-x-510-ml-pantene-2/p,False
274,Jumbo,414736,410437,Acondicionador para Bebé Original 200 Ml Johnson's,Johnson's,7300.0,603306.0,True,200.0,36.5,> Mundo Bebe > Higiene para el Bebe > Higiene del Bebé >,acondicionador,estandar,bebe,https://www.jumbo.com.ar/acondicionador-para-bebe-original-200-ml-johnson-s/p,False
275,Jumbo,407566,403755,Acondicionador Reparación Total Extreme 200 Ml Elvive,Elvive,7450.0,615702.0,True,200.0,37.25,> Perfumería > Cuidado Capilar > Acondicionador >,acondicionador,profesional,general,https://www.jumbo.com.ar/acondicionador-elvive-rt5-extreme-200-ml/p,False
276,Jumbo,397914,395649,Acondicionador Hialuronico Y Vitamina A 190 Ml Sedal,Sedal,3900.0,322314.0,True,190.0,20.5263,> Perfumería > Cuidado Capilar > Acondicionador >,acondicionador,estandar,general,https://www.jumbo.com.ar/acondicionador-hialuronico-y-vitamina-a-190-ml-sedal/p,False
277,Jumbo,3086639,3085863,Acondicionador Oil Control X 200 Ml Fructis,Fructis,5800.0,479339.0,True,200.0,29.0,> Perfumería > Cuidado Capilar > Acondicionador >,acondicionador,estandar,general,https://www.jumbo.com.ar/acondicionador-oil-control-x-200-ml-fructis/p,False
278,Jumbo,414509,410232,Acondicionador Prebióticos + Biotina 190 Ml Sedal,Sedal,3900.0,322314.0,True,190.0,20.5263,> Perfumería > Cuidado Capilar > Acondicionador >,acondicionador,estandar,general,https://www.jumbo.com.ar/acondicionador-prebioticos-biotina-190-ml-sedal/p,False
279,Jumbo,398318,396051,Acondicionador Revitalización 300 Ml  Head & Shoulders Acondicionador Head & Shoulders Revitalización 300 Ml,Head & Shoulders,12200.0,1008264.0,True,300.0,40.6667,> Perfumería > Cuidado Capilar > Acondicionador >,acondicionador,estandar,general,https://www.jumbo.com.ar/acondicionador-head-shoulders-aceite-de-argan-300-ml/p,False
280,Jumbo,397917,395652,Acondicionador Sedal Hialurónico Y Vitamina A 650 Ml,Sedal,9350.0,772727.0,True,650.0,14.3846,> Perfumería > Cuidado Capilar > Acondicionador >,acondicionador,estandar,general,https://www.jumbo.com.ar/acondicionador-sedal-hialuronico-y-vitamina-a-650-ml-2/p,False
281,Jumbo,3087376,3086597,Acondicionador Nutrición Tri-Óleos 650 Ml Dove Acondicionador Dove Nutritri Oleos 650ml,Dove,16700.0,1380165.0,True,650.0,25.6923,> Perfumería > Cuidado Capilar > Acondicionador >,acondicionador,estandar,general,https://www.jumbo.com.ar/acondicionador-dove-nutritri-oleos-650ml/p,False
282,Jumbo,393767,391788,Acondicionador Óleo Extraordinario Nutrición 200 Ml Elvive,Elvive,7450.0,615702.0,True,200.0,37.25,> Perfumería > Cuidado Capilar > Acondicionador >,acondicionador,profesional,general,https://www.jumbo.com.ar/acondicionador-oleo-extraordinario-nutricion-universal-200ml/p,False
283,Jumbo,3086920,3086144,Tío Nacho Acondicionador Engrosador V2 415 Ml,Suave,11350.0,938017.0,True,415.0,27.3494,> Perfumería > Cuidado Capilar > Acondicionador >,acondicionador,estandar,general,https://www.jumbo.com.ar/tio-nacho-acondicionador-engrosador-v2-415-ml-2/p,False
284,Jumbo,3071024,3070595,Acondicionador Dream Liso Anti-frizz 750 Ml Elvive,Elvive,21050.0,1739669.0,True,750.0,28.0667,> Perfumería > Cuidado Capilar > Acondicionador >,acondicionador,profesional,general,https://www.jumbo.com.ar/acondicionador-dream-liso-x-750-ml-elvive/p,False
285,Jumbo,1360441,1360025,Acondicionador 3 Minute Miracle Nutrición 170 Ml Pantene,Pantene,9850.0,814050.0,True,170.0,57.9412,> Perfumería > Cuidado Capilar > Reparación y Tratamientos >,acondicionador,estandar,general,https://www.jumbo.com.ar/acondicionador-3-minute-miracle-nutricion-170-ml-pantene-2/p,False
286,Jumbo,416912,412456,Acondicionador Óleo Extraordinario Rizos Definidos 200 Ml Elvive,Elvive,7450.0,615702.0,True,200.0,37.25,> Perfumería > Cuidado Capilar > Acondicionador >,acondicionador,profesional,rizado,https://www.jumbo.com.ar/acondicionador-elvive-extraordinario-riso-200-ml/p,False
287,Jumbo,3079026,3078350,Acondicionador Nutre y Crece Bambú 250 Ml Pantene,Pantene,10300.0,851240.0,True,250.0,41.2,> Perfumería > Cuidado Capilar > Acondicionador >,acondicionador,estandar,general,https://www.jumbo.com.ar/acondicionador-pantene-bamboo-250ml/p,False
288,Jumbo,3066019,3065976,Acondicionador Anti-Caída Biotinamina B3 250 Ml Pantene,Pantene,10250.0,847107.0,True,250.0,41.0,> Perfumería > Cuidado Capilar > Acondicionador >,acondicionador,estandar,general,https://www.jumbo.com.ar/acondicionador-anti-caida-x-250-ml-pantene/p,False
289,Jumbo,1361140,1360545,Acondicionador Keratina Repara y Protege 200 Ml Pantene,Pantene,6600.0,545455.0,True,200.0,33.0,> Perfumería > Cuidado Capilar > Acondicionador >,acondicionador,estandar,tratado,https://www.jumbo.com.ar/acondicionador-keratina-200-ml-pantene/p,False
290,Jumbo,1360448,1360031,Acondicionador Glycolic Gloss Sellador de Brillo 200 Ml Elvive,Elvive,8050.0,665289.0,True,200.0,40.25,> Perfumería > Cuidado Capilar > Acondicionador >,acondicionador,profesional,general,https://www.jumbo.com.ar/acondicionador-elvive-glyco-gloss-200ml/p,False
291,Jumbo,3083504,3082779,Acondicionador Brillo Cristalino Glycolic Cristal 200 Ml Elvive,Elvive,8450.0,698347.0,True,200.0,42.25,> Perfumería > Cuidado Capilar > Acondicionador >,acondicionador,profesional,general,https://www.jumbo.com.ar/acondicionador-brillo-cristalino-glycolic-cristal-x-200-ml-elvive/p,False
292,Jumbo,1360450,1360033,Acondicionador Glycolic Gloss Sellador de Brillo 400 Ml Elvive,Elvive,13350.0,1103306.0,True,400.0,33.375,> Perfumería > Cuidado Capilar > Acondicionador >,acondicionador,profesional,general,https://www.jumbo.com.ar/acondicionador-elvive-glyco-gloss-400ml/p,False
293,Jumbo,407560,403749,Acondicionador Reparación Total 5 Keratin 750 Ml Elvive,Elvive,18600.0,1537190.0,True,750.0,24.8,> Perfumería > Cuidado Capilar > Acondicionador >,acondicionador,profesional,general,https://www.jumbo.com.ar/acondicionador-elvive-rt5-keratin-750ml/p,False
294,Jumbo,1360452,1360035,Acondicionador Glyco Gloss Sellador de Brillo 750 Ml Elvive,Elvive,21350.0,1764463.0,True,750.0,28.4667,> Perfumería > Cuidado Capilar > Acondicionador >,acondicionador,profesional,general,https://www.jumbo.com.ar/acondicionador-elvive-glyco-gloss-750ml/p,False
295,Jumbo,415585,411169,Acondicionador Revitalización Repara y Hidrata 400 Ml Pantene,Pantene,10300.0,851240.0,True,400.0,25.75,> Perfumería > Cuidado Capilar > Acondicionador >,acondicionador,estandar,seco_danado,https://www.jumbo.com.ar/acondicionador-revitalizacion-400-ml-pantene/p,False
296,Jumbo,401191,398529,Acondicionador Detox Limpia y Purifica 700 Ml Pantene,Pantene,17500.0,1446281.0,True,700.0,25.0,> Perfumería > Cuidado Capilar > Acondicionador >,acondicionador,estandar,general,https://www.jumbo.com.ar/acondicionador-detox-limpia-purifica-700-ml-pantene-2/p,False
297,Jumbo,3070161,3069768,Acondicionador Keratina Repara y Protege 250 Ml Pantene,Pantene,10250.0,847107.0,True,250.0,41.0,> Perfumería > Cuidado Capilar > Acondicionador >,acondicionador,estandar,tratado,https://www.jumbo.com.ar/acondicionador-keratina-x-250-ml-pantene-2/p,False
298,Jumbo,397622,395355,Acondicionador Hidra Equilibrante Hialuronico Pure 750 Ml Elvive,Elvive,18600.0,1537190.0,True,750.0,24.8,> Perfumería > Cuidado Capilar > Acondicionador >,acondicionador,profesional,general,https://www.jumbo.com.ar/acondicionador-elvive-hialuronico-pure-750-ml/p,False
299,Jumbo,3087375,3086596,Acondicionador Humectación y Coco Antioxi 650 Ml Dove Acondicionador Dove Humectcoco Antioxi 650ml,Dove,16700.0,1380165.0,True,650.0,25.6923,> Perfumería > Cuidado Capilar > Acondicionador >,acondicionador,estandar,general,https://www.jumbo.com.ar/acondicionador-dove-humectcoco-antioxi-650ml/p,False
300,Jumbo,3086640,3085864,Acondicionador Goodbye Daños Oil Control 350 Ml Fructis Acondicionador Oil Control X 350 Ml Fructis,Fructis,8550.0,706612.0,True,350.0,24.4286,> Perfumería > Cuidado Capilar > Acondicionador >,acondicionador,estandar,general,https://www.jumbo.com.ar/acondicionador-oil-control-x-350-ml-fructis/p,False
301,Jumbo,3065220,3065219,Acondicionador Pro-v Miracles Hidrata 700 Ml Pantene,Pantene,17250.0,1425620.0,True,700.0,24.6429,> Perfumería > Cuidado Capilar > Acondicionador >,acondicionador,profesional,seco_danado,https://www.jumbo.com.ar/acondicionador-pro-v-miracles-hidrata-700-ml-pantene-2/p,False
302,Jumbo,1371393,1369515,Acondicionador Aloe Hidra Clean Hidratación 350 Ml Fructis,Fructis,8250.0,681818.0,True,350.0,23.5714,> Perfumería > Cuidado Capilar > Acondicionador >,acondicionador,estandar,seco_danado,https://www.jumbo.com.ar/acondicionador-fructis-aloe-water-350-ml-2/p,False
303,Jumbo,1362524,1361772,Acondicionador Reparación Total 5 Keratin 200 Ml Elvive,Elvive,7450.0,615702.0,True,200.0,37.25,> Perfumería > Cuidado Capilar > Acondicionador >,acondicionador,profesional,general,https://www.jumbo.com.ar/acondicionador-elvive-reparacion-total-5-keratin-200-ml/p,False
304,Jumbo,405287,402222,Acondicionador Hydraliss Hidratación y Frizz 350 Ml Fructis,Fructis,8250.0,681818.0,True,350.0,23.5714,> Perfumería > Cuidado Capilar > Acondicionador >,acondicionador,estandar,seco_danado,https://www.jumbo.com.ar/acondicionador-fructis-hydraliss-350ml/p,False
305,Jumbo,3086925,3086149,Acondicionador Tío Nacho Herbolaria Milenaria V2 415 Ml,Suave,11350.0,938017.0,True,415.0,27.3494,> Perfumería > Cuidado Capilar > Acondicionador >,acondicionador,estandar,general,https://www.jumbo.com.ar/acondicionador-tio-nacho-herbolaria-milenaria-v2-415-ml-2/p,False
306,Jumbo,412483,408092,Acondicionador Liso Coco Hidratación Intensa 350 Ml Fructis,Fructis,8250.0,681818.0,True,350.0,23.5714,> Perfumería > Cuidado Capilar > Acondicionador >,acondicionador,estandar,seco_danado,https://www.jumbo.com.ar/acondicionador-fructis-liso-coco-350-ml/p,False
307,Jumbo,3083498,3082773,Acondicionador Brillo Cristalino Glycolic Cristal 750 Ml Elvive,Elvive,22350.0,1847107.0,True,750.0,29.8,> Perfumería > Cuidado Capilar > Acondicionador >,acondicionador,profesional,general,https://www.jumbo.com.ar/acondicionador-brillo-cristalino-glycolic-cristal-x-750-ml-elvive/p,False
308,Jumbo,3070986,3070556,Acondicionador Sellador Liso Dream Liso 400 Ml Elvive,Elvive,13350.0,1103306.0,True,400.0,33.375,> Perfumería > Cuidado Capilar > Acondicionador >,acondicionador,profesional,general,https://www.jumbo.com.ar/acondicionador-dream-liso-x-400-ml-elvive/p,False
309,Jumbo,3068265,3068093,Acondicionador Probiotics para Cabello Frágil 350 Ml Fructis,Fructis,8250.0,681818.0,True,350.0,23.5714,> Perfumería > Cuidado Capilar > Acondicionador >,acondicionador,estandar,general,https://www.jumbo.com.ar/acondicionador-probiotics-x-350-ml-fructis-2/p,False
310,Jumbo,414729,410430,Acondicionador para Bebé Cabello Claro 400 Ml Johnson's,Johnson's,12300.0,1016529.0,True,400.0,30.75,> Mundo Bebe > Higiene para el Bebe > Higiene del Bebé >,acondicionador,estandar,bebe,https://www.jumbo.com.ar/acondicionador-para-bebe-cabello-claro-400-ml-johnson-s/p,False
311,Jumbo,414726,410427,Acondicionador para Niños Fragancia Prolongada 200 Ml Johnson's,Johnson's,6550.0,541322.0,True,200.0,32.75,> Mundo Bebe > Higiene para el Bebe > Higiene del Bebé >,acondicionador,estandar,bebe,https://www.jumbo.com.ar/acondicionador-para-ninos-fragancia-prolongada-200-ml-johnson-s/p,False
312,Jumbo,375298,374016,Acondicionador Color Vive Violeta Matizador 200 Ml Elvive,Elvive,7650.0,632231.0,True,200.0,38.25,> Perfumería > Cuidado Capilar > Acondicionador >,acondicionador,profesional,tratado,https://www.jumbo.com.ar/acondicionador-elvive-colorvive-violeta-matizador-200-ml/p,False
313,Jumbo,3073306,3072811,Acondicionador Pelo Largo y sin Frizz 350 Ml Bagovit,Bagovit,9800.0,809917.0,True,350.0,28.0,> Perfumería > Cuidado Capilar > Acondicionador >,acondicionador,estandar,general,https://www.jumbo.com.ar/acondicionador-pelo-largo-y-sin-frizz-x-350-ml-bagovit/p,False
314,Jumbo,3070157,3069765,Acondicionador Colágeno Nutre y Revitaliza 250 Ml Pantene,Pantene,10550.0,871901.0,True,250.0,42.2,> Perfumería > Cuidado Capilar > Acondicionador >,acondicionador,estandar,general,https://www.jumbo.com.ar/acondicionador-colageno-x-250-ml-pantene-2/p,False
315,Jumbo,415581,411165,Acondicionador Pro-V Miracles Volumen 400 Ml Pantene,Pantene,10300.0,851240.0,True,400.0,25.75,> Perfumería > Cuidado Capilar > Acondicionador >,acondicionador,profesional,general,https://www.jumbo.com.ar/acondicionador-pro-v-miracles-volumen-400-ml-pantene/p,False
316,Jumbo,397915,395650,Acondicionador Colageno Y Vitamina C 650 Ml Sedal,Sedal,9350.0,772727.0,True,650.0,14.3846,> Perfumería > Cuidado Capilar > Acondicionador >,acondicionador,estandar,general,https://www.jumbo.com.ar/acondicionador-colageno-y-vitamina-c-650-ml-sedal/p,False
317,Jumbo,384081,382764,Acondicionador Hair Food Revitalizante Sandía 300 Ml Fructis,Fructis,12050.0,995868.0,True,300.0,40.1667,> Perfumería > Cuidado Capilar > Acondicionador >,acondicionador,estandar,general,https://www.jumbo.com.ar/acondicionador-fructis-hair-food-sandia-300-ml/p,False
318,Jumbo,25079,22240,Acondicionador 3 Minute Miracle Restauración 170 Ml Pantene,Pantene,10000.0,826446.0,True,170.0,58.8235,> Perfumería > Cuidado Capilar > Acondicionador >,acondicionador,estandar,general,https://www.jumbo.com.ar/acondicionador-diario-pantene-pro-v-3-minute-miracle-restauracion-170-ml/p,False
319,Jumbo,397905,395640,Acondicionador Colágeno y Vitamina C 340 Ml Sedal,Sedal,5800.0,479339.0,True,340.0,17.0588,> Perfumería > Cuidado Capilar > Acondicionador >,acondicionador,estandar,general,https://www.jumbo.com.ar/acondicionador-colageno-y-vitamina-c-340-ml-sedal/p,False
320,Jumbo,393560,391588,Acondicionador Colageno Y Vitamina C 190 Ml Sedal,Sedal,3900.0,322314.0,True,190.0,20.5263,> Perfumería > Cuidado Capilar > Acondicionador >,acondicionador,estandar,general,https://www.jumbo.com.ar/acondicionador-colageno-y-vitamina-c-190-ml-sedal/p,False
321,Jumbo,401199,398537,Acondicionador Pro-v Miracles Con Detox 400 Ml Pantene,Pantene,10300.0,851240.0,True,400.0,25.75,> Perfumería > Cuidado Capilar > Acondicionador >,acondicionador,profesional,general,https://www.jumbo.com.ar/acondicionador-pro-v-miracles-con-detox-400-ml-pantene-2/p,False
322,Jumbo,400534,397872,Acondicionador Color Vive para Cabello Teñido 750 Ml Elvive,Elvive,18600.0,1537190.0,True,750.0,24.8,> Perfumería > Cuidado Capilar > Acondicionador >,acondicionador,profesional,tratado,https://www.jumbo.com.ar/acondicionador-elvive-color-vive-750-ml/p,False
323,Jumbo,400533,397871,Acondicionador Color Vive para Cabello Teñido 400 Ml Elvive,Elvive,12050.0,995868.0,True,400.0,30.125,> Perfumería > Cuidado Capilar > Acondicionador >,acondicionador,profesional,tratado,https://www.jumbo.com.ar/acondicionador-elvive-color-vive-400-ml/p,False
324,Jumbo,346771,345446,Acondicionador Oleo Extraordinario Nutrición Intensa Coco 200 Ml Elvive,Elvive,7250.0,599174.0,True,200.0,36.25,> Perfumería > Cuidado Capilar > Acondicionador >,acondicionador,profesional,general,https://www.jumbo.com.ar/acondicionador-elvive-oleo-extraordinario-coco-200-ml/p,False
325,Jumbo,400521,397859,Acondicionador Color Vive para Cabello Teñido 200 Ml Elvive,Elvive,7250.0,599174.0,True,200.0,36.25,> Perfumería > Cuidado Capilar > Acondicionador >,acondicionador,profesional,tratado,https://www.jumbo.com.ar/acondicionador-elvive-color-vive-200-ml/p,False
326,Jumbo,3074194,3073690,Acondicionador Hair Food Anti-quiebre Ananá 300 Ml Fructis,Fructis,12050.0,995868.0,True,300.0,40.1667,> Perfumería > Cuidado Capilar > Acondicionador >,acondicionador,estandar,general,https://www.jumbo.com.ar/acondicionador-fructis-pina-300ml/p,False
327,Jumbo,307401,306638,Acondicionador Dermo Protección Caída 300 Ml Head y Shoulders,Head & Shoulders,12200.0,1008264.0,True,300.0,40.6667,> Perfumería > Cuidado Capilar > Acondicionador >,acondicionador,estandar,general,https://www.jumbo.com.ar/acondicionador-dermo-proteccion-caida-300-ml-head-shoulders/p,False
328,Jumbo,410396,406402,Acondicionador Anti-caída Herbolaria Milenaria 400 Ml Tio Nacho,Tio Nacho,8100.0,669421.0,True,400.0,20.25,> Perfumería > Cuidado Capilar > Acondicionador >,acondicionador,estandar,general,https://www.jumbo.com.ar/acondicionador-herbolaria-400-ml-tio-nacho/p,False
329,Jumbo,3083501,3082776,Acondicionador Brillo Cristalino Glycolic Cristal X 400 Ml Elvive,Elvive,12750.0,1053719.0,True,400.0,31.875,> Perfumería > Cuidado Capilar > Acondicionador >,acondicionador,profesional,general,https://www.jumbo.com.ar/acondicionador-brillo-cristalino-glycolic-cristal-x-400-ml-elvive/p,False
330,Jumbo,3086507,3085729,Acondicionador Reparación Profunda Keratina Vegetal 415 Ml Tio Nacho Acondicionador Keratina Vegetal X 415 Ml Tio Nacho,Tio Nacho,10800.0,892562.0,True,415.0,26.0241,> Perfumería > Cuidado Capilar > Acondicionador >,acondicionador,estandar,tratado,https://www.jumbo.com.ar/acondicionador-keratina-vegetal-x-415-ml-tio-nacho/p,False
331,Jumbo,412487,408095,Acondicionador Recarga Nutritiva para Cabello Seco 350 Ml Fructis,Fructis,5900.0,487603.0,True,350.0,16.8571,> Perfumería > Cuidado Capilar > Acondicionador >,acondicionador,estandar,seco_danado,https://www.jumbo.com.ar/acondicionador-fructis-recarga-nutritiva-200-ml/p,False
332,Jumbo,3068434,3068184,Acondicionador Ácido Glicólico para Cabellos Teñidos 350 Ml Capilatis,Capilatis,12650.0,1045455.0,True,350.0,36.1429,> Perfumería > Cuidado Capilar > Acondicionador >,acondicionador,estandar,tratado,https://www.jumbo.com.ar/acondicionador-con-acido-glicolico-capilatis/p,False
333,Jumbo,349469,348129,Acondicionador Protección con Óleo de Coco y Karité 1000 Ml Plusbelle,Plusbelle,5650.0,466942.0,True,1000.0,5.65,> Perfumería > Cuidado Capilar > Acondicionador >,acondicionador,estandar,general,https://www.jumbo.com.ar/acondicionador-proteccion-1000-ml-plusbelle/p,False
334,Jumbo,331399,330571,Acondicionador Anti-Caspa Crece Fuerte 300 Ml Head y Shoulders,Head & Shoulders,12200.0,1008264.0,True,300.0,40.6667,> Perfumería > Cuidado Capilar > Acondicionador >,acondicionador,estandar,anticaspa,https://www.jumbo.com.ar/acondicionador-crece-fuerte-300-ml-head-shoulders/p,False
335,Jumbo,349467,348127,Acondicionador Nutrición con Óleo de Argán y Macadamia 1000 Ml Plusbelle,Plusbelle,5600.0,462810.0,True,1000.0,5.6,> Perfumería > Cuidado Capilar > Acondicionador >,acondicionador,estandar,general,https://www.jumbo.com.ar/acondicionador-nutricion-1000-ml-plusbelle/p,False
336,Jumbo,410394,406400,Acondicionador Engrosador Anti-caída con Jalea Real y Extracto de Ortiga 400 Ml Tio Nacho,Tio Nacho,8100.0,669421.0,True,400.0,20.25,> Perfumería > Cuidado Capilar > Acondicionador >,acondicionador,estandar,general,https://www.jumbo.com.ar/acondicionador-engrosador-doypack-400-ml-tio-nacho/p,False
337,Jumbo,346772,345447,Acondicionador Oleo Extraordinario Nutrición Intensa con Óleo de Coco 400 Ml Elvive,Elvive,12050.0,995868.0,True,400.0,30.125,> Perfumería > Cuidado Capilar > Acondicionador >,acondicionador,profesional,general,https://www.jumbo.com.ar/acondicionador-elvive-oleo-extraordinario-oleo-de-coco-400-ml/p,False
338,Jumbo,412489,408097,Acondicionador Recarga Nutritiva Oil Repair 3 con Óleos de Aguacate Coco y Argán 350 Ml Fructis,Fructis,8450.0,698347.0,True,350.0,24.1429,> Perfumería > Cuidado Capilar > Acondicionador >,acondicionador,profesional,general,https://www.jumbo.com.ar/fru-or-recarga-nutri-arg-aco-350ml/p,False
339,Jumbo,310206,309444,Acondicionador Anti Caspa Hidratación Aceite de Coco 300 Ml Head y Shoulders,Head & Shoulders,12200.0,1008264.0,True,300.0,40.6667,> Perfumería > Cuidado Capilar > Acondicionador >,acondicionador,estandar,anticaspa,https://www.jumbo.com.ar/acondicionador-hidratacion-aceite-de-coco-300-ml-head-shoulders/p,False
340,Jumbo,307403,306640,Acondicionador Anti Caspa Dermo Manzana Fresh 300 Ml Head y Shoulders,Head & Shoulders,12200.0,1008264.0,True,300.0,40.6667,> Perfumería > Cuidado Capilar > Acondicionador >,acondicionador,estandar,anticaspa,https://www.jumbo.com.ar/acondicionador-dermo-manzana-fresh-300-ml-head-shoulders/p,False
341,Jumbo,3087477,3086703,Acondicionadorpantene Restauracion 700ml,Pantene,17250.0,1425620.0,True,700.0,24.6429,> Perfumería > Cuidado Capilar > Acondicionador >,acondicionador,estandar,general,https://www.jumbo.com.ar/acondicionadorpantene-restauracion-700ml/p,False
342,Jumbo,413361,409238,Máscara de Tratamiento Reparación Intra Capilar 300 Ml Tresemmé,Tresemmé,9500.0,785124.0,True,300.0,31.6667,> Perfumería > Cuidado Capilar > Reparación y Tratamientos >,tratamiento,estandar,general,https://www.jumbo.com.ar/mascara-de-tratamiento-reparacion-intra-capilar-300-ml-tresemme-2/p,False
343,Jumbo,375497,374215,Tratamiento Plusbelle Escencia Oleos Prot 400m,Plusbelle,2350.0,194215.0,True,,,> Perfumería > Cuidado Capilar > Reparación y Tratamientos >,tratamiento,estandar,general,https://www.jumbo.com.ar/tratamiento-plusbelle-escencia-oleos-prot-400m-3/p,False
344,Jumbo,3071022,3070593,Crema Tratamiento Dream Liso X 300 Gr Elvive,Elvive,12600.0,1041322.0,True,300.0,42.0,> Perfumería > Cuidado Capilar > Reparación y Tratamientos >,tratamiento,profesional,general,https://www.jumbo.com.ar/crema-tratamiento-dream-liso-x-300-gr-elvive/p,False
345,Jumbo,3066021,3065978,Crema Peinar Anti Caida X 300 Ml Pantene,Pantene,9400.0,776860.0,True,300.0,31.3333,> Perfumería > Cuidado Capilar > Reparación y Tratamientos >,shampoo,estandar,general,https://www.jumbo.com.ar/crema-peinar-anti-caida-x-300-ml-pantene/p,False
346,Jumbo,3066017,3065974,Tratamiento Oil Nutritivo X 95 Ml Pantene,Pantene,21350.0,1764463.0,True,95.0,224.7368,> Perfumería > Cuidado Capilar > Reparación y Tratamientos >,tratamiento,estandar,general,https://www.jumbo.com.ar/tratamiento-oil-nutritivo-x-95-ml-pantene/p,False
347,Jumbo,1360444,1360028,Mascarilla Intensiva Hidratación 270 Ml Pantene,Pantene,10400.0,859504.0,True,270.0,38.5185,> Perfumería > Cuidado Capilar > Reparación y Tratamientos >,tratamiento,estandar,seco_danado,https://www.jumbo.com.ar/mascarilla-intensiva-hidratacion-270-ml-pantene-2/p,False
348,Jumbo,1360439,1360023,Mascarilla Intensiva Restauración 270 Ml Pantene,Pantene,10400.0,859504.0,True,270.0,38.5185,> Perfumería > Cuidado Capilar > Reparación y Tratamientos >,tratamiento,estandar,general,https://www.jumbo.com.ar/mascarilla-intensiva-restauracion-270-ml-pantene-2/p,False
349,Jumbo,383675,382390,Crema para Peinar Colágeno Nutre y Revitaliza 300 Ml Pantene,Pantene,9250.0,764463.0,True,300.0,30.8333,> Perfumería > Cuidado Capilar > Reparación y Tratamientos >,shampoo,estandar,general,https://www.jumbo.com.ar/crema-para-peinar-colageno-nutre-y-revitaliza-300-ml-pantene/p,False
350,Jumbo,1360442,1360026,Mascarilla Intensiva Nutrición 270 Ml Pantene,Pantene,10400.0,859504.0,True,270.0,38.5185,> Perfumería > Cuidado Capilar > Reparación y Tratamientos >,tratamiento,estandar,general,https://www.jumbo.com.ar/mascarilla-intensiva-nutricion-270-ml-pantene-2/p,False
351,Jumbo,3065109,3065108,Mascarilla Tratamiento Ceramidas 300 Grs Sedal,Sedal,6200.0,512397.0,True,,,> Perfumería > Cuidado Capilar > Reparación y Tratamientos >,tratamiento,estandar,general,https://www.jumbo.com.ar/mascara-tratamiento-ceramidas-x-300-gr-sedal-2/p,False
352,Jumbo,411272,407112,Crema Para Peinar Sedal Ceramidas 300ml,Sedal,6150.0,508264.0,True,300.0,20.5,> Perfumería > Cuidado Capilar > Reparación y Tratamientos >,shampoo,estandar,general,https://www.jumbo.com.ar/crema-para-peinar-sedal-ceramidas-300ml/p,False
353,Jumbo,3067579,3067443,Sérum Capilar Luminous Uv 110 Ml Sedal,Sedal,10750.0,888430.0,True,110.0,97.7273,> Perfumería > Cuidado Capilar > Reparación y Tratamientos >,shampoo,estandar,general,https://www.jumbo.com.ar/serum-capilar-luminous-uv-110-ml-sedal/p,False
354,Jumbo,3066237,3066153,Máscara De Tratamiento Luminous Uv 300 Grs Sedal,Sedal,6150.0,508264.0,True,,,> Perfumería > Cuidado Capilar > Reparación y Tratamientos >,tratamiento,estandar,general,https://www.jumbo.com.ar/mascara-de-tratamiento-luminous-uv-300-grs-sedal-2/p,False
355,Jumbo,411277,407117,Crema De Peinar Sedal Hialurónico Y Vitamina A 300 Ml,Sedal,6150.0,508264.0,True,300.0,20.5,> Perfumería > Cuidado Capilar > Reparación y Tratamientos >,shampoo,estandar,general,https://www.jumbo.com.ar/crema-de-peinar-sedal-hialuronico-y-vitamina-a-300-ml-2/p,False
356,Jumbo,411257,407097,Mascarilla Capilar Regeneración Colágeno y Vitamina C 300 Grs Sedal,Sedal,6150.0,508264.0,True,,,> Perfumería > Cuidado Capilar > Reparación y Tratamientos >,tratamiento,estandar,general,https://www.jumbo.com.ar/mascara-de-tratamiento-sedal-colageno-y-vitamina-c-300-gr/p,False
357,Jumbo,3075201,3074666,Mascarilla Capilar Toque de Seda 300 Grs Sedal,Sedal,6150.0,508264.0,True,,,> Perfumería > Cuidado Capilar > Reparación y Tratamientos >,tratamiento,estandar,general,https://www.jumbo.com.ar/mascarilla-capilar-toque-de-seda-x-300-grs-sedal/p,False
358,Jumbo,3066241,3066157,Crema Peinar Luminous Uv X 300 Ml Sedal,Sedal,6150.0,508264.0,True,300.0,20.5,> Perfumería > Cuidado Capilar > Reparación y Tratamientos >,shampoo,estandar,general,https://www.jumbo.com.ar/crema-peinar-luminous-uv-x-300-ml-sedal-2/p,False
359,Jumbo,411275,407115,Crema para Peinar Lisos Perfectos 300 Ml Sedal,Sedal,5800.0,479339.0,True,300.0,19.3333,> Perfumería > Cuidado Capilar > Reparación y Tratamientos >,shampoo,estandar,general,https://www.jumbo.com.ar/crema-para-peinar-sedal-lisos-perfectos-300-ml-2/p,False
360,Jumbo,397910,395645,Acondicionador Restauración Instantánea 190 Ml Sedal,Sedal,3900.0,322314.0,True,190.0,20.5263,> Perfumería > Cuidado Capilar > Acondicionador >,acondicionador,estandar,general,https://www.jumbo.com.ar/acondicionador-restauracion-instantanea-190-ml-sedal/p,False
361,Jumbo,412493,408102,Crema para Peinar Rizos Poderosos 250 Ml Fructis,Fructis,8100.0,669421.0,True,250.0,32.4,> Perfumería > Cuidado Capilar > Reparación y Tratamientos >,shampoo,estandar,rizado,https://www.jumbo.com.ar/crema-para-peinar-fructis-rizos-poderosos-250ml/p,False
362,Jumbo,3086633,3085857,Crema para Peinar Borrador de Daño Colágeno Jelly 300 Ml Fructis Crema Para Peinar Oil Control X 300 Ml Fructis,Fructis,13650.0,1128099.0,True,300.0,45.5,> Perfumería > Cuidado Capilar > Reparación y Tratamientos >,shampoo,estandar,general,https://www.jumbo.com.ar/crema-para-peinar-oil-control-x-300-ml-fructis/p,False
363,Jumbo,420155,414429,Mascarilla Tratamiento Nutrición Palta 350 Ml Fructis,Fructis,15100.0,1247934.0,True,350.0,43.1429,> Perfumería > Cuidado Capilar > Reparación y Tratamientos >,tratamiento,estandar,general,https://www.jumbo.com.ar/mascarilla-fructis-hair-food-palta-350-ml/p,False
364,Jumbo,384065,382760,Acondicionador Fructis Hair Food Aloe 300ml,Fructis,12050.0,995868.0,True,300.0,40.1667,> Perfumería > Cuidado Capilar > Acondicionador >,acondicionador,estandar,general,https://www.jumbo.com.ar/acondicionador-fructis-hair-food-aloe-300ml/p,False
365,Jumbo,3068266,3068094,Crema para Peinar Probióticos Fuerza 10-en-1 250 Ml Fructis,Fructis,8100.0,669421.0,True,250.0,32.4,> Perfumería > Cuidado Capilar > Reparación y Tratamientos >,shampoo,estandar,general,https://www.jumbo.com.ar/tratamiento-probiotics-x-250-ml-fructis/p,False
366,Jumbo,424313,417193,Crema De Peinar Fructis Hair Food Cocoa 3 En 1,Fructis,9600.0,793388.0,True,,,> Perfumería > Cuidado Capilar > Reparación y Tratamientos >,shampoo,estandar,general,https://www.jumbo.com.ar/crema-de-peinar-fructis-hair-food-cocoa-3-en-1-2/p,False
367,Jumbo,412497,408106,Mascarilla Capilar Revitalizante Sandía 350 Ml Fructis,Fructis,15100.0,1247934.0,True,350.0,43.1429,> Perfumería > Cuidado Capilar > Reparación y Tratamientos >,tratamiento,estandar,general,https://www.jumbo.com.ar/mascarilla-fructis-hair-food-sandia-350-ml/p,False
368,Jumbo,412496,408105,Mascarilla Hidratación Cabello Deshidratado Hair Food Aloe Vera 350 Ml Fructis,Fructis,15100.0,1247934.0,True,350.0,43.1429,> Perfumería > Cuidado Capilar > Reparación y Tratamientos >,tratamiento,estandar,seco_danado,https://www.jumbo.com.ar/mascarilla-fructis-hair-food-aloe-350-ml/p,False
369,Jumbo,412309,416200,Crema para Peinar Hydra Liss 10 en 1 250 Ml Fructis,Fructis,8100.0,669421.0,True,250.0,32.4,> Perfumería > Cuidado Capilar > Reparación y Tratamientos >,shampoo,estandar,general,https://www.jumbo.com.ar/crema-para-peinar-hidra-liss-250-ml-fructis/p,False
370,Jumbo,397193,394934,Acondicionador Goodbye Daños 200 Ml Fructis,Fructis,5900.0,487603.0,True,200.0,29.5,> Perfumería > Cuidado Capilar > Acondicionador >,acondicionador,estandar,general,https://www.jumbo.com.ar/acondicionador-fructis-goodbye-danos-200-ml/p,False
371,Jumbo,3074193,3073689,Mascarilla Anti-quiebre Hair Food Ananá 350 Ml Fructis,Fructis,15100.0,1247934.0,True,350.0,43.1429,> Perfumería > Cuidado Capilar > Reparación y Tratamientos >,tratamiento,estandar,general,https://www.jumbo.com.ar/tratamient-cap-fructis-pina-350ml/p,False
372,Jumbo,415162,410820,Crema para Peinar Recarga Nutritiva para Cabello Seco 250 Ml Fructis,Fructis,8100.0,669421.0,True,250.0,32.4,> Perfumería > Cuidado Capilar > Reparación y Tratamientos >,shampoo,estandar,seco_danado,https://www.jumbo.com.ar/crema-para-peinar-fructis-recarga-nutritiva-cpp-250-ml/p,False
373,Jumbo,412485,408094,Crema Para Peinar Fructis Liso Coco 200 Ml,Fructis,8100.0,669421.0,True,200.0,40.5,> Perfumería > Cuidado Capilar > Reparación y Tratamientos >,shampoo,estandar,general,https://www.jumbo.com.ar/crema-para-peinar-fructis-liso-coco-200-ml/p,False
374,Jumbo,424304,417184,Protector Térmico Antifrizz 120 Ml Tresemmé,Tresemmé,10350.0,855372.0,True,120.0,86.25,> Perfumería > Cuidado Capilar > Reparación y Tratamientos >,shampoo,estandar,general,https://www.jumbo.com.ar/spray-protector-termico-tresemme-antifrizz-120-ml-2/p,False
375,Jumbo,3079028,3078352,Tratamiento Herbal Essences Grapefruit 300ml,Herbal Essences,15300.0,1264463.0,True,300.0,51.0,> Perfumería > Cuidado Capilar > Reparación y Tratamientos >,tratamiento,estandar,general,https://www.jumbo.com.ar/tratamiento-herbal-essences-grapefruit-300ml/p,False
376,Jumbo,312179,311417,Mascarilla Intensiva Herbal Essences Argan Oil Morocco 300 Ml,Herbal Essences,17300.0,1429752.0,True,300.0,57.6667,> Perfumería > Cuidado Capilar > Reparación y Tratamientos >,tratamiento,estandar,general,https://www.jumbo.com.ar/mascarilla-intensiva-herbal-essences-argan-oil-morocco-300-ml/p,False
377,Jumbo,384082,382765,Aceite para el Pelo Óleo Extraordinario Nutrición 100 Ml Elvive,Elvive,21600.0,1785124.0,True,100.0,216.0,> Perfumería > Cuidado Capilar > Reparación y Tratamientos >,shampoo,profesional,general,https://www.jumbo.com.ar/tratamiento-nutricion-elvive-loreal-oleo-extraordinario-100-ml/p,False
378,Jumbo,420156,414430,Crema para Peinar Cabello Rizado Oleo Extraordinario 250 Ml Elvive,Elvive,9700.0,801653.0,True,250.0,38.8,> Perfumería > Cuidado Capilar > Reparación y Tratamientos >,shampoo,profesional,rizado,https://www.jumbo.com.ar/crema-para-peinar-elvive-oleo-rizo/p,False
379,Jumbo,407571,403760,Mascarilla Elvive Rt5 Keratin 300 Gr,Elvive,11550.0,954545.0,True,300.0,38.5,> Perfumería > Cuidado Capilar > Acondicionador >,tratamiento,profesional,general,https://www.jumbo.com.ar/mascarilla-elvive-rt5-keratin-300-gr/p,False
380,Jumbo,3074528,3074013,Serum Capilar Liso 7 Días Dream Liso 100 Ml Elvive,Elvive,20650.0,1706612.0,True,100.0,206.5,> Perfumería > Cuidado Capilar > Reparación y Tratamientos >,shampoo,profesional,general,https://www.jumbo.com.ar/serum-liso-7-dias-dream-liso-x-100-ml-elvive/p,False
381,Jumbo,1360454,1360037,Serum Capilar Glycolic Gloss 100 Ml Elvive,Elvive,21400.0,1768595.0,True,100.0,214.0,> Perfumería > Cuidado Capilar > Reparación y Tratamientos >,shampoo,profesional,general,https://www.jumbo.com.ar/serum-capilar-elvive-glyco-gloss-100ml-2/p,False
382,Jumbo,1360451,1360034,Mascarilla Capilar Glycolic Gloss 300 Grs Elvive,Elvive,12600.0,1041322.0,True,,,> Perfumería > Cuidado Capilar > Reparación y Tratamientos >,tratamiento,profesional,general,https://www.jumbo.com.ar/mascarilla-elvive-glycolic-gloss-300-gr/p,False
383,Jumbo,407573,403762,Mascarilla Elvive Rt Extreme 300 Gr,Elvive,12050.0,995868.0,True,300.0,40.1667,> Perfumería > Cuidado Capilar > Reparación y Tratamientos >,tratamiento,profesional,general,https://www.jumbo.com.ar/mascarilla-elvive-rt-extreme-300-gr/p,False
384,Jumbo,397625,395358,Mascarilla Hidratación Ligera Hialurónico Pure 300 Grs Elvive,Elvive,12050.0,995868.0,True,,,> Perfumería > Cuidado Capilar > Reparación y Tratamientos >,tratamiento,profesional,seco_danado,https://www.jumbo.com.ar/mascarilla-elvive-hialuronico-pure-300-gr/p,False
385,Jumbo,288713,287960,Crema para Peinar Dream Long Stop Tijeras 250 Ml Elvive,Elvive,9700.0,801653.0,True,250.0,38.8,> Perfumería > Cuidado Capilar > Reparación y Tratamientos >,shampoo,profesional,general,https://www.jumbo.com.ar/crema-para-peinar-elvive-dream-long-250-ml/p,False
386,Jumbo,3083502,3082777,Mascarilla Tratamiento Brillo Anti-residuos Glycolic Cristal 300 Ml Elvive,Elvive,13250.0,1095041.0,True,300.0,44.1667,> Perfumería > Cuidado Capilar > Reparación y Tratamientos >,tratamiento,profesional,general,https://www.jumbo.com.ar/tratamiento-brillo-anti-residuos-glycolic-cristal-x-300-ml-elvive/p,False
387,Farmacity,234384,234384,Shampoo Elvive Hialurónico Pure x 400 ml,Elvive,6714.0,11190.0,True,400.0,16.785,> Cuidado Capilar > Shampoo Y Acondicionador >,shampoo,profesional,general,https://www.farmacity.com/shampoo-elvive-hialuronico-pure-x-400-ml/p,False
388,Farmacity,221679,221679,Shampoo Elvive Hidra Hialurónico x 400 ml,Elvive,6714.0,11190.0,True,400.0,16.785,> Cuidado Capilar > Shampoo Y Acondicionador >,shampoo,profesional,general,https://www.farmacity.com/shampoo-elvive-hidra-hialuronico-x-400-ml/p,False
389,Farmacity,164244,164244,Shampoo Capilatis PH Neutro Limpieza Profunda x 420 ml,Capilatis,9000.0,9000.0,True,420.0,21.4286,> Cuidado Capilar > Shampoo Y Acondicionador >,shampoo,estandar,general,https://www.farmacity.com/shampoo-limpieza-profunda-capilatis-ph-neutro-x-420-ml/p,False
390,Farmacity,1031,109084,Shampoo Dove Reconstrucción + Aminoácido x 400 ml,Dove,5812.0,9687.0,True,400.0,14.53,> Cuidado Capilar > Shampoo Y Acondicionador >,shampoo,estandar,general,https://www.farmacity.com/shampoo-dove-reconstruccion-completa-botella-x-400-ml/p,False
391,Farmacity,248551,248551,Shampoo Elvive Glycolic Cristal x 400 ml,Elvive,7494.0,12490.0,True,400.0,18.735,> Cuidado Capilar > Shampoo Y Acondicionador >,shampoo,profesional,general,https://www.farmacity.com/shampoo-elvive-glycolic-cristal-x-400-ml/p,False
392,Farmacity,237877,237877,Shampoo Capilatis Ortiga Concentrado x 420 ml,Capilatis,7575.0,10100.0,True,420.0,18.0357,> Cuidado Capilar > Shampoo Y Acondicionador >,shampoo,estandar,general,https://www.farmacity.com/shampoo-capilatis-ortiga-concentrado-x-420-ml/p,False
393,Farmacity,232640,232640,Shampoo Control Caspa Head & Shoulders Limpieza y Revitalización x 375 ml,Head And Shoulders,7895.0,12146.0,True,375.0,21.0533,> Cuidado Capilar > Shampoo Y Acondicionador >,shampoo,estandar,anticaspa,https://www.farmacity.com/shampoo-head-y-shoulders-limpieza-y-revitalizacion-x-375-ml/p,False
394,Farmacity,229980,229980,Shampoo Tío Nacho Engrosador x 415 ml,Tío Nacho,11750.0,11750.0,True,415.0,28.3133,> Cuidado Capilar > Shampoo Y Acondicionador >,shampoo,estandar,general,https://www.farmacity.com/shampoo-tio-nacho-engorsador-x-415-ml/p,False
395,Farmacity,225541,225541,Shampoo Bagóvit Pelo Largo y Sin Frizz x 350 ml,Bagóvit,8984.0,8984.0,True,350.0,25.6686,> Cuidado Capilar > Shampoo Y Acondicionador >,shampoo,estandar,general,https://www.farmacity.com/shampoo-bagovit-pelo-largo-y-sin-frizz-x-350-ml/p,False
396,Farmacity,246480,246480,Shampoo Dove Uv Repair & Glow x 400 ml,Dove,6453.0,10755.0,True,400.0,16.1325,> Cuidado Capilar > Shampoo Y Acondicionador >,shampoo,profesional,general,https://www.farmacity.com/shampoo-dove-uv-repair-x-400-ml/p,False
397,Farmacity,233317,233317,Shampoo Alta Moda Detox Purify x 300 ml,Alta Moda,5692.0,5692.0,True,300.0,18.9733,> Cuidado Capilar > Shampoo Y Acondicionador >,shampoo,estandar,general,https://www.farmacity.com/shampoo-alta-moda-e-detox-x-300-ml/p,False
398,Farmacity,230602,230602,Shampoo Dosificador Tresemmé Ondas Boho x 500 ml,Tresemmé,6574.0,10114.0,True,500.0,13.148,> Cuidado Capilar > Shampoo Y Acondicionador >,shampoo,estandar,general,https://www.farmacity.com/shampoo-dosificador-tresemme-ondas-boho-x-500-ml/p,False
399,Farmacity,229990,229990,Shampoo Elvive Colorvive x 200 ml,Elvive,4494.0,7490.0,True,200.0,22.47,> Cuidado Capilar > Shampoo Y Acondicionador >,shampoo,profesional,tratado,https://www.farmacity.com/shampoo-elvive-matizador-violeta-x-200-ml/p,False
400,Farmacity,224345,224345,Shampoo Garnier Fructis Hair Food Sandia x 300 ml,Fructis,7273.0,11190.0,True,300.0,24.2433,> Cuidado Capilar > Shampoo Y Acondicionador >,shampoo,estandar,general,https://www.farmacity.com/shampoo-garnier-fructis-hair-food-sandia-revitalizante-x-300-ml/p,False
401,Farmacity,217209,217209,Shampoo Garnier Fructis Hair Food Palta x 300 ml,Fructis,7273.0,11190.0,True,300.0,24.2433,> Cuidado Capilar > Shampoo Y Acondicionador >,shampoo,estandar,general,https://www.farmacity.com/shampoo-fructis-hair-food-aguacate-x-300-ml/p,False
402,Farmacity,208133,208133,Shampoo Elvive Dream Long x 400 ml,Elvive,6714.0,11190.0,True,400.0,16.785,> Cuidado Capilar > Shampoo Y Acondicionador >,shampoo,profesional,general,https://www.farmacity.com/shampoo-dream-long-elvive-loreal-paris-x-400-ml/p,False
403,Farmacity,206051,206051,Shampoo Head & Shoulders Protección Caída x 375 ml,Head And Shoulders,7895.0,12146.0,True,375.0,21.0533,> Cuidado Capilar > Shampoo Y Acondicionador >,shampoo,estandar,general,https://www.farmacity.com/shampoo-head-shoulders-antifall-proteccion-caida-con-cafeina-375ml/p,False
404,Farmacity,15033,34404,Shampoo Aveno Hidratante y Emoliente x 250 ml,Aveno,22407.0,29876.0,True,250.0,89.628,> Cuidado Capilar > Shampoo Y Acondicionador >,shampoo,estandar,seco_danado,https://www.farmacity.com/shampoo-reactivo-hidratante-y-emoliente-x-250-ml/p,False
405,Farmacity,1237,17971,Shampoo Biferdil con Manzanilla x 400 ml,Biferdil,11300.0,11300.0,True,400.0,28.25,> Cuidado Capilar > Shampoo Y Acondicionador >,shampoo,estandar,general,https://www.farmacity.com/shampoo-realza-el-color-con-manzanilla-x-400-ml-17971/p,False
406,Farmacity,249573,249573,Shampoo Head & Shoulders Romero Anti Caida x 180 ml,Head And Shoulders,4701.0,7233.0,True,180.0,26.1167,> Cuidado Capilar > Shampoo Y Acondicionador >,shampoo,estandar,general,https://www.farmacity.com/shampoo-head---shoulders-romero-anti-caida-x-180-ml/p,False
407,Farmacity,244539,244539,Shampoo Pantene Pro-V Miracles Colágeno Nutre & Revitaliza x 510 ml,Pantene,10285.0,17142.0,True,510.0,20.1667,> Cuidado Capilar > Shampoo Y Acondicionador >,shampoo,profesional,general,https://www.farmacity.com/shampoo-pantene-colageno-x-510-ml/p,False
408,Farmacity,235657,235657,Shampoo Pantene Pro-V Miracles Detox Limpia - Purifica 750 ml,Pantene,10040.0,16733.0,True,750.0,13.3867,> Cuidado Capilar > Shampoo Y Acondicionador >,shampoo,profesional,general,https://www.farmacity.com/shampoo-pantene-pro-v-miracles-detox-x-750-ml/p,False
409,Farmacity,230214,230214,Shampoo Pantene Pro-V Miracles Colágeno Revitaliza 200 ml,Pantene,3807.0,6345.0,True,200.0,19.035,> Cuidado Capilar > Shampoo Y Acondicionador >,shampoo,profesional,general,https://www.farmacity.com/shampoo-pantene-nutritivo-pro-v-miracles-colageno-nutre-y-revitaliza-x-200-ml/p,False
410,Farmacity,228551,228551,Shampoo Biferdil P+T para la Seborrea y Caída x 300 ml,Biferdil,10205.0,15700.0,True,300.0,34.0167,> Cuidado Capilar > Shampoo Y Acondicionador >,shampoo,estandar,general,https://www.farmacity.com/shampoo-biferdil-pt-para-la-seborrea-y-caida-x-300-ml/p,False
411,Farmacity,228280,228280,Shampoo Triatop Clinical x 165 ml,Triatop,14251.0,14251.0,True,165.0,86.3697,> Cuidado Capilar > Shampoo Y Acondicionador >,shampoo,estandar,general,https://www.farmacity.com/shampoo-triatop-clinical-x-165-ml/p,False
412,Farmacity,225994,225994,Shampoo Alta Moda Repair & Defense x 300 ml,Alta Moda,5692.0,5692.0,True,300.0,18.9733,> Cuidado Capilar > Shampoo Y Acondicionador >,shampoo,profesional,general,https://www.farmacity.com/shampoo-alta-moda-e-repair-y-defense-x-300-ml/p,False
413,Farmacity,217207,217207,Shampoo Garnier Fructis Hair Food Coco x 300 ml,Fructis,7273.0,11190.0,True,300.0,24.2433,> Cuidado Capilar > Shampoo Y Acondicionador >,shampoo,estandar,general,https://www.farmacity.com/shampoo-fructis-hair-food-coco-x-300-ml/p,False
414,Farmacity,215466,215466,Shampoo Head & Shoulders Aceite de Coco x 375 ml,Head And Shoulders,7895.0,12146.0,True,375.0,21.0533,> Cuidado Capilar > Shampoo Y Acondicionador >,shampoo,estandar,general,https://www.farmacity.com/shampoo-head-shouders-hidratacion-con-aceite-de-coco-x-375-ml/p,False
415,Farmacity,204165,200363,Shampoo Herbal Essences Hydrate Coconut Milk x 400 ml,Herbal Essences,10574.0,16267.0,True,400.0,26.435,> Cuidado Capilar > Shampoo Y Acondicionador >,shampoo,estandar,general,https://www.farmacity.com/shampoo-herbal-renew-coconut-milk-x-400ml/p,False
416,Farmacity,4184,138600,Shampoo Gel Anti-Caspa Eucerin DermoCapillaire para Dermatitis Seborreica x 250 ml,Eucerin,36297.0,45371.0,True,250.0,145.188,> Dermocosmética > Pelo > Shampoos y Acondicionadores >,shampoo,estandar,anticaspa,https://www.farmacity.com/shampoo-anticaspa-dermo-capillaire-x-250/p,False
417,Farmacity,250122,250122,Shampoo Fructis Good Bye Daños Oil Control x 350 ml,Fructis,7990.0,7990.0,True,350.0,22.8286,> Cuidado Capilar > Shampoo Y Acondicionador >,shampoo,estandar,general,https://www.farmacity.com/shampoo-fructis-good-bye-danos-x-350-ml/p,False
418,Farmacity,250121,250121,Shampoo Fructis Good Bye Daños Oil Control x 200 ml,Fructis,5490.0,5490.0,True,200.0,27.45,> Cuidado Capilar > Shampoo Y Acondicionador >,shampoo,estandar,general,https://www.farmacity.com/shampoo-fructis-good-bye-danos-oil-control-x-200-ml/p,False
419,Farmacity,248552,248552,Shampoo Elvive Glycolic Cristal x 750 ml,Elvive,19990.0,19990.0,True,750.0,26.6533,> Cuidado Capilar > Shampoo Y Acondicionador >,shampoo,profesional,general,https://www.farmacity.com/shampoo-elvive-glycolic-cristal-x-750-ml/p,False
420,Farmacity,248550,248550,Shampoo Elvive Glycolic Cristal x 200 ml,Elvive,4494.0,7490.0,True,200.0,22.47,> Cuidado Capilar > Shampoo Y Acondicionador >,shampoo,profesional,general,https://www.farmacity.com/shampoo-elvive-glycolic-cristal-x-200-ml/p,False
421,Farmacity,246051,246051,Shampoo Vichy Dercos Energy Anticaída Repuesto x 400 ml,Vichy,76668.0,76668.0,True,400.0,191.67,> Dermocosmética > Pelo > Shampoos y Acondicionadores >,shampoo,estandar,general,https://www.farmacity.com/shampoo-vichy-dercos-energy-anticaida-repuesto-x-400-ml/p,False
422,Farmacity,246050,246050,Shampoo Vichy Dercos Anticaspa Cabello Graso Repuesto x 390 ml Shampoo Vichy Dercos Anticaspa Repuesto x 390 ml,Vichy,76668.0,76668.0,True,390.0,196.5846,> Dermocosmética > Pelo > Shampoos y Acondicionadores >,shampoo,estandar,anticaspa,https://www.farmacity.com/shampoo-vichy-dercos-anticaspa-cabello-graso-repuesto-x-390-ml/p,False
423,Farmacity,244691,244691,Shampoo Elvive Dream Liso x 200 ml,Elvive,7490.0,7490.0,True,200.0,37.45,> Cuidado Capilar > Shampoo Y Acondicionador >,shampoo,profesional,general,https://www.farmacity.com/shampoo-elvive-dream-liso-x-200-ml/p,False
424,Farmacity,244036,244036,Shampoo Tio Nacho Control Caspa x 415 ml,Tío Nacho,11750.0,11750.0,True,415.0,28.3133,> Cuidado Capilar > Shampoo Y Acondicionador >,shampoo,estandar,anticaspa,https://www.farmacity.com/shampoo-tio-nacho-control-caspa-x-415-ml/p,False
425,Farmacity,241360,241360,Shampoo Head & Shoulders Anti Comezón x 180 ml,Head And Shoulders,4701.0,7233.0,True,180.0,26.1167,> Cuidado Capilar > Shampoo Y Acondicionador >,shampoo,estandar,general,https://www.farmacity.com/shampoo-head-shoulders-anti-comezon-x-180-ml/p,False
426,Farmacity,241016,241016,Shampoo Cabello Claro Baby Dove Humectación pH Neutro x 200 ml,Dove,7011.0,7011.0,True,200.0,35.055,> Bebés > Higiene del Bebé > Baño Del Bebé >,shampoo,estandar,general,https://www.farmacity.com/shampoo-dove-baby-cabello-claro-x-200-ml/p,False
427,Farmacity,239942,239942,Shampoo Pantene Keratina x 200 ml,Pantene,3807.0,6345.0,True,200.0,19.035,> Cuidado Capilar > Shampoo Y Acondicionador >,shampoo,estandar,tratado,https://www.farmacity.com/shampoo-pantene-keratina-x-200-ml/p,False
428,Farmacity,228549,228549,Shampoo Biferdil P+T para la Caspa y Caída x 300 ml,Biferdil,12805.0,19700.0,True,300.0,42.6833,> Cuidado Capilar > Shampoo Y Acondicionador >,shampoo,estandar,anticaspa,https://www.farmacity.com/shampoo-biferdil-pt-para-la-caspa-y-caida-x-300-ml/p,False
429,Farmacity,221680,221680,Shampoo Elvive Hidra Hialuronico x 750 ml,Elvive,17990.0,17990.0,True,750.0,23.9867,> Cuidado Capilar > Shampoo Y Acondicionador >,shampoo,profesional,general,https://www.farmacity.com/shampoo-elvive-hidra-hialuronico-x-750-ml/p,False
430,Farmacity,7713,151684,Shampoo Vichy Dercos Anti-Caspa para Cabello Seco x 200 ml,Vichy,53488.0,53488.0,True,200.0,267.44,> Dermocosmética > Pelo > Shampoos y Acondicionadores >,shampoo,estandar,anticaspa,https://www.farmacity.com/shampoo-anticaspa-para-cabello-seco-dercos-x-200-ml/p,False
431,Farmacity,4060,138760,Shampoo 2 en 1 Anticaspa Clear Limpieza Diaria x 400 ml,Clear,10412.0,10412.0,True,400.0,26.03,> Cuidado Capilar > Shampoo Y Acondicionador >,shampoo,estandar,anticaspa,https://www.farmacity.com/shampoo-clear-anticaspa-dual-effect-x-400-ml/p,False
432,Farmacity,1282,17972,Shampoo Biferdil pH Neutro con Algas Marinas x 400 ml,Biferdil,12204.0,12204.0,True,400.0,30.51,> Cuidado Capilar > Shampoo Y Acondicionador >,shampoo,estandar,general,https://www.farmacity.com/shampoo-ph-neutro-con-algas-marinas-x-400-ml/p,False
433,Farmacity,1216,136328,Shampoo Vichy Dercos Anticaspa Sensible x 200 ml,Vichy,53488.0,53488.0,True,200.0,267.44,> Dermocosmética > Pelo > Shampoos y Acondicionadores >,shampoo,estandar,anticaspa,https://www.farmacity.com/shampoo-anticaspa-para-el-cuero-cabelludo-sensible-dercos-x-200-ml/p,False
434,Farmacity,1109,23598,Shampoo Capilatis Control Caída con Ortiga x 410 ml,Capilatis,11300.0,11300.0,True,410.0,27.561,> Cuidado Capilar > Shampoo Y Acondicionador >,shampoo,estandar,general,https://www.farmacity.com/shampoo-control-caida-con-concentrado-puro-de-ortiga-x-410-ml/p,False
435,Farmacity,860,23711,Shampoo Capilatis Equilibrante Purificante x 410 ml,Capilatis,9700.0,9700.0,True,410.0,23.6585,> Cuidado Capilar > Shampoo Y Acondicionador >,shampoo,estandar,general,https://www.farmacity.com/shampoo-equilibrante-purificante-x-410-ml/p,False
436,Farmacity,248784,248784,Shampoo Vichy Dercos Collagen 17 Anti-Quiebre x 200 ml,Vichy,59423.0,59423.0,True,200.0,297.115,> Dermocosmética > Pelo > Shampoos y Acondicionadores >,shampoo,estandar,general,https://www.farmacity.com/shampoo-dercos-ultra-reparacion-x-200-ml/p,False
437,Farmacity,243914,243914,Shampoo Fructis Probióticos Fuerza x 350 ml,Fructis,7990.0,7990.0,True,350.0,22.8286,> Cuidado Capilar > Shampoo Y Acondicionador >,shampoo,profesional,general,https://www.farmacity.com/shampoo-fructis-probioticos-fuerza-x-350-ml/p,False
438,Farmacity,241007,241007,Shampoo Dove Bond Repair + Péptido x 200 ml,Dove,6418.0,6418.0,True,200.0,32.09,> Cuidado Capilar > Shampoo Y Acondicionador >,shampoo,profesional,general,https://www.farmacity.com/shampoo-dove-bond-intense-repair-x-200-ml/p,False
439,Farmacity,238881,238881,Shampoo Pantene Pro-V Miracles Liso Infinito x 750 ml,Pantene,16733.0,16733.0,True,750.0,22.3107,> Cuidado Capilar > Shampoo Y Acondicionador >,shampoo,profesional,general,https://www.farmacity.com/shampoo-pantene-pro-v-miracles-liso-infinito-x-750-ml/p,False
440,Farmacity,235937,235937,Shampoo Garnier Fructis Hydra Liss x 200 ml,Fructis,5490.0,5490.0,True,200.0,27.45,> Cuidado Capilar > Shampoo Y Acondicionador >,shampoo,estandar,general,https://www.farmacity.com/shampoo-fructis-hydra-liss-x-200-ml/p,False
441,Farmacity,235662,235662,Shampoo Pantene Pro-V Miracles Equilibrio Raíz & Puntas 200 ml,Pantene,3807.0,6345.0,True,200.0,19.035,> Cuidado Capilar > Shampoo Y Acondicionador >,shampoo,profesional,general,https://www.farmacity.com/shampoo-pantene-pro-v-miracles-equilibrio-x-200-ml/p,False
442,Farmacity,234281,234281,Shampoo Pantene Pro-V Miracles Fortalecedor 200 ml,Pantene,3807.0,6345.0,True,200.0,19.035,> Cuidado Capilar > Shampoo Y Acondicionador >,shampoo,profesional,general,https://www.farmacity.com/shampoo-pantene-pro-v-miracles-hidrata-y-fortalece-x-200-ml/p,False
443,Farmacity,228565,228565,Shampoo Capilatis Anti Caspa x 260 ml,Capilatis,15700.0,15700.0,True,260.0,60.3846,> Cuidado Capilar > Shampoo Y Acondicionador >,shampoo,estandar,anticaspa,https://www.farmacity.com/shampoo-anti-caspa-capilatis/p,False
444,Farmacity,208715,208715,Shampoo Capilatis con Aloe Vera Puro x 420 ml,Capilatis,11000.0,11000.0,True,420.0,26.1905,> Cuidado Capilar > Shampoo Y Acondicionador >,shampoo,estandar,general,https://www.farmacity.com/shampoo-capilatis-con-aloe-vera-puro-x-420-ml/p,False
445,Farmacity,206035,206035,Shampoo Head & Shoulders 3en1 para Hombres x 180 ml,Head And Shoulders,4701.0,7233.0,True,180.0,26.1167,> Cuidado Capilar > Shampoo Y Acondicionador >,shampoo,estandar,general,https://www.farmacity.com/shampoo-head-shoulders-3en1-para-hombres-180ml/p,False
446,Farmacity,163843,163843,Shampoo Fructis Recarga Nutritiva x 350 ml,Fructis,7990.0,7990.0,True,350.0,22.8286,> Cuidado Capilar > Shampoo Y Acondicionador >,shampoo,estandar,general,https://www.farmacity.com/shampoo-fructis-recarga-nutritiva-x-350-ml/p,False
447,Farmacity,17964,17964,Shampoo Estimulante Biferdil Control Caída x 400 ml,Biferdil,12636.0,12636.0,True,400.0,31.59,> Cuidado Capilar > Shampoo Y Acondicionador >,shampoo,estandar,general,https://www.farmacity.com/shampoo-estimulante-biferdil-control-caida-x-400-ml/p,False
448,Farmacity,8875,156318,Shampoo Sedal Rizos Definidos x 340 ml,Sedal,5836.0,5836.0,True,340.0,17.1647,> Cuidado Capilar > Shampoo Y Acondicionador >,shampoo,estandar,rizado,https://www.farmacity.com/shampoo-sedal-rizos-definidos-x-340-ml/p,False
449,Farmacity,4160,139245,Shampoo Elvive Óleo Extraordinario Nutrición x 200 ml,Elvive,6990.0,6990.0,True,200.0,34.95,> Cuidado Capilar > Shampoo Y Acondicionador >,shampoo,profesional,general,https://www.farmacity.com/acondicionador-renutricion-x-200-ml/p,False
450,Farmacity,4114,138602,Shampoo Anticaída Eucerin DermoCapillaire x 250 ml,Eucerin,36297.0,45371.0,True,250.0,145.188,> Dermocosmética > Pelo > Shampoos y Acondicionadores >,shampoo,estandar,general,https://www.farmacity.com/shampoo-dermo-capillare-anticaida-x-250/p,False
451,Farmacity,1298,102068,Shampoo Biferdil Suavidad y Luminosidad x 255 ml,Biferdil,19872.0,19872.0,True,255.0,77.9294,> Cuidado Capilar > Shampoo Y Acondicionador >,shampoo,estandar,general,https://www.farmacity.com/shampoo-suavidad-y-luminosidad-x-255-ml/p,False
452,Farmacity,1276,102383,Shampoo Biferdil pH Neutro con Ceramidas x 400 ml,Biferdil,18792.0,18792.0,True,400.0,46.98,> Cuidado Capilar > Shampoo Y Acondicionador >,shampoo,estandar,general,https://www.farmacity.com/shampoo-ph-neutro-con-ceramidas-x-400-ml/p,False
453,Farmacity,1254,17965,Shampoo Biferdil Gel Control Caída x 400 ml,Biferdil,15660.0,15660.0,True,400.0,39.15,> Cuidado Capilar > Shampoo Y Acondicionador >,shampoo,estandar,general,https://www.farmacity.com/shampoo-gel-control-caida-x-400-ml/p,False
454,Farmacity,1232,23612,Shampoo Capilatis Anticaspa x 260 ml,Capilatis,10802.0,10802.0,True,260.0,41.5462,> Cuidado Capilar > Shampoo Y Acondicionador >,shampoo,estandar,anticaspa,https://www.farmacity.com/shampoo-anticaspa-x-260-ml/p,False
455,Farmacity,1196,62499,Shampoo Biferdil Normalizador x 400 ml,Biferdil,14148.0,14148.0,True,400.0,35.37,> Cuidado Capilar > Shampoo Y Acondicionador >,shampoo,estandar,general,https://www.farmacity.com/shampoo-normalizador-x-400-ml/p,False
456,Farmacity,1180,17900,Shampoo Biferdil Fortalecedor y Engrosador x 250 ml,Biferdil,24084.0,24084.0,True,250.0,96.336,> Cuidado Capilar > Shampoo Y Acondicionador >,shampoo,estandar,general,https://www.farmacity.com/shampoo-fortalecedor-y-engrosador-x-250-ml/p,False
457,Farmacity,926,131782,Shampoo Acondicionador Assy Forte x 400 ml,Assy,17354.0,26699.0,True,400.0,43.385,> Farmacia > Pediculosis > Shampoo Y Acondicionador >,acondicionador,estandar,general,https://www.farmacity.com/shampoo-acondicionador-forte-x-400-ml/p,False
458,Farmacity,246854,246854,Shampoo Ogx Rosemary Mint x 385 ml,Ogx,27154.0,27154.0,True,385.0,70.5299,> Cuidado Capilar > Shampoo Y Acondicionador >,shampoo,estandar,general,https://www.farmacity.com/shampoo-ogx-rosemary-mint-x-385-ml/p,False
459,Farmacity,243618,243618,Shampoo Tintura Color Issue Express 5 Min Rojo,Issue,4737.0,4737.0,True,,,> Cuidado Capilar > Coloración Y Oxidantes >,shampoo,estandar,tratado,https://www.farmacity.com/shampoo-tintura-color-issue-express-5-min-rojo/p,False
460,Farmacity,238889,238889,Shampoo Pantene Pro-V Miracles Revitalizacion x 200 ml,Pantene,3807.0,6345.0,True,200.0,19.035,> Cuidado Capilar > Shampoo Y Acondicionador >,shampoo,profesional,general,https://www.farmacity.com/shampoo-pantene-pro-v-miracles-revitalizacion-x-200-ml/p,False
461,Farmacity,232722,232722,Shampoo Capilatis Natural Nutritivo x 420 ml,Capilatis,9700.0,9700.0,True,420.0,23.0952,> Cuidado Capilar > Shampoo Y Acondicionador >,shampoo,estandar,general,https://www.farmacity.com/shampoo-capilatis-natural-nutritivo-x-420-ml/p,False
462,Farmacity,206048,206048,Shampoo Head & Shoulders Old Spice para Hombres x 180 ml,Head And Shoulders,4701.0,7233.0,True,180.0,26.1167,> Cuidado Capilar > Shampoo Y Acondicionador >,shampoo,estandar,general,https://www.farmacity.com/shampoo-head-shoulders-old-spice-para-hombres-x-180-ml/p,False
463,Farmacity,8853,156316,Shampoo Sedal Liso Perfecto x 340 ml,Sedal,5836.0,5836.0,True,340.0,17.1647,> Cuidado Capilar > Shampoo Y Acondicionador >,shampoo,estandar,general,https://www.farmacity.com/shampoo-liso-perfecto-x-340-ml/p,False
464,Farmacity,772,128224,Shampoo Acondicionador Assy Forte x 220 ml,Assy,19697.0,19697.0,True,220.0,89.5318,> Farmacia > Pediculosis > Shampoo Y Acondicionador >,acondicionador,estandar,general,https://www.farmacity.com/shampoo-acondicionador-forte-x-220-ml/p,False
465,Farmacity,441,136891,Shampoo para Niños Johnson's Fragancia Prolongada x 200 ml,Johnson's,4540.0,6486.0,True,200.0,22.7,> Bebés > Higiene del Bebé > Baño Del Bebé >,shampoo,estandar,bebe,https://www.farmacity.com/shampoo-para-niños-johnsons-fragancia-prolongada-x-200-ml/p,False
466,Farmacity,248326,248326,Shampoo Ice Professional Repair My Hair x 250 ml,Ice,17500.0,25000.0,True,250.0,70.0,> Cuidado Capilar > Shampoo Y Acondicionador >,shampoo,profesional,general,https://www.farmacity.com/shampoo-ice-repair-my-hair-x-250-ml/p,False
467,Farmacity,238875,238875,Shampoo Pantene Pro-V Miracles Volumen x 200 ml,Pantene,3807.0,6345.0,True,200.0,19.035,> Cuidado Capilar > Shampoo Y Acondicionador >,shampoo,profesional,general,https://www.farmacity.com/shampoo-pantene-pro-v-miracles-volumen-x-200-ml/p,False
468,Farmacity,228279,228279,Shampoo Triatop Regeneración Ketoconazol y Keratina x 165 ml,Triatop,14251.0,14251.0,True,165.0,86.3697,> Cuidado Capilar > Shampoo Y Acondicionador >,shampoo,estandar,tratado,https://www.farmacity.com/shampoo-triatop-regeneracion-ketoconazol-y-keratina-x-165-ml/p,False
469,Farmacity,225538,225538,Shampoo Bagóvit Capilar Brillo Sublime x 350 ml,Bagóvit,9973.0,9973.0,True,350.0,28.4943,> Cuidado Capilar > Shampoo Y Acondicionador >,shampoo,estandar,general,https://www.farmacity.com/shampoo-bagovit-capilar-brillo-sublime-x-350-ml/p,False
470,Farmacity,225277,225277,Shampoo Vichy Dercos Psolution Psoriasis x 200 ml,Vichy,53519.0,53519.0,True,200.0,267.595,> Dermocosmética > Pelo > Shampoos y Acondicionadores >,shampoo,estandar,general,https://www.farmacity.com/shampoo-vichy-dercos-psolution-x-200-ml/p,False
471,Farmacity,215361,215361,Shampoo Panalab Valcatil Complex Reparación x 150 ml,Valcatil,32913.0,32913.0,True,150.0,219.42,> Cuidado Capilar > Shampoo Y Acondicionador >,shampoo,estandar,general,https://www.farmacity.com/shampoo-panalab-valcatil-complex-reparacion-y-proteccion-pelo-danado-x-150-ml/p,False
472,Farmacity,205822,205822,Shampoo Biferdil Anti Amarillo x 295 ml,Biferdil,13068.0,13068.0,True,295.0,44.2983,> Cuidado Capilar > Shampoo Y Acondicionador >,shampoo,estandar,general,https://www.farmacity.com/shampoo-biferdil-anti-amarillo-x-295-ml/p,False
473,Farmacity,204155,200272,Shampoo Vichy Dercos Densificador Densi Solutions x 250 ml,Vichy,59423.0,59423.0,True,250.0,237.692,> Dermocosmética > Pelo > Shampoos y Acondicionadores >,shampoo,estandar,general,https://www.farmacity.com/dercos-densi-solutions-shampoo-densificador/p,False
474,Farmacity,8939,156317,Shampoo Sedal Restauración Instantánea x 340 ml,Sedal,5836.0,5836.0,True,340.0,17.1647,> Cuidado Capilar > Shampoo Y Acondicionador >,shampoo,estandar,general,https://www.farmacity.com/shampoo-sedal-restauracion-instantanea-x-340-ml/p,False
475,Farmacity,8880,156314,Shampoo Sedal Crema Balance Toque Seda x 340 ml,Sedal,5836.0,5836.0,True,340.0,17.1647,> Cuidado Capilar > Shampoo Y Acondicionador >,shampoo,estandar,general,https://www.farmacity.com/shampoo-crema-balance-x-340-ml/p,False
476,Farmacity,5423,144820,Shampoo Biferdil Vegano con Keratina Vegetal x 200 ml,Biferdil,10260.0,10260.0,True,200.0,51.3,> Cuidado Capilar > Shampoo Y Acondicionador >,shampoo,estandar,tratado,https://www.farmacity.com/shampoo-100-vegano-con-keratina-vegetal-x-200-ml/p,False
477,Farmacity,858,23642,Shampoo Capilatis Iluminador x 420 ml,Capilatis,9700.0,9700.0,True,420.0,23.0952,> Cuidado Capilar > Shampoo Y Acondicionador >,shampoo,estandar,general,https://www.farmacity.com/shampoo-iluminador-x-420-ml/p,False
478,Farmacity,250349,250349,Shampoo Elvive Collagen Lifter x 200 ml,Elvive,7490.0,7490.0,True,200.0,37.45,> Cuidado Capilar > Shampoo Y Acondicionador >,shampoo,profesional,general,https://www.farmacity.com/shampoo-elvive-colageno-lifter-x-200-ml/p,False
479,Farmacity,250194,250194,Shampoo La Puissance Extra Cell Plex Paso 1 x 300 ml,La Puissance,35700.0,35700.0,True,300.0,119.0,> Cuidado Capilar > Shampoo Y Acondicionador >,shampoo,estandar,general,https://www.farmacity.com/shampoo-la-puissance-extra-cell-plex-paso-1-x-300-ml/p,False
480,Farmacity,238678,238678,Shampoo Biferdil Kids Azul x 250 ml,Biferdil,12204.0,12204.0,True,250.0,48.816,> Bebés > Higiene del Bebé > Baño Del Bebé >,shampoo,estandar,bebe,https://www.farmacity.com/shampoo-biferdil-kids-azul-x-250-ml/p,False
481,Farmacity,237193,237193,Shampoo La Botica Eco Sólido Infantil con Avena y Caléndula Anmat OK x 60 g,La Botica Eco,11289.0,11289.0,True,60.0,188.15,> Bebés > Higiene del Bebé > Baño Del Bebé >,shampoo,estandar,bebe,https://www.farmacity.com/shampoo-la-botica-eco-solido-infantil-con-avena-y-calendula-anmat-ok-x-60-g/p,False
482,Farmacity,235939,235939,Shampoo Meraki Sólido Nutritivo x 65 g,Meraki,9257.0,13224.0,True,65.0,142.4154,> Cuidado Capilar > Shampoo Y Acondicionador >,shampoo,estandar,general,https://www.farmacity.com/shampoo-meraki-solido-nutritivo-x-65-g/p,False
483,Farmacity,230667,230667,Shampoo Veganis Double Trouble x 400 ml,Veganis,14616.0,14616.0,True,400.0,36.54,> Cuidado Capilar > Shampoo Y Acondicionador >,shampoo,estandar,general,https://www.farmacity.com/shampoo-veganis-double-trouble-x-400-ml/p,False
484,Farmacity,229992,229992,Shampoo Seco Batiste Original x 108 g,Batiste,14364.0,17955.0,True,108.0,133.0,> Cuidado Capilar > Shampoo Y Acondicionador >,shampoo,estandar,seco_danado,https://www.farmacity.com/shampoo-seco-batiste-original-x-200-ml/p,False
485,Farmacity,229988,229988,Shampoo Tío Nacho Aclarante x 200 ml,Tío Nacho,8057.0,8057.0,True,200.0,40.285,> Cuidado Capilar > Shampoo Y Acondicionador >,shampoo,estandar,general,https://www.farmacity.com/shampoo-tio-nacho-aclarante-x-200-ml/p,False
486,Farmacity,228964,228964,Shampoo Solido Ruh Natural Silver x 65 g,Ruh Natural,13508.0,13508.0,True,65.0,207.8154,> Cuidado Capilar > Shampoo Y Acondicionador >,shampoo,estandar,general,https://www.farmacity.com/shampoo-solido-ruh-silver-cabello-graso-x-65-g/p,False
487,Farmacity,228962,228962,Shampoo Solido Ruh Natural Mechanic Orange x 65 g,Ruh Natural,13508.0,13508.0,True,65.0,207.8154,> Cuidado Capilar > Shampoo Y Acondicionador >,shampoo,estandar,general,https://www.farmacity.com/shampoo-solido-ruh-mechanic-orange-cabello-seco-x-65-g/p,False
488,Farmacity,228961,228961,Shampoo Solido Ruh Natural Lavender x 65 g,Ruh Natural,13508.0,13508.0,True,65.0,207.8154,> Cuidado Capilar > Shampoo Y Acondicionador >,shampoo,estandar,general,https://www.farmacity.com/shampoo-solido-ruh-lavender-cabello-tenido-x-65-g/p,False
489,Farmacity,224526,224526,Shampoo Anticaída Klorane x 400 ml,Klorane,36750.0,52500.0,True,400.0,91.875,> Dermocosmética > Pelo > Shampoos y Acondicionadores >,shampoo,estandar,general,https://www.farmacity.com/shampoo-klorane-quinina-x-400-ml/p,False
490,Farmacity,219382,219382,Shampoo Alta Moda Acqua Shine x 300 ml,Alta Moda,4301.0,8602.0,True,300.0,14.3367,> Cuidado Capilar > Shampoo Y Acondicionador >,shampoo,estandar,general,https://www.farmacity.com/shampoo-alta-moda-e-vegano-x-300-ml/p,False
491,Farmacity,216506,216506,Shampoo para Niños Johnson's Hidratación Intensa x 200 ml,Johnson's,3825.0,5465.0,True,200.0,19.125,> Bebés > Higiene del Bebé > Baño Del Bebé >,shampoo,estandar,seco_danado,https://www.farmacity.com/shampoo-johnsons-baby-hidratacion-intensa-x-200-ml/p,False
492,Farmacity,147258,147258,Shampoo Elvive Oleo Extraordinario Coco x 200 ml,Elvive,3495.0,6990.0,True,200.0,17.475,> Cuidado Capilar > Shampoo Y Acondicionador >,shampoo,profesional,general,https://www.farmacity.com/shampoo-elvive-oleo-coco-x-200-ml/p,False
493,Farmacity,111829,111829,Shampoo Micopirox Ciclopiroxolamina x 100 ml,Lersan,27000.0,27000.0,True,100.0,270.0,> Venta Bajo Receta > Dermatológico >,shampoo,estandar,general,https://www.farmacity.com/shampoo-micopirox-ciclopiroxolamina-x-100-ml/p,False
494,Farmacity,43396,43396,Shampoo Amenite Plus Colágeno + Asoc. x 100 g,Amenite,32375.0,32375.0,True,100.0,323.75,> Venta Bajo Receta > Dermatológico >,shampoo,estandar,general,https://www.farmacity.com/shampoo-amenite-plus-colageno-asoc-x-100-g/p,False
495,Farmacity,34420,34420,Shampoo Cistina B6 Cistina + Asoc. x 150 ml,Savant Consumer,26781.0,26781.0,True,150.0,178.54,> Venta Bajo Receta > Dermatológico >,shampoo,estandar,general,https://www.farmacity.com/shampoo-cistina-b6-cistina-asoc-x-150-ml/p,False
496,Farmacity,16820,163824,Shampoo Fructis Recarga Nutritiva x 200 ml,Fructis,5490.0,5490.0,True,200.0,27.45,> Cuidado Capilar > Shampoo Y Acondicionador >,shampoo,estandar,general,https://www.farmacity.com/shampoo-fructis-recarga-nutritiva-x200ml/p,False
497,Farmacity,10077,160428,Shampoo Capilatis Ácido Hialuronico x 350 ml,Capilatis,13000.0,13000.0,True,350.0,37.1429,> Cuidado Capilar > Shampoo Y Acondicionador >,shampoo,estandar,general,https://www.farmacity.com/shampoo-acido-hialuronico-x-350ml/p,False
498,Farmacity,248876,248876,Shampoo Tio Nacho Keratina Vegetal x 415 ml,Tío Nacho,11750.0,11750.0,True,415.0,28.3133,> Cuidado Capilar > Shampoo Y Acondicionador >,shampoo,estandar,tratado,https://www.farmacity.com/shampoo-tio-nacho-keratina-vegetal-x-415-ml/p,False
499,Farmacity,241361,241361,Shampoo Control Caspa Head & Shoulders Anti-Comezón x 375 ml,Head And Shoulders,7895.0,12146.0,True,375.0,21.0533,> Cuidado Capilar > Shampoo Y Acondicionador >,shampoo,estandar,anticaspa,https://www.farmacity.com/shampoo-head-shoulders-anti-comezon-x-375-ml/p,False
500,Farmacity,240012,240012,Shampoo Elvive Glycolic Gloss x 400 ml,Elvive,7494.0,12490.0,True,400.0,18.735,> Cuidado Capilar > Shampoo Y Acondicionador >,shampoo,profesional,general,https://www.farmacity.com/shampoo-elvive-glyco-gloss-x-400-ml/p,False
501,Farmacity,229978,229978,Shampoo Tío Nacho Herbolaria Milenaria x 415 ml,Tío Nacho,11750.0,11750.0,True,415.0,28.3133,> Cuidado Capilar > Shampoo Y Acondicionador >,shampoo,estandar,general,https://www.farmacity.com/shampoo-tio-nacho-herbolaria-milenaria-x-415-ml/p,False
502,Farmacity,225542,225542,Shampoo Bagóvit Reparación Intensiva x 350 ml,Bagóvit,8984.0,8984.0,True,350.0,25.6686,> Cuidado Capilar > Shampoo Y Acondicionador >,shampoo,estandar,general,https://www.farmacity.com/shampoo-bagovit-reparacion-intensiva-x-350-ml/p,False
503,Farmacity,248754,248754,Shampoo Biferdil Óleo de Argan Nutrición Intensa x 100 ml,Biferdil,9612.0,9612.0,True,100.0,96.12,> Cuidado Capilar > Shampoo Y Acondicionador >,shampoo,estandar,general,https://www.farmacity.com/shampoo-biferdil-oleo-de-argan-minitalla-x-100-ml/p,False
504,Farmacity,245461,245461,Shampoo Garnier Fructis Hair Food Ananá x 300 ml,Fructis,7273.0,11190.0,True,300.0,24.2433,> Cuidado Capilar > Shampoo Y Acondicionador >,shampoo,estandar,general,https://www.farmacity.com/shampoo-garnier-fructis-hair-food-anana-x-300-ml/p,False
505,Farmacity,243705,243705,Shampoo Head & Shoulders Anti Resequedad x 375 ml,Head And Shoulders,7895.0,12146.0,True,375.0,21.0533,> Cuidado Capilar > Shampoo Y Acondicionador >,shampoo,estandar,general,https://www.farmacity.com/shampoo-head-shoulders-anti-resequedad-x-375-ml/p,False
506,Farmacity,238882,238882,Shampoo Pantene Pro-V Miracles Liso Infinito x 400 ml,Pantene,6137.0,10228.0,True,400.0,15.3425,> Cuidado Capilar > Shampoo Y Acondicionador >,shampoo,profesional,general,https://www.farmacity.com/shampoo-pantene-pro-v-miracles-liso-infinito-x-400-ml/p,False
507,Farmacity,235655,235655,Shampoo Pantene Pro-V Miracles Detox Limpia - Purifica 200 ml,Pantene,3807.0,6345.0,True,200.0,19.035,> Cuidado Capilar > Shampoo Y Acondicionador >,shampoo,profesional,general,https://www.farmacity.com/shampoo-pantene-pro-v-miracles-detox-x-200-ml/p,False
508,Farmacity,230614,230614,Shampoo Dosificador Tresemmé Detox Capilar x 500 ml,Tresemmé,6574.0,10114.0,True,500.0,13.148,> Cuidado Capilar > Shampoo Y Acondicionador >,shampoo,estandar,general,https://www.farmacity.com/shampoo-dosificador-tresemme-detox-capilar-x-500-ml/p,False
509,Farmacity,230613,230613,Shampoo Dosificador Tresemmé Liso Efecto Botox x 500 ml,Tresemmé,6574.0,10114.0,True,500.0,13.148,> Cuidado Capilar > Shampoo Y Acondicionador >,shampoo,estandar,general,https://www.farmacity.com/shampoo-dosificador-tresemme-liso-efecto-botox-x-500-ml/p,False
510,Farmacity,206049,206049,Shampoo Head & Shoulders Men con Old Spice x 375 ml,Head And Shoulders,7895.0,12146.0,True,375.0,21.0533,> Cuidado Capilar > Shampoo Y Acondicionador >,shampoo,estandar,general,https://www.farmacity.com/shampoo-head-shoulders-old-spice-para-hombres-x-375-ml/p,False
511,Farmacity,206045,206045,Shampoo Head & Shoulders Manzana Fresh x 375 ml,Head And Shoulders,7895.0,12146.0,True,375.0,21.0533,> Cuidado Capilar > Shampoo Y Acondicionador >,shampoo,estandar,general,https://www.farmacity.com/shampoo-head-shoulders-manzana-fresh-375ml/p,False
512,Farmacity,4190,139236,Shampoo Elvive Reparación Total 5 x 400 ml,Elvive,6714.0,11190.0,True,400.0,16.785,> Cuidado Capilar > Shampoo Y Acondicionador >,shampoo,profesional,general,https://www.farmacity.com/shampoo-reparacion-total-5-x-400-ml-139236/p,False
513,Farmacity,4133,139235,Shampoo Elvive Reparación Total 5 Keratin x 200 ml,Elvive,6990.0,6990.0,True,200.0,34.95,> Cuidado Capilar > Shampoo Y Acondicionador >,shampoo,profesional,general,https://www.farmacity.com/reparacion-total-5-shampoo-x-200-ml/p,False
514,Farmacity,249370,249370,Shampoo Alta Moda Keratin Impact x 300 ml,Alta Moda,5692.0,5692.0,True,300.0,18.9733,> Cuidado Capilar > Shampoo Y Acondicionador >,shampoo,estandar,general,https://www.farmacity.com/shampoo-alta-moda-keratin-impact-x-300-ml/p,False
515,Farmacity,246641,246641,Shampoo Herbal Essences Rosa Mosqueta x 400 ml,Herbal Essences,10574.0,16267.0,True,400.0,26.435,> Cuidado Capilar > Shampoo Y Acondicionador >,shampoo,estandar,general,https://www.farmacity.com/shampoo-herbal-essences-rosa-mosqueta-x-400-ml/p,False
516,Farmacity,246640,246640,Shampoo Herbal Essences Shine x 400 ml,Herbal Essences,10574.0,16267.0,True,400.0,26.435,> Cuidado Capilar > Shampoo Y Acondicionador >,shampoo,estandar,general,https://www.farmacity.com/shampoo-herbal-essences-shine-x-400-ml/p,False
517,Farmacity,244695,244695,Shampoo Elvive Dream Liso x 750 ml,Elvive,19990.0,19990.0,True,750.0,26.6533,> Cuidado Capilar > Shampoo Y Acondicionador >,shampoo,profesional,general,https://www.farmacity.com/shampoo-elvive-dream-liso-x-750-ml/p,False
518,Farmacity,239566,239566,Shampoo Farmacity Bebé Avena x 200 ml,Farmacity,5400.0,5400.0,True,200.0,27.0,> Bebés > Higiene del Bebé > Baño Del Bebé >,shampoo,estandar,bebe,https://www.farmacity.com/shampoo-farmacity-bebe-avena-x-200-ml/p,False
519,Farmacity,237326,237326,Shampoo TRESemmé Brillo Lamelar P x 500 ml,Tresemmé,6574.0,10114.0,True,500.0,13.148,> Cuidado Capilar > Shampoo Y Acondicionador >,shampoo,estandar,general,https://www.farmacity.com/shampoo-tresemme-brillo-lamelar-p-x-500-ml/p,False
520,Farmacity,234383,234383,Shampoo Elvive Hialurónico Pure x 200 ml,Elvive,6990.0,6990.0,True,200.0,34.95,> Cuidado Capilar > Shampoo Y Acondicionador >,shampoo,profesional,general,https://www.farmacity.com/shampoo-elvive-hialuronico-pure-x-200-ml/p,False
521,Farmacity,234283,234283,Shampoo Pantene Pro-V Miracles Fortalecedor x 750 ml,Pantene,10040.0,16733.0,True,750.0,13.3867,> Cuidado Capilar > Shampoo Y Acondicionador >,shampoo,profesional,general,https://www.farmacity.com/shampoo-pantene-pro-v-miracles-hidrata-y-fortalece-x-750-ml/p,False
522,Farmacity,218819,218819,Shampoo Pantene Bambú Nutre y Crece x 400 ml,Pantene,6137.0,10228.0,True,400.0,15.3425,> Cuidado Capilar > Shampoo Y Acondicionador >,shampoo,estandar,general,https://www.farmacity.com/shampoo-pantene-bambu-nutre-y-crece-x-400-ml/p,False
523,Farmacity,208132,208132,Shampoo Elvive Dream Long x 200 ml,Elvive,4194.0,6990.0,True,200.0,20.97,> Cuidado Capilar > Shampoo Y Acondicionador >,shampoo,profesional,general,https://www.farmacity.com/shampoo-dream-long-elvive-loreal-paris-x-200-ml/p,False
524,Farmacity,204161,200359,Shampoo Herbal Essences Argan Oil Of Morocco x 400 ml,Herbal Essences,10574.0,16267.0,True,400.0,26.435,> Cuidado Capilar > Shampoo Y Acondicionador >,shampoo,estandar,general,https://www.farmacity.com/shampoo-herbal-renew-reparacion-argan-oil-x-400ml/p,False
525,Farmacity,9120,219373,Shampoo Alta Moda Super Oils x 300 ml,Alta Moda,5692.0,5692.0,True,300.0,18.9733,> Cuidado Capilar > Shampoo Y Acondicionador >,shampoo,estandar,general,https://www.farmacity.com/shampoo-alta-moda-argan-therapy-x-300/p,False
526,Farmacity,4865,142448,Shampoo Dove Men 2 en 1 Fuerza Resistente x 400 ml,Dove,7266.0,9688.0,True,400.0,18.165,> Cuidado Capilar > Shampoo Y Acondicionador >,shampoo,estandar,general,https://www.farmacity.com/shampoo-dove-men-fuerza-extrema-botella-x-400-ml/p,False
527,Farmacity,4356,139287,Shampoo para Bebé Johnson's Cabello Claro x 400 ml,Johnson's,8331.0,11902.0,True,400.0,20.8275,> Bebés > Higiene del Bebé > Baño Del Bebé >,shampoo,estandar,bebe,https://www.farmacity.com/shampoo-con-manzanilla-natural-cabello-claro-x-400-ml/p,False
528,Farmacity,1134,23600,Shampoo Capilatis Control Caída Pelo Graso con Ortiga y Salvia x 410 ml,Capilatis,9700.0,9700.0,True,410.0,23.6585,> Cuidado Capilar > Shampoo Y Acondicionador >,shampoo,estandar,graso,https://www.farmacity.com/shampoo-control-caida-pelo-graso-con-ortiga-y-salvia-x-410-ml/p,False
529,Farmacity,244543,244543,Shampoo Reparador Pantene Pro-V Miracles Keratina Repara y Protege x 510 ml,Pantene,10285.0,17142.0,True,510.0,20.1667,> Cuidado Capilar > Shampoo Y Acondicionador >,shampoo,profesional,tratado,https://www.farmacity.com/shampoo-pantene-keratina-x-510-ml/p,False
530,Farmacity,243913,243913,Shampoo Fructis Probióticos Fuerza x 200 ml,Fructis,5490.0,5490.0,True,200.0,27.45,> Cuidado Capilar > Shampoo Y Acondicionador >,shampoo,profesional,general,https://www.farmacity.com/shampoo-fructis-probioticos-fuerza-x-200-ml/p,False
531,Farmacity,240011,240011,Shampoo Elvive Glycolic Gloss x 200 ml,Elvive,7490.0,7490.0,True,200.0,37.45,> Cuidado Capilar > Shampoo Y Acondicionador >,shampoo,profesional,general,https://www.farmacity.com/shampoo-elvive-glyco-gloss-x-200-ml/p,False
532,Farmacity,239425,239425,Shampoo Tío Nacho Henna Egipcia Efecto Anti Canas x 415 ml,Tío Nacho,8225.0,11750.0,True,415.0,19.8193,> Cuidado Capilar > Shampoo Y Acondicionador >,shampoo,estandar,general,https://www.farmacity.com/shampoo-tio-nacho-anticanas-x-415-ml/p,False
533,Farmacity,238888,238888,Shampoo Pantene Revitalización Pro-V Miracles x 400 ml,Pantene,6137.0,10228.0,True,400.0,15.3425,> Cuidado Capilar > Shampoo Y Acondicionador >,shampoo,profesional,general,https://www.farmacity.com/shampoo-pantene-pro-v-miracles-revitalizacion-x-400-ml/p,False
534,Farmacity,235936,235936,Shampoo Fructis Hydra Liss x 350 ml,Fructis,7990.0,7990.0,True,350.0,22.8286,> Cuidado Capilar > Shampoo Y Acondicionador >,shampoo,estandar,general,https://www.farmacity.com/shampoo-fructis-hydra-liss-x-350-ml/p,False
535,Farmacity,232639,232639,Shampoo Head & Shoulders Limpieza y Revitalización x 180 ml,Head And Shoulders,4701.0,7233.0,True,180.0,26.1167,> Cuidado Capilar > Shampoo Y Acondicionador >,shampoo,estandar,general,https://www.farmacity.com/shampoo-head-y-shoulders-limpieza-y-revitalizacion-x-180-ml/p,False
536,Farmacity,229982,229982,Shampoo Tío Nacho Aclarante x 415 ml,Tío Nacho,8225.0,11750.0,True,415.0,19.8193,> Cuidado Capilar > Shampoo Y Acondicionador >,shampoo,estandar,general,https://www.farmacity.com/shampoo-tio-nacho-aclarante-x-415-ml/p,False
537,Farmacity,247127,247127,Shampoo Pantene Pro-V Restauración x 200 ml,Pantene,6345.0,6345.0,True,200.0,31.725,> Cuidado Capilar > Shampoo Y Acondicionador >,shampoo,profesional,general,https://www.farmacity.com/shampoo-pantene-pro-v-restauracion-x-200-ml/p,False
538,Farmacity,245730,245730,Shampoo Seco Batiste Tropical x 200 ml,Batiste,14364.0,17955.0,True,200.0,71.82,> Cuidado Capilar > Shampoo Y Acondicionador >,shampoo,estandar,seco_danado,https://www.farmacity.com/shampoo-seco-batiste-tropical-x-200-ml/p,False
539,Farmacity,244970,244970,Shampoo Capilatis Ortiga Mujer x 350 ml,Capilatis,13000.0,13000.0,True,350.0,37.1429,> Cuidado Capilar > Shampoo Y Acondicionador >,shampoo,estandar,general,https://www.farmacity.com/shampoo-ortiga-capilatis-mujer-x-350-ml/p,False
540,Farmacity,244530,244530,Shampoo Huggies Hora de Soñar Manzanilla x 200 ml,Huggies,5814.0,5814.0,True,200.0,29.07,> Bebés > Higiene del Bebé > Baño Del Bebé >,shampoo,estandar,general,https://www.farmacity.com/shampoo-huggies-hora-de-sonar-x-200-ml/p,False
541,Farmacity,243570,243570,Shampoo Capilatis Ácido Glicólico x 350 ml,Capilatis,13000.0,13000.0,True,350.0,37.1429,> Cuidado Capilar > Shampoo Y Acondicionador >,shampoo,estandar,general,https://www.farmacity.com/shampoo-capilatis-acido-glicolico-x-350-ml/p,False
542,Farmacity,240413,240413,Shampoo Piroctol AS Octopirox + Asoc. x 150 ml,Valuge,38359.0,38359.0,True,150.0,255.7267,> Venta Bajo Receta > Dermatológico >,shampoo,estandar,general,https://www.farmacity.com/shampoo-piroctol-as-octopirox-asoc-x-150-ml/p,False
543,Farmacity,239455,239455,Shampoo Seco Batiste Rose Gold x 108 g,Batiste,14364.0,17955.0,True,108.0,133.0,> Cuidado Capilar > Shampoo Y Acondicionador >,shampoo,estandar,seco_danado,https://www.farmacity.com/shampoo-seco-batiste-rose-gold-x-108-g/p,False
544,Farmacity,238677,238677,Shampoo Biferdil Kids Rojo x 250 ml,Biferdil,12204.0,12204.0,True,250.0,48.816,> Bebés > Higiene del Bebé > Baño Del Bebé >,shampoo,estandar,bebe,https://www.farmacity.com/shampoo-biferdil-kids-rojo-x-250-ml/p,False
545,Farmacity,237880,237880,Shampoo Capilatis Ortiga Concentrado Seco x 420 ml,Capilatis,10800.0,10800.0,True,420.0,25.7143,> Cuidado Capilar > Shampoo Y Acondicionador >,shampoo,estandar,seco_danado,https://www.farmacity.com/shampoo-capilatis-ortiga-concentrado-seco-x-420-ml/p,False
546,Farmacity,237327,237327,Shampoo TRESemmé Brillo Lamelar x 250 ml,Tresemmé,6091.0,6091.0,True,250.0,24.364,> Cuidado Capilar > Shampoo Y Acondicionador >,shampoo,estandar,general,https://www.farmacity.com/shampoo-tresemme-brillo-lamelar-x-250-ml/p,False
547,Farmacity,237188,237188,Shampoo Vichy Dercos Anti-Caspa x 2 un x 200 ml c/u,Vichy,106976.0,106976.0,True,200.0,534.88,> Dermocosmética > Pelo > Shampoos y Acondicionadores >,shampoo,estandar,anticaspa,https://www.farmacity.com/shampoo-vichy-dercos-anti-caspa-x-2-un-x-200-ml-c-u/p,False
548,Farmacity,233212,233212,Shampoo Anticaída Ecohair x 450 ml,Garre Guevara,40000.0,40000.0,True,450.0,88.8889,> Venta Bajo Receta > Sistema Digestivo y Metabolismo >,shampoo,estandar,general,https://www.farmacity.com/shampoo-anticaida-ecohair-x-450-ml/p,False
549,Farmacity,231532,231532,Shampoo Tio Nacho Aloe Vera V2 x 415 ml,Tío Nacho,4973.0,9947.0,True,415.0,11.9831,> Cuidado Capilar > Shampoo Y Acondicionador >,shampoo,estandar,general,https://www.farmacity.com/shampoo-tio-nacho-aloe-vera-x-415-ml/p,False
550,Farmacity,229636,229636,Shampoo Dove Real Fuerza + Bambú x 300 ml,Dove,3437.0,6874.0,True,300.0,11.4567,> Cuidado Capilar > Shampoo Y Acondicionador >,shampoo,estandar,general,https://www.farmacity.com/shampoo-dove-plant-power-fuerza-bambu-x-300-ml/p,False
551,Farmacity,228963,228963,Shampoo Solido Ruh Natual Off White x 65 g,Ruh Natural,13508.0,13508.0,True,65.0,207.8154,> Cuidado Capilar > Shampoo Y Acondicionador >,shampoo,estandar,general,https://www.farmacity.com/shampoo-solido-ruh-off-white-cabello-normal-x-65-g/p,False
552,Farmacity,226184,226184,Shampoo Valcatil Aminoácidos + Asoc. Pomo x 150 ml,Panalab,24670.0,24670.0,True,150.0,164.4667,> Venta Bajo Receta > Dermatológico >,shampoo,estandar,general,https://www.farmacity.com/shampoo-valcatil-aminoacidos-asoc-pomo-x-150-ml/p,False
553,Farmacity,226017,226017,Shampoo Valcatil Metionina + Cistina Pomo x 300 ml,Panalab,41507.0,41507.0,True,300.0,138.3567,> Venta Bajo Receta > Dermatológico >,shampoo,estandar,general,https://www.farmacity.com/shampoo-valcatil-metionina-cistina-pomo-x-300-ml/p,False
554,Farmacity,214554,214554,Shampoo Vichy Dercos Kera Solutions Rejuvenecedor x 250 ml,Vichy,59423.0,59423.0,True,250.0,237.692,> Dermocosmética > Pelo > Shampoos y Acondicionadores >,shampoo,estandar,general,https://www.farmacity.com/shampoo-vichy-dercos-kera-solutions-x-250-ml/p,False
555,Farmacity,204198,204198,Shampoo Ayurvédico Sri Sri Tattva Protéico x 200 ml,Sri Sri Tattva,17140.0,17140.0,True,200.0,85.7,> Cuidado Capilar > Shampoo Y Acondicionador >,shampoo,estandar,general,https://www.farmacity.com/shampoo-ayurvedico-sri-sri-tattva-proteico-fenogreco-garbanzos-y-porotos-mung-x-200-ml/p,False
556,Farmacity,150781,150781,Shampoo Pantene  Pro-V Solutions Hidratación  x 400 ml,Pantene,8083.0,8083.0,True,400.0,20.2075,> Cuidado Capilar > Shampoo Y Acondicionador >,shampoo,profesional,seco_danado,https://www.farmacity.com/shampoo-pantene-max-pro-v-hidratacion-x-400-ml/p,False
557,Farmacity,123819,123819,Shampoo Clob-x Clobetasol 0.05% x 125 ml,Galderma,34212.0,34212.0,True,125.0,273.696,> Venta Bajo Receta > Dermatológico >,shampoo,estandar,general,https://www.farmacity.com/shampoo-clob-x-clobetasol-0-05-x-125-ml/p,False
558,Farmacity,34381,34381,Shampoo Gel Hidrosam Colágeno + Elastina + Asoc. x 250 ml Shampoo Gel Hidrosam Col Geno + Elastina + Asoc. x 250 ml,Andromaco,27598.0,27598.0,True,250.0,110.392,> Venta Bajo Receta > Dermatológico >,shampoo,estandar,general,https://www.farmacity.com/shampoo-gel-hidrosam-colageno-elastina-asoc-x-250-ml/p,False
559,Farmacity,4206,139200,Shampoo Elvive Keraliso Brillo y Sedosidad x 400 ml,Elvive,3994.0,7989.0,True,400.0,9.985,> Cuidado Capilar > Shampoo Y Acondicionador >,shampoo,profesional,general,https://www.farmacity.com/shampoo-kera-liso-brillo-y-suavidad-x-400-ml/p,False
560,Farmacity,1239,111020,Shampoo Biferdil Control Caída Tonificante x 295 ml,Biferdil,9828.0,9828.0,True,295.0,33.3153,> Cuidado Capilar > Shampoo Y Acondicionador >,shampoo,estandar,general,https://www.farmacity.com/shampoo-control-caida-tonificante-x-295-ml/p,False
561,Farmacity,1202,127714,Shampoo Biferdil Brillo y Nutrición x 295 ml,Biferdil,17400.0,17400.0,True,295.0,58.9831,> Cuidado Capilar > Shampoo Y Acondicionador >,shampoo,estandar,general,https://www.farmacity.com/shampoo-brillo-y-nutricion-x-295-ml/p,False
562,Farmacity,1190,134442,Shampoo en Seco Klorane de Avena en Spray x 150 ml,Klorane,40000.0,40000.0,True,150.0,266.6667,> Dermocosmética > Pelo > Shampoos y Acondicionadores >,shampoo,estandar,seco_danado,https://www.farmacity.com/shampoo-seco-en-aerosol-limpia-sin-mojar-x-150-ml/p,False
563,Farmacity,1137,98326,Shampoo Hidratante Klorane Avena x 200 ml,Klorane,29000.0,29000.0,True,200.0,145.0,> Dermocosmética > Pelo > Shampoos y Acondicionadores >,shampoo,estandar,seco_danado,https://www.farmacity.com/shampoo-a-la-leche-de-avena-x-200-ml/p,False
564,Farmacity,228550,228550,Shampoo Biferdil P+T para la Caída x 300 ml,Biferdil,8775.0,13500.0,True,300.0,29.25,> Cuidado Capilar > Shampoo Y Acondicionador >,shampoo,estandar,general,https://www.farmacity.com/shampoo-biferdil-pt-para-la-caida-x-300-ml/p,False
565,Farmacity,221686,221686,Shampoo Head & Shoulders Crece Fuerte desde la Raíz x 375 ml,Head And Shoulders,7895.0,12146.0,True,375.0,21.0533,> Cuidado Capilar > Shampoo Y Acondicionador >,shampoo,estandar,general,https://www.farmacity.com/shampoo-head-y-shoulders-crece-fuerte-desde-la-raiz-x-375-ml/p,False
566,Farmacity,207433,207433,Shampoo Ogx Coconut Milk x 385 ml,Ogx,27154.0,27154.0,True,385.0,70.5299,> Cuidado Capilar > Shampoo Y Acondicionador >,shampoo,estandar,general,https://www.farmacity.com/shampoo-ogx-coconut-milk-x-385-ml/p,False
567,Farmacity,207427,207427,Shampoo Ogx Brazilian Keratin Smooth x 385 ml,Ogx,27154.0,27154.0,True,385.0,70.5299,> Cuidado Capilar > Shampoo Y Acondicionador >,shampoo,estandar,general,https://www.farmacity.com/shampoo-ogx-brazilian-keratin-smooth-x-385-ml/p,False
568,Farmacity,205391,205391,Shampoo Herbal Essences White Grapefruit & Mosa Mint x 400 ml,Herbal Essences,10574.0,16267.0,True,400.0,26.435,> Cuidado Capilar > Shampoo Y Acondicionador >,shampoo,estandar,general,https://www.farmacity.com/shampoo-herbal-essences-bio-renew-riadiant-shine-white-grapefruit-mosa-mint-400ml/p,False
569,Farmacity,161060,161060,Shampoo Aveno Bebes y Niños x 250 ml,Aveno,22618.0,30157.0,True,250.0,90.472,> Bebés > Higiene del Bebé > Baño Del Bebé >,shampoo,estandar,bebe,https://www.farmacity.com/aveno-infantil-shampoo-x-250-ml/p,False
570,Farmacity,9574,158660,Shampoo Elvive Óleo Extraordinario Rizos x 200 ml,Elvive,6990.0,6990.0,True,200.0,34.95,> Cuidado Capilar > Shampoo Y Acondicionador >,shampoo,profesional,rizado,https://www.farmacity.com/shampoo-oleo-extraordinario-rizos-definidos-x-200ml/p,False
571,Farmacity,5351,143505,Shampoo Elvive Reparación Total Extreme x 200 ml,Elvive,6990.0,6990.0,True,200.0,34.95,> Cuidado Capilar > Shampoo Y Acondicionador >,shampoo,profesional,general,https://www.farmacity.com/shampoo-reparacion-total-extreme-x-200-ml/p,False
572,Farmacity,3977,138762,Shampoo Anticaspa Clear Control  Caída x 400 ml,Clear,10412.0,10412.0,True,400.0,26.03,> Cuidado Capilar > Shampoo Y Acondicionador >,shampoo,estandar,anticaspa,https://www.farmacity.com/shampoo-clear-anticaspa-control-caida-x-400-ml/p,False
573,Farmacity,1151,23597,Shampoo Capilatis Engrosador x 410 ml,Capilatis,6750.0,9000.0,True,410.0,16.4634,> Cuidado Capilar > Shampoo Y Acondicionador >,shampoo,estandar,general,https://www.farmacity.com/shampoo-engrosador-x-410-ml/p,False
574,Farmacity,855,7208,Shampoo Vichy Dercos Energy Anti-Caída x 200 ml,Vichy,53488.0,53488.0,True,200.0,267.44,> Dermocosmética > Pelo > Shampoos y Acondicionadores >,shampoo,estandar,general,https://www.farmacity.com/shampoo-dercos-energizante-anticaida-x-200-ml/p,False
575,Farmacity,246059,246059,Shampoo Biferdil Ultra Brillo Minitalla x 100 ml,Biferdil,8748.0,8748.0,True,100.0,87.48,> Cuidado Capilar > Shampoo Y Acondicionador >,shampoo,estandar,general,https://www.farmacity.com/shampoo-biferdil-ultra-brillo-minitalla-x-100-ml/p,False
576,Farmacity,244538,244538,Shampoo Pantene Colageno x 300 ml,Pantene,6032.0,10054.0,True,300.0,20.1067,> Cuidado Capilar > Shampoo Y Acondicionador >,shampoo,estandar,general,https://www.farmacity.com/shampoo-pantene-colageno-x-300-ml/p,False
577,Farmacity,243706,243706,Shampoo Head & Shoulders Anti Resequedad x 180 ml,Head And Shoulders,4701.0,7233.0,True,180.0,26.1167,> Cuidado Capilar > Shampoo Y Acondicionador >,shampoo,estandar,general,https://www.farmacity.com/shampoo-head-shoulders-anti-resequedad-x-180-ml/p,False
578,Farmacity,241570,241570,Shampoo Bagóvit Capilar Plasma Vegetal x 350 ml,Bagóvit,10470.0,10470.0,True,350.0,29.9143,> Cuidado Capilar > Shampoo Y Acondicionador >,shampoo,estandar,general,https://www.farmacity.com/shampoo-bagovit-capilar-plasma-vegetal-x-350-ml/p,False
579,Farmacity,241438,241438,Shampoo Dercos Oil Control x 200 ml,Vichy,53488.0,53488.0,True,200.0,267.44,> Dermocosmética > Pelo > Shampoos y Acondicionadores >,shampoo,estandar,general,https://www.farmacity.com/shampoo-dercos-oil-control-x-200-ml/p,False
580,Farmacity,240911,240911,Shampoo Humectación Baby Dove Enriquecida Sin Lágrimas x 200 ml,Dove,7011.0,7011.0,True,200.0,35.055,> Bebés > Higiene del Bebé > Baño Del Bebé >,shampoo,estandar,general,https://www.farmacity.com/shampoo-dove-baby-humectacion-enriquecida-x-200-ml/p,False
581,Farmacity,240013,240013,Shampoo Elvive Glycolic Gloss x 750 ml,Elvive,19990.0,19990.0,True,750.0,26.6533,> Cuidado Capilar > Shampoo Y Acondicionador >,shampoo,profesional,general,https://www.farmacity.com/shampoo-elvive-glyco-gloss-x-750-ml/p,False
582,Farmacity,238883,238883,Shampoo Pantene Pro-V Miracles Liso Infinito x 200 ml,Pantene,3807.0,6345.0,True,200.0,19.035,> Cuidado Capilar > Shampoo Y Acondicionador >,shampoo,profesional,general,https://www.farmacity.com/shampoo-pantene-pro-v-miracles-liso-infinito-x-200-ml/p,False
583,Farmacity,235977,235977,Shampoo Elvive Reparación Total Extreme x 750 ml,Elvive,17990.0,17990.0,True,750.0,23.9867,> Cuidado Capilar > Shampoo Y Acondicionador >,shampoo,profesional,general,https://www.farmacity.com/shampoo-elvive-reparacion-total-extreme-x-750-ml/p,False
584,Farmacity,225540,225540,Shampoo Bagóvit Nutrición Profunda x 350 ml,Bagóvit,9973.0,9973.0,True,350.0,28.4943,> Cuidado Capilar > Shampoo Y Acondicionador >,shampoo,estandar,general,https://www.farmacity.com/shampoo-bagovit-nutricion-profunda-x-350-ml/p,False
585,Farmacity,223838,223838,Shampoo para Niños Johnson's Fragancia Prolongada x 400 ml,Johnson's,7169.0,10242.0,True,400.0,17.9225,> Bebés > Higiene del Bebé > Baño Del Bebé >,shampoo,estandar,bebe,https://www.farmacity.com/shampoo-johnsons-niños-fragancia-prolongada-x-400-ml/p,False
586,Farmacity,219374,219374,Shampoo Desamarillador Alta Moda Intense Blond x 300 ml,Alta Moda,9008.0,9008.0,True,300.0,30.0267,> Cuidado Capilar > Shampoo Y Acondicionador >,shampoo,estandar,general,https://www.farmacity.com/shampoo-alta-moda-e-desamarillador-x-300-ml/p,False
587,Farmacity,200787,200787,Shampoo Fructis Liso Coco x 350 ml,Fructis,7990.0,7990.0,True,350.0,22.8286,> Cuidado Capilar > Shampoo Y Acondicionador >,shampoo,estandar,general,https://www.farmacity.com/shampoo-fructis-liso-coco-x-350-ml/p,False
588,Farmacity,3866,138759,Shampoo 2 en 1 Anticaspa Clear Limpieza Diaria x 200 ml,Clear,6213.0,6213.0,True,200.0,31.065,> Cuidado Capilar > Shampoo Y Acondicionador >,shampoo,estandar,anticaspa,https://www.farmacity.com/shampoo-clear-anticaspa-dual-effect-botella-x-200-ml/p,False
589,Farmacity,1268,17961,Shampoo Biferdil Equilibrio x 400 ml,Biferdil,12852.0,12852.0,True,400.0,32.13,> Cuidado Capilar > Shampoo Y Acondicionador >,shampoo,estandar,general,https://www.farmacity.com/shampoo-equilibrio-x-400-ml/p,False
590,Farmacity,1243,124705,Shampoo Capilatis Control Caída Engrosador x 410 ml,Capilatis,9700.0,9700.0,True,410.0,23.6585,> Cuidado Capilar > Shampoo Y Acondicionador >,shampoo,estandar,general,https://www.farmacity.com/shampoo-control-caida-engrosador-x-410-ml/p,False
591,Farmacity,1189,17970,Shampoo Biferdi Nutrición y Reparación x 400 ml,Biferdil,12852.0,12852.0,True,400.0,32.13,> Cuidado Capilar > Shampoo Y Acondicionador >,shampoo,estandar,general,https://www.farmacity.com/shampoo-nutricion-y-reparacion-x-400-ml/p,False
592,Farmacity,1103,23605,Shampoo Control Caída con Extracto Vegetal x 410 ml,Capilatis,9700.0,9700.0,True,410.0,23.6585,> Cuidado Capilar > Shampoo Y Acondicionador >,shampoo,estandar,general,https://www.farmacity.com/shampoo-control-caida-con-ortiga-y-extracto-vegetal-x-410-ml/p,False
593,Farmacity,248333,248333,Shampoo Ice Professional Refresh My Scalp x 250 ml,Ice,17500.0,25000.0,True,250.0,70.0,> Cuidado Capilar > Shampoo Y Acondicionador >,shampoo,profesional,general,https://www.farmacity.com/shampoo-ice-professional-refresh-my-scalp-x-250-ml/p,False
594,Farmacity,248330,248330,Shampoo Ice Professional Keep My Blonde x 250 ml,Ice,17500.0,25000.0,True,250.0,70.0,> Cuidado Capilar > Shampoo Y Acondicionador >,shampoo,profesional,general,https://www.farmacity.com/shampoo-ice-professional-keep-my-blonde-x-250-ml/p,False
595,Farmacity,246986,246986,Shampoo Johnson's Kids Fragancia Prolongada Repuesto x 180 ml,Johnson's,3208.0,4583.0,True,180.0,17.8222,> Bebés > Higiene del Bebé > Baño Del Bebé >,shampoo,estandar,bebe,https://www.farmacity.com/shampoo-johnson-kids-frag-prolongada-repuesto-x-180-ml/p,False
596,Farmacity,246985,246985,Shampoo Johnson's Baby Original Repuesto x 180 ml,Johnson's,3636.0,5195.0,True,180.0,20.2,> Bebés > Higiene del Bebé > Baño Del Bebé >,shampoo,estandar,general,https://www.farmacity.com/shampoo-johnson-baby-original-repuesto-x-180-ml/p,False
597,Farmacity,243568,243568,Shampoo Sedal Luminous UV x 340 ml,Sedal,5837.0,5837.0,True,340.0,17.1676,> Cuidado Capilar > Shampoo Y Acondicionador >,shampoo,estandar,general,https://www.farmacity.com/shampoo-sedal-luminous-uv-x-340-ml/p,False
598,Farmacity,208737,208737,Shampoo en Sachet Biferdil Anti Amarillo x 20 ml,Biferdil,1900.0,1900.0,True,20.0,95.0,> Cuidado Capilar > Shampoo Y Acondicionador >,shampoo,estandar,general,https://www.farmacity.com/shampoo-en-sachet-biferdil-anti-amarillo-x-20-ml/p,False
599,Farmacity,200786,200786,Shampoo Garnier Fructis Oil Repair Liso Coco x 200 ml,Fructis,5490.0,5490.0,True,200.0,27.45,> Cuidado Capilar > Shampoo Y Acondicionador >,shampoo,profesional,general,https://www.farmacity.com/shampoo-fructis-liso-coco-x-200-ml/p,False
600,Farmacity,16487,162826,Shampoo Dove Humectación + Coco y Antioxi x 200 ml,Dove,5788.0,5788.0,True,200.0,28.94,> Cuidado Capilar > Shampoo Y Acondicionador >,shampoo,estandar,general,https://www.farmacity.com/sha-dove-ritual-de-reparacion-x-200ml/p,False
601,Farmacity,230004,230004,Shampoo Biferdil Reflejante Plata x 295 ml,Biferdil,17496.0,17496.0,True,295.0,59.3085,> Cuidado Capilar > Shampoo Y Acondicionador >,shampoo,estandar,general,https://www.farmacity.com/shampoo-biferdil-reflejante-plata-x-295-ml/p,False
602,Farmacity,229984,229984,Shampoo Tío Nacho Herbolaria Milenaria x 200 ml,Tío Nacho,8250.0,8250.0,True,200.0,41.25,> Cuidado Capilar > Shampoo Y Acondicionador >,shampoo,estandar,general,https://www.farmacity.com/shampoo-tio-nacho-herbolaria-milenaria-x-200-ml/p,False
603,Farmacity,143575,143575,Shampoo Revitalizante Biferdil Extracto de Oliva x 300 ml,Biferdil,13176.0,13176.0,True,300.0,43.92,> Cuidado Capilar > Shampoo Y Acondicionador >,shampoo,estandar,general,https://www.farmacity.com/shampoo-revitalizante-biferdil-con-extracto-de-oliva-x-300-ml/p,False
604,Farmacity,8851,156282,Shampoo Sedal Crema Balance Toque Seda x 190 ml,Sedal,3907.0,3907.0,True,190.0,20.5632,> Cuidado Capilar > Shampoo Y Acondicionador >,shampoo,estandar,general,https://www.farmacity.com/shampoo-crema-balance-x-190-ml/p,False
605,Farmacity,3922,137316,Shampoo Nutrición Profunda x 350 ml,Capilatis,9900.0,9900.0,True,350.0,28.2857,> Cuidado Capilar > Shampoo Y Acondicionador >,shampoo,estandar,general,https://www.farmacity.com/shampoo-nutricion-profunda-x-350-ml/p,False
606,Farmacity,250350,250350,Shampoo Elvive Collagen Lifter x 400 ml,Elvive,12490.0,12490.0,True,400.0,31.225,> Cuidado Capilar > Shampoo Y Acondicionador >,shampoo,profesional,general,https://www.farmacity.com/shampoo-elvive-colageno-lifter-x-400-ml/p,False
607,Farmacity,250312,250312,Shampoo Kerasys Oriental Premium x 200 ml,Kerasys,34900.0,34900.0,True,200.0,174.5,> Cuidado Capilar > Shampoo Y Acondicionador >,shampoo,estandar,general,https://www.farmacity.com/shampoo-kerasys-oriental-premium-x-200-ml/p,False
608,Farmacity,250307,250307,Shampoo Kerasys Propolis Energy Plus x 180 ml,Kerasys,37700.0,37700.0,True,180.0,209.4444,> Cuidado Capilar > Shampoo Y Acondicionador >,shampoo,estandar,general,https://www.farmacity.com/shampoo-kerasys-propolis-energy-plus-x-180-ml/p,False
609,Farmacity,250185,250185,Shampoo La Puissance Keratine x 300 ml,La Puissance,16600.0,16600.0,True,300.0,55.3333,> Cuidado Capilar > Shampoo Y Acondicionador >,shampoo,estandar,general,https://www.farmacity.com/shampoo-la-puissance-keratine-x-300-ml/p,False
610,Farmacity,250130,250130,Shampoo Dove Reconstrucción + Aminoácido x 650 ml,Dove,16218.0,16218.0,True,650.0,24.9508,> Cuidado Capilar > Shampoo Y Acondicionador >,shampoo,estandar,general,https://www.farmacity.com/shampoo-dove-reconstruccion-aminoacido-x-650-ml/p,False
611,Farmacity,41110,41110,Galenic Shampoo x 100 g,Neo Dermos,18655.0,18655.0,True,100.0,186.55,> Venta Bajo Receta > Dermatológico >,shampoo,estandar,general,https://www.farmacity.com/galenic-shampoo-x-100-g/p,False
612,Farmacity,142198,142198,Oilsor Shampoo x  100 ml,Tuteur,20150.0,20150.0,True,100.0,201.5,> Venta Bajo Receta > Dermatológico >,shampoo,estandar,general,https://www.farmacity.com/oilsor-shamp--x-100-ml/p,False
613,Farmacity,123813,123813,Salac Clobetasol Shampoo x 140 ml,Andromaco,54571.0,54571.0,True,140.0,389.7929,> Venta Bajo Receta > Dermatológico >,shampoo,estandar,general,https://www.farmacity.com/salac-clobetasol-shampoo-x-140-ml/p,False
614,Farmacity,40999,40999,Ketoconazol C-86 Shampoo x 120 ml,Valuge,29285.0,29285.0,True,120.0,244.0417,> Venta Bajo Receta > Dermatológico >,shampoo,estandar,general,https://www.farmacity.com/ketoconazol-c-86-shampoo-x-120-ml/p,False
615,Farmacity,27051,27051,Quadion Ketoconazol Shampoo x 250 g,Fortbenton,19209.0,19209.0,True,250.0,76.836,> Venta Bajo Receta > Dermatológico >,shampoo,estandar,general,https://www.farmacity.com/quadion-ketoconazol-shampoo-x-250-g/p,False
616,Farmacity,18210,12030,Kit Coloración en Shampoo Para Hombre,Just For Men,18346.0,18346.0,True,,,> Cuidado Capilar > Coloración Y Oxidantes >,tratamiento,estandar,tratado,https://www.farmacity.com/kit-coloracion-en-shampoo-para-hombre/p,True
617,Farmacity,40533,40533,Targel Coaltar Shampoo x 155 ml,Lagos,40316.0,40316.0,True,155.0,260.1032,> Venta Bajo Receta > Dermatológico >,shampoo,estandar,general,https://www.farmacity.com/targel-coaltar-shampoo-x-155-ml/p,False
618,Farmacity,39192,39192,Micoral Ketoconazol Shampoo x 100 ml,Siegfried,17614.0,17614.0,True,100.0,176.14,> Venta Bajo Receta > Dermatológico >,shampoo,estandar,general,https://www.farmacity.com/micoral-ketoconazol-shampoo-x-100-ml/p,False
619,Farmacity,152351,152351,Megacistin Shampoo Cistina+Asoc. x 200 ml,Laboratorio Gra,21385.0,21385.0,True,200.0,106.925,> Venta Bajo Receta > Dermatológico >,shampoo,estandar,general,https://www.farmacity.com/megacistin-shampoo-cistina-asoc-x-200-ml/p,False
620,Farmacity,238686,238686,Kit Biferdil Anti Amarillo Shampoo + Máscara,Biferdil,20088.0,26784.0,True,,,> Cuidado Capilar > Shampoo Y Acondicionador >,tratamiento,estandar,general,https://www.farmacity.com/kit-biferdil-anti-amarillo-shampoo-mascara/p,True
621,Farmacity,237029,237029,Infantil Aveno Crema + Shampoo + Acondicionador,Aveno,55217.0,73623.0,True,,,> Bebés > Higiene del Bebé > Baño Del Bebé >,acondicionador,estandar,bebe,https://www.farmacity.com/infantil-aveno-crema-shampoo-acondicionador/p,False
622,Farmacity,225102,225102,Valcatil Max Shampoo Pomo x 150 ml,Panalab,28696.0,28696.0,True,150.0,191.3067,> Venta Bajo Receta > Dermatológico >,shampoo,estandar,general,https://www.farmacity.com/valcatil-max-shampoo-pomo-x-150-ml/p,False
623,Farmacity,238660,236793,Tintura en Shampoo Issue Express 5 Min,Issue,4737.0,4737.0,True,,,> Cuidado Capilar > Coloración Y Oxidantes >,shampoo,estandar,tratado,https://www.farmacity.com/tintura-en-shampoo-issue-express-5-min/p,False
624,Farmacity,35801,35801,Eumicel 2% Ketoconazol Shampoo x 100 ml,Medisol,12400.0,12400.0,True,100.0,124.0,> Venta Bajo Receta > Dermatológico >,shampoo,estandar,general,https://www.farmacity.com/eumicel-2-ketoconazol-shampoo-x-100-ml/p,False
625,Farmacity,238687,238687,Combo Biferdil Anti-Naranja Shampoo + Máscara,Biferdil,20088.0,26784.0,True,,,> Cuidado Capilar > Shampoo Y Acondicionador >,shampoo,estandar,general,https://www.farmacity.com/kit-biferdil-anti-naranja-shampoo-mascara/p,True
626,Farmacity,238688,238688,Combo Biferdil Reflejante Plata Shampoo + Máscara,Biferdil,25839.0,34452.0,True,,,> Cuidado Capilar > Shampoo Y Acondicionador >,shampoo,estandar,general,https://www.farmacity.com/kit-biferdil-reflejante-plata-shampoo-mascara/p,True
627,Farmacity,155192,155192,Kinderval 1% Permetrina Shampoo x 120 ml,Omicron,13500.0,13500.0,True,120.0,112.5,"> Venta Bajo Receta > Antiparasitarios, Insecticidas y Repelentes >",shampoo,estandar,general,https://www.farmacity.com/kinderval-1-permetrina-shampoo-x-120-ml/p,False
628,Farmacity,145041,145041,Ribatra Clobetasol 0.05% Shampoo x 150 ml,Panalab,76591.0,76591.0,True,150.0,510.6067,> Venta Bajo Receta > Dermatológico >,shampoo,estandar,general,https://www.farmacity.com/ribatra-clobetasol-0-05-shampoo-x-150-ml/p,False
629,Farmacity,131436,131436,Proavenal Avena+Asoc. Shampoo x 300 ml,Panalab,36637.0,36637.0,True,300.0,122.1233,> Venta Bajo Receta > Dermatológico >,shampoo,estandar,general,https://www.farmacity.com/proavenal-avena-asoc-shampoo-x-300-ml/p,False
630,Farmacity,215769,215769,Combo Capilatis Keratina Hair Therapy Shampoo + Acondicionador,Capilatis,15840.0,19800.0,True,,,> Cuidado Capilar > Shampoo Y Acondicionador >,acondicionador,estandar,tratado,https://www.farmacity.com/combo-capilatis-kerattina-hair-herapy/p,True
631,Farmacity,149054,149054,Eumicel Colageno 2% Ketoconazol Shampoo x 120 ml,Cassara,22150.0,22150.0,True,120.0,184.5833,> Venta Bajo Receta > Dermatológico >,shampoo,estandar,general,https://www.farmacity.com/eumicel-colageno-2-ketoconazol-shampoo-x-120-ml/p,False
632,Farmacity,129522,129522,Octopirox + Asoc Shampoo Anticaspa x 140 ml,L.D.A.,33790.0,33790.0,True,140.0,241.3571,> Venta Bajo Receta > Dermatológico >,shampoo,estandar,anticaspa,https://www.farmacity.com/octopirox-asoc-shampoo-anticaspa-x-140-ml/p,False
633,Farmacity,241694,241694,Kit Dove Bond Intense Repair Shampoo + Acondicionador,Dove,10869.0,19761.0,True,,,> Cuidado Capilar > Shampoo Y Acondicionador >,acondicionador,profesional,general,https://www.farmacity.com/combo-dove-bond-intense-repair-shampoo-x-400-ml-acondicionador-x-250-ml/p,True
634,Farmacity,31693,31693,Champu Anticaspa Tikl Ketoconazol Shampoo x 240 ml,Monserrat,24550.0,24550.0,True,240.0,102.2917,> Venta Bajo Receta > Dermatológico >,shampoo,estandar,anticaspa,https://www.farmacity.com/champu-anticaspa-tikl-ketoconazol-shampoo-x-240-ml/p,False
635,Farmacity,237187,237187,Shampoo Vichy Dercos Energizante Anticaída x 2 un x 200 ml c/u,Vichy,74883.0,106976.0,True,200.0,374.415,> Dermocosmética > Pelo > Shampoos y Acondicionadores >,shampoo,estandar,general,https://www.farmacity.com/shampoo-vichy-dercos-energizante-anticaida-x-2-un-x-200-ml-c-u/p,False
636,Farmacity,238809,238809,Combo Shampoo Dercos Anti Caspa x 2 un,Vichy,106976.0,106976.0,True,,,> Dermocosmética > Rostro >,shampoo,estandar,anticaspa,https://www.farmacity.com/combo-shampoo-dercos-anti-caspa-x-2-u/p,True
637,Farmacity,132582,132582,L D A Cistina+Asoc. Shampoo x 140 ml,L.D.A.,29566.0,29566.0,True,140.0,211.1857,> Venta Bajo Receta > Dermatológico >,shampoo,estandar,general,https://www.farmacity.com/l-d-a-cistina-asoc-shampoo-x-140-ml/p,False
638,Farmacity,27078,27078,Sorsis Coaltar + Asoc. Shampoo x 200 ml,Fortbenton,25830.0,25830.0,True,200.0,129.15,> Venta Bajo Receta > Dermatológico >,shampoo,estandar,general,https://www.farmacity.com/sorsis-coaltar-asoc-shampoo-x-200-ml/p,False
639,Farmacity,27075,27075,Sorsis Coaltar + Asoc. Shampoo x 120 ml,Fortbenton,18189.0,18189.0,True,120.0,151.575,> Venta Bajo Receta > Dermatológico >,shampoo,estandar,general,https://www.farmacity.com/sorsis-coaltar-asoc-shampoo-x-120-ml/p,False
640,Farmacity,226202,226202,Kit Capilar Bebes y Niños Aveno Shampoo y Acondicionador,Aveno,42220.0,60314.0,True,,,> Cuidado Capilar > Shampoo Y Acondicionador >,acondicionador,estandar,bebe,https://www.farmacity.com/combo-aveno-shampoo-infantil-x-250-ml-acondicionador-infantil-x-250-ml/p,True
641,Farmacity,237554,237554,Kit Biferdil Ultra Brillo Bálsamo + Shampoo + Máscara,Biferdil,32967.0,43956.0,True,,,> Cuidado Capilar > Shampoo Y Acondicionador >,tratamiento,estandar,general,https://www.farmacity.com/kit-biferdil-ultra-brillo-balsamo-x-255-ml-shampoo-x-255-ml-mascara-x-150-ml/p,True
642,Farmacity,240624,240624,Kit Bagóvit Capilar Reparación Shampoo + Acondicionador + Mascarilla,Bagóvit,29917.0,29917.0,True,,,> Cuidado Capilar > Shampoo Y Acondicionador >,acondicionador,estandar,general,https://www.farmacity.com/kit-bagovit-capilar-reparacion-shampoo-acondicionador-mascarilla/p,True
643,Farmacity,237564,237564,Valcatil Complex Aminoacidos + Asoc Shampoo x 300 ml,Panalab,60185.0,60185.0,True,300.0,200.6167,> Venta Bajo Receta > Sistema Digestivo y Metabolismo >,shampoo,estandar,general,https://www.farmacity.com/valcatil-complex-aminoacidos-asoc-shampoo-x-300-ml/p,False
644,Farmacity,237037,237037,Infantil Aveno Crema + Shampoo + Gel + Solar,Aveno,75019.0,100025.0,True,,,> Bebés > Higiene del Bebé > Baño Del Bebé >,shampoo,estandar,bebe,https://www.farmacity.com/infantil-aveno-crema-shampoo-gel-solar/p,False
645,Farmacity,226197,226197,Kit Cuidado Capilar Aveno Shampoo y Acondicionador 250 ml,Aveno,41818.0,59740.0,True,250.0,167.272,> Cuidado Capilar > Shampoo Y Acondicionador >,acondicionador,estandar,general,https://www.farmacity.com/combo-aveno-acondicionador-restaurador-capilar-x-250-ml-shampoo-hidratante-y-emoliente-para-cuero-cabelludo-reactivo-x-250-ml/p,True
646,Farmacity,239183,239183,Aminoterapia Advanced Vitaminas + Aminoácidos Shampoo x 200 ml,Megalabs,39995.0,39995.0,True,200.0,199.975,> Venta Bajo Receta > Dermatológico >,shampoo,estandar,general,https://www.farmacity.com/aminoterapia-advanced-vitaminas-aminoacidos-shampoo-x-200-ml/p,False
647,Farmacity,224363,224363,Targel Plus Irgasan + Asoc. Shampoo x 155 ml,Lagos,32945.0,32945.0,True,155.0,212.5484,> Venta Bajo Receta > Dermatológico >,shampoo,estandar,general,https://www.farmacity.com/targel-plus-irgasan-asoc-shampoo-x-155-ml/p,False
648,Farmacity,223693,223693,By Derm Capilar Vt Pantenol+Asoc Shampoo x 250ml,Lesag,28780.0,28780.0,True,250.0,115.12,> Venta Bajo Receta > Dermatológico >,shampoo,estandar,general,https://www.farmacity.com/by-derm-capilar-vt-pantenol-asoc-shampoo-x-250ml/p,False
649,Farmacity,35868,35868,"Pitiriax Shampoo Salicílico, C. + Asoc. x 100 ml",Medisol,12400.0,12400.0,True,100.0,124.0,> Venta Bajo Receta > Dermatológico >,shampoo,estandar,general,https://www.farmacity.com/pitiriax-shampoo-salicilico-c-asoc-x-100-ml/p,False
650,Farmacity,248676,248676,Combo Dove Uv Repair Shampoo + Acondicionador + Oleo,Dove,18782.0,37564.0,True,,,> Cuidado Capilar > Reparación Y Tratamiento >,acondicionador,profesional,general,https://www.farmacity.com/combo-dove-uv-repair-shampoo-acondicionador-oleo/p,True
651,Farmacity,236967,236967,Kit Aveno Restaurador Capilar Acondicionador + Shampoo + Jabón,Aveno,55337.0,79053.0,True,,,> Cuidado Capilar > Shampoo Y Acondicionador >,acondicionador,estandar,general,https://www.farmacity.com/acondicionador-aveno-restaurador-capilar-x-250-ml-shampoo-250-ml-jabon-120-g/p,True
652,Farmacity,248852,248852,Combo Shampoo Dercos Energizante Anti-Caída  x 2 un,Vichy,74883.0,106976.0,True,,,> Dermocosmética > Pelo > Shampoos y Acondicionadores >,shampoo,estandar,general,https://www.farmacity.com/combo-shampoo-dercos-energizante-anti-caida--x-2-un/p,True
653,Farmacity,248857,248857,Combo Dercos Ultra Reparación Shampoo + Acondicionador + Tratamiento,Vichy,195532.0,195532.0,True,,,> Dermocosmética > Pelo > Shampoos y Acondicionadores >,acondicionador,estandar,general,https://www.farmacity.com/combo-dercos-ultra-reparacion-shampoo-acondicionador-tratamiento/p,True
654,Farmacity,228358,228358,Capillaire Producto Cosmético Shampoo Caspa Envase x 190 ml,Cepage,29000.0,29000.0,True,190.0,152.6316,> Venta Bajo Receta > Dermatológico >,shampoo,estandar,anticaspa,https://www.farmacity.com/capillaire-producto-cosmetico-shampoo-caspa-envase-x-190-ml/p,False
655,Farmacity,226374,226374,Combo Vichy Dercos Caida del Cabello Shampoo + Acondicionador,Vichy,112351.0,112351.0,True,,,> Dermocosmética > Pelo > Shampoos y Acondicionadores >,acondicionador,estandar,general,https://www.farmacity.com/combo-vichy-dercos-caida-del-cabello-shampoo-acondicionador/p,True
656,Farmacity,241607,241607,Kit Shampoo y Acondicionador Tío Nacho Engrosador x 415 ml,Tío Nacho,11750.0,23500.0,True,415.0,28.3133,> Cuidado Capilar > Shampoo Y Acondicionador >,acondicionador,estandar,general,https://www.farmacity.com/combo-shampoo-y-acondicionador-tio-nacho-engrosador-x-415-ml/p,True
657,Farmacity,245993,245993,Combo Pantene Keratina Shampoo + Acondicionador + Crema para Peinar,Pantene,29131.0,29131.0,True,,,> Cuidado Capilar > Shampoo Y Acondicionador >,acondicionador,estandar,tratado,https://www.farmacity.com/combo-pantene-keratina-shampoo-acondicionador-crema-para-peinar/p,True
658,Farmacity,237038,237038,Infantil Aveno Crema + Shampoo + Gel + Protector Solar,Aveno,82342.0,109789.0,True,,,> Bebés > Higiene del Bebé > Baño Del Bebé >,shampoo,estandar,bebe,https://www.farmacity.com/infantil-aveno-crema-shampoo-gel-protector-solar/p,False
659,Farmacity,228690,228690,Capillaire Max Aminexil + Asoc Shampoo Anticaida x 190 ml,Cepage,29000.0,29000.0,True,190.0,152.6316,> Venta Bajo Receta > Dermatológico >,shampoo,estandar,general,https://www.farmacity.com/capillaire-max-aminexil-asoc-shampoo-anticaida-x-190-ml/p,False
660,Farmacity,248785,248785,Tratamiento Pre-Shampoo Vichy Dercos Collagen 17 x 150 ml,Vichy,71307.0,71307.0,True,150.0,475.38,> Dermocosmética > Pelo > Shampoos y Acondicionadores >,tratamiento,estandar,general,https://www.farmacity.com/shampoo-dercos-ultra-reparacion-con-colageno-x-150-ml/p,False
661,Farmacity,226203,226203,Kit Cuidado Infantil Aveno Gel de Baño + Shampoo + Acondicionador,Aveno,67022.0,89363.0,True,,,> Bebés > Higiene del Bebé > Baño Del Bebé >,acondicionador,estandar,bebe,https://www.farmacity.com/combo-aveno-gel-de-bano-infantil-shampoo-infantil-x-250-ml-acondicionador-infantil-x-250-ml/p,True
662,Farmacity,248677,248677,Combo Dove Uv Repair Shampoo + Acondicionador + Crema Tratamiento,Dove,18120.0,36240.0,True,,,> Cuidado Capilar > Reparación Y Tratamiento >,acondicionador,profesional,general,https://www.farmacity.com/combo-dove-uv-repair-shampoo-acondicionador-crema-tratamiento/p,True
663,Farmacity,235788,235788,Kit Tío NachoShampoo y Acondicionador Aclarante x 415 ml,Tío Nacho,11750.0,23500.0,True,415.0,28.3133,> Cuidado Capilar > Shampoo Y Acondicionador >,acondicionador,estandar,general,https://www.farmacity.com/kit-shampoo-y-acondicionador-tio-nacho-aclarante-x-415-ml/p,True
664,Farmacity,242446,242446,Kit Biferdil Óleo de Argán Shampoo + Bálsamo + Máscara Capilar,Biferdil,32481.0,43308.0,True,,,> Cuidado Capilar > Shampoo Y Acondicionador >,tratamiento,estandar,general,https://www.farmacity.com/combo-biferdil-oleo-de-argan-shampoo-x-200-ml-balsamo-x-200-ml-mascara-capilar-x-150-ml/p,True
665,Farmacity,232727,232727,Pack Tio Nacho Herbolaria Shampoo + Acondicionador x 415 ml,Tío Nacho,12743.0,16991.0,True,415.0,30.706,> Cuidado Capilar > Shampoo Y Acondicionador >,acondicionador,estandar,general,https://www.farmacity.com/pack-tio-nacho-herbolaria-shampoo-acondicionador-x-415-ml/p,False
666,Farmacity,121820,121820,"Salpad T Salicílico, C. + Asoc. Shampoo x 150 ml",Pharmatrix,22399.0,22399.0,True,150.0,149.3267,> Venta Bajo Receta > Dermatológico >,shampoo,estandar,general,https://www.farmacity.com/salpad-t-salicilico-c-asoc-shampoo-x-150-ml/p,False
667,Farmacity,239338,239338,"Kit Rutina Fructis Hair Food Nutricion Palta: Shampoo, Acondicionador y Mascarilla",Fructis,23640.0,36370.0,True,,,> Cuidado Capilar > Shampoo Y Acondicionador >,acondicionador,estandar,general,https://www.farmacity.com/kit-fructis-hair-food-nutricion-palta-shampoo-acondicionador-y-mascarilla/p,True
668,Farmacity,241695,241695,Kit Dove Bond Intense Repair Shampoo + Acondicionador + Sérum Capilar,Dove,18782.0,37564.0,True,,,> Cuidado Capilar > Shampoo Y Acondicionador >,acondicionador,profesional,general,https://www.farmacity.com/combo-dove-bond-intense-repair-shampoo-x-400-ml-acondicionador-x-250-ml-serum-capilar-x-110-ml/p,True
669,Farmacity,241608,241608,Kit Shampoo y Acondicionador Tío Nacho Herbolaria Milenaria x 415 ml,Tío Nacho,11750.0,23500.0,True,415.0,28.3133,> Cuidado Capilar > Shampoo Y Acondicionador >,acondicionador,estandar,general,https://www.farmacity.com/combo-shampoo-y-acondicionador-tio-nacho-herbolaria-milenaria-x-415-ml/p,True
670,Farmacity,239339,239339,"Kit Rutina Fructis Hair Food Reparación Coco: Shampoo, Acondicionador y Mascarilla",Fructis,23640.0,36370.0,True,,,> Cuidado Capilar > Shampoo Y Acondicionador >,acondicionador,estandar,general,https://www.farmacity.com/kit-rutina-fructis-hair-food-reparacion-coco-shampoo-acondicionador-y-mascarilla/p,True
671,Farmacity,237039,237039,Kit Cuidado Capilar Biferdil Shampoo + Bálsamo + Máscara 100% Vegano,Biferdil,25110.0,33480.0,True,,,> Cuidado Capilar > Shampoo Y Acondicionador >,tratamiento,estandar,general,https://www.farmacity.com/kit-cuidado-capilar-biferdil-shampoo-balsamo-mascara-100-vegano/p,True
672,Farmacity,248851,248851,Combo Shampoo Dercos Anti Caspa x 200 ml x 2 un,Vichy,106976.0,106976.0,True,200.0,534.88,> Dermocosmética > Pelo > Shampoos y Acondicionadores >,shampoo,estandar,anticaspa,https://www.farmacity.com/combo-shampoo-dercos-anti-caspa-x-200-ml-x-2-un/p,True
673,Farmacity,240625,240625,Kit Bagóvit Capilar Pelo Largo Shampoo + Acondicionador + Crema para Peinar,Bagóvit,29916.0,29916.0,True,,,> Cuidado Capilar > Shampoo Y Acondicionador >,acondicionador,estandar,general,https://www.farmacity.com/kit-bagovit-capilar-pelo-largo-shampoo-acondicionador-crema-para-peinar/p,True
674,Farmacity,223446,223446,Valcatil Max Biotina + Metionina + Asoc. Shampoo x 300 ml,Panalab,51430.0,51430.0,True,300.0,171.4333,> Venta Bajo Receta > Dermatológico >,shampoo,estandar,general,https://www.farmacity.com/valcatil-max-biotina-metionina-asoc-shampoo-x-300-ml/p,False
675,Farmacity,248678,248678,Combo Dove Uv Repair Shampoo + Acondicionador + Oleo + Crema,Dove,27021.0,54043.0,True,,,> Cuidado Capilar > Reparación Y Tratamiento >,acondicionador,profesional,general,https://www.farmacity.com/combo-dove-uv-repair-shampoo-acondicionador-oleo-crema/p,True
676,Farmacity,237041,237041,Combo Capilar Biferdil Shampoo + Bálsamo + Máscara Nutrición con Vitamina E,Biferdil,27378.0,36504.0,True,,,> Cuidado Capilar > Shampoo Y Acondicionador >,shampoo,estandar,general,https://www.farmacity.com/kit-capilar-biferdil-shampoo-balsamo-mascara-nutricion-con-vitamina-e/p,True
677,Farmacity,242444,242444,Kit Biferdil Shampoo + Máscara Ultra Brillo + Tratamiento Protector Térmico,Biferdil,33210.0,44280.0,True,,,> Cuidado Capilar > Shampoo Y Acondicionador >,tratamiento,estandar,general,https://www.farmacity.com/combo-biferdil-shampoo-x-255-ml-mascara-ultra-brillo-x-150-ml-tratamiento-protector-termico-x-250-ml/p,True
678,Farmacity,222761,222761,"Eumicel S Ketoconazol + Salicílico, C. 2% Shampoo x 120 ml",Cassar,25470.0,25470.0,True,120.0,212.25,> Venta Bajo Receta > Dermatológico >,shampoo,estandar,general,https://www.farmacity.com/eumicel-s-ketoconazol-salicilico-c-2-shampoo-x-120-ml/p,False
679,Farmacity,246471,246471,"Kit Rutina Fructis Hair Food Anti-Quiebre Ananá: Shampoo, Acondicionador y Mascarilla",Fructis,23640.0,36370.0,True,,,> Cuidado Capilar > Shampoo Y Acondicionador >,acondicionador,estandar,general,https://www.farmacity.com/kit-rutina-fructis-hair-food-anti-quiebre-anana-shampoo-acondicionador-mascarilla/p,True
680,Farmacity,248666,248666,Combo Dove Shampoo + Acondicionador + Oleo + Crema + Serum Corporal,Dove,63228.0,114960.0,True,,,> Cuidado de la Piel > Cuidado Facial >,acondicionador,estandar,general,https://www.farmacity.com/combo-dove-shampoo-acondicionador-oleo-crema-serum-corporal/p,True
681,Farmacity,248812,248812,Combo Pantene Anti Caída Shampoo + Acondicionador + Crema de Peinar + Óleo,Pantene,49309.0,49309.0,True,,,> Cuidado Capilar > Shampoo Y Acondicionador >,acondicionador,estandar,general,https://www.farmacity.com/combo-pantene-anti-caida-shampoo-acondicionador-crema-de-peinar-oleo/p,True
682,Farmacity,242445,242445,Kit Biferdil Shampoo Óleo de Argán + Bálsamo Óleo de Argán + Spray Bifásico,Biferdil,38718.0,51624.0,True,,,> Cuidado Capilar > Shampoo Y Acondicionador >,tratamiento,estandar,general,https://www.farmacity.com/combo-biferdil-shampoo-oleo-de-argan-x-200-ml-balsamo-oleo-de-argan-x-200-ml-spray-bifasico-oleo-de-argan-x-150-ml/p,True
683,Farmacity,246148,246148,"Kit Rutina Completa Elvive Dream Liso: Shampoo, Acondicionador, Crema para Peinar y Sérum",Elvive,32976.0,54960.0,True,,,> Cuidado Capilar > Shampoo Y Acondicionador >,acondicionador,profesional,general,https://www.farmacity.com/kit-rutina-completa-elvive-dream-liso-shampoo-acondicionador-crema-para-peinar-y-serum/p,True
684,Farmacity,245996,245996,Combo Head & Shoulders Shampoo x 375 ml + Acondicionador x 300 ml,Head And Shoulders,12827.0,23321.0,True,375.0,34.2053,> Cuidado Capilar > Shampoo Y Acondicionador >,acondicionador,estandar,general,https://www.farmacity.com/combo-head-shoulders-shampoo-x-375-ml-acondicionador-x-300-ml/p,True
685,Farmacity,241957,241957,Kit Tio Nacho Anticanas Shampoo x 415 ml + Acondicionador x 415 ml,Tío Nacho,11750.0,23500.0,True,415.0,28.3133,> Cuidado Capilar > Shampoo Y Acondicionador >,acondicionador,estandar,general,https://www.farmacity.com/combo-tio-nacho-anticanas-shampoo-x-415-ml-acondicionador-x-415-ml/p,True
686,Farmacity,247391,247391,Combo Bagóvit Capilar Largo y Sin Frizz Shampoo + Acondicionador + Crema de Peinar,Bagóvit,29916.0,29916.0,True,,,> Cuidado Capilar > Shampoo Y Acondicionador >,acondicionador,estandar,general,https://www.farmacity.com/combo-bagovit-capilar-largo-y-sin-frizz-shampoo-x-350-ml-acondicionador-x-350-ml-crema-de-peinar-x-200-ml/p,True
687,Farmacity,219271,219271,Set Sally Unicornio Body Splash x 125 ml + Shampoo x 200 ml,Algabo,11526.0,11526.0,True,125.0,92.208,> Perfumes Y Fragancias > Bebés Y Niños >,shampoo,estandar,general,https://www.farmacity.com/set-de-regalo-algabo-sally-unicornio-fragancia-corporal-x-125-ml-shampoo-x-200-ml/p,True
688,Farmacity,241722,241722,Kit Capilar Tresemmé Brillo Lamelar P Shampoo + Acondicionador + Protector Térmico Spray,Tresemmé,18047.0,30078.0,True,,,> Cuidado Capilar > Shampoo Y Acondicionador >,acondicionador,estandar,general,https://www.farmacity.com/combo-capilar-tresemme-brillo-lamelar-p-shampoo-x-500-ml-acondicionador-x-500-ml-protector-termico-spray-x-120-ml/p,True
689,Farmacity,245992,245992,Combo Pantene Colageno Shampoo +  Acondicionador + Crema para Peinar + Sérum Concentrado,Pantene,37538.0,37538.0,True,,,> Cuidado Capilar > Shampoo Y Acondicionador >,acondicionador,estandar,general,https://www.farmacity.com/combo-pantene-colageno-shampoo--acondicionador-crema-para-peinar-serum-concentrado/p,True
690,Farmacity,243766,243766,Combo Capilatis Plex Shampoo x 350 ml + Crema Tratamiento x 170 ml,Capilatis,22400.0,22400.0,True,350.0,64.0,> Cuidado Capilar > Shampoo Y Acondicionador >,tratamiento,estandar,general,https://www.farmacity.com/combo-capilatis-plex-shampoo-x-350-ml-crema-tratamiento-x-170-ml/p,True
691,Farmacity,234693,234693,Kit Elvive Hialurónico Pure Acondicionador + Shampoo + Mascarilla + Oleo L'Oréal París,Elvive,32136.0,53560.0,True,,,> Cuidado Capilar > Shampoo Y Acondicionador >,acondicionador,profesional,general,https://www.farmacity.com/combo-loreal-paris-elvive-hialuronico-pure-acondicionador-x-400-ml-shampoo-x-400-ml-mascarilla-capilar-x-300-g/p,True
692,Farmacity,241719,241719,Kit Capilar Tresemmé Brillo Lamelar P Shampoo + Acondicionador + Óleo Finisher Textura Liviana,Tresemmé,19360.0,32267.0,True,,,> Cuidado Capilar > Shampoo Y Acondicionador >,acondicionador,estandar,general,https://www.farmacity.com/combo-capilar-tresemme-brillo-lamelar-p-shampoo-x-500-ml-acondicionador-x-500-ml-oleo-finisher-textura-liviana-x-60-ml/p,True
693,Farmacity,241698,241698,Kit Dove Bond Intense Repair Shampoo + Acondicionador + Sérum Capilar + Máscara de Tratamiento,Dove,27021.0,54043.0,True,,,> Cuidado Capilar > Shampoo Y Acondicionador >,acondicionador,profesional,general,https://www.farmacity.com/combo-dove-bond-intense-repair-shampoo-x-400-ml-acondicionador-x-250-ml-serum-capilar-x-110-ml-mascara-de-tratamiento-x-250-g/p,True
694,Farmacity,239792,239792,"Kit Rutina Fructis Hair Food Restauracion Rulos Cacao: Shampoo, Crema Para Peinar y Mascarilla",Fructis,22210.0,34170.0,True,,,> Cuidado Capilar > Shampoo Y Acondicionador >,tratamiento,estandar,rizado,https://www.farmacity.com/kit-rutina-fructis-hair-food-restauracion-rulos-cacao-shampoo-crema-para-peinar-acondicionador/p,True
695,Farmacity,244318,244318,Combo Tío Nacho Reno Aclarante Acondicionador x 415 ml + Shampoo x 415 ml,Tío Nacho,23500.0,23500.0,True,415.0,56.6265,> Cuidado Capilar > Shampoo Y Acondicionador >,acondicionador,estandar,general,https://www.farmacity.com/combo-tio-nacho-reno-aclarante-acondicionador-x-415-ml-shampoo-x-415-ml/p,True
696,Farmacity,219269,219269,Set Valija Algabo Baby Body Splash x 125 ml + Shampoo x 200 ml,Algabo,11190.0,11190.0,True,125.0,89.52,> Perfumes Y Fragancias > Bebés Y Niños >,shampoo,estandar,general,https://www.farmacity.com/set-de-regalo-algabo-baby-colonia-dulces-mimos-x-200-ml-polvo-de-fecula-extra-suave-x-200-g/p,True
697,Farmacity,249605,249605,Combo Fructis Probióticos Fuerza Shampoo + Acondicionador + Protector Solar Anti-Manchas Fps 50+,Garnier,27582.0,45970.0,True,,,> Cuidado Capilar > Shampoo Y Acondicionador >,acondicionador,profesional,general,https://www.farmacity.com/combo-fructis-probioticos-fuerza-shampoo-acondicionador-protector-solar-anti-manchas-fps-50/p,True
698,Farmacity,236964,236964,Kit Aveno Restaurador Capilar Acondicionador + Shampoo + Emulsión + Jabón + Gel de Limpieza,Aveno,120078.0,171540.0,True,,,> Cuidado Capilar > Shampoo Y Acondicionador >,acondicionador,estandar,general,https://www.farmacity.com/acondicionador-aveno-restaurador-capilar-x-250-ml-shampoo-x-250-ml-emulsion-x-400-ml-jabon-x-120-g-gel-de-limpieza-x-250-g/p,True
699,Farmacity,239334,239334,Kit Rutina Básica L'Oreal Paris Elvive Reparación Total 5: Shampoo y Acondicionador 400 ml,Elvive,13428.0,22380.0,True,400.0,33.57,> Cuidado Capilar > Shampoo Y Acondicionador >,acondicionador,profesional,general,https://www.farmacity.com/kit-elvive-reparacion-total-5-rutina-basica-400ml-shampoo-y-acondicionador/p,True
700,Farmacity,240581,240581,Combo Baño Farmacity Bebé Jabón de Glicerina x 120 g + Shampoo de Avena x 200 ml,Farmacity Bebé,3523.0,7830.0,True,120.0,29.3583,> Bebés > Higiene del Bebé >,shampoo,estandar,bebe,https://www.farmacity.com/combo-bano-farmacity-bebe-jabon-de-glicerina-x-120-g-bano-liquido-x-200-ml-shampoo-de-avena-x-200-ml/p,True
701,Farmacity,245999,245999,Combo Head & Shoulders Shampoo Antifall x 375 ml + Acondicionador Antifall x 300 ml,Head And Shoulders,12827.0,23321.0,True,375.0,34.2053,> Cuidado Capilar > Shampoo Y Acondicionador >,acondicionador,estandar,general,https://www.farmacity.com/combo-head-shoulders-shampoo-antifall-x-375-ml-acondicionador-antifall-x-300-ml/p,True
702,Farmacity,249165,249165,Combo  Farmacity Bebé: Repuesto Oléo + Toallitas Húmedas + Shampoo + Baño Líquido + Jabón,Farmacity,25620.0,25620.0,True,,,> Bebés > Higiene del Bebé > Baño Del Bebé >,shampoo,estandar,bebe,https://www.farmacity.com/combo-farmacity-bebe-repuesto-oleo-toallitas-humedas-shampoo-bano-liquido-jabon/p,True
703,Farmacity,249635,249635,Kit Vichy Concentrado Minéral 89 x 50 ml + Shampoo Dercos Anti-Caspa x 200 ml,Vichy,146993.0,146993.0,True,50.0,2939.86,> Dermocosmética > Rostro > Hidratación >,tratamiento,estandar,anticaspa,https://www.farmacity.com/kit-vichy-concentrado-mineral-89-x-50-ml-shampoo-dercos-anti-caspa-x-200-ml/p,True
704,Farmacity,237997,237997,Combo Ruh Shampoo Sólido Cabello Gaso Silver x 65 g + Acondicionador Sólido x 45 g,Ruh Natural,27015.0,27015.0,True,65.0,415.6154,> Cuidado Capilar > Shampoo Y Acondicionador >,acondicionador,estandar,general,https://www.farmacity.com/combo-ruh-shampoo-cabello-gaso-silver-x-65-g-acondicionador-ruh-x-45-g/p,True
705,Farmacity,245997,245997,Combo Head & Shoulders Shampoo Manzana Fresh x 375 ml + Acondicionador Manzana Fresh x 300 ml,Head And Shoulders,12827.0,23321.0,True,375.0,34.2053,> Cuidado Capilar > Shampoo Y Acondicionador >,acondicionador,estandar,general,https://www.farmacity.com/combo-head-shoulders-shampoo-manzana-fresh-x-375-ml-acondicionador-manzana-fresh-x-300-ml/p,True
706,Farmacity,237998,237998,Combo Ruh Shampoo Sólido Cabello Normal Off White x 65 g + Acondicionador Sólido x 45 g,Ruh Natural,27015.0,27015.0,True,65.0,415.6154,> Cuidado Capilar > Shampoo Y Acondicionador >,acondicionador,estandar,general,https://www.farmacity.com/combo-ruh-cabello-normal-off-white-x-65-g-acondicionador-ruh-x-45-g/p,True
707,Farmacity,237996,237996,Combo Ruh Shampoo Sólido Cabello Dañado Yeloow Submarine x 65 g + Acondicionador Sólido x 45 g,Ruh Natural,27015.0,27015.0,True,65.0,415.6154,> Cuidado Capilar > Shampoo Y Acondicionador >,acondicionador,estandar,seco_danado,https://www.farmacity.com/combo-ruh-shampoo-cabello-danado-yeloow-submarine-x-65-g-acondicionador-ruh-x-45-g/p,True
708,Farmacity,246000,246000,Combo Head & Shoulders Shampoo Aceite de Coco x 375 ml + Acondicionador Aceite de Coco x 300 ml,Head And Shoulders,12827.0,23321.0,True,375.0,34.2053,> Cuidado Capilar > Shampoo Y Acondicionador >,acondicionador,estandar,general,https://www.farmacity.com/combo-head-shoulders-shampoo-aceite-de-coco-x-375-ml-acondicionador-aceite-de-coco-x-300-ml/p,True
709,Farmacity,245998,245998,Combo Head & Shoulders Shampoo Fuerza de Raíz x 375 ml + Acondicionador Fuerza de Raíz x 300 ml,Head And Shoulders,12827.0,23321.0,True,375.0,34.2053,> Cuidado Capilar > Shampoo Y Acondicionador >,acondicionador,estandar,general,https://www.farmacity.com/combo-head-shoulders-shampoo-fuerza-de-raiz-x-375-ml-acondicionador-fuerza-de-raiz-x-300-ml/p,True
710,Farmacity,238000,238000,Combo Ruh Shampoo Sólido Cabello Teñido Natural Lavender x 65 g + Acondicionador Sólido x 45 g,Ruh Natural,27015.0,27015.0,True,65.0,415.6154,> Cuidado Capilar > Shampoo Y Acondicionador >,acondicionador,estandar,tratado,https://www.farmacity.com/combo-ruh-shampoo-solido-natural-lavender-x-65-g-acondicionador-ruh-x-45-g/p,True
711,Farmacity,237999,237999,Combo Ruh Shampoo Sólido Cabello Seco Mechanic Orange x 65 g + Acondicionador Sólido x 45 g,Ruh Natural,27015.0,27015.0,True,65.0,415.6154,> Cuidado Capilar > Shampoo Y Acondicionador >,acondicionador,estandar,seco_danado,https://www.farmacity.com/combo-ruh-shampoo-solido-cabello-seco-mechanic-orange-x-65-g-acondicionador-ruh-x-45-g/p,True
712,Farmacity,247392,247392,Combo Bagóvit Capilar Plasma Vegetal Shampoo x 350 ml + Acondicionador x 350 ml + Mascarilla x 300 ml,Bagóvit,31332.0,31332.0,True,350.0,89.52,> Cuidado Capilar > Shampoo Y Acondicionador >,acondicionador,estandar,general,https://www.farmacity.com/combo-bagovit-capilar-plasma-vegetal-shampoo-x-350-ml-acondicionador-x-350-ml-mascarilla-x-300-ml/p,True
713,Farmacity,237556,237556,Kit Capilar Biferdi Nutrición y Reparación Shampoo x 400 ml + Bálsamo x 400 ml + Máscara x 150 ml,Biferdil,27378.0,36504.0,True,400.0,68.445,> Cuidado Capilar > Shampoo Y Acondicionador >,tratamiento,estandar,general,https://www.farmacity.com/kit-capilar-biferdi-nutricion-y-reparacion-shampoo-x-400-ml-balsamo-x-400-ml-mascara-x-150-ml/p,True
714,Farmacity,240580,240580,Combo Baño Farmacity Bebé Jabón de Glicerina x 120 g + Baño Liquido x 200 ml + Shampoo de Avena x 200 ml,Farmacity Bebé,5863.0,13030.0,True,120.0,48.8583,> Bebés > Higiene del Bebé >,shampoo,estandar,bebe,https://www.farmacity.com/combo-bano-farmacity-bebe-jabon-de-glicerina-x-120-g-shampoo-de-avena-x-200-ml/p,True
715,Farmacity,241721,241721,Kit Capilar Tresemmé Dosificador Cauterización Reparadora Shampoo x 500 ml + Acondicionador x 500 ml + Óleo Finisher Textura Liviana x 60 ml,Tresemmé,19360.0,32267.0,True,500.0,38.72,> Cuidado Capilar > Shampoo Y Acondicionador >,acondicionador,estandar,general,https://www.farmacity.com/combo-capilar-tresemme-dosificador-cauterizacion-reparadora-shampoo-x-500-ml-acondicionador-x-500-ml-oleo-finisher-textura-liviana-x-60-ml/p,True
716,Farmacity,241724,241724,Kit Capilar Tresemmé Dosificador Ondas Boho Shampoo x 500 ml + Acondicionador x 500 ml + Protector Térmico Spray x 120 ml,Tresemmé,18047.0,30078.0,True,500.0,36.094,> Cuidado Capilar > Shampoo Y Acondicionador >,acondicionador,estandar,general,https://www.farmacity.com/combo-capilar-tresemme-dosificador-ondas-boho-shampoo-x-500-ml-acondicionador-x-500-ml-protector-termico-spray-x-120-ml/p,True
717,Farmacity,246516,246516,Combo Huggies Natural Care Pañales Talle RN + Toallitas Húmedas Triple Protección con Óleo Calcáreo + Jabon Liquido + Shampoo Hora de Soñar,Huggies,30437.0,43481.0,True,,,> Bebés > Pañales > Pañales Descartables >,shampoo,estandar,general,https://www.farmacity.com/combo-huggies-natural-care-panales-talle-rn-toallitas-humedas-triple-proteccion-con-oleo-calcareo-jabon-liquido-shampoo-hora-de-sonar/p,True
718,Farmacity,240579,240579,Combo Baño Farmacity Bebé Jabón de Glicerina x 120 g + Repuesto de Baño Liquido x 180 ml + Shampoo de Avena x 200 ml,Farmacity Bebé,5368.0,11930.0,True,120.0,44.7333,> Bebés > Higiene del Bebé >,shampoo,estandar,bebe,https://www.farmacity.com/combo-bano-farmacity-bebe-jabon-de-glicerina-x-120-g-repuesto-de-bano-liquido-x-180-ml-shampoo-de-avena-x-200-ml/p,True
719,Farmacity,241725,241725,Kit Capilar Tresemmé Brillo Lamelar Shampoo x 500 ml + Acondicionador x 500 ml + Óleo x 60 ml + Sérum x 170 ml,Tresemmé,26571.0,44285.0,True,500.0,53.142,> Cuidado Capilar > Shampoo Y Acondicionador >,acondicionador,estandar,general,https://www.farmacity.com/combo-capilar-tresemme-brillo-lamelar-shampoo-x-500-ml-acondicionador-x-500-ml-oleo-x-60-ml-serum-x-170-ml/p,True
720,Farmacity,241720,241720,Kit Capilar Tresemmé Dosificador Keratina AntiFrizz Shampoo x 500 ml + Acondicionador x 500 ml + Óleo Finisher Textura Liviana x 60 ml,Tresemmé,19360.0,32267.0,True,500.0,38.72,> Cuidado Capilar > Shampoo Y Acondicionador >,acondicionador,estandar,tratado,https://www.farmacity.com/combo-capilar-tresemme-dosificador-keratina-antifrizz-shampoo-x-500-ml-acondicionador-x-500-ml-oleo-finisher-textura-liviana-x-60-ml/p,True
721,Farmacity,242449,242449,Kit Biferdil Control Caída Loción Bioxidil x 100 ml + Ampolla Capilar con Bioxidil x 10 ml + Shampoo Fortalecedor y Engrosador x 250 ml,Biferdil,60384.0,60384.0,True,100.0,603.84,> Cuidado Capilar > Shampoo Y Acondicionador >,tratamiento,estandar,general,https://www.farmacity.com/combo-biferdil-control-caida-locion-bioxidil-x-100-ml-ampolla-capilar-con-bioxidil-x-10-ml-shampoo-fortalecedor-y-engrosador-x-250-ml/p,True
722,Farmacity,7760,152465,Spray para Peinar para Niños Johnson's Baby Gotas de Brillo x 200 ml,Johnson's,5017.0,7167.0,True,200.0,25.085,> Bebés > Higiene del Bebé > Baño Del Bebé >,shampoo,estandar,bebe,https://www.farmacity.com/spray-para-peinar-gotas-de-brillo-x-200-ml/p,False
723,Farmacity,7801,150809,Jabón Líquido para Bebé Johnson's Recién Nacido x 200 ml,Johnson's,4058.0,5797.0,True,200.0,20.29,> Bebés > Higiene del Bebé > Baño Del Bebé >,shampoo,estandar,bebe,https://www.farmacity.com/jabon-liquido-recien-nacido-x-200-ml/p,False
724,Farmacity,195,12706,Aceite para Bebé Johnson's Puro x 100 ml,Johnson's,4270.0,6100.0,True,100.0,42.7,> Bebés > Higiene del Bebé > Óleos y Algodón >,shampoo,estandar,bebe,https://www.farmacity.com/aceite-humecta-y-suaviza-puro-x-100-ml/p,False
725,Farmacity,513,12707,Aceite para Bebé Johnson's Puro x 200 ml,Johnson's,5816.0,8309.0,True,200.0,29.08,> Bebés > Higiene del Bebé > Óleos y Algodón >,shampoo,estandar,bebe,https://www.farmacity.com/aceite-puro-humecta-y-suaviza-x-200-ml/p,False
726,Farmacity,422,45346,Jabón Líquido Johnson's Baby Glicerina x 200 ml,Johnson's,3779.0,5399.0,True,200.0,18.895,> Bebés > Higiene del Bebé > Baño Del Bebé >,shampoo,estandar,general,https://www.farmacity.com/jabon-liquido-de-glicerina-con-vitamina-e-x-200-ml/p,False
727,Farmacity,214579,214579,Jabón en Barra Johnson's Glicerina x 80 g,Johnson's,1438.0,2054.0,True,80.0,17.975,> Bebés > Higiene del Bebé > Baño Del Bebé >,shampoo,estandar,general,https://www.farmacity.com/jabon-en-barra-johnsons-glicerina-x-80-g/p,False
728,Farmacity,227717,227717,Pila para Audífonos Duracel Tamaño 10 Blister x 6 u,Duracell,12520.0,12520.0,True,,,> Hogar y Alimentos > Electrónica y Pilas > Pilas >,shampoo,estandar,general,https://www.farmacity.com/pila-duracell-auditiva-10-x-6-un/p,False
729,Farmacity,215763,215763,Combo Capilatis Argán Natural Oil,Capilatis,17600.0,22000.0,True,,,> Cuidado Capilar > Shampoo Y Acondicionador >,shampoo,estandar,general,https://www.farmacity.com/combo-capilatis-argan-natural-oil/p,True
730,Farmacity,215758,215758,Combo Capilatis Iluminador Puro Rubio,Capilatis,15520.0,19400.0,True,,,> Cuidado Capilar > Shampoo Y Acondicionador >,shampoo,estandar,general,https://www.farmacity.com/combo-capilatis-iluminador-puro-rubio/p,True
731,Farmacity,10028,157548,Champú Sellador del Color Biferdil Quinoa x 400 ml,Biferdil,17928.0,17928.0,True,400.0,44.82,> Cuidado Capilar > Shampoo Y Acondicionador >,shampoo,estandar,tratado,https://www.farmacity.com/champu-sellador-del-color-quinoa-y-filtro-solar-uv-x-400-ml/p,False
732,Farmacity,2220338,240274,Kit Rutina Completa L'Oreal Paris Elvive Glycolic Gloss Brillo Intenso,Elvive,34296.0,57160.0,True,,,> Cuidado Capilar > Shampoo Y Acondicionador >,tratamiento,profesional,general,https://www.farmacity.com/combo-elvive-glyco-gloss-shampoo-400-ml-acondicionador-400-ml-mascarilla-reconstructora-400-ml-serum-100-ml/p,True
733,Farmacity,215762,215762,Combo Capilatis Anticaída Ortiga Tratante,Capilatis,15520.0,19400.0,True,,,> Cuidado Capilar > Shampoo Y Acondicionador >,shampoo,estandar,general,https://www.farmacity.com/combo-capilatis-anticaida-ortiga-tratante/p,True
734,Farmacity,215761,215761,Combo Capilatis Anticaída Ortiga Graso,Capilatis,15520.0,19400.0,True,,,> Cuidado Capilar > Shampoo Y Acondicionador >,shampoo,estandar,graso,https://www.farmacity.com/combo-capilatis-anticaida-ortiga-graso/p,True
735,Farmacity,244698,244698,Crema Tratamiento Elvive Dream Liso x 300 g,Elvive,12190.0,12190.0,True,300.0,40.6333,> Cuidado Capilar > Reparación Y Tratamiento >,tratamiento,profesional,general,https://www.farmacity.com/crema-tratamiento-elvive-dream-liso-x-300-g/p,False
736,Farmacity,245995,245995,Combo Pantene 3 MM Acondicionador Nutrición + Acondicionador Hidratación,Pantene,19294.0,19294.0,True,,,> Cuidado Capilar > Shampoo Y Acondicionador >,acondicionador,estandar,seco_danado,https://www.farmacity.com/combo-pantene-3-mm-acondicionador-nutricion-acondicionador-hidratacion/p,True
737,Farmacity,247954,247954,Combo Pantene Colágeno x 510 ml,Pantene,62870.0,62870.0,True,510.0,123.2745,> Cuidado Capilar > Shampoo Y Acondicionador >,shampoo,estandar,general,https://www.farmacity.com/combo-pantene-colageno-x-510-ml-1/p,True
738,Farmacity,215760,215760,Combo Capilatis Aloe Vera Puro,Capilatis,17600.0,22000.0,True,,,> Cuidado Capilar > Shampoo Y Acondicionador >,shampoo,estandar,general,https://www.farmacity.com/combo-capilatis-aloe-vera-puro/p,True
739,Farmacity,247952,247952,Combo Pantene Keratina x 510 ml,Pantene,54463.0,54463.0,True,510.0,106.7902,> Cuidado Capilar > Shampoo Y Acondicionador >,shampoo,estandar,tratado,https://www.farmacity.com/combo-pantene-keratina-x-510-ml/p,True
740,Farmacity,244697,244697,Crema para Peinar Elvive Dream Liso x 250 ml,Elvive,9990.0,9990.0,True,250.0,39.96,> Cuidado Capilar > Modelado Y Peinado >,shampoo,profesional,general,https://www.farmacity.com/crema-para-peinar-elvive-dream-liso-x-250-ml/p,False
741,Farmacity,236058,236058,Bálsamo Biferdil Óleo de Argán x 200 ml,Biferdil,14256.0,14256.0,True,200.0,71.28,> Cuidado Capilar > Reparación Y Tratamiento >,shampoo,estandar,general,https://www.farmacity.com/balsam-biferdil-oleo-de-argan-x-200-ml/p,False
742,Farmacity,215759,215759,Combo Capilatis Anticaída Concentrado Ortiga,Capilatis,16800.0,21000.0,True,,,> Cuidado Capilar > Shampoo Y Acondicionador >,shampoo,estandar,general,https://www.farmacity.com/combo-capilatis-anticaida-concentrado-ortiga/p,True
743,Farmacity,212380,212380,Bálsamo Biferdil Proteínas de Soja x 400 ml,Biferdil,13608.0,13608.0,True,400.0,34.02,> Cuidado Capilar > Reparación Y Tratamiento >,shampoo,estandar,general,https://www.farmacity.com/balsamo-biferdil-proteinas-de-soja-x-400-ml/p,False
744,Farmacity,245656,245656,Combo Óleo Extraordinario Elvive x 100 ml x 2 un,Elvive,39980.0,39980.0,True,100.0,399.8,> Cuidado Capilar > Reparación Y Tratamiento >,shampoo,profesional,general,https://www.farmacity.com/combo-oleo-extraordinario-elvive-x-100-ml-x-2-un/p,True
745,Farmacity,248554,248554,Acondicionador Elvive Glycolic Cristal x 400 ml,Elvive,7494.0,12490.0,True,400.0,18.735,> Cuidado Capilar > Shampoo Y Acondicionador >,acondicionador,profesional,general,https://www.farmacity.com/acondicionador--glycolic-cristal-x-400-ml/p,False
746,Farmacity,241717,241717,Kit Capilar Dove Óleo Nutrición,Dove,15984.0,29062.0,True,,,> Cuidado Capilar > Shampoo Y Acondicionador >,tratamiento,estandar,general,https://www.farmacity.com/combo-capilar-dove-oleo-nutricion/p,True
747,Farmacity,215768,215768,Combo Capilatis Brillo Extremo,Capilatis,15520.0,19400.0,True,,,> Cuidado Capilar > Shampoo Y Acondicionador >,shampoo,estandar,general,https://www.farmacity.com/combo-capilatis-brillo-extremo/p,True
748,Farmacity,246647,246647,Acondicionador Pantene Bamboo x 250 ml,Pantene,6137.0,10228.0,True,250.0,24.548,> Cuidado Capilar > Shampoo Y Acondicionador >,acondicionador,estandar,general,https://www.farmacity.com/acondicionador-pantene-bamboo-x-250-ml/p,False
749,Farmacity,215770,215770,Combo Capilatis Lifting Capilar,Capilatis,20800.0,26000.0,True,,,> Cuidado Capilar > Shampoo Y Acondicionador >,shampoo,estandar,general,https://www.farmacity.com/combo-capilatis-lifting-capilar/p,True
750,Farmacity,228552,228552,Ampolla Biferdil 1007 Caída Severa x 20 ml,Biferdil,7700.0,7700.0,True,20.0,385.0,> Cuidado Capilar > Reparación Y Tratamiento >,shampoo,estandar,general,https://www.farmacity.com/ampolla-biferdil-1007-caida-severa-x-20-ml/p,False
751,Farmacity,4763,137831,Óleo Extraordinario Elvive x 100 ml,Elvive,19990.0,19990.0,True,100.0,199.9,> Cuidado Capilar > Reparación Y Tratamiento >,shampoo,profesional,general,https://www.farmacity.com/oleo-extraordinario-x-100-ml/p,False
752,Farmacity,241715,241715,Kit Capilar Dove Reconstrucción Completa,Dove,15984.0,29062.0,True,,,> Cuidado Capilar > Shampoo Y Acondicionador >,tratamiento,estandar,general,https://www.farmacity.com/combo-capilar-dove-reconstruccion-completa/p,True
753,Farmacity,246648,246648,Acondicionador Pantene Bamboo x 150 ml,Pantene,3797.0,6329.0,True,150.0,25.3133,> Cuidado Capilar > Shampoo Y Acondicionador >,acondicionador,estandar,general,https://www.farmacity.com/acondicionador-pantene-bamboo-x-150-ml/p,False
754,Farmacity,249147,249147,Combo Capilar Alta Moda Hydra Save,Alta Moda,12202.0,20337.0,True,,,> Cuidado Capilar > Shampoo Y Acondicionador >,shampoo,estandar,general,https://www.farmacity.com/combo-alta-moda-hydra-save/p,True
755,Farmacity,241718,241718,Kit Capilar Dove Hidratación,Dove,15984.0,29062.0,True,,,> Cuidado Capilar > Shampoo Y Acondicionador >,tratamiento,estandar,seco_danado,https://www.farmacity.com/combo-capilar-dove-hidratacion/p,True
756,Farmacity,248556,248556,Mascarilla Elvive Glycolic Cristal x 300 g,Elvive,12190.0,12190.0,True,300.0,40.6333,> Cuidado Capilar > Reparación Y Tratamiento >,tratamiento,profesional,general,https://www.farmacity.com/mascarilla-elvive-glycolic-cristal-x-300-g/p,False
757,Farmacity,249149,249149,Combo Capilar Alta Moda Intense Blond,Alta Moda,11874.0,19790.0,True,,,> Cuidado Capilar > Shampoo Y Acondicionador >,shampoo,estandar,general,https://www.farmacity.com/combo-alta-moda-intense-blond/p,True
758,Farmacity,247955,247955,Combo Pantene Colágeno x 300 ml,Pantene,48693.0,48693.0,True,300.0,162.31,> Cuidado Capilar > Shampoo Y Acondicionador >,shampoo,estandar,general,https://www.farmacity.com/combo-pantene-colageno-x-510-ml/p,True
759,Farmacity,247953,247953,Combo Pantene Keratina,Pantene,41892.0,41892.0,True,,,> Cuidado Capilar > Shampoo Y Acondicionador >,shampoo,estandar,tratado,https://www.farmacity.com/combo-pantene-keratina/p,True
760,Farmacity,221682,221682,Acondicionador Elvive Hidra Hialurónico x 400 ml,Elvive,6714.0,11190.0,True,400.0,16.785,> Cuidado Capilar > Shampoo Y Acondicionador >,acondicionador,profesional,general,https://www.farmacity.com/acondicionador-elvive-hidra-hialuronico-x-400-ml/p,False
761,Farmacity,248553,248553,Acondicionador Elvive Glycolic Cristal x 200 ml,Elvive,7490.0,7490.0,True,200.0,37.45,> Cuidado Capilar > Shampoo Y Acondicionador >,acondicionador,profesional,general,https://www.farmacity.com/acondicionador-elvive-glycolic-cristal-x-200-ml/p,False
762,Farmacity,247951,247951,Combo Pantene Biotinamina x 510 ml,Pantene,54463.0,54463.0,True,510.0,106.7902,> Cuidado Capilar > Shampoo Y Acondicionador >,shampoo,estandar,general,https://www.farmacity.com/combo-pantene-biotinamina-x-510-ml/p,True
763,Farmacity,249148,249148,Combo Capilar Alta Moda Super Oils,Alta Moda,19214.0,32023.0,True,,,> Cuidado Capilar > Shampoo Y Acondicionador >,shampoo,estandar,general,https://www.farmacity.com/combo-alta-moda-super-oils/p,True
764,Farmacity,246855,246855,Acondicionador Ogx Rosemary Mint x 385 ml,Ogx,27154.0,27154.0,True,385.0,70.5299,> Cuidado Capilar > Shampoo Y Acondicionador >,acondicionador,estandar,general,https://www.farmacity.com/acondicionador-ogx-rosemary-mint-x-385-ml/p,False
765,Farmacity,243743,243743,Combo Capilatis Keratina Hair Therapy,Capilatis,22000.0,27500.0,True,,,> Cuidado Capilar > Shampoo Y Acondicionador >,shampoo,estandar,tratado,https://www.farmacity.com/combo-capilatis-kerattina-hair-herapy-243743/p,True
766,Farmacity,248755,248755,Bálsamo Biferdil Óleo de Argan Nutrición Intensa x 100 ml,Biferdil,9612.0,9612.0,True,100.0,96.12,> Cuidado Capilar > Reparación Y Tratamiento >,shampoo,estandar,general,https://www.farmacity.com/balsamo-biferdil-oleo-de-argan-minitalla-x-100-ml/p,False
767,Farmacity,250352,250352,Acondicionador Elvive Collagen Lifter x 200 ml,Elvive,7490.0,7490.0,True,200.0,37.45,> Cuidado Capilar > Shampoo Y Acondicionador >,acondicionador,profesional,general,https://www.farmacity.com/acondicionador-elvive-colageno-lifter-x-200-ml/p,False
768,Farmacity,250313,250313,Acondicionador Kerasys Oriental Premium x 200 ml,Kerasys,34900.0,34900.0,True,200.0,174.5,> Cuidado Capilar > Shampoo Y Acondicionador >,acondicionador,estandar,general,https://www.farmacity.com/acondicionador-kerasys-oriental-premium-x-200-ml/p,False
769,Farmacity,248555,248555,Acondicionador Elvive Glycolic Cristal x 750 ml,Elvive,19990.0,19990.0,True,750.0,26.6533,> Cuidado Capilar > Shampoo Y Acondicionador >,acondicionador,profesional,general,https://www.farmacity.com/acondicionador-elvive-glycolic-cristal-x-750-ml/p,False
770,Farmacity,249372,249372,Acondicionador Alta Moda Keratin Impact x 300 ml,Alta Moda,5692.0,5692.0,True,300.0,18.9733,> Cuidado Capilar > Shampoo Y Acondicionador >,acondicionador,estandar,general,https://www.farmacity.com/acondicionador-alta-moda-keratin-impact-x-300-ml/p,False
771,Farmacity,250354,250354,Acondicionador Elvive Collagen Lifter x 750 ml,Elvive,19990.0,19990.0,True,750.0,26.6533,> Cuidado Capilar > Shampoo Y Acondicionador >,acondicionador,profesional,general,https://www.farmacity.com/acondicionador-elvive-colageno-lifter-x-750-ml/p,False
772,Farmacity,250353,250353,Acondicionador Elvive Collagen Lifter x 400 ml,Elvive,12490.0,12490.0,True,400.0,31.225,> Cuidado Capilar > Shampoo Y Acondicionador >,acondicionador,profesional,general,https://www.farmacity.com/acondicionador-elvive-colageno-lifter-x-400-ml/p,False
773,Farmacity,249371,249371,Crema Tratamiento Alta Moda Keratin Impact x 300 g,Alta Moda,7273.0,7273.0,True,300.0,24.2433,> Cuidado Capilar > Reparación Y Tratamiento >,tratamiento,estandar,general,https://www.farmacity.com/crema-tratamiento-alta-moda-keratin-impact-x-300-g/p,False
774,Farmacity,247126,247126,Acondicionador Pantene Pro-V Restauración x 200 ml,Pantene,4124.0,6345.0,True,200.0,20.62,> Cuidado Capilar > Shampoo Y Acondicionador >,acondicionador,profesional,general,https://www.farmacity.com/acondicionador-pantene-pro-v-restauracion-x-200-ml/p,False
775,Farmacity,246663,246663,Acondicionador Herbal Essences Rosemary x 400 ml,Herbal Essences,10574.0,16267.0,True,400.0,26.435,> Cuidado Capilar > Shampoo Y Acondicionador >,acondicionador,estandar,general,https://www.farmacity.com/acondicionador-herbal-essences-rosemary-x-400-ml/p,False
776,Farmacity,246639,246639,Acondicionador Herbal Essences Shine x 400 ml,Herbal Essences,10574.0,16267.0,True,400.0,26.435,> Cuidado Capilar > Shampoo Y Acondicionador >,acondicionador,estandar,general,https://www.farmacity.com/acondicionador-herbal-essences-shine-x-400-ml/p,False
777,Farmacity,246637,246637,Acondicionador Herbal Essences Pomelo x 400 ml,Herbal Essences,10574.0,16267.0,True,400.0,26.435,> Cuidado Capilar > Shampoo Y Acondicionador >,acondicionador,estandar,general,https://www.farmacity.com/acondicionador-herbal-essences-pomelo-x-400-ml/p,False
778,Farmacity,248877,248877,Acondicionador Tio Nacho Keratina Vegetal x 415 ml,Tío Nacho,11750.0,11750.0,True,415.0,28.3133,> Cuidado Capilar > Shampoo Y Acondicionador >,acondicionador,estandar,tratado,https://www.farmacity.com/acondicionador-tio-nacho-keratina-vegetal-x-415-ml/p,False
779,Farmacity,246642,246642,Acondicionador Herbal Essences Rosa Mosqueta x 400 ml,Herbal Essences,10574.0,16267.0,True,400.0,26.435,> Cuidado Capilar > Shampoo Y Acondicionador >,acondicionador,estandar,general,https://www.farmacity.com/acondicionador-herbal-essences-rosa-mosqueta-x-400-ml/p,False
780,Farmacity,246644,246644,Acondicionador Herbal Essences Rosa Mosqueta x 240 ml,Herbal Essences,8262.0,12711.0,True,240.0,34.425,> Cuidado Capilar > Shampoo Y Acondicionador >,acondicionador,estandar,general,https://www.farmacity.com/acondicionador-herbal-essences-rosa-mosqueta-x-240-ml/p,False
781,Farmacity,241728,241728,Kit Capilar Tresemmé Cauterización Reparadora + Hidratación,Tresemmé,25282.0,42137.0,True,,,> Cuidado Capilar > Shampoo Y Acondicionador >,tratamiento,estandar,seco_danado,https://www.farmacity.com/combo-capilar-tresemme-cauterizacion-reparadora-hidratacion/p,True
782,Farmacity,229152,229152,Kit Cuidado Corporal Completo Aveno Piel Sensible,Aveno,93754.0,133935.0,True,,,> Cuidado de la Piel > Cuidado Corporal >,tratamiento,estandar,general,https://www.farmacity.com/kit-cuidado-corporal-aveno/p,True
783,Farmacity,5313,143512,Mascarilla Elvive RT Extreme x 300 g,Elvive,11190.0,11190.0,True,300.0,37.3,> Cuidado Capilar > Reparación Y Tratamiento >,tratamiento,profesional,general,https://www.farmacity.com/crema-de-tratamiento-reparacion-total-extreme-x-300-ml/p,False
784,Farmacity,250195,250195,Bálsamo La Puissance Extra Cell Plex Paso 2 x 300 ml,La Puissance,41400.0,41400.0,True,300.0,138.0,> Cuidado Capilar > Shampoo Y Acondicionador >,shampoo,estandar,general,https://www.farmacity.com/balsamo-la-puissance-extra-cell-plex-paso-2-x-300-ml/p,False
785,Farmacity,241723,241723,Kit Capilar Tresemmé Dosificador Liso Efecto Botox + Protección,Tresemmé,18047.0,30078.0,True,,,> Cuidado Capilar > Shampoo Y Acondicionador >,tratamiento,estandar,general,https://www.farmacity.com/combo-capilar-tresemme-dosificador-liso-efecto-botox-proteccion/p,True
786,Farmacity,243765,243765,Combo Capilatis Plex Sérum Sellador de Puntas + Protector Térmico,Capilatis,24320.0,30400.0,True,,,> Cuidado Capilar > Reparación Y Tratamiento >,shampoo,estandar,general,https://www.farmacity.com/combo-capilatis-plex-serum-sellador-de-puntas-x-60-ml-protector-termico-x-190-ml/p,True
787,Farmacity,228677,228677,Espuma Intima Lomecan V Therapy x 150 ml,Lomecan,9251.0,9251.0,True,150.0,61.6733,> Cuidado Personal > Higiene Personal > Protección Femenina >,shampoo,estandar,general,https://www.farmacity.com/espuma-intimo-lomecan-v-therapy-x-150-ml/p,False
788,Farmacity,229153,229153,Kit de Baño Bebes y Niños Aveno + Hipoglós Cuidado Diario,Aveno,77004.0,102672.0,True,,,> Bebés > Higiene del Bebé > Baño Del Bebé >,tratamiento,estandar,bebe,https://www.farmacity.com/kit-basico-de-cuidado-infantil/p,True
789,Farmacity,237036,237036,Combo Infantil Aveno,Aveno,104959.0,139946.0,True,,,> Bebés > Higiene del Bebé > Óleos y Algodón >,shampoo,estandar,bebe,https://www.farmacity.com/infantil-aveno-crema-shampoo-acondicionador-gel-protector-solar/p,True
790,Farmacity,234311,234311,Cuidado Corporal y Facial Aveno Piel Sensible,Aveno,123203.0,176005.0,True,,,> Cuidado de la Piel > Cuidado Corporal >,shampoo,estandar,general,https://www.farmacity.com/cuidado-corporal-y-facial-aveno-piel-sensible/p,False
791,Farmacity,228563,228563,Spray Capilatis Stop Frizz C-Style,Capilatis,5100.0,10200.0,True,,,> Cuidado Capilar > Reparación Y Tratamiento >,shampoo,estandar,general,https://www.farmacity.com/spray-capilatis-stop-frizz-c-style/p,False
792,Farmacity,237035,237035,Combo Infantil Aveno 2 Infantil Aveno Crema + Shampoo + Acondicionador + Gel + Solar,Aveno,97636.0,130182.0,True,,,> Bebés > Higiene del Bebé > Óleos y Algodón >,acondicionador,estandar,bebe,https://www.farmacity.com/infantil-aveno-crema-shampoo-acondicionador-gel-solar/p,True
793,Farmacity,239333,239333,Kit Rutina Completa L'Oreal Paris Elvive Hidra Hialurónico + Oleo Extraordinario,Elvive,32136.0,53560.0,True,,,> Cuidado Capilar > Shampoo Y Acondicionador >,tratamiento,profesional,general,https://www.farmacity.com/kit-elvive-hidra-hialuronico-rutina-completa-oleo-extraordinario/p,True
794,Farmacity,250125,250125,Crema para Peinar Goodbye Daños Oil Control x 300 ml,Fructis,12990.0,12990.0,True,300.0,43.3,> Cuidado Capilar > Modelado Y Peinado >,shampoo,estandar,general,https://www.farmacity.com/crema-para-peinar-good-bye-danos-oil-control-x-300-ml/p,False
795,Farmacity,250124,250124,Acondicionador Fructis Good Bye Daños Oil Control x 350 ml,Fructis,7990.0,7990.0,True,350.0,22.8286,> Cuidado Capilar > Shampoo Y Acondicionador >,acondicionador,estandar,general,https://www.farmacity.com/acondicionador-fructis-good-bye-danos-oil-control-x-350-ml/p,False
796,Farmacity,242447,242447,Kit Biferdil Champú Sellador del Color Quinoa + Tratamiento Protector Térmico + Pantalla Capilar,Biferdil,44280.0,44280.0,True,,,> Cuidado Capilar > Shampoo Y Acondicionador >,tratamiento,estandar,tratado,https://www.farmacity.com/combo-biferdil-champu-sellador-del-color-quinoa-x-400-ml-tratamiento-protector-termico-x-250-ml-pantalla-capilar-x-155-ml/p,True
797,Farmacity,232308,232308,Kit Ducha Johnson Baby,Johnson's,17301.0,17301.0,True,,,> Bebés > Higiene del Bebé > Baño Del Bebé >,tratamiento,estandar,general,https://www.farmacity.com/kit-ducha-johnson-baby/p,True
798,Farmacity,242448,242448,Kit Biferdil Champú Sellador del Color Quinoa + Máscara Ácida Biocolor + Tratamiento Óleo de Argán it Biferdil Champú Sellador del Color Quinoa + Máscara Ácida Biocolor + Tratamiento Óleo de Argán,Biferdil,62748.0,62748.0,True,,,> Cuidado Capilar > Shampoo Y Acondicionador >,tratamiento,estandar,tratado,https://www.farmacity.com/combo-biferdil-champu-sellador-del-color-quinoa-x-400-ml-mascara-acida-biocolor-0-x-150-ml-tratamiento-oleo-de-argan-x-58-ml/p,True
799,Farmacity,237019,237019,Kit Excellence Creme Tono 5 Castaño Claro + Elvive Colorvive Crema Tratamiento 300 ml,L'Oreal París,22217.0,34180.0,True,300.0,74.0567,> Cuidado Capilar > Coloración Y Oxidantes >,tratamiento,profesional,tratado,https://www.farmacity.com/kit-excellence-creme-tono-5-castano-claro-elvive-colorvive-crema-tratamiento-300-ml-/p,True
800,Farmacity,237022,237022,Kit Excellence Creme Tono 8 Rubio Claro + Elvive Colorvive Crema Tratamiento 300 ml,L'Oreal París,22217.0,34180.0,True,300.0,74.0567,> Cuidado Capilar > Coloración Y Oxidantes >,tratamiento,profesional,tratado,https://www.farmacity.com/kit-excellence-creme-tono-8-rubio-claro-elvive-colorvive-crema-tratamiento-300-ml-/p,True
801,Farmacity,208219,208219,Kit Ahorro Nopucid Loción x 65 ml + Spray Repelente,Nopucid,25238.0,25238.0,True,65.0,388.2769,"> Farmacia > Pediculosis > Lociones, Enjuagues Y Emulsiones >",tratamiento,estandar,general,https://www.farmacity.com/kit-ahorro-nopucid-locion-x-15-gr-spray-repelente-x-70-ml/p,True
802,Farmacity,230637,230637,Máscara Capilar Tresemmé Intensivo x 300 g,Tresemmé,9870.0,9870.0,True,300.0,32.9,> Cuidado Capilar > Reparación Y Tratamiento >,shampoo,estandar,general,https://www.farmacity.com/mascara-capilar-tresemme-intensivo-x-300-g/p,False
803,Farmacity,225833,225833,Loción Nopucid Touch en Aerosol x 145 ml,Nopucid,21304.0,21304.0,True,145.0,146.9241,"> Farmacia > Pediculosis > Lociones, Enjuagues Y Emulsiones >",shampoo,estandar,general,https://www.farmacity.com/locion-nopucid-touch-en-spray-x-145-ml/p,False
804,Farmacity,230636,230636,Máscara de Tratamiento Tresemmé Hidratación Pro Activa x 300 g,Tresemmé,9870.0,9870.0,True,300.0,32.9,> Cuidado Capilar > Reparación Y Tratamiento >,tratamiento,estandar,seco_danado,https://www.farmacity.com/mascara-capilar-tresemme-hidratacion-activa-x-300-g/p,False
805,Farmacity,586,23645,Acondicionador iluminador x 420 ml,Capilatis,9700.0,9700.0,True,420.0,23.0952,> Cuidado Capilar > Shampoo Y Acondicionador >,acondicionador,estandar,general,https://www.farmacity.com/acondicionador-iluminador-x-420-ml/p,False
806,Farmacity,240015,240015,Acondicionador Elvive Glycolic Gloss x 400 ml,Elvive,7494.0,12490.0,True,400.0,18.735,> Cuidado Capilar > Shampoo Y Acondicionador >,acondicionador,profesional,general,https://www.farmacity.com/acondicionador-elvive-glyco-gloss-x-400-ml/p,False
807,Farmacity,234285,234285,Acondicionador Pantene Pro-V Miracles Hidrata y Fortalece x 400 ml,Pantene,6137.0,10228.0,True,400.0,15.3425,> Cuidado Capilar > Shampoo Y Acondicionador >,acondicionador,profesional,seco_danado,https://www.farmacity.com/acondicionador-pantene-pro-v-miracles-hidrata-y-fortalece-x-400-ml/p,False
808,Farmacity,225536,225536,Acondicionador Bagóvit Capilar Reparación Intensiva x 350 ml,Bagóvit,8984.0,8984.0,True,350.0,25.6686,> Cuidado Capilar > Shampoo Y Acondicionador >,acondicionador,estandar,general,https://www.farmacity.com/acondicionador-bagovit-capilar-reparacion-intensiva-x-350-ml/p,False
809,Farmacity,9589,158663,Acondicionador Elvive Óleo Extraordinario Rizos x 400 ml,Elvive,6714.0,11190.0,True,400.0,16.785,> Cuidado Capilar > Shampoo Y Acondicionador >,acondicionador,profesional,rizado,https://www.farmacity.com/acondicionador-oleo-extraordinario-rizos-definidos-x-400-ml/p,False
810,Farmacity,5344,143509,Acondicionador Elvive Reparación Total Extreme x 400 ml,Elvive,6714.0,11190.0,True,400.0,16.785,> Cuidado Capilar > Shampoo Y Acondicionador >,acondicionador,profesional,general,https://www.farmacity.com/acondicionador-reparacion-total-extreme-x-400-ml/p,False
811,Farmacity,4379,139247,Acondicionador Elvive Colorvive x 400 ml,Elvive,6714.0,11190.0,True,400.0,16.785,> Cuidado Capilar > Shampoo Y Acondicionador >,acondicionador,profesional,tratado,https://www.farmacity.com/acondicionador-colorvive-x-400-ml/p,False
812,Farmacity,484,132368,Acondicionador Dove Óleo Nutrición x 400 ml,Dove,5812.0,9687.0,True,400.0,14.53,> Cuidado Capilar > Shampoo Y Acondicionador >,acondicionador,estandar,general,https://www.farmacity.com/acondicionador-dove-oleo-nutricion-botella-x-400-ml/p,False
813,Farmacity,245462,245462,Acondicionador Garnier Fructis Hair Food Ananá x 300 ml,Fructis,7273.0,11190.0,True,300.0,24.2433,> Cuidado Capilar > Shampoo Y Acondicionador >,acondicionador,estandar,general,https://www.farmacity.com/acondicionador-garnier-fructis-hair-food-anana-x-300-ml/p,False
814,Farmacity,238879,238879,Acondicionador Pantene Liso Infinito Pro-V Miracles x 400 ml,Pantene,6137.0,10228.0,True,400.0,15.3425,> Cuidado Capilar > Shampoo Y Acondicionador >,acondicionador,profesional,general,https://www.farmacity.com/acondicionador-pantene-pro-v-miracles-liso-infinito-x-400-ml/p,False
815,Farmacity,234286,234286,Acondicionador Pantene Pro-V Miracles Hidrata y Fortalece 750 ml,Pantene,10040.0,16733.0,True,750.0,13.3867,> Cuidado Capilar > Shampoo Y Acondicionador >,acondicionador,profesional,seco_danado,https://www.farmacity.com/acondicionador-pantene-pro-v-miracles-hidrata-y-fortalece-x-750-ml/p,False
816,Farmacity,230617,230617,Acondicionador Tresemmé Ondas Boho x 500 ml,Tresemmé,6574.0,10114.0,True,500.0,13.148,> Cuidado Capilar > Shampoo Y Acondicionador >,acondicionador,estandar,general,https://www.farmacity.com/acondiconado-tresemme-ondas-boho-x-500-ml/p,False
817,Farmacity,221681,221681,Acondicionador Elvive Hidra Hialuronico x 200 ml,Elvive,4194.0,6990.0,True,200.0,20.97,> Cuidado Capilar > Shampoo Y Acondicionador >,acondicionador,profesional,general,https://www.farmacity.com/acondicionador-elvive-hidra-hialuronico-x-200-ml/p,False
818,Farmacity,208136,208136,Acondicionador Elvive Dream Long x 400 ml,Elvive,6714.0,11190.0,True,400.0,16.785,> Cuidado Capilar > Shampoo Y Acondicionador >,acondicionador,profesional,general,https://www.farmacity.com/acondicionador-dream-long-elvive-loreal-paris-x-400-ml/p,False
819,Farmacity,4181,139238,Acondicionador Elvive Reparación Total 5 x 400 ml,Elvive,6714.0,11190.0,True,400.0,16.785,> Cuidado Capilar > Shampoo Y Acondicionador >,acondicionador,profesional,general,https://www.farmacity.com/acondicionador-reparacion-total-5-x-400-ml-139238/p,False
820,Farmacity,244696,244696,Acondicionador Elvive Dream Liso x 750 ml,Elvive,19990.0,19990.0,True,750.0,26.6533,> Cuidado Capilar > Shampoo Y Acondicionador >,acondicionador,profesional,general,https://www.farmacity.com/acondicionador-elvive-dream-liso-x-750-ml/p,False
821,Farmacity,243704,243704,Acondicionador Antiquiebre Pantene Biotinamina B3 para Cabello Frágil y Quebradizo x 510 ml,Pantene,10285.0,17142.0,True,510.0,20.1667,> Cuidado Capilar > Shampoo Y Acondicionador >,acondicionador,estandar,seco_danado,https://www.farmacity.com/acondicionador-pantene-anti-caida-x-510-ml/p,False
822,Farmacity,240014,240014,Acondicionador Elvive Glycolic Gloss x 200 ml,Elvive,7490.0,7490.0,True,200.0,37.45,> Cuidado Capilar > Shampoo Y Acondicionador >,acondicionador,profesional,general,https://www.farmacity.com/acondicionador-elvive-glyco-gloss-x-200-ml/p,False
823,Farmacity,237878,237878,Acondicionador Capilatis Ortiga Concentrado x 420 ml,Capilatis,7575.0,10100.0,True,420.0,18.0357,> Cuidado Capilar > Shampoo Y Acondicionador >,acondicionador,estandar,general,https://www.farmacity.com/acondicionador-capilatis-ortiga-concentrado-x-420-ml/p,False
824,Farmacity,230627,230627,Acondicionador Dosificador Tresemmé Cauterización Reparadora x 500 ml,Tresemmé,6574.0,10114.0,True,500.0,13.148,> Cuidado Capilar > Shampoo Y Acondicionador >,acondicionador,estandar,general,https://www.farmacity.com/acondicionador-dosificador-tresemme-cauterizacion-reparadora-x-500-ml/p,False
825,Farmacity,229981,229981,Acondicionador Tío Nacho Engrosador x 415 ml,Tío Nacho,11750.0,11750.0,True,415.0,28.3133,> Cuidado Capilar > Shampoo Y Acondicionador >,acondicionador,estandar,general,https://www.farmacity.com/acondicionador-tio-nacho-engrosador-x-415-ml/p,False
826,Farmacity,226014,226014,Acondicionador Alta Moda Repair & Defense x 300 ml,Alta Moda,5692.0,5692.0,True,300.0,18.9733,> Cuidado Capilar > Shampoo Y Acondicionador >,acondicionador,profesional,general,https://www.farmacity.com/acondicionador-alta-moda-e-repair-y-defense-x-300-ml/p,False
827,Farmacity,224346,224346,Acondicionador Garnier Fructis Hair Food Sandia x 300 ml,Fructis,7273.0,11190.0,True,300.0,24.2433,> Cuidado Capilar > Shampoo Y Acondicionador >,acondicionador,estandar,general,https://www.farmacity.com/acondicionador-garnier-fructis-hair-food-sandia-revitalizante-x-300-ml/p,False
828,Farmacity,220449,220449,Acondicionador Desenredante Capilar Nic Desenready x 210 ml,Nic,10392.0,12990.0,True,210.0,49.4857,> Cuidado Capilar > Shampoo Y Acondicionador >,acondicionador,estandar,general,https://www.farmacity.com/tratamiento-capilar-nic-desenready-x-210-ml/p,False
829,Farmacity,217208,217208,Acondicionador Fructis Hair Food Coco x 300 ml,Fructis,7273.0,11190.0,True,300.0,24.2433,> Cuidado Capilar > Shampoo Y Acondicionador >,acondicionador,estandar,general,https://www.farmacity.com/acondicionador-fructis-hair-food-coco-x-300-ml/p,False
830,Farmacity,217206,217206,Acondicionador Garnier Fructis Hair Food Aloe x 300 ml,Fructis,7273.0,11190.0,True,300.0,24.2433,> Cuidado Capilar > Shampoo Y Acondicionador >,acondicionador,estandar,general,https://www.farmacity.com/acondicionador-fructis-hair-food-aloe-vera-x-300-ml/p,False
831,Farmacity,204166,200364,Acondicionador Herbal Essences Coconut Milk x 400 ml,Herbal Essences,10574.0,16267.0,True,400.0,26.435,> Cuidado Capilar > Shampoo Y Acondicionador >,acondicionador,estandar,general,https://www.farmacity.com/acond-herbal-renew-coconut-milk-x-400ml/p,False
832,Farmacity,204162,200360,Acondicionador Herbal Essences Bio Argan Oil x 400 ml,Herbal Essences,10574.0,16267.0,True,400.0,26.435,> Cuidado Capilar > Shampoo Y Acondicionador >,acondicionador,estandar,general,https://www.farmacity.com/acond-herbal-renew-reparacion-argan-oil-x-400ml/p,False
833,Farmacity,235938,235938,Acondicionador Fructis Hydra Liss x 350 ml,Fructis,7990.0,7990.0,True,350.0,22.8286,> Cuidado Capilar > Shampoo Y Acondicionador >,acondicionador,estandar,general,https://www.farmacity.com/acondicionador-fructis-hydra-liss-x-350-ml/p,False
834,Farmacity,235656,235656,Acondicionador Pantene Pro-V Miracles Detox 700 ml,Pantene,10040.0,16733.0,True,700.0,14.3429,> Cuidado Capilar > Shampoo Y Acondicionador >,acondicionador,profesional,general,https://www.farmacity.com/acondicionador-pantene-pro-v-miracles-detox-x-700-ml/p,False
835,Farmacity,233318,233318,Acondicionador Alta Moda Detox Purify x 300 ml,Alta Moda,5692.0,5692.0,True,300.0,18.9733,> Cuidado Capilar > Shampoo Y Acondicionador >,acondicionador,estandar,general,https://www.farmacity.com/balsamo-suavizante-moda-e-detox-x-300-ml/p,False
836,Farmacity,225993,225993,Acondicionador Alta Moda Hydra Save x 300 ml,Alta Moda,5692.0,5692.0,True,300.0,18.9733,> Cuidado Capilar > Shampoo Y Acondicionador >,acondicionador,estandar,general,https://www.farmacity.com/acondicionador-alta-moda-e-hydra-nutri-x-300-g/p,False
837,Farmacity,215470,215470,Acondicionador Head & Shoulders Aceite de Coco x 300 ml,Head And Shoulders,7264.0,11175.0,True,300.0,24.2133,> Cuidado Capilar > Shampoo Y Acondicionador >,acondicionador,estandar,general,https://www.farmacity.com/acondicionador-head-shouders-hidratacion-con-aceite-de-coco-x-300-ml/p,False
838,Farmacity,208135,208135,Acondicionador Elvive Dream Long x 200 ml,Elvive,4194.0,6990.0,True,200.0,20.97,> Cuidado Capilar > Shampoo Y Acondicionador >,acondicionador,profesional,general,https://www.farmacity.com/acondicionador-dream-long-elvive-loreal-paris-x-200-ml/p,False
839,Farmacity,207430,207430,Acondicionador Ogx Argan Oil Morrocco x 385 ml,Ogx,27154.0,27154.0,True,385.0,70.5299,> Cuidado Capilar > Shampoo Y Acondicionador >,acondicionador,estandar,general,https://www.farmacity.com/acondicionador-ogx-argan-oil-morrocco-x-385-ml/p,False
840,Farmacity,201967,201967,Acondicionador para Niños Johnson's Baby Rulos de Ensueño x 200 ml,Johnson's,4540.0,6486.0,True,200.0,22.7,> Bebés > Higiene del Bebé > Baño Del Bebé >,acondicionador,estandar,rizado,https://www.farmacity.com/acondicionador-para-niños-johnsons-baby-rulos-de-ensueño-x-200-ml/p,False
841,Farmacity,248786,248786,Acondicionador Dercos Collagen 17 x 200 ml,Vichy,64802.0,64802.0,True,200.0,324.01,> Dermocosmética > Pelo > Shampoos y Acondicionadores >,acondicionador,estandar,general,https://www.farmacity.com/acondicionador-dercos-ultra-reparacion-x-200-ml/p,False
842,Farmacity,243912,243912,Acondicionador Fructis Probióticos Fuerza x 200 ml,Fructis,5490.0,5490.0,True,200.0,27.45,> Cuidado Capilar > Shampoo Y Acondicionador >,acondicionador,profesional,general,https://www.farmacity.com/acondicionador-fructis-probioticos-fuerza-x-200-ml/p,False
843,Farmacity,241571,241571,Acondicionador Bagóvit Capilar Plasma Vegetal x 350 ml,Bagóvit,10470.0,10470.0,True,350.0,29.9143,> Cuidado Capilar > Shampoo Y Acondicionador >,acondicionador,estandar,general,https://www.farmacity.com/acondicionador-bagovit-capilar-plasma-vegetal-x-350-ml-1/p,False
844,Farmacity,240910,240910,Acondicionador Baby Dove Humectación Enriquecida x 200 ml,Dove,7011.0,7011.0,True,200.0,35.055,> Bebés > Higiene del Bebé > Baño Del Bebé >,acondicionador,estandar,general,https://www.farmacity.com/acondicionador-dove-baby-humectacion-enriquecida-x-200-ml/p,False
845,Farmacity,239938,239938,Acondicionador Pantene Keratina x 700 ml,Pantene,15128.0,15128.0,True,700.0,21.6114,> Cuidado Capilar > Shampoo Y Acondicionador >,acondicionador,estandar,tratado,https://www.farmacity.com/acondicionador-pantene-keratina-x-700-ml/p,False
846,Farmacity,235663,235663,Acondicionador Pantene Pro-V Miracles Equilibrio Hidratante 200 ml,Pantene,3807.0,6345.0,True,200.0,19.035,> Cuidado Capilar > Shampoo Y Acondicionador >,acondicionador,profesional,seco_danado,https://www.farmacity.com/acondicionador-pantene-pro-v-miracles-equilibrio-x-200-ml/p,False
847,Farmacity,214538,214538,Acondicionador Head & Shoulders Apple Fresh x 300 ml,Head And Shoulders,7264.0,11175.0,True,300.0,24.2133,> Cuidado Capilar > Shampoo Y Acondicionador >,acondicionador,estandar,general,https://www.farmacity.com/acondicionador-head-and-shoulders-apple-fresh-x-300-ml/p,False
848,Farmacity,207432,207432,Acondicionador Ogx Biotin Collagen x 385 Ml,Ogx,13577.0,27154.0,True,385.0,35.2649,> Cuidado Capilar > Shampoo Y Acondicionador >,acondicionador,estandar,general,https://www.farmacity.com/acondicionador-ogx-biotin-collagen-x-385-ml/p,False
849,Farmacity,161059,161059,Acondicionador Aveno Bebes y Niños x 250 ml,Aveno,22618.0,30157.0,True,250.0,90.472,> Bebés > Higiene del Bebé > Baño Del Bebé >,acondicionador,estandar,bebe,https://www.farmacity.com/aveno-infantil-acondicionador-x-250-ml/p,False
850,Farmacity,243911,243911,Acondicionador Fructis Probióticos Fuerza x 350 ml,Fructis,7990.0,7990.0,True,350.0,22.8286,> Cuidado Capilar > Shampoo Y Acondicionador >,acondicionador,profesional,general,https://www.farmacity.com/acondicionador-fructis-probioticos-fuerza-x-350-ml/p,False
851,Farmacity,238886,238886,Acondicionador Pantene Pro-V Miracles Revitalizacion x 200 ml,Pantene,3807.0,6345.0,True,200.0,19.035,> Cuidado Capilar > Shampoo Y Acondicionador >,acondicionador,profesional,general,https://www.farmacity.com/acondicionador-pantene-pro-v-miracles-revitalizacion-x-200-ml/p,False
852,Farmacity,238880,238880,Acondicionador Pantene Pro-V Miracles Liso Infinito x 200 ml,Pantene,3807.0,6345.0,True,200.0,19.035,> Cuidado Capilar > Shampoo Y Acondicionador >,acondicionador,profesional,general,https://www.farmacity.com/acondicionador-pantene-pro-v-miracles-liso-infinito-x-200-ml/p,False
853,Farmacity,236808,236808,Acondicionador Sedal Prebióticos+Biotina x 340 ml,Sedal,5837.0,5837.0,True,340.0,17.1676,> Cuidado Capilar > Shampoo Y Acondicionador >,acondicionador,estandar,general,https://www.farmacity.com/acondicionador-sedal-prebioticos-biotina-x-340-ml/p,False
854,Farmacity,230624,230624,Acondicionador Tresemmé Cauterización Reparadora x 250 ml,Tresemmé,6091.0,6091.0,True,250.0,24.364,> Cuidado Capilar > Shampoo Y Acondicionador >,acondicionador,estandar,general,https://www.farmacity.com/acondicionador-tresemme-cauterizacion-reparadora-x-250-ml/p,False
855,Farmacity,230623,230623,Acondicionador Tresemmé Keratina AntiFrizz x 250 ml,Tresemmé,6091.0,6091.0,True,250.0,24.364,> Cuidado Capilar > Shampoo Y Acondicionador >,acondicionador,estandar,tratado,https://www.farmacity.com/acondicionador-tresemme-keratina-antifrizz-x-250-ml/p,False
856,Farmacity,208716,208716,Acondicionador Capilatis con Aloe Vera Puro x 420 ml,Capilatis,11000.0,11000.0,True,420.0,26.1905,> Cuidado Capilar > Reparación Y Tratamiento >,acondicionador,estandar,general,https://www.farmacity.com/acondicionador-capilatis-con-aloe-vera-puro-x-420-ml/p,False
857,Farmacity,200785,200785,Acondicionador Fructis Liso Coco x 200 ml,Fructis,5490.0,5490.0,True,200.0,27.45,> Cuidado Capilar > Shampoo Y Acondicionador >,acondicionador,estandar,general,https://www.farmacity.com/acondicionador-fructis-liso-coco-x-200-ml/p,False
858,Farmacity,163842,163842,Acondicionador Fructis Recarga Nutritiva x 350 ml,Fructis,7990.0,7990.0,True,350.0,22.8286,> Cuidado Capilar > Shampoo Y Acondicionador >,acondicionador,estandar,general,https://www.farmacity.com/acondicionador-fructis-recarga-nutritiva-x-350-ml/p,False
859,Farmacity,16821,163825,Acondicionador Fructis Recarga Nutritiva x 200 ml,Fructis,5490.0,5490.0,True,200.0,27.45,> Cuidado Capilar > Shampoo Y Acondicionador >,acondicionador,estandar,general,https://www.farmacity.com/acondicionador-fructis-recarga-nutritiva-x-200-ml/p,False
860,Farmacity,9174,157030,Acondicionador Fortalecedor Diario Restauración Pantene Pro-V 3 Minute Miracle 170 ml,Pantene,9647.0,9647.0,True,170.0,56.7471,> Cuidado Capilar > Shampoo Y Acondicionador >,acondicionador,profesional,general,https://www.farmacity.com/acondicionador-pantene-pro-v-3-minute-miracle-restauracion-x-170-ml/p,False
861,Farmacity,5353,143510,Acondicionador Elvive Reparación Total Extreme x 750 ml,Elvive,17990.0,17990.0,True,750.0,23.9867,> Cuidado Capilar > Shampoo Y Acondicionador >,acondicionador,profesional,general,https://www.farmacity.com/acondicionador-reparacion-total-extreme-x-750-ml/p,False
862,Farmacity,301,112805,Acondicionador Capilatis Restaurador x 420 ml,Capilatis,9700.0,9700.0,True,420.0,23.0952,> Cuidado Capilar > Shampoo Y Acondicionador >,acondicionador,estandar,general,https://www.farmacity.com/acondicionador-restaurador-x-420-ml/p,False
863,Farmacity,246,45399,Acondicionador para Bebé Johnson's Original x 400 ml,Johnson's,8331.0,11902.0,True,400.0,20.8275,> Bebés > Higiene del Bebé > Baño Del Bebé >,acondicionador,estandar,bebe,https://www.farmacity.com/acondicionardor-para-bebe-johnsons-original-x-400-ml/p,False
864,Farmacity,248327,248327,Acondicionador Ice Professional Repair My Hair x 250 ml,Ice,17500.0,25000.0,True,250.0,70.0,> Cuidado Capilar > Shampoo Y Acondicionador >,acondicionador,profesional,general,https://www.farmacity.com/acondicionador-ice-professional-repair-my-hair-x-250-ml/p,False
865,Farmacity,239945,239945,Acondicionador Fortalecedor Diario Pantene Pro-V 3 Minutos Milagrosos Nutrición x 170 ml,Pantene,9647.0,9647.0,True,170.0,56.7471,> Cuidado Capilar > Shampoo Y Acondicionador >,acondicionador,profesional,general,https://www.farmacity.com/acondicionador-pantene-pro-v-3-minute-miracle-nutri-perlas-x-170-ml/p,False
866,Farmacity,147269,147269,Acondicionador Elvive Oleo Extraordinario Coco x 400 ml,Elvive,5595.0,11190.0,True,400.0,13.9875,> Cuidado Capilar > Shampoo Y Acondicionador >,acondicionador,profesional,general,https://www.farmacity.com/acondicionador-elvive-oleo-coco-x-400-ml/p,False
867,Farmacity,249900,249900,Acondicionador Primont Queration x 400 ml,Primont,10596.0,10596.0,True,400.0,26.49,> Cuidado Capilar > Shampoo Y Acondicionador >,acondicionador,estandar,general,https://www.farmacity.com/acondicionador-primont-queration-x-400-ml/p,False
868,Farmacity,244707,244707,Acondicionador Ecohair Sensitive Producto Cosmético x 200 ml,Garre Guevara,26000.0,26000.0,True,200.0,130.0,> Venta Bajo Receta > Dermatológico >,acondicionador,estandar,general,https://www.farmacity.com/acondicionador-ecohair-sensitive-producto-cosmetico-x-200-ml/p,False
869,Farmacity,237266,237266,Acondicionador Capilatis Manzanilla x 420 ml,Capilatis,9700.0,9700.0,True,420.0,23.0952,> Cuidado Capilar > Shampoo Y Acondicionador >,acondicionador,estandar,general,https://www.farmacity.com/acondicionador-capilatis-manzanilla-x-420-ml/p,False
870,Farmacity,229989,229989,Acondicionador Tio Nacho Aclarante x 200 ml,Tío Nacho,8057.0,8057.0,True,200.0,40.285,> Cuidado Capilar > Shampoo Y Acondicionador >,acondicionador,estandar,general,https://www.farmacity.com/acondicionador-tio-nacho-aclarante-x-200-ml/p,False
871,Farmacity,229987,229987,Acondicionador Tío Nacho Engrosador x 200 ml,Tío Nacho,8250.0,8250.0,True,200.0,41.25,> Cuidado Capilar > Shampoo Y Acondicionador >,acondicionador,estandar,general,https://www.farmacity.com/acondicionador-tio-nacho-engrosador-x-200-ml/p,False
872,Farmacity,244693,244693,Acondicionador Elvive Dream Liso x 400 ml,Elvive,7494.0,12490.0,True,400.0,18.735,> Cuidado Capilar > Shampoo Y Acondicionador >,acondicionador,profesional,general,https://www.farmacity.com/acondicionador-elvive-dream-liso-x-400-ml/p,False
873,Farmacity,295,109080,Acondicionador Dove Reconstrucción + Aminoácido x 400 ml,Dove,5812.0,9687.0,True,400.0,14.53,> Cuidado Capilar > Shampoo Y Acondicionador >,acondicionador,estandar,general,https://www.farmacity.com/acondicionador-dove-reconstruccion-completa-botella-x-400-ml/p,False
874,Farmacity,230626,230626,Acondicionador Dosificador Tresemmé Keratina AntiFrizz x 500 ml,Tresemmé,6574.0,10114.0,True,500.0,13.148,> Cuidado Capilar > Shampoo Y Acondicionador >,acondicionador,estandar,tratado,https://www.farmacity.com/acondicionador-dosificador-tresemme-keratina-antifrizz-x-500-ml/p,False
875,Farmacity,239709,239709,Acondicionador Fructis Hair Food Cacao x 300 ml,Fructis,7273.0,11190.0,True,300.0,24.2433,> Cuidado Capilar > Shampoo Y Acondicionador >,acondicionador,estandar,general,https://www.farmacity.com/acondicionador-garnier-fructis-hair-food-manteca-de-cacao-x-300-ml/p,False
876,Farmacity,230628,230628,Acondicionador Dosificador Tresemmé Liso Efecto Botox x 500 ml,Tresemmé,6574.0,10114.0,True,500.0,13.148,> Cuidado Capilar > Shampoo Y Acondicionador >,acondicionador,estandar,general,https://www.farmacity.com/acondicionador-dosificador-tresemme-liso-efecto-botox-x-500-ml/p,False
877,Farmacity,215074,215074,Acondicionador Dove Regeneración + Retinol x 400 ml,Dove,5812.0,9687.0,True,400.0,14.53,> Cuidado Capilar > Shampoo Y Acondicionador >,acondicionador,estandar,general,https://www.farmacity.com/acondicionador-dove-regeneracion-extrema-x-400-ml/p,False
878,Farmacity,244542,244542,Acondicionador Reparador Pantene Pro-V Miracles Keratina Repara y Protege x 510 ml,Pantene,10285.0,17142.0,True,510.0,20.1667,> Cuidado Capilar > Shampoo Y Acondicionador >,acondicionador,profesional,tratado,https://www.farmacity.com/acondicionador-pantene-keratina-x-510-ml/p,False
879,Farmacity,235660,235660,Acondicionador Pantene Pro-V Miracles Equilibrio Hidratante x 400 ml,Pantene,6137.0,10228.0,True,400.0,15.3425,> Cuidado Capilar > Shampoo Y Acondicionador >,acondicionador,profesional,seco_danado,https://www.farmacity.com/acondicionador-pantene-pro-v-miracles-equilibrio-x-400-ml/p,False
880,Farmacity,235653,235653,Acondicionador Pantene Pro-V Miracles Detox Hidratante 200 ml,Pantene,3807.0,6345.0,True,200.0,19.035,> Cuidado Capilar > Shampoo Y Acondicionador >,acondicionador,profesional,seco_danado,https://www.farmacity.com/acondicionador-pantene-pro-v-miracles-detox-x-200-ml/p,False
881,Farmacity,229991,229991,Acondicionador Elvive Colorvive x 200 ml,Elvive,4494.0,7490.0,True,200.0,22.47,> Cuidado Capilar > Shampoo Y Acondicionador >,acondicionador,profesional,tratado,https://www.farmacity.com/acondicionador-elvive-matizador-violeta-x-200-ml/p,False
882,Farmacity,229979,229979,Acondicionador Tío Nacho Herbolaria Milenaria x 415 ml,Tío Nacho,11750.0,11750.0,True,415.0,28.3133,> Cuidado Capilar > Shampoo Y Acondicionador >,acondicionador,estandar,general,https://www.farmacity.com/acondicionador-tio-nacho-herbolaria-milenaria-x-415-ml/p,False
883,Farmacity,223268,223268,Acondicionador para Niños Johnson’s Baby Gotas de Brillo x 400 ml,Johnson's,7169.0,10241.0,True,400.0,17.9225,> Bebés > Higiene del Bebé > Baño Del Bebé >,acondicionador,estandar,bebe,https://www.farmacity.com/acondicionador-johnsons-baby-gotas-de-brillo-x-40-ml/p,False
884,Farmacity,220331,220331,Acondicionador Pantene Pro-V Solutions Restauración x 400 ml,Pantene,6137.0,10228.0,True,400.0,15.3425,> Cuidado Capilar > Shampoo Y Acondicionador >,acondicionador,profesional,general,https://www.farmacity.com/acondicionador-pantene-miracle-restauracion-x-400-ml/p,False
885,Farmacity,7842,152463,Acondicionador para Niños Johnson's Baby Gotas de Brillo x 200 ml,Johnson's,4619.0,6599.0,True,200.0,23.095,> Bebés > Higiene del Bebé > Baño Del Bebé >,acondicionador,estandar,bebe,https://www.farmacity.com/acondicionador-gotas-de-brillo-x-200-ml/p,False
886,Farmacity,6187,147255,Acondicionador Elvive Óleo Extraordinario x 200 ml,Elvive,4194.0,6990.0,True,200.0,20.97,> Cuidado Capilar > Shampoo Y Acondicionador >,acondicionador,profesional,general,https://www.farmacity.com/acondicionador-oleo-extraordinario-nutricion-universal-x-200-ml/p,False
887,Farmacity,243701,243701,Acondicionador Pantene Anti Caida x 250 ml,Pantene,6032.0,10054.0,True,250.0,24.128,> Cuidado Capilar > Shampoo Y Acondicionador >,acondicionador,estandar,general,https://www.farmacity.com/acondicionador-pantene-anti-caida-x-250-ml/p,False
888,Farmacity,240016,240016,Acondicionador Elvive Glycolic Gloss x 750 ml,Elvive,19990.0,19990.0,True,750.0,26.6533,> Cuidado Capilar > Shampoo Y Acondicionador >,acondicionador,profesional,general,https://www.farmacity.com/acondicionador-elvive-glyco-gloss-x-750-ml/p,False
889,Farmacity,239944,239944,Acondicionador Pantene Keratina x 200 ml,Pantene,3807.0,6345.0,True,200.0,19.035,> Cuidado Capilar > Shampoo Y Acondicionador >,acondicionador,estandar,tratado,https://www.farmacity.com/acondicionador-pantene-keratina-x-200-ml/p,False
890,Farmacity,238884,238884,Acondicionador Pantene Pro-V Miracles Revitalizacion x 750 ml,Pantene,16733.0,16733.0,True,750.0,22.3107,> Cuidado Capilar > Shampoo Y Acondicionador >,acondicionador,profesional,general,https://www.farmacity.com/acondicionador-pantene-pro-v-miracles-revitalizacion-x-750-ml/p,False
891,Farmacity,237263,237263,Acondicionador Capilatis Plex Reparación Absoluta x 350 ml,Capilatis,13000.0,13000.0,True,350.0,37.1429,> Cuidado Capilar > Shampoo Y Acondicionador >,acondicionador,estandar,general,https://www.farmacity.com/acondicionador-capilatis-plex-reparacion-absoluta-x-350-ml/p,False
892,Farmacity,235658,235658,Acondicionador Pantene Pro-V Miracles Detox x 400 ml,Pantene,6137.0,10228.0,True,400.0,15.3425,> Cuidado Capilar > Shampoo Y Acondicionador >,acondicionador,profesional,general,https://www.farmacity.com/acondicionador-pantene-pro-v-miracles-detox-x-400-ml/p,False
893,Farmacity,230629,230629,Acondicionador Dosificador Tresemmé Detox Capilar x 500 ml,Tresemmé,6574.0,10114.0,True,500.0,13.148,> Cuidado Capilar > Shampoo Y Acondicionador >,acondicionador,estandar,general,https://www.farmacity.com/acondicionador-dosificador-tresemme-detox-capilar-x-500-ml/p,False
894,Farmacity,219376,219376,Acondicionador Alta Moda Super Oils x 300 ml,Alta Moda,5692.0,5692.0,True,300.0,18.9733,> Cuidado Capilar > Shampoo Y Acondicionador >,acondicionador,estandar,general,https://www.farmacity.com/acondicionador-alta-moda-e-argan-therapy-x-300-ml/p,False
895,Farmacity,214534,214534,Acondicionador Head & Shoulders Protección Caída x 300 ml,Head And Shoulders,7264.0,11175.0,True,300.0,24.2133,> Cuidado Capilar > Shampoo Y Acondicionador >,acondicionador,estandar,general,https://www.farmacity.com/acondicionador-head-and-shoulders-anti-fall-x-300-ml/p,False
896,Farmacity,207428,207428,Acondicionador Ogx Brazilian Keratin Smooth x 385 ml,Ogx,27154.0,27154.0,True,385.0,70.5299,> Cuidado Capilar > Shampoo Y Acondicionador >,acondicionador,estandar,general,https://www.farmacity.com/acondicionador-ogx-brazilian-keratin-smooth-x-385-ml/p,False
897,Farmacity,221687,221687,Acondicionador Head & Shoulders Crece Fuerte Desde la Raíz x 300 ml,Head And Shoulders,7264.0,11175.0,True,300.0,24.2133,> Cuidado Capilar > Shampoo Y Acondicionador >,acondicionador,estandar,general,https://www.farmacity.com/acondicionador-head-y-shoulders-crece-fuerte-desde-la-raiz-x-300-ml/p,False
898,Farmacity,221683,221683,Acondicionador Elvive Hidra Hialuronico x 750 ml,Elvive,17990.0,17990.0,True,750.0,23.9867,> Cuidado Capilar > Shampoo Y Acondicionador >,acondicionador,profesional,general,https://www.farmacity.com/acondicionador-elvive-hidra-hialuronico-x-750-ml/p,False
899,Farmacity,9588,158661,Acondicionador Elvive Óleo Extraordinario Rizos x 200 ml,Elvive,6990.0,6990.0,True,200.0,34.95,> Cuidado Capilar > Shampoo Y Acondicionador >,acondicionador,profesional,rizado,https://www.farmacity.com/acondicionador-oleo-extraordinario-rizos-definidos-x-200-ml/p,False
900,Farmacity,371,23604,Acondicionador Capilatis Ortiga con Extracto Vegetal para Caída x 410 ml,Capilatis,9700.0,9700.0,True,410.0,23.6585,> Cuidado Capilar > Shampoo Y Acondicionador >,acondicionador,estandar,general,https://www.farmacity.com/enjuague-control-caida-x-410-ml/p,False
901,Farmacity,229983,229983,Acondicionador Tío Nacho Aclarante x 415 ml,Tío Nacho,8225.0,11750.0,True,415.0,19.8193,> Cuidado Capilar > Shampoo Y Acondicionador >,acondicionador,estandar,general,https://www.farmacity.com/acondicionador-tio-nacho-aclarante-x-415-ml/p,False
902,Farmacity,225535,225535,Acondicionador Bagóvit Capilar Nutrición x 350 ml,Bagóvit,9973.0,9973.0,True,350.0,28.4943,> Cuidado Capilar > Shampoo Y Acondicionador >,acondicionador,estandar,general,https://www.farmacity.com/acondicionador-bagovit-capilar-nutricion-profunda-x-350-ml/p,False
903,Farmacity,200788,200788,Acondicionador Fructis Liso Coco x 350 ml,Fructis,7990.0,7990.0,True,350.0,22.8286,> Cuidado Capilar > Shampoo Y Acondicionador >,acondicionador,estandar,general,https://www.farmacity.com/acondicionador-fructis-liso-coco-x-350-ml/p,False
904,Farmacity,15062,34403,Acondicionador Aveno Restaurador Capilar x 250 ml,Aveno,22398.0,29864.0,True,250.0,89.592,> Cuidado Capilar > Shampoo Y Acondicionador >,acondicionador,estandar,general,https://www.farmacity.com/acondicionador-reactivo-hidratante-y-emoliente-x-250-ml/p,False
905,Farmacity,8876,156328,Acondicionador Sedal Rizos Definidos x 340 ml,Sedal,5836.0,5836.0,True,340.0,17.1647,> Cuidado Capilar > Shampoo Y Acondicionador >,acondicionador,estandar,rizado,https://www.farmacity.com/acondicionador-rizos-definidos-botella-x-340-ml/p,False
906,Farmacity,701,132367,Acondicionador Dove Nutrición + Tri-Óleos x 200 ml,Dove,5788.0,5788.0,True,200.0,28.94,> Cuidado Capilar > Shampoo Y Acondicionador >,acondicionador,estandar,general,https://www.farmacity.com/acondicionador-dove-oleo-nutricion-botella-x-200-ml/p,False
907,Farmacity,398,45397,Acondicionador para Bebé Johnson's Cabello Claro x 200 ml,Johnson's,5018.0,7168.0,True,200.0,25.09,> Bebés > Higiene del Bebé > Baño Del Bebé >,acondicionador,estandar,bebe,https://www.farmacity.com/acondicionador-para-bebe-cabello-claro-x-200-ml/p,False
908,Farmacity,244,126742,Acondicionador para Bebé Johnson's Original x 200 ml,Johnson's,5018.0,7168.0,True,200.0,25.09,> Bebés > Higiene del Bebé > Baño Del Bebé >,acondicionador,estandar,bebe,https://www.farmacity.com/acondicionardor-para-bebe-johnsons-original-x-200-ml/p,False
909,Farmacity,243573,243573,Acondicionador Sedal Luminous UV x 340 ml,Sedal,5837.0,5837.0,True,340.0,17.1676,> Cuidado Capilar > Shampoo Y Acondicionador >,acondicionador,estandar,general,https://www.farmacity.com/acondicionador-sedal-luminous-uv-x-340-ml/p,False
910,Farmacity,239424,239424,Acondicionador Tío Nacho Henna Egipcia Efecto Anti Canas x 415 ml,Tío Nacho,8225.0,11750.0,True,415.0,19.8193,> Cuidado Capilar > Shampoo Y Acondicionador >,acondicionador,estandar,general,https://www.farmacity.com/acondicionador-tio-nacho-anticanas-x-415-ml/p,False
911,Farmacity,238876,238876,Acondicionador Pantene Pro-V Miracles Volumen x 750 ml,Pantene,16733.0,16733.0,True,750.0,22.3107,> Cuidado Capilar > Shampoo Y Acondicionador >,acondicionador,profesional,general,https://www.farmacity.com/acondicionador-pantene-pro-v-miracles-volumen-x-750-ml/p,False
912,Farmacity,234284,234284,Acondicionador Pantene Pro-V Miracles Hidratante 200 ml,Pantene,3807.0,6345.0,True,200.0,19.035,> Cuidado Capilar > Shampoo Y Acondicionador >,acondicionador,profesional,seco_danado,https://www.farmacity.com/acondicionador-pantene-pro-v-miracles-hidrata-y-fortalece-x-200-ml/p,False
913,Farmacity,8873,156290,Acondicionador Sedal Ceramidas x 190 ml,Sedal,3907.0,3907.0,True,190.0,20.5632,> Cuidado Capilar > Shampoo Y Acondicionador >,acondicionador,estandar,general,https://www.farmacity.com/acondicionador-ceramidas-x-190-ml/p,False
914,Farmacity,3842,137317,Acondicionador con Keratina x 350 ml,Capilatis,9900.0,9900.0,True,350.0,28.2857,> Cuidado Capilar > Shampoo Y Acondicionador >,acondicionador,estandar,tratado,https://www.farmacity.com/acondicionador-con-keratina-x-350-ml/p,False
915,Farmacity,232723,232723,Acondicionador Capilatis Natural Nutritivo x 420 ml,Capilatis,9700.0,9700.0,True,420.0,23.0952,> Cuidado Capilar > Shampoo Y Acondicionador >,acondicionador,estandar,general,https://www.farmacity.com/acondicionador-capilatis-natural-nutritivo-x-420-ml/p,False
916,Farmacity,220327,220327,Acondicionador Pantene Brillo Extremo x 200 ml,Pantene,4697.0,4697.0,True,200.0,23.485,> Cuidado Capilar > Shampoo Y Acondicionador >,acondicionador,estandar,general,https://www.farmacity.com/acondicionador-pantene-miracle-brillo-extremo-x-200-ml/p,False
917,Farmacity,215073,215073,Acondicionador Dove Regeneración + Retinol x 200 ml,Dove,5788.0,5788.0,True,200.0,28.94,> Cuidado Capilar > Shampoo Y Acondicionador >,acondicionador,estandar,general,https://www.farmacity.com/acondicionador-dove-regeneracion-extrema-x-200-ml/p,False
918,Farmacity,8849,156327,Acondicionador Sedal Restauración Instantánea x 340 ml,Sedal,5836.0,5836.0,True,340.0,17.1647,> Cuidado Capilar > Shampoo Y Acondicionador >,acondicionador,estandar,general,https://www.farmacity.com/acondicionador-sedal-restauracion-instantanea-botella-x-340-ml/p,False
919,Farmacity,250129,250129,Acondicionador Dove Regeneración + Retinol x 650 ml,Dove,16218.0,16218.0,True,650.0,24.9508,> Cuidado Capilar > Shampoo Y Acondicionador >,acondicionador,estandar,general,https://www.farmacity.com/acondicionador-dove-regeneracion-retinol-x-650-ml/p,False
920,Farmacity,249903,249903,Acondicionador Primont Signature con Trufa Negra x 300 ml,Primont,24783.0,24783.0,True,300.0,82.61,> Cuidado Capilar > Shampoo Y Acondicionador >,acondicionador,estandar,general,https://www.farmacity.com/acondicionador-primont-signature-con-trufa-negra-x-300-ml/p,False
921,Farmacity,248331,248331,Acondicionador Ice Professional Keep My Blonde x 250 ml,Ice,17500.0,25000.0,True,250.0,70.0,> Cuidado Capilar > Shampoo Y Acondicionador >,acondicionador,profesional,general,https://www.farmacity.com/acondicionador-ice-professional-keep-my-blonde-x-250-ml/p,False
922,Farmacity,244971,244971,Acondicionador Capilatis Ortiga Mujer x 350 ml,Capilatis,13000.0,13000.0,True,350.0,37.1429,> Cuidado Capilar > Shampoo Y Acondicionador >,acondicionador,estandar,general,https://www.farmacity.com/acondicionador-ortiga-capilatis-mujer-x-350-ml/p,False
923,Farmacity,238877,238877,Acondicionador Pantene Pro-V Miracles Volumen x 200 ml,Pantene,3807.0,6345.0,True,200.0,19.035,> Cuidado Capilar > Shampoo Y Acondicionador >,acondicionador,profesional,general,https://www.farmacity.com/acondicionador-pantene-pro-v-miracles-volumen-x-200-ml/p,False
924,Farmacity,230668,230668,Acondicionador Veganis Double Trouble Ácido Hialurónico x 400 ml,Veganis,14616.0,14616.0,True,400.0,36.54,> Cuidado Capilar > Shampoo Y Acondicionador >,acondicionador,estandar,general,https://www.farmacity.com/acondicionador-veganis-double-troublea-acido-hialuronico-x-400-ml/p,False
925,Farmacity,228965,228965,Acondicionador Solido Ruh Natural x 45 g,Ruh Natural,13508.0,13508.0,True,45.0,300.1778,> Cuidado Capilar > Shampoo Y Acondicionador >,acondicionador,estandar,general,https://www.farmacity.com/acondicionador-solido-ruh-cabello-x-65-g/p,False
926,Farmacity,224527,224527,Acondicionador Anticaida Klorane x 200 ml,Klorane,28700.0,41000.0,True,200.0,143.5,> Dermocosmética > Pelo > Shampoos y Acondicionadores >,acondicionador,estandar,general,https://www.farmacity.com/balsamos-capilar-klorane-quinina-x-200-ml/p,False
927,Farmacity,221810,221810,Acondicionador Sedal Hialurónico + Vitamina A x 340 ml,Sedal,5841.0,5841.0,True,340.0,17.1794,> Cuidado Capilar > Shampoo Y Acondicionador >,acondicionador,estandar,general,https://www.farmacity.com/acondicionador-sedal-acido-hialuronico-vitamina-a-x-340-ml/p,False
928,Farmacity,219383,219383,Acondicionador Alta Moda Acqua Shine x 300 ml,Alta Moda,4301.0,8602.0,True,300.0,14.3367,> Cuidado Capilar > Shampoo Y Acondicionador >,acondicionador,estandar,general,https://www.farmacity.com/acondicionador-alta-moda-e-vegano-x-300-ml/p,False
929,Farmacity,217204,217204,Acondicionador Fructis Hair Food Banana x 300 ml,Fructis,4214.0,8428.0,True,300.0,14.0467,> Cuidado Capilar > Shampoo Y Acondicionador >,acondicionador,estandar,general,https://www.farmacity.com/acondicionador-fructis-hair-food-banana-x-300-ml/p,False
930,Farmacity,204195,204195,Acondicionador Ayurvédico Sri Sri Tattva Coco x 100 g,Sri Sri Tattva,11799.0,11799.0,True,100.0,117.99,> Cuidado Capilar > Shampoo Y Acondicionador >,acondicionador,estandar,general,https://www.farmacity.com/acondicionador-ayurvedico-hidratante-sri-sri-tattva-coco-y-almendras-x-100-g/p,False
931,Farmacity,156320,156320,Acondicionador Sedal Crema Balance Toque Seda x 340 ml,Sedal,5836.0,5836.0,True,340.0,17.1647,> Cuidado Capilar > Shampoo Y Acondicionador >,acondicionador,estandar,general,https://www.farmacity.com/acondicionador-sedal-crema-balance-x-340-ml/p,False
932,Farmacity,8867,156325,Acondicionador Sedal Liso Perfecto x 340 ml,Sedal,5836.0,5836.0,True,340.0,17.1647,> Cuidado Capilar > Shampoo Y Acondicionador >,acondicionador,estandar,general,https://www.farmacity.com/acondiciondor-liso-perfecto-x-340-ml/p,False
933,Farmacity,244692,244692,Acondicionador Elvive Dream Liso x 200 ml,Elvive,7490.0,7490.0,True,200.0,37.45,> Cuidado Capilar > Shampoo Y Acondicionador >,acondicionador,profesional,general,https://www.farmacity.com/acondicionador-elvive-dream-liso-x-200-ml/p,False
934,Farmacity,238885,238885,Acondicionador Revitalización Pro-V Miracles x 400 ml,Pantene,6137.0,10228.0,True,400.0,15.3425,> Cuidado Capilar > Shampoo Y Acondicionador >,acondicionador,profesional,general,https://www.farmacity.com/acondicionador-pantene-pro-v-miracles-revitalizacion-x-400-ml/p,False
935,Farmacity,238878,238878,Acondicionador Pantene Pro-V Miracles Liso Infinito x 750 ml,Pantene,16733.0,16733.0,True,750.0,22.3107,> Cuidado Capilar > Shampoo Y Acondicionador >,acondicionador,profesional,general,https://www.farmacity.com/acondicionador-pantene-pro-v-miracles-liso-infinito-x-750-ml/p,False
936,Farmacity,235659,235659,Acondicionador Pantene Pro-V Miracles Equilibrio Hidratante 700 ml,Pantene,10040.0,16733.0,True,700.0,14.3429,> Cuidado Capilar > Shampoo Y Acondicionador >,acondicionador,profesional,seco_danado,https://www.farmacity.com/acondicionador-pantene-pro-v-miracles-equilibrio-x-700-ml/p,False
937,Farmacity,234382,234382,Acondicionador Elvive Hialurónico Pure x 750 ml,Elvive,17990.0,17990.0,True,750.0,23.9867,> Cuidado Capilar > Shampoo Y Acondicionador >,acondicionador,profesional,general,https://www.farmacity.com/acondicionador-elvive-hialuronico-pure-x-750-ml/p,False
938,Farmacity,230618,230618,Acondicionador Tresemmé Matrizador Ultravioleta x 500 ml,Tresemmé,6574.0,10114.0,True,500.0,13.148,> Cuidado Capilar > Shampoo Y Acondicionador >,acondicionador,estandar,rizado,https://www.farmacity.com/acondicionador-tresemme-matrizador-ultravioleta-x-500-ml/p,False
939,Farmacity,133691,133691,Proavenal Avena+Asoc. Acondicionador x 300 ml,Panalab,36644.0,36644.0,True,300.0,122.1467,> Venta Bajo Receta > Dermatológico >,acondicionador,estandar,general,https://www.farmacity.com/proavenal-avena-asoc-acondicionador-x-300-ml/p,False
940,Farmacity,6717,147618,Spray Acondicionador Biferdil Vitaminado x 200 ml,Biferdil,13176.0,13176.0,True,200.0,65.88,> Cuidado Capilar > Shampoo Y Acondicionador >,acondicionador,estandar,general,https://www.farmacity.com/spray-acondicionador-vitaminado-s-enjuague-x-200ml/p,False
941,Farmacity,237565,237565,Valcatil Complex Aminoacidos + Asoc Acondicionador x 300 ml,Panalab,58812.0,58812.0,True,300.0,196.04,> Venta Bajo Receta > Sistema Digestivo y Metabolismo >,acondicionador,estandar,general,https://www.farmacity.com/valcatil-complex-aminoacidos-asoc-acondicionador-x-300-ml/p,False
942,Farmacity,232898,232898,Dermo Acondicionador Head & Shoulders Revitalización x 300 ml,Head And Shoulders,7264.0,11175.0,True,300.0,24.2133,> Cuidado Capilar > Shampoo Y Acondicionador >,acondicionador,estandar,general,https://www.farmacity.com/acondicionador-head-shoulders-argan-x-300-ml/p,False
943,Farmacity,249634,249634,Combo Vichy Dercos Acondicionador Anti-Caída Apres Energy x 2 un,Vichy,117726.0,117726.0,True,,,> Dermocosmética > Pelo > Shampoos y Acondicionadores >,acondicionador,estandar,general,https://www.farmacity.com/combo-vichy-dercos-acondicionador-anti-caida-apres-energy-x-2-un/p,True
944,Farmacity,244681,244681,"Kit Rutina Fructis Probióticos Fuerza: Shampoo, Acondicionador y Crema Para Peinar",Fructis,16429.0,23470.0,True,,,> Cuidado Capilar > Shampoo Y Acondicionador >,acondicionador,profesional,general,https://www.farmacity.com/kit-rutina-fructis-probioticos-fuerza-shampoo-acondicionador-y-crema-para-peinar/p,True
945,Farmacity,241696,241696,Kit Dove Bond Intense Repair Shampoo + Acondicionador + Máscara de Tratamiento,Dove,18120.0,36240.0,True,,,> Cuidado Capilar > Shampoo Y Acondicionador >,acondicionador,profesional,general,https://www.farmacity.com/combo-dove-bond-intense-repair-shampoo-x-400-ml-acondicionador-x-250-ml-mascara-de-tratamiento-x-250-g/p,True
946,Farmacity,234282,234282,Shampoo Pantene Pro-V Miracles Hidrata y Fortalece x 400 ml,Pantene,6137.0,10228.0,True,400.0,15.3425,> Cuidado Capilar > Shampoo Y Acondicionador >,shampoo,profesional,seco_danado,https://www.farmacity.com/shampoo-pantene-pro-v-miracles-hidrata-y-fortalece-x-400-ml/p,False
947,Farmacity,214555,214555,Máscara Vichy Dercos Kera Solutions x 200 ml,Vichy,66477.0,66477.0,True,200.0,332.385,> Dermocosmética > Pelo > Bálsamos y Tratamientos >,shampoo,estandar,general,https://www.farmacity.com/mascara-vichy-dercos-kera-solutions-x-250-ml/p,False
948,Farmacity,204156,200273,Bálsamo Reconstituyente Vichy Dercos Densi Solutions x 150 ml,Vichy,64802.0,64802.0,True,150.0,432.0133,> Dermocosmética > Pelo > Bálsamos y Tratamientos >,shampoo,estandar,general,https://www.farmacity.com/dercos-densi-solutions-balsamo-densificador-reconstituyent/p,False
949,Farmacity,9587,158662,Shampoo Elvive Óleo Extraordinario Rizos x 400 ml,Elvive,6714.0,11190.0,True,400.0,16.785,> Cuidado Capilar > Shampoo Y Acondicionador >,shampoo,profesional,rizado,https://www.farmacity.com/shampoo-oleo-extraordinario-rizos-x-400-ml/p,False
950,Farmacity,230003,230003,Shampoo Biferdil Anti Naranja x 295 ml,Biferdil,13068.0,13068.0,True,295.0,44.2983,> Cuidado Capilar > Shampoo Y Acondicionador >,shampoo,estandar,general,https://www.farmacity.com/shampoo-biferdil-anti-naranja-x-295-ml/p,False
951,Farmacity,236057,236057,Shampoo Biferdil Óleo de Argán x 200 ml,Biferdil,14256.0,14256.0,True,200.0,71.28,> Cuidado Capilar > Shampoo Y Acondicionador >,shampoo,estandar,general,https://www.farmacity.com/shampoo-biferdil-oleo-de-argan-x-200-ml/p,False
952,Farmacity,225992,225992,Shampoo Alta Moda Hydra Save x 300 ml,Alta Moda,5692.0,5692.0,True,300.0,18.9733,> Cuidado Capilar > Shampoo Y Acondicionador >,shampoo,estandar,general,https://www.farmacity.com/shampoo-alta-moda-e-hydra-nutri-x-300-g/p,False
953,Farmacity,239940,239940,Shampoo Pantene Keratina x 700 ml,Pantene,15128.0,15128.0,True,700.0,21.6114,> Cuidado Capilar > Shampoo Y Acondicionador >,shampoo,estandar,tratado,https://www.farmacity.com/shampoo-pantene-keratina-x-700-ml/p,False
954,Farmacity,241716,241716,Kit Capilar Dove Regeneración Extrema,Dove,15984.0,29062.0,True,,,> Cuidado Capilar > Shampoo Y Acondicionador >,tratamiento,estandar,general,https://www.farmacity.com/combo-capilar-dove-regeneracion-extrema/p,True
955,Farmacity,246664,246664,Shampoo Pantene Bamboo x 200 ml,Pantene,3808.0,6347.0,True,200.0,19.04,> Cuidado Capilar > Shampoo Y Acondicionador >,shampoo,estandar,general,https://www.farmacity.com/shampoo-pantene-bamboo-x-200-ml/p,False
956,Farmacity,244544,244544,Shampoo Pantene Keratina x 300 ml,Pantene,6032.0,10054.0,True,300.0,20.1067,> Cuidado Capilar > Shampoo Y Acondicionador >,shampoo,estandar,tratado,https://www.farmacity.com/shampoo-pantene-keratina-x-300-ml/p,False
957,Farmacity,230217,230217,Crema para Peinar Pantene Colágeno Nutre & Revitaliza x 300 ml,Pantene,9024.0,9024.0,True,300.0,30.08,> Cuidado Capilar > Modelado Y Peinado >,shampoo,estandar,general,https://www.farmacity.com/crema-para-peinar-pantene-colageno-x-300-ml/p,False
958,Farmacity,238887,238887,Shampoo Pantene Pro-V Miracles Revitalizacion x 750 ml,Pantene,16733.0,16733.0,True,750.0,22.3107,> Cuidado Capilar > Shampoo Y Acondicionador >,shampoo,profesional,general,https://www.farmacity.com/shampoo-pantene-pro-v-miracles-revitalizacion-x-750-ml/p,False
959,Farmacity,242679,242679,Shampoo Fructis Goodbye Daños x 350 ml,Fructis,7990.0,7990.0,True,350.0,22.8286,> Cuidado Capilar > Shampoo Y Acondicionador >,shampoo,estandar,general,https://www.farmacity.com/shampoo-fructis-goodbye-danos-x-350-ml/p,False
960,Farmacity,234032,234032,Mousse Capilar Roby x 190 ml,Roby,8108.0,10135.0,True,190.0,42.6737,> Cuidado Capilar > Modelado Y Peinado >,shampoo,estandar,general,https://www.farmacity.com/mousse-capilar-roby-x-190-ml/p,False
961,Farmacity,250351,250351,Shampoo Elvive Collagen Lifter x 750 ml,Elvive,19990.0,19990.0,True,750.0,26.6533,> Cuidado Capilar > Shampoo Y Acondicionador >,shampoo,profesional,general,https://www.farmacity.com/shampoo-elvive-colageno-lifter-x-750-ml/p,False
962,Farmacity,246636,246636,Shampoo Herbal Essences Rosemary x 400 ml,Herbal Essences,10574.0,16267.0,True,400.0,26.435,> Cuidado Capilar > Shampoo Y Acondicionador >,shampoo,estandar,general,https://www.farmacity.com/shampoo-herbal-essences-rosemary-x-400-ml/p,False
963,Farmacity,246853,246853,Shampoo Capilatis Matizador Pure Silver x 350 ml,Capilatis,15700.0,15700.0,True,350.0,44.8571,> Cuidado Capilar > Shampoo Y Acondicionador >,shampoo,estandar,general,https://www.farmacity.com/shampoo-capilatis-matizador-pure-silver-x-350-ml/p,False
964,Farmacity,250188,250188,Shampoo La Puissance Nutrition x 300 ml,La Puissance,20300.0,20300.0,True,300.0,67.6667,> Cuidado Capilar > Shampoo Y Acondicionador >,shampoo,estandar,general,https://www.farmacity.com/shampoo-la-puissance-nutrition-x-300-ml/p,False
965,Farmacity,239941,239941,Shampoo Pantene Keratina x 400 ml,Pantene,9247.0,9247.0,True,400.0,23.1175,> Cuidado Capilar > Shampoo Y Acondicionador >,shampoo,estandar,tratado,https://www.farmacity.com/shampoo-pantene-keratina-x-400-ml/p,False
966,Farmacity,204408,204408,Shampoo para Niños Johnson's Hidratación Intensa x 400 ml,Johnson's,7169.0,10242.0,True,400.0,17.9225,> Bebés > Higiene del Bebé > Baño Del Bebé >,shampoo,estandar,seco_danado,https://www.farmacity.com/shampoo-johnsons-baby-hidratacion-intensa-x-400-ml/p,False
967,Farmacity,246643,246643,Shampoo Herbal Essences Rosa Mosqueta x 240 ml,Herbal Essences,8262.0,12711.0,True,240.0,34.425,> Cuidado Capilar > Shampoo Y Acondicionador >,shampoo,estandar,general,https://www.farmacity.com/shampoo-herbal-essences-rosa-mosqueta-x-240-ml/p,False
968,Farmacity,7844,152461,Shampoo para Niños Johnson's Gotas de Brillo x 200 ml,Johnson's,4619.0,6599.0,True,200.0,23.095,> Bebés > Higiene del Bebé > Baño Del Bebé >,shampoo,estandar,bebe,https://www.farmacity.com/shampoo-gotas-de-brillo-x-200-ml/p,False
969,Farmacity,7826,152462,Shampoo para Niños Johnson's Gotas de Brillo x 400 ml,Johnson's,7169.0,10242.0,True,400.0,17.9225,> Bebés > Higiene del Bebé > Baño Del Bebé >,shampoo,estandar,bebe,https://www.farmacity.com/shampoo-gotas-de-brillo-x-400-ml/p,False
970,Farmacity,560,45401,Shampoo para Bebé Johnson's Original x 400 ml,Johnson's,8331.0,11902.0,True,400.0,20.8275,> Bebés > Higiene del Bebé > Baño Del Bebé >,shampoo,estandar,bebe,https://www.farmacity.com/shampoo-con-ph-balanceado-suave-para-ojos-y-cabello-x-400-ml/p,False
971,Farmacity,241,12715,Shampoo para Bebé Johnson's Original x 200 ml,Johnson's,5018.0,7168.0,True,200.0,25.09,> Bebés > Higiene del Bebé > Baño Del Bebé >,shampoo,estandar,bebe,https://www.farmacity.com/shampoo-con-ph-balanceado-suave-para-ojos-y-cabello-x-200-ml/p,False
972,Farmacity,223269,223269,Shampoo para Niños Johnson’s Baby Rulos de Ensueños x 200 ml,Johnson's,4540.0,6486.0,True,200.0,22.7,> Bebés > Higiene del Bebé > Baño Del Bebé >,shampoo,estandar,rizado,https://www.farmacity.com/shampoo-johnsons-baby-rulos-de-ensuenos-x-200-ml/p,False
973,Farmacity,237262,237262,Shampoo Capilatis Plex Reparación Absoluta x 350 ml,Capilatis,13000.0,13000.0,True,350.0,37.1429,> Cuidado Capilar > Shampoo Y Acondicionador >,shampoo,estandar,general,https://www.farmacity.com/shampoo-capilatis-plex-reparacion-absoluta-x-350-ml/p,False
974,Farmacity,229631,229631,Acondiconador Dove Real Fuerza + Bambú x 300 ml,Dove,3437.0,6874.0,True,300.0,11.4567,> Cuidado Capilar > Shampoo Y Acondicionador >,shampoo,estandar,general,https://www.farmacity.com/acondiconador-dove-poder-de-las-plantas-fuerza-bambu-6-un-x-300-ml/p,False
975,Farmacity,228960,228960,Shampoo Solido Ruh Natural Yellow Submarine x 65 g,Ruh Natural,13508.0,13508.0,True,65.0,207.8154,> Cuidado Capilar > Shampoo Y Acondicionador >,shampoo,estandar,general,https://www.farmacity.com/shampoo-solido-ruh-yellow-submarine-cabello-danado-x-65-g/p,False
976,Farmacity,4486,139286,Shampoo para Bebé Johnson's Cabello Claro x 200 ml,Johnson's,5018.0,7169.0,True,200.0,25.09,> Bebés > Higiene del Bebé > Baño Del Bebé >,shampoo,estandar,bebe,https://www.farmacity.com/shampoo-con-manzanilla-cabello-claro-x-200-ml/p,False
977,Farmacity,249574,249574,Shampoo Head & Shoulders Romero Anti Caida x 375 ml,Head And Shoulders,7895.0,12146.0,True,375.0,21.0533,> Cuidado Capilar > Shampoo Y Acondicionador >,shampoo,estandar,general,https://www.farmacity.com/shampoo-head---shoulders-romero-anti-caida-x-375-ml/p,False
978,Farmacity,245508,245508,Shampoo Tio Nacho Control Caspa 2 en 1 x 415 ml,Tío Nacho,11750.0,11750.0,True,415.0,28.3133,> Cuidado Capilar > Shampoo Y Acondicionador >,shampoo,estandar,anticaspa,https://www.farmacity.com/shampoo-tio-nacho-control-caspa-2-en-1-x-415-ml/p,False
979,Farmacity,221685,221685,Mascarilla Elvive Hidra Hialuronico x 300 g,Elvive,11190.0,11190.0,True,300.0,37.3,> Cuidado Capilar > Reparación Y Tratamiento >,tratamiento,profesional,general,https://www.farmacity.com/tratamiento-capilar-elvive-hidra-hialuronico-x-300-ml/p,False
980,Farmacity,6111,147253,Shampoo Elvive Óleo Extraordinario Nutrición x 400 ml,Elvive,6714.0,11190.0,True,400.0,16.785,> Cuidado Capilar > Shampoo Y Acondicionador >,shampoo,profesional,general,https://www.farmacity.com/shampoo-oleo-extraordinario-nutricion-universal-x-400-ml/p,False
981,Farmacity,231819,231819,Shampoo Elvive 2 en 1 Reparación Total 5 x 400 ml,Elvive,6714.0,11190.0,True,400.0,16.785,> Cuidado Capilar > Shampoo Y Acondicionador >,shampoo,profesional,general,https://www.farmacity.com/shampoo-elvive-reparacion-total-5-2-en-1-x-400-ml/p,False
982,Farmacity,244694,244694,Shampoo Elvive Dream Liso x 400 ml,Elvive,7494.0,12490.0,True,400.0,18.735,> Cuidado Capilar > Shampoo Y Acondicionador >,shampoo,profesional,general,https://www.farmacity.com/shampoo-elvive-dream-liso-x-400-ml/p,False
983,Farmacity,147271,147271,Mascarilla  Elvive Óleo Extraordinario Coco x 300 g,Elvive,5595.0,11190.0,True,300.0,18.65,> Cuidado Capilar > Reparación Y Tratamiento >,tratamiento,profesional,general,https://www.farmacity.com/mascarilla--elvive-oleo-extraordinario-coco-x-300-g/p,False
984,Farmacity,245460,245460,Tratamiento Garnier Fructis Hair Food Máscara Ananá x 350 ml,Fructis,13990.0,13990.0,True,350.0,39.9714,> Cuidado Capilar > Reparación Y Tratamiento >,tratamiento,estandar,general,https://www.farmacity.com/tratamiento-garnier-fructis-hair-food-mascara-anana-x-350-ml/p,False
985,Farmacity,232292,232292,Kit Rutina Completa L'Oreal Paris Elvive Óleo Extraordinario,Elvive,32136.0,53560.0,True,,,> Cuidado Capilar > Shampoo Y Acondicionador >,tratamiento,profesional,general,https://www.farmacity.com/kit-elvive-oleo-extraordinario/p,True
986,Farmacity,246478,246478,Crema Tratamiento Elvive Dream Liso 3-1 x 300 ml,Elvive,18990.0,18990.0,True,300.0,63.3,> Cuidado Capilar > Reparación Y Tratamiento >,tratamiento,profesional,general,https://www.farmacity.com/crema-tratamiento-elvive-dream-liso-3-1-x-300-ml/p,False
987,Farmacity,143404,143404,Shampoo Ecohair Anticaspa Producto Cosm‚Tico x 200 ml,Garre Guevara,21000.0,21000.0,True,200.0,105.0,> Venta Bajo Receta > Dermatológico >,shampoo,estandar,anticaspa,https://www.farmacity.com/shampoo-ecohair-anticaspa-x-200-ml/p,False
988,Farmacity,1122,23602,Shampoo Capilatis Anticaspa y Control Caída x 410 ml,Capilatis,9700.0,9700.0,True,410.0,23.6585,> Cuidado Capilar > Shampoo Y Acondicionador >,shampoo,estandar,anticaspa,https://www.farmacity.com/shampoo-anticaspa-y-control-caida-x-410-ml/p,False
989,Farmacity,240154,240154,Shampoo Dove Protección Anticaspa x 400 ml,Dove,7266.0,9688.0,True,400.0,18.165,> Cuidado Capilar > Shampoo Y Acondicionador >,shampoo,estandar,anticaspa,https://www.farmacity.com/shampoo-dove-men-caspa-control-x-400-ml/p,False
990,Farmacity,7651,151685,Shampoo Vichy Dercos Anti-Caspa Cabello Normal a Graso x 200 ml,Vichy,53488.0,53488.0,True,200.0,267.44,> Dermocosmética > Pelo > Shampoos y Acondicionadores >,shampoo,estandar,anticaspa,https://www.farmacity.com/shampoo-anticaspa-para-cabello-normal-a-graso-dercos-x-200-ml/p,False
991,Farmacity,224951,224951,Shampoo Head & Shoulders Dermo Sensitive Control Caspa x 375 ml,Head And Shoulders,7895.0,12146.0,True,375.0,21.0533,> Cuidado Capilar > Shampoo Y Acondicionador >,shampoo,estandar,anticaspa,https://www.farmacity.com/shampoo-head-shoulders-dermo-sensitive-x-375-ml/p,False
992,Farmacity,224950,224950,Shampoo Head & Shoulders Dermo Sensitive Control Caspa x 180 ml,Head And Shoulders,4701.0,7233.0,True,180.0,26.1167,> Cuidado Capilar > Shampoo Y Acondicionador >,shampoo,estandar,anticaspa,https://www.farmacity.com/shampoo-head-shoulders-dermo-sensitive-x-180-ml/p,False
993,Farmacity,209966,209966,Shampoo Head & Shoulders Purificación Capilar x 375 ml,Head And Shoulders,7895.0,12146.0,True,375.0,21.0533,> Cuidado Capilar > Shampoo Y Acondicionador >,shampoo,estandar,general,https://www.farmacity.com/shampoo-head-shoulders-purificacion-capilar-375-ml/p,False
994,Farmacity,206050,206050,Shampoo Control Caspa Head & Shoulders Anti Caída x 180 ml,Head And Shoulders,4701.0,7233.0,True,180.0,26.1167,> Cuidado Capilar > Shampoo Y Acondicionador >,shampoo,estandar,anticaspa,https://www.farmacity.com/shampoo-head-shoulders-antifall-proteccion-caida-con-cafeina-180-ml/p,False
995,Farmacity,9006,156760,Shampoo Vichy Dercos Ultracalmante para Cabello Seco x 200 ml,Vichy,53488.0,53488.0,True,200.0,267.44,> Dermocosmética > Pelo > Shampoos y Acondicionadores >,shampoo,estandar,seco_danado,https://www.farmacity.com/shampoo-dercos-ultracalmante-para-cabello-seco-x-200-ml/p,False
996,Farmacity,1114,23601,Shampoo Capilatis Control Caída Pelo Seco Aloe x 410 ml,Capilatis,9700.0,9700.0,True,410.0,23.6585,> Cuidado Capilar > Shampoo Y Acondicionador >,shampoo,estandar,seco_danado,https://www.farmacity.com/shampoo-control-caida-pelo-seco-con-aloe-vera-x-410-ml/p,False
997,Farmacity,8903,156311,Shampoo Sedal Ceramidas x 340 ml,Sedal,5836.0,5836.0,True,340.0,17.1647,> Cuidado Capilar > Shampoo Y Acondicionador >,shampoo,estandar,general,https://www.farmacity.com/shampoo-ceramidas-x-340-ml/p,False
998,Farmacity,221809,221809,Shampoo Sedal Ácido Hialurónico + Vitamina A x 340 ml,Sedal,5841.0,5841.0,True,340.0,17.1794,> Cuidado Capilar > Shampoo Y Acondicionador >,shampoo,estandar,general,https://www.farmacity.com/shampoo-sedal-acido-hialuronico-vitamina-a-x-340-ml/p,False
999,Farmacity,8864,156281,Shampoo Sedal Ceramidas x 190 ml,Sedal,3907.0,3907.0,True,190.0,20.5632,> Cuidado Capilar > Shampoo Y Acondicionador >,shampoo,estandar,general,https://www.farmacity.com/shampoo-ceramidas-x-190-ml/p,False
1000,Farmacity,1022,109083,Shampoo Dove Hidratación + Hialuron Vit x 400 ml,Dove,5812.0,9687.0,True,400.0,14.53,> Cuidado Capilar > Shampoo Y Acondicionador >,shampoo,estandar,seco_danado,https://www.farmacity.com/shampoo-dove-hidratacion-intensa-botella-x-400-ml/p,False
1001,Farmacity,223338,223338,Shampoo Dove Nutrición + Tri-Óleos x 400 ml,Dove,5812.0,9687.0,True,400.0,14.53,> Cuidado Capilar > Shampoo Y Acondicionador >,shampoo,estandar,general,https://www.farmacity.com/shampoo-dove-oleo-nutricion-superior-x-400-ml/p,False
1002,Farmacity,16483,162823,Shampoo Dove Humectación + Coco Antioxi x 400 ml,Dove,5812.0,9687.0,True,400.0,14.53,> Cuidado Capilar > Shampoo Y Acondicionador >,shampoo,estandar,general,https://www.farmacity.com/sha-dove-ritual-de-reparacion-x-400ml/p,False
1003,Farmacity,1227,132365,Shampoo Dove Nutrición + Tri-Óleos x 200 ml,Dove,5788.0,5788.0,True,200.0,28.94,> Cuidado Capilar > Shampoo Y Acondicionador >,shampoo,estandar,general,https://www.farmacity.com/shampoo-dove-oleo-nutricion-botella-x-200-ml/p,False
1004,Farmacity,221811,221811,Shampoo Sedal Colágeno + Vitamina C x 340 ml,Sedal,5841.0,5841.0,True,340.0,17.1794,> Cuidado Capilar > Shampoo Y Acondicionador >,shampoo,estandar,general,https://www.farmacity.com/shampoo-sedal-colageno-vitamina-c-x-340-ml/p,False
1005,Farmacity,206036,206036,Shampoo Head & Shoulders Men 3 en 1 x 375 ml,Head And Shoulders,7895.0,12146.0,True,375.0,21.0533,> Cuidado Capilar > Shampoo Y Acondicionador >,shampoo,estandar,general,https://www.farmacity.com/shampoo-head-shoulders-3en1-para-hombres-375ml/p,False
1006,Farmacity,239706,239706,Shampoo Fructis Hair Food Cacao x 300 ml,Fructis,7273.0,11190.0,True,300.0,24.2433,> Cuidado Capilar > Shampoo Y Acondicionador >,shampoo,estandar,general,https://www.farmacity.com/shampoo-garnier-fructis-hair-food-manteca-de-cacao-x-300-ml/p,False
1007,Farmacity,696,109079,Acondicionador Dove Hidratación + Hialuron Vit x 400 ml,Dove,5812.0,9687.0,True,400.0,14.53,> Cuidado Capilar > Shampoo Y Acondicionador >,acondicionador,estandar,seco_danado,https://www.farmacity.com/acondicionador-dove-hidratacion-intensa-botella-x-400-ml/p,False
1008,Farmacity,8895,156322,Acondicionador Sedal Ceramidas x 340 ml,Sedal,5836.0,5836.0,True,340.0,17.1647,> Cuidado Capilar > Shampoo Y Acondicionador >,acondicionador,estandar,general,https://www.farmacity.com/acondicionador-ceramidas-x-340-ml/p,False
1009,Farmacity,8852,156291,Acondicionador Sedal Crema Balance Toque Seda x 190 ml,Sedal,3907.0,3907.0,True,190.0,20.5632,> Cuidado Capilar > Shampoo Y Acondicionador >,acondicionador,estandar,general,https://www.farmacity.com/acondicionador-crema-balance-x-190-ml/p,False
1010,Farmacity,16489,162824,Acondicionador Dove Humectación + Coco Antioxi x 200 ml,Dove,5788.0,5788.0,True,200.0,28.94,> Cuidado Capilar > Shampoo Y Acondicionador >,acondicionador,estandar,general,https://www.farmacity.com/acond-dove-ritual-de-reparacion-x-200ml/p,False
1011,Farmacity,221812,221812,Acondicionador Sedal Colágeno + Vitamina C x 340 ml,Sedal,5841.0,5841.0,True,340.0,17.1794,> Cuidado Capilar > Shampoo Y Acondicionador >,acondicionador,estandar,general,https://www.farmacity.com/acondicionador-sedal-colageno-vitamina-c-x-340-ml/p,False
1012,Farmacity,241004,241004,Acondicionador Dove Bond Intense Repair x 250 ml,Dove,5404.0,9006.0,True,250.0,21.616,> Cuidado Capilar > Shampoo Y Acondicionador >,acondicionador,profesional,general,https://www.farmacity.com/acondicionador-dove-bond-intense-repair-x-250-ml/p,False
1013,Farmacity,16486,162825,Acondicionador Dove Humectación + Coco Antioxi  x 400 ml,Dove,5812.0,9687.0,True,400.0,14.53,> Cuidado Capilar > Shampoo Y Acondicionador >,acondicionador,estandar,general,https://www.farmacity.com/acond-dove-ritual-de-reparacion-x-400ml/p,False
1014,Farmacity,231816,231816,Crema para Peinar Fructis Liso Coco x 250 ml,Fructis,7490.0,7490.0,True,250.0,29.96,> Cuidado Capilar > Modelado Y Peinado >,shampoo,estandar,general,https://www.farmacity.com/crema-para-peinar-fructis-coco-x-250-ml/p,False
1015,Farmacity,230625,230625,Acondicionador Tresemmé Liso Efecto Botox x 250 ml,Tresemmé,6091.0,6091.0,True,250.0,24.364,> Cuidado Capilar > Shampoo Y Acondicionador >,acondicionador,estandar,general,https://www.farmacity.com/acondicionador-tresemme-liso-efecto-botox-x-250-ml/p,False
1016,Farmacity,245065,245065,Combo Gel Fijador + Tratamiento Capilar,Issue,7936.0,7936.0,True,,,> Cuidado Capilar > Modelado Y Peinado >,tratamiento,estandar,general,https://www.farmacity.com/combo-gel-fijador-tratamiento-capilar/p,True
1017,Farmacity,235834,235834,Tratamiento Capilar Farmacity Banana x 20 g,Farmacity,1020.0,1020.0,True,20.0,51.0,> Cuidado Capilar > Reparación Y Tratamiento >,tratamiento,estandar,general,https://www.farmacity.com/tratamiento-capilar-farmacity-banana-x-20-g/p,False
1018,Farmacity,249901,249901,Tratamiento Capilar Primont Queration x 220 g,Primont,8294.0,8294.0,True,220.0,37.7,> Cuidado Capilar > Reparación Y Tratamiento >,tratamiento,estandar,general,https://www.farmacity.com/tratamiento-capilar-primont-queration-x-220-g/p,False
1019,Farmacity,1040,17645,Tratamiento Capilar Biferdil Térmico x 245 ml,Biferdil,14904.0,14904.0,True,245.0,60.8327,> Cuidado Capilar > Reparación Y Tratamiento >,tratamiento,estandar,general,https://www.farmacity.com/tratamiento-protector-termico-x-250-ml/p,False
1020,Farmacity,249888,249888,Tratamiento Capilar Natucapil Nl x 30 Caps,Natural Life,26700.0,26700.0,True,,,"> Nutrición Y Deportes > Suplementos Dietarios > Piel, Uñas Y Cabello >",tratamiento,estandar,general,https://www.farmacity.com/tratamiento-capilar-natucapil-nl-x-30-caps/p,False
1021,Farmacity,238112,238112,Gorra para Tratamiento Capilar Studio 9 Aluminio,Studio 9,5166.0,8610.0,True,,,> Cuidado Personal > Higiene Personal > Jabones Y Ducha >,tratamiento,estandar,general,https://www.farmacity.com/gorra-para-tratamiento-capilar-studio-9-aluminio/p,False
1022,Farmacity,212303,212303,Tratamiento Capilar Farmacity Shock Reparador x 20 g,Farmacity,1020.0,1020.0,True,20.0,51.0,> Cuidado Capilar > Reparación Y Tratamiento >,tratamiento,estandar,general,https://www.farmacity.com/tratamiento-capilar-farmacity-shock-reparador-x-20-g/p,False
1023,Farmacity,235833,235833,Tratamiento Capilar Farmacity Aloe Vera x 20 g,Farmacity,1020.0,1020.0,True,20.0,51.0,> Cuidado Capilar > Reparación Y Tratamiento >,tratamiento,estandar,general,https://www.farmacity.com/tratamiento-capilar-farmacity-aloe-vera-x-20-g/p,False
1024,Farmacity,227032,227032,Tratamiento Capilar Farmacity Protección Total x 20 g,Farmacity,1020.0,1020.0,True,20.0,51.0,> Cuidado Capilar > Reparación Y Tratamiento >,tratamiento,estandar,general,https://www.farmacity.com/tratamiento-capilar-farmacity-proteccion-total-x-20-g/p,False
1025,Farmacity,219220,219220,Tratamiento Capilar Issue Reparación Profunda x 150 g,Issue,4300.0,4300.0,True,150.0,28.6667,> Cuidado Capilar > Reparación Y Tratamiento >,tratamiento,estandar,general,https://www.farmacity.com/tratamiento-capilar-issue-reparacion-con-eco-keratina-x-150-g/p,False
1026,Farmacity,230630,230630,Tratamiento Capilar Tresemmé Oil Spray x 120 ml,Tresemmé,12381.0,12381.0,True,120.0,103.175,> Cuidado Capilar > Reparación Y Tratamiento >,tratamiento,estandar,general,https://www.farmacity.com/tratamiento-capilar-tresemme-oil-spray-x-120-ml/p,False
1027,Farmacity,248894,248894,Tratamiento Capilar Antifrizz Nic Frizzmineitor x 215 ml,Nic,14290.0,14290.0,True,215.0,66.4651,> Cuidado Capilar > Reparación Y Tratamiento >,tratamiento,estandar,general,https://www.farmacity.com/tratamiento-capilar-antifrizz-nic-frizzmineitor-x-215-ml/p,False
1028,Farmacity,203240,203240,Tratamiento Capilar Biferdil Beauty Box  x 20 ml,Biferdil,900.0,1800.0,True,20.0,45.0,> Cuidado Capilar > Reparación Y Tratamiento >,tratamiento,estandar,general,https://www.farmacity.com/tratamiento-capilar-biferdil-beauty-box-con-aceite-de-palta-x-20-ml/p,False
1029,Farmacity,212304,212304,Tratamiento Capilar Farmacity Hidratación Extrema x 20 g,Farmacity,1020.0,1020.0,True,20.0,51.0,> Cuidado Capilar > Reparación Y Tratamiento >,tratamiento,estandar,seco_danado,https://www.farmacity.com/tratamiento-capilar-farmacity-hidratacion-extrema-x-20-g/p,False
1030,Farmacity,212302,212302,Tratamiento Capilar Farmacity Brillo Total x 20 g,Farmacity,1020.0,1020.0,True,20.0,51.0,> Cuidado Capilar > Reparación Y Tratamiento >,tratamiento,estandar,general,https://www.farmacity.com/tratamiento-capilar-farmacity-brillo-total-x-20-g/p,False
1031,Farmacity,14826,161133,Tratamiento Capilar Issue Brillo Extremo x 150 g,Issue,4300.0,4300.0,True,150.0,28.6667,> Cuidado Capilar > Reparación Y Tratamiento >,tratamiento,estandar,general,https://www.farmacity.com/tratamiento-capilar-issue-brillo-extremo-x-150-grs/p,False
1032,Farmacity,232580,232580,Tratamiento Capilar Estereocolor Hair Food Palta x 50 ml,Estereocolor,2250.0,2250.0,True,50.0,45.0,> Cuidado Capilar > Reparación Y Tratamiento >,tratamiento,estandar,tratado,https://www.farmacity.com/tratamiento-capilar-estereo-color-hair-food-palta-x-50-ml/p,False
1033,Farmacity,227030,227030,Tratamiento Capilar Farmacity Liso Total Antifrizz x 20 g,Farmacity,1020.0,1020.0,True,20.0,51.0,> Cuidado Capilar > Reparación Y Tratamiento >,tratamiento,profesional,general,https://www.farmacity.com/tratamiento-capilar-farmacity-liso-total-antifrizz-x-20-g/p,False
1034,Farmacity,232725,232725,Tratamiento Capilar Capilatis Natural Anti-Daño x 200 ml,Capilatis,6210.0,6900.0,True,200.0,31.05,> Cuidado Capilar > Reparación Y Tratamiento >,tratamiento,estandar,general,https://www.farmacity.com/tratamiento-capilar-capilatis-natural-anti-dano-x-200-ml/p,False
1035,Farmacity,246061,246061,Tratamiento Capilar Biferdil Protector Térmico Minitalla x 100 ml,Biferdil,8316.0,8316.0,True,100.0,83.16,> Cuidado Capilar > Reparación Y Tratamiento >,tratamiento,estandar,general,https://www.farmacity.com/tratamiento-capilar-biferdil-protector-termico-minitalla-x-100-ml/p,False
1036,Farmacity,232579,232579,Tratamiento Capilar Estereocolor Hair Food Banana x 50 ml,Estereocolor,2250.0,2250.0,True,50.0,45.0,> Cuidado Capilar > Reparación Y Tratamiento >,tratamiento,estandar,tratado,https://www.farmacity.com/tratamiento-capilar-estereo-color-hair-food-banana-x-50-ml/p,False
1037,Farmacity,227031,227031,Tratamiento Capilar Farmacity Intensivo 10 en 1 x 20 g,Farmacity,1020.0,1020.0,True,20.0,51.0,> Cuidado Capilar > Reparación Y Tratamiento >,tratamiento,estandar,general,https://www.farmacity.com/tratamiento-capilar-farmacity-intensivo-10-en-1-x-20-g/p,False
1038,Farmacity,246864,246864,Tratamiento Capilar Estereocolor Shock Hair Food Cacao x 50 g,Estereocolor,2318.0,2318.0,True,50.0,46.36,> Cuidado Capilar > Reparación Y Tratamiento >,tratamiento,estandar,tratado,https://www.farmacity.com/tratamiento-capilar-estereocolor-shock-hair-food-cacao-x-50-g/p,False
1039,Farmacity,208727,208727,Tratamiento Capilar Capilatis con Aloe Vera Puro x 170 ml,Capilatis,3400.0,6800.0,True,170.0,20.0,> Cuidado Capilar > Reparación Y Tratamiento >,tratamiento,estandar,general,https://www.farmacity.com/tratamiento-capilar-capilatis-con-aloe-vera-puro-x-170-ml/p,False
1040,Farmacity,249904,249904,Tratamiento Capilar Primont Signature con Trufa Negra x 250 ml,Primont,27678.0,27678.0,True,250.0,110.712,> Cuidado Capilar > Reparación Y Tratamiento >,tratamiento,estandar,general,https://www.farmacity.com/tratamiento-capilar-primont-signature-con-trufa-negra-x-250-ml/p,False
1041,Farmacity,246862,246862,Tratamiento Capilar Estereocolor Shock Hair Food Pistacho x 50 g,Estereocolor,2318.0,2318.0,True,50.0,46.36,> Cuidado Capilar > Reparación Y Tratamiento >,tratamiento,estandar,tratado,https://www.farmacity.com/tratamiento-capilar-estereocolor-shock-hair-food-pistacho-x-50-g/p,False
1042,Farmacity,232581,232581,Tratamiento Capilar Estereocolor Crema de Lavado Co-wash x 50 ml,Estereocolor,1125.0,2250.0,True,50.0,22.5,> Cuidado Capilar > Reparación Y Tratamiento >,tratamiento,estandar,tratado,https://www.farmacity.com/tratamiento-capilar-estereo-color-crema-de-lavado-co-wash-x-50-ml/p,False
1043,Farmacity,246863,246863,Tratamiento Capilar Estereocolor Shock Hair Food Cacao Caja x 10 un,Estereocolor,23175.0,23175.0,True,,,> Cuidado Capilar > Reparación Y Tratamiento >,tratamiento,estandar,tratado,https://www.farmacity.com/tratamiento-capilar-estereocolor-shock-hair-food-cacao-caja-x-10-un/p,False
1044,Farmacity,246861,246861,Tratamiento Capilar Estereocolor Shock Hair Food Pistacho Caja x 10 un,Estereocolor,23175.0,23175.0,True,,,> Cuidado Capilar > Reparación Y Tratamiento >,tratamiento,estandar,tratado,https://www.farmacity.com/tratamiento-capilar-estereocolor-shock-hair-food-pistacho-caja-x-10-un/p,False
1045,Farmacity,248329,248329,Tratamiento Capilar Ice Professional Repair My Hair Keratina x 100 ml,Ice,15400.0,22000.0,True,100.0,154.0,> Cuidado Capilar > Reparación Y Tratamiento >,tratamiento,profesional,tratado,https://www.farmacity.com/tratamiento-capilar-ice-professional-repair-my-hair-keratina-x-100-ml/p,False
1046,Farmacity,228281,228281,Tratamiento Capilar en Spray Multibeneficios Nic 10 en 1 x 215 ml,Nic,13352.0,16690.0,True,215.0,62.1023,> Cuidado Capilar > Reparación Y Tratamiento >,tratamiento,estandar,general,https://www.farmacity.com/tratamiento-capilar-nic-all-you-need-is-shine-x-215-ml/p,False
1047,Farmacity,865,133756,Tratamiento Capilar Vichy Dercos Aminexil Pro Homme x 12 un x 6 ml,Vichy,143134.0,143134.0,True,6.0,23855.6667,> Dermocosmética > Pelo > Bálsamos y Tratamientos >,tratamiento,estandar,general,https://www.farmacity.com/tratamiento-capilar-anticaida-dercos-aminexil-pro-para-hombres-12-un-x-6ml-c-u/p,False
1048,Farmacity,245032,245032,Ampolla Tratamiento Capilar Get The Look Hidratación Profunda x 15 ml,Get The Look,4830.0,4830.0,True,15.0,322.0,> Cuidado Capilar > Reparación Y Tratamiento >,tratamiento,estandar,seco_danado,https://www.farmacity.com/ampolla-tratamiento-capilar-get-the-look-hidratacion-profunda-acido-hialuronico-y-vitamina-c-x-15-ml/p,False
1049,Farmacity,245031,245031,Ampolla Tratamiento Capilar Get The Look Nutrición Profunda Palta x 15 ml,Get The Look,4830.0,4830.0,True,15.0,322.0,> Cuidado Capilar > Reparación Y Tratamiento >,tratamiento,estandar,general,https://www.farmacity.com/ampolla-tratamiento-capilar-get-the-look-nutricion-profunda-palta-x-15-ml/p,False
1050,Farmacity,245029,245029,Ampolla Tratamiento Capilar Get The Look Anti Caída Niacinamida x 15 ml,Get The Look,4830.0,4830.0,True,15.0,322.0,> Cuidado Capilar > Reparación Y Tratamiento >,tratamiento,estandar,general,https://www.farmacity.com/ampolla-tratamiento-capilar-get-the-look-anti-caida-niacinamida-x-15-ml/p,False
1051,Farmacity,245030,245030,Ampolla Tratamiento Capilar Get The Look Silsoft y Keratina Hidrolizada x 15 ml,Get The Look,4830.0,4830.0,True,15.0,322.0,> Cuidado Capilar > Reparación Y Tratamiento >,tratamiento,estandar,tratado,https://www.farmacity.com/ampolla-tratamiento-capilar-get-the-look-reparacion-profunda-silfoft-y-keratina-hidrolizada-x-15-ml/p,False
1052,Farmacity,209164,209164,Tratamiento Estereocolor Shock Humectación x 50 ml,Estereocolor,2250.0,2250.0,True,50.0,45.0,> Cuidado Capilar > Reparación Y Tratamiento >,tratamiento,estandar,tratado,https://www.farmacity.com/tratamiento-estereo-color-shock-humectacion-intensiva-con-aceite-de-coco-x-50-ml/p,False
1053,Farmacity,209165,209165,Tratamiento Estereocolor Shock Concentrado x 50 ml,Estereocolor,2250.0,2250.0,True,50.0,45.0,> Cuidado Capilar > Reparación Y Tratamiento >,tratamiento,estandar,tratado,https://www.farmacity.com/tratamiento-estereo-color-shock-concentrado-reparador-x-50-ml/p,False
1054,Farmacity,220314,220314,Tratamiento Estereocolor Shock Oro 24k x 50 g,Estereocolor,2250.0,2250.0,True,50.0,45.0,> Cuidado Capilar > Reparación Y Tratamiento >,tratamiento,estandar,tratado,https://www.farmacity.com/tratamiento-estereo-color-shock-oro-24-k-x-50-g/p,False
1055,Farmacity,220315,220315,Tratamiento Estereocolor Carbón Detox Activado x 50 g,Estereocolor,1125.0,2250.0,True,50.0,22.5,> Cuidado Capilar > Reparación Y Tratamiento >,tratamiento,estandar,tratado,https://www.farmacity.com/tratamiento-estereo-color-carbon-detox-activado-x-50-g/p,False
1056,Farmacity,224948,224948,Tratamiento Estereocolor Shock Intensivo Silver x 50 g,Estereocolor,2250.0,2250.0,True,50.0,45.0,> Cuidado Capilar > Reparación Y Tratamiento >,tratamiento,estandar,tratado,https://www.farmacity.com/tratamiento-estereo-color-shock-intensivo-silver-x-50-g/p,False
1057,Farmacity,249158,249158,Combo Get The Look Capilar Desenredante + Óleo + Ampolla Tratamiento,Get The Look,12184.0,24369.0,True,,,> Cuidado Capilar > Reparación Y Tratamiento >,tratamiento,estandar,general,https://www.farmacity.com/combo-get-the-look-capilar-desenredante-oleo-ampolla-tratamiento/p,True
1058,Farmacity,241697,241697,Kit Dove Bond Intense Repair Óleo + Sérum Capilar + Máscara de Tratamiento,Dove,17141.0,34282.0,True,,,> Cuidado Capilar > Reparación Y Tratamiento >,tratamiento,profesional,general,https://www.farmacity.com/combo-dove-bond-intense-repair-oleo-serum-capilar-x-110-ml-mascara-de-tratamiento-x-250-g/p,True
1059,Farmacity,214141,214141,Tratamiento Estereocolor Oleo de Argán,Estereocolor,1040.0,1040.0,True,,,> Cuidado Capilar > Reparación Y Tratamiento >,tratamiento,estandar,tratado,https://www.farmacity.com/tratamiento-estereo-color-oleo-de-argan-x-1-un/p,False
1060,Farmacity,214142,214142,Tratamiento Estereocolor Aceite de Almendras,Estereocolor,1040.0,1040.0,True,,,> Cuidado Capilar > Reparación Y Tratamiento >,tratamiento,estandar,tratado,https://www.farmacity.com/tratamiento-estereo-color-aceite-de-almendras-x-40-un/p,False
1061,Farmacity,244370,244370,Máscara de Tratamiento Tresemmé Keratina Antifrizz x 300 g,Tresemmé,9871.0,9871.0,True,300.0,32.9033,> Cuidado Capilar > Reparación Y Tratamiento >,tratamiento,estandar,tratado,https://www.farmacity.com/mascarilla-capilar-tresemme-keratina-blind-antifrizz-x-300-g/p,False
1062,Farmacity,250127,250127,Tratamiento Leave In Dove Reconstrucción x 110 ml,Dove,9810.0,17837.0,True,110.0,89.1818,> Cuidado Capilar > Reparación Y Tratamiento >,tratamiento,estandar,general,https://www.farmacity.com/tratamiento-leave-in-dove-reconstruccion-x-110-ml/p,False
1063,Farmacity,250126,250126,Tratamiento Leave In Dove Nutrición x 110 ml,Dove,9810.0,17837.0,True,110.0,89.1818,> Cuidado Capilar > Reparación Y Tratamiento >,tratamiento,estandar,general,https://www.farmacity.com/tratamiento-leave-in-dove-nutricion-x-110-ml/p,False
1064,Farmacity,239872,239872,Máscara de Tratamiento Dove Hidratación + Hialuron x 300 g,Dove,9688.0,9688.0,True,300.0,32.2933,> Cuidado Capilar > Reparación Y Tratamiento >,tratamiento,estandar,seco_danado,https://www.farmacity.com/crema-tratamiento-dove-hidratacion-x-300-g/p,False
1065,Farmacity,215079,215079,Máscara de Tratamiento Dove Regeneración + Retinol x 300 g,Dove,9688.0,9688.0,True,300.0,32.2933,> Cuidado Capilar > Reparación Y Tratamiento >,tratamiento,estandar,general,https://www.farmacity.com/mascara-de-tratamiento-dove-regeneracion-extrema-ultra-cuidado-x-300-g/p,False
1066,Farmacity,211772,211772,Máscara de Tratamiento Dove Reconstrucción + Aminoácido x 300 g Máscara de Tratamiento Dove Reconstrucción Completa x 300 g,Dove,9688.0,9688.0,True,300.0,32.2933,> Cuidado Capilar > Reparación Y Tratamiento >,tratamiento,estandar,general,https://www.farmacity.com/crema-tratamiento-dove-1-minuto-reconstruccion-completa-x-300-g/p,False
1067,Farmacity,228360,228360,Máscara de Tratamiento Dove Humectación + Coco Antioxi x 300 g,Dove,9688.0,9688.0,True,300.0,32.2933,> Cuidado Capilar > Reparación Y Tratamiento >,tratamiento,estandar,general,https://www.farmacity.com/crema-tratamiento-dove-1-minuto-ritual-de-reparacion-x-300-g/p,False
1068,Farmacity,211773,211773,Máscara de Tratamiento Dove Nutrición + Tri-Óleos x 300 g,Dove,9688.0,9688.0,True,300.0,32.2933,> Cuidado Capilar > Reparación Y Tratamiento >,tratamiento,estandar,general,https://www.farmacity.com/crema-tratamiento-dove-1-minuto-oleo-nutricion-x-300-g/p,False
1069,Farmacity,4165,139205,Crema Tratamiento Elvive Keraliso Brillo x 300 g,Elvive,3500.0,7000.0,True,300.0,11.6667,> Cuidado Capilar > Reparación Y Tratamiento >,tratamiento,profesional,general,https://www.farmacity.com/crema-de-tratamiento-kera-liso-x-300-ml/p,False
1070,Farmacity,249154,249154,Combo Fuerza Reparación Capilar,Get The Look,19405.0,38810.0,True,,,> Cuidado Capilar > Reparación Y Tratamiento >,shampoo,estandar,general,https://www.farmacity.com/combo-fuerza-reparacion-capilar/p,True
1071,Farmacity,246479,246479,Máscara de Tratamiento Dove UV Repair & Glow 250 g,Dove,16479.0,16479.0,True,250.0,65.916,> Cuidado Capilar > Reparación Y Tratamiento >,tratamiento,profesional,general,https://www.farmacity.com/mascara-capilar-dove-uv-repair-x-250-g/p,False
1072,Farmacity,250356,250356,Crema Tratamiento Elvive Collagen Lifter x 300 ml,Elvive,13490.0,13490.0,True,300.0,44.9667,> Cuidado Capilar > Reparación Y Tratamiento >,tratamiento,profesional,general,https://www.farmacity.com/crema-tratamiento-elvive-colageno-lifter-x-300-ml/p,False
1073,Farmacity,246062,246062,Crema Tratamiento Sedal Toque de Seda x 300 g,Sedal,5127.0,6409.0,True,300.0,17.09,> Cuidado Capilar > Reparación Y Tratamiento >,tratamiento,estandar,general,https://www.farmacity.com/crema-tratamiento-sedal-toque-de-seda-x-300-g/p,False
1074,Farmacity,248890,248890,Crema Tratamiento Capilatis Natural Oil x 300 ml,Capilatis,11000.0,11000.0,True,300.0,36.6667,> Cuidado Capilar > Reparación Y Tratamiento >,tratamiento,estandar,general,https://www.farmacity.com/crema-tratamiento-capilatis-natural-oil-x-300-ml/p,False
1075,Farmacity,248891,248891,Crema Tratamiento Capilatis Aloe Vera x 300 ml,Capilatis,11000.0,11000.0,True,300.0,36.6667,> Cuidado Capilar > Reparación Y Tratamiento >,tratamiento,estandar,general,https://www.farmacity.com/crema-tratamiento-capilatis-aloe-vera-x-300-ml/p,False
1076,Farmacity,250189,250189,Crema Tratamiento La Puissance Nutrition x 300 ml,La Puissance,17600.0,17600.0,True,300.0,58.6667,> Cuidado Capilar > Reparación Y Tratamiento >,tratamiento,estandar,general,https://www.farmacity.com/crema-tratamiento-la-puissance-nutrition-x-300-ml/p,False
1077,Farmacity,250186,250186,Crema Tratamiento La Puissance Keratine x 300 ml,La Puissance,16600.0,16600.0,True,300.0,55.3333,> Cuidado Capilar > Reparación Y Tratamiento >,tratamiento,estandar,general,https://www.farmacity.com/crema-tratamiento-la-puissance-keratine-x-300-ml/p,False
1078,Farmacity,238114,238114,Caja Tratamiento Estereocolor Aceite de Coco x 40 un,Estereocolor,20800.0,41600.0,True,,,> Cuidado Capilar > Reparación Y Tratamiento >,tratamiento,estandar,tratado,https://www.farmacity.com/caja-tratamiento-estereocolor-aceite-de-coco-x-40-un/p,False
1079,Farmacity,250310,250310,Crema Tratamiento Kerasys Advanced Moisture Ampoule x 300 ml,Kerasys,59000.0,59000.0,True,300.0,196.6667,> Cuidado Capilar > Reparación Y Tratamiento >,tratamiento,estandar,general,https://www.farmacity.com/crema-tratamiento-kerasys-advanced-moisture-ampoule-x-300-ml/p,False
1080,Farmacity,250309,250309,Crema Tratamiento Kerasys Advance Repair Ampoule x 300 ml,Kerasys,59000.0,59000.0,True,300.0,196.6667,> Cuidado Capilar > Reparación Y Tratamiento >,tratamiento,profesional,general,https://www.farmacity.com/crema-tratamiento-kerasys-advance-repair-ampoule-x-300-ml/p,False
1081,Farmacity,241005,241005,Máscara de Tratamiento Dove Bond Repair + Péptido x 250 g,Dove,16479.0,16479.0,True,250.0,65.916,> Cuidado Capilar > Reparación Y Tratamiento >,tratamiento,profesional,general,https://www.farmacity.com/mascara-de-tratamiento-dove-bond-intense-repair-x-250-g/p,False
1082,Farmacity,239631,239631,Combo Capilar Tintura Permanente Excellence Triple cuidado  Tono 5U Castaño Claro + Tratamiento Elvive Óleo Extraordinario x 100 ml Combo Capilar Tintura Permanente Excellence Triple cuidado Tono 5U Castaño Claro + Tratamiento Elvive Óleo Extraordinario x 100 ml,Elvive,44980.0,44980.0,True,100.0,449.8,> Cuidado Capilar > Coloración Y Oxidantes >,tratamiento,profesional,tratado,https://www.farmacity.com/combo-capilar-tintura-permanente-excellence-triple-cuidado-sin-amoniaco-tono-5u-castano-claro-tratamiento-intensivo-elvive-oleo-extraordinario/p,True
1083,Farmacity,239632,239632,Combo Capilar Tintura Permanente Excellence Triple cuidado  Tono 6U Rubio Oscuro + Tratamiento Elvive Óleo Extraordinario x 100 ml,Elvive,44980.0,44980.0,True,100.0,449.8,> Cuidado Capilar > Coloración Y Oxidantes >,tratamiento,profesional,tratado,https://www.farmacity.com/combo-capilar-tintura-permanente-excellence-triple-cuidado-sin-amoniaco-tono-6u-rubio-oscuro-tratamiento-intensivo-elvive-oleo-extraordinario/p,True
1084,Farmacity,239630,239630,Combo Capilar Tintura Permanente Excellence Triple cuidado  Tono 4U Castaño + Tratamiento Elvive Óleo Extraordinario Nutrición x 100 ml,Elvive,44980.0,44980.0,True,100.0,449.8,> Cuidado Capilar > Coloración Y Oxidantes >,tratamiento,profesional,tratado,https://www.farmacity.com/combo-capilar-tintura-permanente-excellence-triple-cuidado-sin-amoniaco-tono-4u-castano-tratamiento-intensivo-elvive-oleo-extraordinario/p,True
1085,Farmacity,229633,229633,Crema Tratamiento Dove Real Fuerza + Bambú x 190 g,Dove,2636.0,5273.0,True,190.0,13.8737,> Cuidado Capilar > Reparación Y Tratamiento >,tratamiento,estandar,general,https://www.farmacity.com/crema-tratamiento-dove-real-poder-de-las-plantas-fuerza-bambu-x-190-g/p,False
1086,Farmacity,248883,248883,Crema Tratamiento Ogx Bond Protein Repair 1-Minuto x 200 ml,Ogx,31641.0,31641.0,True,200.0,158.205,> Cuidado Capilar > Reparación Y Tratamiento >,tratamiento,profesional,general,https://www.farmacity.com/crema-tratamiento-ogx-bond-protein-repair-1-minuto-x-200-ml/p,False
1087,Farmacity,250311,250311,Crema Tratamiento Kerasys Hair Clinic Heat Active x 200 ml,Kerasys,59000.0,59000.0,True,200.0,295.0,> Cuidado Capilar > Reparación Y Tratamiento >,tratamiento,estandar,general,https://www.farmacity.com/crema-tratamiento-kerasys-hair-clinic-heat-active-x-200-ml/p,False
1088,Farmacity,236810,236810,Crema de Tratamiento Sedal Colágeno y Vitamina C x 300 g,Sedal,5127.0,6409.0,True,300.0,17.09,> Cuidado Capilar > Reparación Y Tratamiento >,tratamiento,estandar,general,https://www.farmacity.com/crema-de-tratamiento-sedal-colageno-y-vitamina-c-x-300-g/p,False
1089,Farmacity,236811,236811,Crema de Tratamiento Sedal Ácido Hialurónico y Vitamina A x 300 g,Sedal,5127.0,6409.0,True,300.0,17.09,> Cuidado Capilar > Reparación Y Tratamiento >,tratamiento,estandar,general,https://www.farmacity.com/crema-de-tratamiento-sedal-acido-hialuronico-y-vitamina-a-x-300-g/p,False
1090,Farmacity,8576,155200,Leche Capilar Argan Shock x 125 ml,Iyosei,7836.0,7836.0,True,125.0,62.688,> Cuidado Capilar > Reparación Y Tratamiento >,shampoo,estandar,general,https://www.farmacity.com/leche-capilar-argan-shock-x-125-ml/p,False
1091,Farmacity,217255,217255,Sérum Capilar Ogx Coconut Milk x 118 ml,Ogx,31640.0,31640.0,True,118.0,268.1356,> Cuidado Capilar > Reparación Y Tratamiento >,shampoo,estandar,general,https://www.farmacity.com/serum-capilar-ogx-coconut-milk-x-118-ml/p,False
1092,Farmacity,9890,157175,Sachet de Mascarilla Capilar con Keratina x 15 Gr,Capilatis,1800.0,1800.0,True,15.0,120.0,> Cuidado Capilar > Reparación Y Tratamiento >,tratamiento,estandar,tratado,https://www.farmacity.com/sachet-de-mascarilla-capilar-con-keratina-x-15-gr/p,False
1093,Farmacity,245147,245147,Óleo Capilar Get The Look x 95 ml,Get The Look,14400.0,14400.0,True,95.0,151.5789,> Cuidado Capilar > Reparación Y Tratamiento >,shampoo,estandar,general,https://www.farmacity.com/oleo-capilar-get-the-look-x-95-ml/p,False
1094,Farmacity,236056,236056,Máscara Capilar Biferdil Óleo de Argán x 150 ml,Biferdil,14796.0,14796.0,True,150.0,98.64,> Cuidado Capilar > Reparación Y Tratamiento >,shampoo,estandar,general,https://www.farmacity.com/mascara-capilar-biferdil-oleo-de-argan-x-150-ml/p,False
1095,Farmacity,15259,160431,Máscara Capilar Capilatis Ácido Hialurónico x 170 g,Capilatis,9400.0,9400.0,True,170.0,55.2941,> Cuidado Capilar > Reparación Y Tratamiento >,shampoo,estandar,general,https://www.farmacity.com/mascara-capilar-acido-hialuronico-x-170-gr/p,False
1096,Farmacity,228547,228547,Máscara Capilar Biferdil Nutri Cream x 150 ml,Biferdil,10152.0,10152.0,True,150.0,67.68,> Cuidado Capilar > Reparación Y Tratamiento >,shampoo,estandar,general,https://www.farmacity.com/mascara-capilar-biferdil-nutri-cream-x-150-ml/p,False
1097,Farmacity,249892,249892,Óleo Capilar Karseell  Essence x 50 ml Óleo Capilar Karseell Maca Essence x 50 ml,Karseell,29000.0,29000.0,True,50.0,580.0,> Cuidado Capilar > Reparación Y Tratamiento >,shampoo,estandar,general,https://www.farmacity.com/oleo-capilar-karseell-maca-essence-x-50-ml/p,False
1098,Farmacity,243567,243567,Mascarilla Capilar Sedal Luminous UV x 300 g,Sedal,5127.0,6409.0,True,300.0,17.09,> Cuidado Capilar > Reparación Y Tratamiento >,tratamiento,estandar,general,https://www.farmacity.com/mascarilla-capilar-sedal-luminous-uv-x-300-g/p,False
1099,Farmacity,250308,250308,Mascarilla Capilar Kerasys Propolis Shine x 180 ml,Kerasys,39000.0,39000.0,True,180.0,216.6667,> Cuidado Capilar > Reparación Y Tratamiento >,tratamiento,estandar,general,https://www.farmacity.com/mascarilla-capilar-kerasys-propolis-shine-x-180-ml/p,False
1100,Farmacity,225544,225544,Máscara Bagóvit Capilar Reparación Intensiva x 300 ml,Bagóvit,8983.0,8983.0,True,300.0,29.9433,> Cuidado Capilar > Reparación Y Tratamiento >,shampoo,estandar,general,https://www.farmacity.com/mascara-bagovit-capilar-r-reparacion-intensiva-x-300-ml/p,False
1101,Farmacity,217100,217100,Máscara Capilar Alfaparf Milano Diamond x 200 ml,Alfaparf Milano,62477.0,62477.0,True,200.0,312.385,> Cuidado Capilar > Reparación Y Tratamiento >,shampoo,estandar,general,https://www.farmacity.com/mascara-capilar-alfaparf-milano-semi-di-lino-diamond-illuminating-x-200-ml/p,False
1102,Farmacity,234386,234386,Mascarilla Capilar Elvive Hialurónico Pure x 300 g,Elvive,11190.0,11190.0,True,300.0,37.3,> Cuidado Capilar > Reparación Y Tratamiento >,tratamiento,profesional,general,https://www.farmacity.com/mascarilla-capilar-elvive-hialuronico-pure-x-300-g/p,False
1103,Farmacity,228545,228545,Máscara Capilar Biferdil Rosa Mosqueta Orgánica x 150 ml,Biferdil,11988.0,11988.0,True,150.0,79.92,> Cuidado Capilar > Reparación Y Tratamiento >,shampoo,estandar,general,https://www.farmacity.com/mascara-capilar-biferdil-rosa-mosqueta-organica-x-150-ml/p,False
1104,Farmacity,243566,243566,Sérum Capilar Sedal Luminous UV x 110 ml,Sedal,8464.0,10580.0,True,110.0,76.9455,> Cuidado Capilar > Reparación Y Tratamiento >,shampoo,estandar,general,https://www.farmacity.com/serum-capilar-sedal-luminous-uv-x-110-ml/p,False
1105,Farmacity,249891,249891,Mascarilla Capilar Karseell con Colágeno x 500 ml,Karseell,33000.0,33000.0,True,500.0,66.0,> Cuidado Capilar > Reparación Y Tratamiento >,tratamiento,estandar,general,https://www.farmacity.com/mascarilla-capilar-karseell-con-colageno-x-500-ml/p,False
1106,Farmacity,244546,244546,Tónico Capilar Pantene Anti Caída x 52 ml,Pantene,25541.0,25541.0,True,52.0,491.1731,> Cuidado Capilar > Reparación Y Tratamiento >,shampoo,estandar,general,https://www.farmacity.com/tonico-capilar-pantene-anti-caida-x-52-ml/p,False
1107,Farmacity,243572,243572,Mascarilla Capilar Capilatis Ácido Glicólico x 170 g,Capilatis,9400.0,9400.0,True,170.0,55.2941,> Cuidado Capilar > Reparación Y Tratamiento >,tratamiento,estandar,general,https://www.farmacity.com/mascarilla-capilar-capilatis-acido-glicolico-x-170-g/p,False
1108,Farmacity,241572,241572,Mascarilla Bagóvit Capilar Plasma Vegetal x 300 ml,Bagóvit,10392.0,10392.0,True,300.0,34.64,> Cuidado Capilar > Reparación Y Tratamiento >,tratamiento,estandar,general,https://www.farmacity.com/mascarilla-bagovit-capilar-plasma-vegetal-x-300-ml/p,False
1109,Farmacity,250191,250191,Óleo Capilar La Puissance Nutrition x 30 ml,La Puissance,18000.0,18000.0,True,30.0,600.0,> Cuidado Capilar > Reparación Y Tratamiento >,shampoo,estandar,general,https://www.farmacity.com/oleo-capilar-la-puissance-nutrition-x-30-ml/p,False
1110,Farmacity,250190,250190,Mascarilla Capilar La Puissance Nutrition x 250 ml,La Puissance,17600.0,17600.0,True,250.0,70.4,> Cuidado Capilar > Reparación Y Tratamiento >,tratamiento,estandar,general,https://www.farmacity.com/mascarilla-capilar-la-puissance-nutrition-x-250-ml/p,False
1111,Farmacity,249155,249155,Combo Get The Look Brillo y Fuerza Capilar,Get The Look,20275.0,40550.0,True,,,> Cuidado Capilar > Reparación Y Tratamiento >,shampoo,estandar,general,https://www.farmacity.com/combo-get-the-look-brillo-y-fuerza-capilar/p,True
1112,Farmacity,212301,212301,Ampolla Capilar Farmacity Nutrición Intensa x 10 ml,Farmacity,3150.0,3150.0,True,10.0,315.0,> Cuidado Capilar > Reparación Y Tratamiento >,shampoo,estandar,general,https://www.farmacity.com/ampolla-capilar-farmacity-nutricion-intensa-x-10-ml/p,False
1113,Farmacity,212300,212300,Ampolla Capilar Farmacity Reparación Profunda x 10 ml,Farmacity,3150.0,3150.0,True,10.0,315.0,> Cuidado Capilar > Reparación Y Tratamiento >,shampoo,estandar,general,https://www.farmacity.com/ampolla-capilar-farmacity-reparacion-profunda-x-10-ml/p,False
1114,Farmacity,248878,248878,Cera Capilar Iyosei con Filtro UV x 50 g,Iyosei,9400.0,9400.0,True,50.0,188.0,> Cuidado Capilar > Reparación Y Tratamiento >,shampoo,estandar,general,https://www.farmacity.com/cera-capilar-iyosei-con-filtro-uv-x-50-g/p,False
1115,Farmacity,245148,245148,Cera Capilar Get The Look x 75 g,Get The Look,7623.0,10890.0,True,75.0,101.64,> Cuidado Capilar > Modelado Y Peinado >,shampoo,estandar,general,https://www.farmacity.com/cera-capilar-get-the-look-x-75-g/p,False
1116,Farmacity,250314,250314,Sérum Capilar Kerasys Keramide Extrame Damage x 70 ml,Kerasys,65000.0,65000.0,True,70.0,928.5714,> Cuidado Capilar > Reparación Y Tratamiento >,shampoo,estandar,general,https://www.farmacity.com/serum-capilar-kerasys-keramide-extrame-damage-x-70-ml/p,False
1117,Farmacity,219379,219379,Máscara Capilar Alta Moda é Desamarillador Intense Blonde x 300 g,Alta Moda,10783.0,10783.0,True,300.0,35.9433,> Cuidado Capilar > Reparación Y Tratamiento >,shampoo,estandar,general,https://www.farmacity.com/mascara-alta-moda-e-desamarillador-x-300-g/p,False
1118,Farmacity,241726,241726,Kit Capilar Tresemmé Liso Efecto Botox + Hidratación + Protección,Tresemmé,31192.0,51986.0,True,,,> Cuidado Capilar > Reparación Y Tratamiento >,tratamiento,estandar,seco_danado,https://www.farmacity.com/combo-capilar-tresemme-liso-efecto-botox-hidratacion-proteccion/p,True
1119,Farmacity,219378,219378,Máscara Capilar Alta Moda é Argan Super Oils x 300 g,Alta Moda,7273.0,7273.0,True,300.0,24.2433,> Cuidado Capilar > Reparación Y Tratamiento >,shampoo,estandar,general,https://www.farmacity.com/mascara-alta-moda-e-argan-therapy-x-300-g/p,False
1120,Farmacity,226015,226015,Máscara Capilar Alta Moda é Repair & Defense x 300 g,Alta Moda,7273.0,7273.0,True,300.0,24.2433,> Cuidado Capilar > Reparación Y Tratamiento >,shampoo,profesional,general,https://www.farmacity.com/mascara-capilar-alta-moda-e-repair-y-defense-x-300-g/p,False
1121,Farmacity,245033,245033,Sérum Capilar Get The Look Ácido Hialurónico x 30 ml,Get The Look,8078.0,11540.0,True,30.0,269.2667,> Cuidado Capilar > Reparación Y Tratamiento >,shampoo,estandar,general,https://www.farmacity.com/serum-capilar-get-the-look-acido-hialuronico-x-30-ml/p,False
1122,Farmacity,228733,228733,Ampolla Capilar Biferdil Caída del Cabello con Bioxidil x 10 ml,Biferdil,8800.0,8800.0,True,10.0,880.0,> Cuidado Capilar > Reparación Y Tratamiento >,shampoo,estandar,general,https://www.farmacity.com/ampolla-capilar-biferdil-caida-del-cabello-con-bioxidil-x-10-ml/p,False
1123,Farmacity,245035,245035,Desenredante Capilar Get The Look Hidratación y Suavidad x 125 ml,Get The Look,5599.0,7999.0,True,125.0,44.792,> Cuidado Capilar > Reparación Y Tratamiento >,shampoo,estandar,seco_danado,https://www.farmacity.com/desenredante-capilar-get-the-look-hidratacion-y-suavidad-x-125-ml/p,False
1124,Farmacity,245034,245034,Óleo Capilar Get The Look Argán y Palta x 50 ml,Get The Look,5495.0,10990.0,True,50.0,109.9,> Cuidado Capilar > Reparación Y Tratamiento >,shampoo,estandar,general,https://www.farmacity.com/oleo-capilar-get-the-look-argan-y-palta-x-50-ml/p,False
1125,Farmacity,247380,247380,Sellador Capilar Get The Look Antifrizz en Spray x 210 ml,Get The Look,5395.0,10790.0,True,210.0,25.6905,> Cuidado Capilar > Reparación Y Tratamiento >,shampoo,estandar,general,https://www.farmacity.com/spray-sellador-antifrizz-get-the-look-x-210-ml/p,False
1126,Farmacity,250198,250198,Sérum Capilar La Puissance Extra Cell Plex Paso 6 x 55 ml,La Puissance,33900.0,33900.0,True,55.0,616.3636,> Cuidado Capilar > Reparación Y Tratamiento >,shampoo,estandar,general,https://www.farmacity.com/serum-capilar-la-puissance-extra-cell-plex-paso-6-x-55-ml/p,False
1127,Farmacity,250196,250196,Mascarilla Capilar La Puissance Extra Cell Plex Paso 3 x 250 ml,La Puissance,42600.0,42600.0,True,250.0,170.4,> Cuidado Capilar > Reparación Y Tratamiento >,tratamiento,estandar,general,https://www.farmacity.com/mascarilla-capilar-la-puissance-extra-cell-plex-paso-3-x-250-ml/p,False
1128,Farmacity,246481,246481,Shampoo Dove Uv Repair & Glow x 200 ml,Dove,6418.0,6418.0,True,200.0,32.09,> Cuidado Capilar > Shampoo Y Acondicionador >,shampoo,profesional,general,https://www.farmacity.com/shampoo-dove-uv-repair-x-200-ml/p,False
1129,Farmacity,215075,215075,Shampoo Dove Regeneración + Retinol x 200 ml,Dove,5788.0,5788.0,True,200.0,28.94,> Cuidado Capilar > Shampoo Y Acondicionador >,shampoo,estandar,general,https://www.farmacity.com/shampoo-dove-regeneracion-extrema-x-200-ml/p,False
1130,Farmacity,230610,230610,Shampoo Tresemmé Liso Efecto Botox x 250 ml,Tresemmé,6091.0,6091.0,True,250.0,24.364,> Cuidado Capilar > Shampoo Y Acondicionador >,shampoo,estandar,general,https://www.farmacity.com/shampoo-tresemme-liso-efecto-botox-x-250-ml/p,False
1131,Farmacity,247379,247379,Serum Capilar de Brillo Get The Look con Acido Glicolico y Filtro UV x 95 ml,Get The Look,7200.0,14400.0,True,95.0,75.7895,> Cuidado Capilar > Reparación Y Tratamiento >,shampoo,estandar,general,https://www.farmacity.com/serum-de-brillo-get-the-look-con-acido-glicolico-y-filtro-uv-x-95-ml/p,False
1132,Farmacity,237879,237879,Shampoo Capilatis Ortiga Concentrado Graso x 420 ml,Capilatis,7575.0,10100.0,True,420.0,18.0357,> Cuidado Capilar > Shampoo Y Acondicionador >,shampoo,estandar,graso,https://www.farmacity.com/shampoo-capilatis-ortiga-concentrado-graso-x-420-ml/p,False
1133,Farmacity,237881,237881,Shampoo Capilatis Ortiga Concentrado Caspa x 420 ml,Capilatis,10800.0,10800.0,True,420.0,25.7143,> Cuidado Capilar > Shampoo Y Acondicionador >,shampoo,estandar,anticaspa,https://www.farmacity.com/shampoo-capilatis-ortiga-concentrado-caspa-x-420-ml/p,False
1134,Farmacity,241008,241008,Shampoo Dove Bond Repair + Péptido x 400 ml,Dove,6453.0,10755.0,True,400.0,16.1325,> Cuidado Capilar > Shampoo Y Acondicionador >,shampoo,profesional,general,https://www.farmacity.com/shampo-dove-bond-intense-repair-x-400-ml/p,False
1135,Farmacity,215076,215076,Shampoo Dove Regeneración + Retinol x 400 ml,Dove,5812.0,9687.0,True,400.0,14.53,> Cuidado Capilar > Shampoo Y Acondicionador >,shampoo,estandar,general,https://www.farmacity.com/shampoo-dove-regeneracion-extrema-x-400-ml/p,False
1136,Farmacity,953,128825,Shampoo Dove Reconstrucción + Aminoácido x 200 ml,Dove,5788.0,5788.0,True,200.0,28.94,> Cuidado Capilar > Shampoo Y Acondicionador >,shampoo,estandar,general,https://www.farmacity.com/shampoo-dove-reconstruccion-completa-botella-x-200-ml/p,False
1137,Farmacity,224347,224347,Mascarilla Fructis Hair Food Sandia x 350 ml,Fructis,13990.0,13990.0,True,350.0,39.9714,> Cuidado Capilar > Reparación Y Tratamiento >,tratamiento,estandar,general,https://www.farmacity.com/tratamiento-capilar-garnier-fructis-hair-food-sandia-revitalizante-x-300-ml/p,False
1138,Farmacity,1013,101809,Mascarilla Elvive Colorvive x 300 g,Elvive,11190.0,11190.0,True,300.0,37.3,> Cuidado Capilar > Reparación Y Tratamiento >,tratamiento,profesional,tratado,https://www.farmacity.com/colorvive-crema-de-tratamiento-x-300-ml/p,False
1139,Farmacity,246400,246400,Óleo Pantene Nutritivo x 95 ml,Pantene,20179.0,20179.0,True,95.0,212.4105,> Cuidado Capilar > Reparación Y Tratamiento >,shampoo,estandar,general,https://www.farmacity.com/oleo-pantene-nutritivo-x-95-ml/p,False
1140,Farmacity,250357,250357,Sérum Elvive Collagen Lifter x 100 ml,Elvive,19990.0,19990.0,True,100.0,199.9,> Cuidado Capilar > Reparación Y Tratamiento >,shampoo,profesional,general,https://www.farmacity.com/serum-elvive-colageno-lifter-x-100-ml/p,False
1141,Farmacity,4747,138021,Crema para Peinar Sedal Ceramidas x 300 ml,Sedal,5684.0,5684.0,True,300.0,18.9467,> Cuidado Capilar > Modelado Y Peinado >,shampoo,estandar,general,https://www.farmacity.com/crema-para-peinar-sedal-ceramidas-pote-x-300-ml/p,False
1142,Farmacity,230612,230612,Shampoo Dosificador Tresemmé Cauterización Reparadora x 500 ml,Tresemmé,6574.0,10114.0,True,500.0,13.148,> Cuidado Capilar > Shampoo Y Acondicionador >,shampoo,estandar,general,https://www.farmacity.com/shampoo-dosificador-tresemme-cauterizacion-reparadora-x-500-ml/p,False
1143,Farmacity,246063,246063,Óleo Sedal Toque de Seda x 60 ml,Sedal,7914.0,9892.0,True,60.0,131.9,> Cuidado Capilar > Reparación Y Tratamiento >,shampoo,estandar,general,https://www.farmacity.com/oleo-sedal-toque-de-seda-x-60-ml/p,False
1144,Farmacity,246064,246064,Sérum Sedal Toque de Seda x 100 ml,Sedal,8464.0,10580.0,True,100.0,84.64,> Cuidado Capilar > Reparación Y Tratamiento >,shampoo,estandar,general,https://www.farmacity.com/serum-sedal-toque-de-seda-x-100-ml/p,False
1145,Farmacity,245027,245027,Sérum Elvive Dream Liso x 100 ml,Elvive,19990.0,19990.0,True,100.0,199.9,> Cuidado Capilar > Reparación Y Tratamiento >,shampoo,profesional,general,https://www.farmacity.com/serum-elvive-dream-liso-x-100-ml/p,False
1146,Farmacity,216503,216503,Mascarilla Herbal Essences Argan Oil Of Morocco x 300 ml,Herbal Essences,10631.0,16356.0,True,300.0,35.4367,> Cuidado Capilar > Reparación Y Tratamiento >,tratamiento,estandar,general,https://www.farmacity.com/mascarilla-intensiva-herbal-essences-bio-renew-argan-oil-of-morocco-x-300-ml/p,False
1147,Farmacity,216504,216504,Mascarilla Herbal Essences Bio Coconut Milk x 300 ml,Herbal Essences,16356.0,16356.0,True,300.0,54.52,> Cuidado Capilar > Reparación Y Tratamiento >,tratamiento,estandar,general,https://www.farmacity.com/mascarilla-intensiva-herbal-essences-bio-renew-coconut-milk-x-300-ml/p,False
1148,Farmacity,246482,246482,Óleo + Sérum Bifásico Dove UV Repair & Glow 110 ml,Dove,17803.0,17803.0,True,110.0,161.8455,> Cuidado Capilar > Reparación Y Tratamiento >,shampoo,profesional,general,https://www.farmacity.com/oleo-dove-uv-repair-x-110-ml/p,False
1149,Farmacity,250192,250192,Ampolla La Puissance Nutrition x 15 ml,La Puissance,7900.0,7900.0,True,15.0,526.6667,> Cuidado Capilar > Reparación Y Tratamiento >,shampoo,estandar,general,https://www.farmacity.com/ampolla-la-puissance-nutrition-x-15-ml/p,False
1150,Farmacity,230609,230609,Shampoo Tresemmé Cauterización Reparadora x 250 ml,Tresemmé,6091.0,6091.0,True,250.0,24.364,> Cuidado Capilar > Shampoo Y Acondicionador >,shampoo,estandar,general,https://www.farmacity.com/shampoo-tresemme-cauterizacion-reparadora-x-250-ml/p,False
1151,Farmacity,248882,248882,Protector Térmico Ogx Bond Protein Repair x 385 ml,Ogx,31641.0,31641.0,True,385.0,82.1844,> Cuidado Capilar > Reparación Y Tratamiento >,shampoo,profesional,general,https://www.farmacity.com/protector-termico-ogx-bond-protein-repair-x-385-ml/p,False
1152,Farmacity,242988,242988,Protector Térmico Capilatis Spray x 190 ml,Capilatis,14200.0,14200.0,True,190.0,74.7368,> Cuidado Capilar > Reparación Y Tratamiento >,shampoo,estandar,general,https://www.farmacity.com/protector-termico-capilatis--spray-x-190-ml/p,False
1153,Farmacity,234031,234031,Protector Térmico Roby x 200 ml,Roby,10269.0,12836.0,True,200.0,51.345,> Cuidado Capilar > Reparación Y Tratamiento >,shampoo,estandar,general,https://www.farmacity.com/protector-termicospray-roby--x-200-ml/p,False
1154,Farmacity,242989,242989,Sérum Capilatis Sellador de Puntas Plex x 60 ml,Capilatis,16200.0,16200.0,True,60.0,270.0,> Cuidado Capilar > Reparación Y Tratamiento >,shampoo,estandar,general,https://www.farmacity.com/serum-capilatis-sellador-de-puntas-plex-x-60-ml/p,False
1155,Farmacity,250303,250303,Bruma Capilatis Ácido Hialurónico y Colágeno x 190 ml,Capilatis,14200.0,14200.0,True,190.0,74.7368,> Cuidado Capilar > Reparación Y Tratamiento >,shampoo,estandar,general,https://www.farmacity.com/bruma-capilatis-acido-hialuronico-y-colageno-x-190-ml/p,False
1156,Farmacity,245036,245036,Protector Térmico Get The Look x 125 ml,Get The Look,4823.0,6890.0,True,125.0,38.584,> Cuidado Capilar > Reparación Y Tratamiento >,shampoo,estandar,general,https://www.farmacity.com/protector-termico-get-the-look-x-125-ml/p,False
1157,Farmacity,249156,249156,Combo Get The Look Control Frizz y Brillo,Get The Look,16040.0,32080.0,True,,,> Cuidado Capilar > Reparación Y Tratamiento >,shampoo,estandar,general,https://www.farmacity.com/combo-get-the-look-control-frizz-y-brillo/p,True
1158,Farmacity,246635,246635,Óleo Herbal Essences Argan y Aloe x 100 ml,Herbal Essences,16581.0,25509.0,True,100.0,165.81,> Cuidado Capilar > Reparación Y Tratamiento >,shampoo,estandar,general,https://www.farmacity.com/oleo-herbal-essences-argan-y-aloe-x-100-ml/p,False
1159,Farmacity,239875,239875,Sérum Revitalizador Pantene Pro-V Miracles Equilibrio Raíz y Puntas x 95 ml,Pantene,23485.0,23485.0,True,95.0,247.2105,> Cuidado Capilar > Reparación Y Tratamiento >,shampoo,profesional,general,https://www.farmacity.com/serum-pantene-equilibrio-x-95-ml/p,False
1160,Farmacity,250199,250199,Ampolla La Puissance Paso 5 Extra Cell Plex x 15 ml,La Puissance,9900.0,9900.0,True,15.0,660.0,> Cuidado Capilar > Reparación Y Tratamiento >,shampoo,estandar,general,https://www.farmacity.com/ampolla-la-puissance-paso-5-extra-cell-plex-x-15-ml/p,False
1161,Farmacity,250197,250197,Spray La Puissance Extra Cell Plex Paso 4 x 100 ml,La Puissance,13900.0,13900.0,True,100.0,139.0,> Cuidado Capilar > Reparación Y Tratamiento >,shampoo,estandar,general,https://www.farmacity.com/spray-la-puissance-extra-cell-plex-paso-4-x-100-ml/p,False
1162,Farmacity,208220,208220,Shampoo Nopucid Uso Diario x 200 ml,Nopucid,14880.0,14880.0,True,200.0,74.4,> Farmacia > Pediculosis > Shampoo Y Acondicionador >,shampoo,estandar,general,https://www.farmacity.com/shampoo-uso-diario-nopucid-x-200-ml/p,False
1163,Farmacity,8856,156279,Crema para Peinar Sedal Rizos Definidos x 300 ml,Sedal,5684.0,5684.0,True,300.0,18.9467,> Cuidado Capilar > Modelado Y Peinado >,shampoo,estandar,rizado,https://www.farmacity.com/crema-p-peinar-sedal-rizos-definidos-x-300-ml/p,False
1164,Farmacity,214145,214145,Crema de Peinar Estereocolor Macadamia,Estereocolor,1040.0,1040.0,True,,,> Cuidado Capilar > Reparación Y Tratamiento >,shampoo,estandar,tratado,https://www.farmacity.com/crema-de-peinar-estereo-color-macadamia-x-1-un/p,False
1165,Farmacity,208217,208217,Loción con Shampoo Nopucid x 65 ml,Nopucid,19409.0,19409.0,True,65.0,298.6,"> Farmacia > Pediculosis > Lociones, Enjuagues Y Emulsiones >",shampoo,estandar,general,https://www.farmacity.com/locion-con-shampoo-nopucid-x-65-ml/p,False
1166,Farmacity,825,131898,Ampollas Pantene Shot de Reconstrucción Perlas Pro-Vitaminas x 15 ml x 3 un,Pantene,7482.0,7482.0,True,15.0,498.8,> Cuidado Capilar > Reparación Y Tratamiento >,shampoo,profesional,general,https://www.farmacity.com/tratamiento-capilar-pantene-pro-v-restauracion-45-ml/p,False
1167,Farmacity,221813,221813,Crema para Peinar Sedal Hialurónico y Vitamina A x 300 ml,Sedal,5684.0,5684.0,True,300.0,18.9467,> Cuidado Capilar > Modelado Y Peinado >,shampoo,estandar,general,https://www.farmacity.com/crema-para-peinar-sedal-acido-hialuronico-vitamina-a-x-300-ml/p,False
1168,Farmacity,226252,226252,Shampoo Nutritivo Klorane Mango x 200 ml,Klorane,29000.0,29000.0,True,200.0,145.0,> Dermocosmética > Pelo > Shampoos y Acondicionadores >,shampoo,estandar,general,https://www.farmacity.com/shampoo-klorane-mango-x-200-ml/p,False
1169,Farmacity,224730,224730,Mascarilla Intensiva Pantene Pro-V Nutrición x 270 ml,Pantene,10225.0,10225.0,True,270.0,37.8704,> Cuidado Capilar > Reparación Y Tratamiento >,tratamiento,profesional,general,https://www.farmacity.com/mascarilla-intesiva-pantene-pro-v-nutricion-x-270-ml/p,False
1170,Farmacity,244369,244369,Coat Spray Tresemmé Sellado Antifrizz x 190 ml,Tresemmé,8088.0,14705.0,True,190.0,42.5684,> Cuidado Capilar > Reparación Y Tratamiento >,shampoo,estandar,general,https://www.farmacity.com/spray-tresemme-blind-antifrizz-x-190-ml/p,False
1171,Farmacity,238890,238890,Acondicionador Pantene Pro-V Miracles Volumen x 400 ml,Pantene,6137.0,10228.0,True,400.0,15.3425,> Cuidado Capilar > Shampoo Y Acondicionador >,acondicionador,profesional,general,https://www.farmacity.com/acondicionador-pantene-pro-v-miracles-volumen-x-400-ml/p,False
1172,Farmacity,238676,238676,Shampoo Biferdil Kids 3 en 1 x 250 ml,Biferdil,12312.0,12312.0,True,250.0,49.248,> Bebés > Higiene del Bebé > Baño Del Bebé >,shampoo,estandar,bebe,https://www.farmacity.com/shampoo-biferdil-kids-3-en-1-x-250-ml/p,False
1173,Farmacity,230608,230608,Shampoo Tresemmé Keratina AntiFrizz x 250 ml,Tresemmé,6091.0,6091.0,True,250.0,24.364,> Cuidado Capilar > Shampoo Y Acondicionador >,shampoo,estandar,tratado,https://www.farmacity.com/shampoo-tresemme-keratina-antifrizz-x-250-ml/p,False
1174,Farmacity,230611,230611,Shampoo Dosificador Tresemmé Keratina AntiFrizz x 500 ml,Tresemmé,6574.0,10114.0,True,500.0,13.148,> Cuidado Capilar > Shampoo Y Acondicionador >,shampoo,estandar,tratado,https://www.farmacity.com/shampoo-dosificador-tresemme-keratina-antifrizz-x-500-ml/p,False
1175,Farmacity,215038,215038,Shampoo Elvive Dream Long Liss x 400 ml,Elvive,4399.0,8799.0,True,400.0,10.9975,> Cuidado Capilar > Shampoo Y Acondicionador >,shampoo,profesional,general,https://www.farmacity.com/shampoo-elvive-dream-long-liss-x-400-ml/p,False
1176,Farmacity,230216,230216,Sérum Concentrado Pantene Pro-V Miracles Colágeno Nutre & Revitaliza Sellador de Puntas x 90 ml Sérum Concentrado Pantene Pro-V Miracles Colágeno Nutre & Revitaliza Sellador de Puntas 90 ml,Pantene,8408.0,8408.0,True,90.0,93.4222,> Cuidado Capilar > Reparación Y Tratamiento >,shampoo,profesional,general,https://www.farmacity.com/serum-pantene-con-colageno-x-90-ml/p,False
1177,Farmacity,235654,235654,Shampoo Pantene Pro-V Miracles Detox Limpia - Purifica x 400 ml,Pantene,6137.0,10228.0,True,400.0,15.3425,> Cuidado Capilar > Shampoo Y Acondicionador >,shampoo,profesional,general,https://www.farmacity.com/shampoo-pantene-pro-v-miracles-detox-x-400-ml/p,False
1178,Farmacity,244547,244547,Crema para Peinar fortalecedora Pantene Biotinamina B3 para Cabello Quebradizo x 300 ml,Pantene,9024.0,9024.0,True,300.0,30.08,> Cuidado Capilar > Modelado Y Peinado >,shampoo,estandar,seco_danado,https://www.farmacity.com/crema-para-peinar-pantene-anti-caida-x-300-ml/p,False
1179,Farmacity,243702,243702,Shampoo Anticaída+Pantene Biotinamina B3 para Cabello Débil x 510 ml,Pantene,10285.0,17142.0,True,510.0,20.1667,> Cuidado Capilar > Shampoo Y Acondicionador >,shampoo,estandar,general,https://www.farmacity.com/shampoo-anticaida-pantene-biotinamina-b3-para-cabello-debil-x-510-ml/p,False
1180,Farmacity,974,125487,Mascarilla Intensiva Pantene Pro-V Restauración x 270 ml,Pantene,10225.0,10225.0,True,270.0,37.8704,> Cuidado Capilar > Reparación Y Tratamiento >,tratamiento,profesional,general,https://www.farmacity.com/tratamiento-capilar-pantene-pro-v-restauracion-x-300ml/p,False
1181,Farmacity,945,125486,Mascarilla Intensiva Pantene Pro-V Hidratación x 270 ml,Pantene,10225.0,10225.0,True,270.0,37.8704,> Cuidado Capilar > Reparación Y Tratamiento >,tratamiento,profesional,seco_danado,https://www.farmacity.com/mascara-de-hidratacion-intensiva-pantene-pro-v-x-300ml/p,False
1182,Farmacity,245994,245994,Combo Pantene Mascarilla Intensiva Nutrición + Mascarilla Intensiva Restauración,Pantene,20450.0,20450.0,True,,,> Cuidado Capilar > Reparación Y Tratamiento >,tratamiento,estandar,general,https://www.farmacity.com/combo-pantene-mascarilla-intensiva-nutricion-mascarilla-intensiva-restauracion/p,True
1183,Farmacity,244540,244540,Acondicionador Pantene Colageno x 510 ml,Pantene,10285.0,17142.0,True,510.0,20.1667,> Cuidado Capilar > Shampoo Y Acondicionador >,acondicionador,estandar,general,https://www.farmacity.com/acondicionador-pantene-colageno-x-510-ml/p,False
1184,Farmacity,239943,239943,Crema para Peinar Termoprotectora Pantene Pro-V Miracles Keratina Repara y Protege x 300 ml,Pantene,9024.0,9024.0,True,300.0,30.08,> Cuidado Capilar > Modelado Y Peinado >,shampoo,profesional,tratado,https://www.farmacity.com/crema-para-peinar-pantene-keratina-x-300-ml/p,False
1185,Farmacity,235661,235661,Shampoo Pantene Pro-V Miracles Equilibrio Raíz & Puntas x 400 ml,Pantene,6137.0,10228.0,True,400.0,15.3425,> Cuidado Capilar > Shampoo Y Acondicionador >,shampoo,profesional,general,https://www.farmacity.com/shampoo-pantene-pro-v-miracles-equilibrio-x-400-ml/p,False
1186,Farmacity,230220,230220,Acondicionador Pantene Pro-V Miracles Colágeno Nutritivo 200 ml,Pantene,3807.0,6345.0,True,200.0,19.035,> Cuidado Capilar > Shampoo Y Acondicionador >,acondicionador,profesional,general,https://www.farmacity.com/acondicionador-pantene-colageno-x-200-ml/p,False
1187,Farmacity,220338,220338,Shampoo Pantene Pro-V Solutions Restauración x 400 ml,Pantene,6137.0,10228.0,True,400.0,15.3425,> Cuidado Capilar > Shampoo Y Acondicionador >,shampoo,profesional,general,https://www.farmacity.com/shampoo-pantene-restauracion-x-400-ml/p,False
1188,Farmacity,243703,243703,Shampoo Pantene Anti Caida x 300 ml,Pantene,6032.0,10054.0,True,300.0,20.1067,> Cuidado Capilar > Shampoo Y Acondicionador >,shampoo,estandar,general,https://www.farmacity.com/shampoo-pantene-anti-caida-x-300-ml/p,False
1189,Farmacity,235664,235664,Shampoo Pantene Pro-V Miracles Equilibrio Raíz & Puntas 700 ml,Pantene,10040.0,16733.0,True,700.0,14.3429,> Cuidado Capilar > Shampoo Y Acondicionador >,shampoo,profesional,general,https://www.farmacity.com/shampoo-pantene-pro-v-miracles-equilibrio-x-700-ml/p,False
1190,Farmacity,244545,244545,Acondicionador Pantene Keratina x 250 ml,Pantene,6032.0,10054.0,True,250.0,24.128,> Cuidado Capilar > Shampoo Y Acondicionador >,acondicionador,estandar,tratado,https://www.farmacity.com/acondicionador-pantene-keratina-x-250-ml/p,False
1191,Farmacity,244541,244541,Acondicionador Pantene Colageno x 250 ml,Pantene,6032.0,10054.0,True,250.0,24.128,> Cuidado Capilar > Shampoo Y Acondicionador >,acondicionador,estandar,general,https://www.farmacity.com/acondicionador-pantene-colageno-x-250-ml/p,False
1192,Farmacity,238873,238873,Shampoo Pantene Pro-V Miracles Volumen x 400 ml,Pantene,6137.0,10228.0,True,400.0,15.3425,> Cuidado Capilar > Shampoo Y Acondicionador >,shampoo,profesional,general,https://www.farmacity.com/shampoo-pantene-pro-v-miracles-volumen-x-400-ml/p,False
1193,Farmacity,9162,157033,Acondicionador Pantene 3 Minute Miracle x 170 ml,Pantene,9647.0,9647.0,True,170.0,56.7471,> Cuidado Capilar > Shampoo Y Acondicionador >,acondicionador,estandar,general,https://www.farmacity.com/acondicionador-pantene-3mm-hidratacion-extrema-x-170-ml/p,False
1194,Farmacity,247956,247956,Combo Óleo Pantene Nutritivo x 95 ml,Pantene,40357.0,40357.0,True,95.0,424.8105,> Cuidado Capilar > Reparación Y Tratamiento >,shampoo,estandar,general,https://www.farmacity.com/combo-oleo-pantene-nutritivo-x-95-ml/p,True
1195,Farmacity,238874,238874,Shampoo Pantene Pro-V Miracles Volumen x 750 ml,Pantene,16733.0,16733.0,True,750.0,22.3107,> Cuidado Capilar > Shampoo Y Acondicionador >,shampoo,profesional,general,https://www.farmacity.com/shampoo-pantene-pro-v-miracles-volumen-x-750-ml/p,False
1196,Farmacity,236814,236814,Shampoo Sedal Prebióticos+Biotina x 340 ml,Sedal,5837.0,5837.0,True,340.0,17.1676,> Cuidado Capilar > Shampoo Y Acondicionador >,shampoo,estandar,general,https://www.farmacity.com/shampoo-sedal-prebioticos-biotina-x-340-ml/p,False
1197,Farmacity,243569,243569,Crema para Peinar Sedal Luminous UV x 300 ml,Sedal,5684.0,5684.0,True,300.0,18.9467,> Cuidado Capilar > Modelado Y Peinado >,shampoo,estandar,general,https://www.farmacity.com/crema-para-peinar-sedal-luminous-uv-x-300-ml/p,False
1198,Farmacity,239705,239705,Crema de Peinar Sedal Liso Perfecto x 300 ml,Sedal,5684.0,5684.0,True,300.0,18.9467,> Cuidado Capilar > Modelado Y Peinado >,shampoo,estandar,general,https://www.farmacity.com/crema-de-peinar-sedal-liso-perfecto-x-300-ml/p,False
1199,Farmacity,236813,236813,Shampoo Sedal Prebióticos+Biotina x 190 ml,Sedal,1739.0,3478.0,True,190.0,9.1526,> Cuidado Capilar > Shampoo Y Acondicionador >,shampoo,estandar,general,https://www.farmacity.com/shampoo-sedal-prebioticos-biotina-x-190-ml/p,False
1200,Farmacity,215467,215467,Shampoo Head & Shoulders Aceite de Coco x 180 ml,Head And Shoulders,4701.0,7233.0,True,180.0,26.1167,> Cuidado Capilar > Shampoo Y Acondicionador >,shampoo,estandar,general,https://www.farmacity.com/shampoo-head-shouders-hidratacion-con-aceite-de-coco-x-180-ml/p,False
1201,Farmacity,219597,219597,Shampoo Head & Shoulders Manzana Fresh x 180 ml,Head And Shoulders,4701.0,7233.0,True,180.0,26.1167,> Cuidado Capilar > Shampoo Y Acondicionador >,shampoo,estandar,general,https://www.farmacity.com/shampoo-head-shoulders-manzana-fresh-x-180-ml/p,False
1202,Farmacity,221688,221688,Shampoo Head & Shoulders Crece Fuerte desde la Raíz x 180 ml,Head And Shoulders,4701.0,7233.0,True,180.0,26.1167,> Cuidado Capilar > Shampoo Y Acondicionador >,shampoo,estandar,general,https://www.farmacity.com/shampoo-head-y-shoulders-crece-fuerte-desde-la-raiz-x-180-ml/p,False
1203,Farmacity,239710,239710,Crema para Peinar Fructis Hair Food Manteca de Cacao x 250 ml,Fructis,8990.0,8990.0,True,250.0,35.96,> Cuidado Capilar > Modelado Y Peinado >,shampoo,estandar,general,https://www.farmacity.com/crema-para-peinar-garnier-fructis-hair-food-manteca-de-cacao-x-250-ml/p,False
1204,Farmacity,243910,243910,Crema para Peinar Fructis Probióticos Fuerza x 250 ml,Fructis,7490.0,7490.0,True,250.0,29.96,> Cuidado Capilar > Modelado Y Peinado >,shampoo,profesional,general,https://www.farmacity.com/crema-para-peinar-fructis-probioticos-fuerza-x-250-ml/p,False
1205,Farmacity,231817,231817,Crema para Peinar Fructis Aloe Hidra Bomb x 250 ml,Fructis,3745.0,7490.0,True,250.0,14.98,> Cuidado Capilar > Modelado Y Peinado >,shampoo,estandar,general,https://www.farmacity.com/crema-para-peinar-garnier-aloe-hidra-liso-bond-x-250-ml/p,False
1206,Farmacity,217205,217205,Shampoo Garnier Fructis Hair Food Aloe x 300 ml,Fructis,7273.0,11190.0,True,300.0,24.2433,> Cuidado Capilar > Shampoo Y Acondicionador >,shampoo,estandar,general,https://www.farmacity.com/shampoo-fructis-hair-food-aloe-vera-x-300-ml/p,False
1207,Farmacity,209539,209539,Acondicionador Garnier Fructis Aloe Hidra Bomb x 200 ml,Fructis,2745.0,5490.0,True,200.0,13.725,> Cuidado Capilar > Shampoo Y Acondicionador >,acondicionador,estandar,general,https://www.farmacity.com/acondicionador-fructis-aloe-hidra-bomb-x-200-ml/p,False
1208,Farmacity,231815,231815,Crema para Peinar Fructis Recarga Nutritiva x 250 ml,Fructis,7490.0,7490.0,True,250.0,29.96,> Cuidado Capilar > Modelado Y Peinado >,shampoo,estandar,general,https://www.farmacity.com/crema-para-peinar-fructis-recarga-nutritiva-x-250-ml/p,False
1209,Farmacity,221257,221257,Crema para Peinar Fructis Goodbye Daños x 250 ml,Fructis,7490.0,7490.0,True,250.0,29.96,> Cuidado Capilar > Modelado Y Peinado >,shampoo,estandar,general,https://www.farmacity.com/crema-de-peinar-fructis-good-bye-dano-x-300-ml/p,False
1210,Farmacity,217210,217210,Acondicionador Garnier Fructis Hair Food Palta x 300 ml,Fructis,7273.0,11190.0,True,300.0,24.2433,> Cuidado Capilar > Shampoo Y Acondicionador >,acondicionador,estandar,general,https://www.farmacity.com/acondicionador-fructis-hair-food-aguacate-x-300-ml/p,False
1211,Farmacity,206404,206404,Mascarilla Fructis Hair Food Palta x 350 ml,Fructis,13990.0,13990.0,True,350.0,39.9714,> Cuidado Capilar > Reparación Y Tratamiento >,tratamiento,estandar,general,https://www.farmacity.com/mascara-capilar-fructis-nutricion-hairfood-aguacate-x-350-ml/p,False
1212,Farmacity,206401,206401,Mascarilla Fructis Hair Food Coco x 350ml,Fructis,13990.0,13990.0,True,350.0,39.9714,> Cuidado Capilar > Reparación Y Tratamiento >,tratamiento,estandar,general,https://www.farmacity.com/mascara-capilar-fructis-nutricion-hairfood-coco-x-350-ml/p,False
1213,Farmacity,246328,246328,Kit Fructis Hair Food Alimenta tu Pelo x 5 Mascarillas,Fructis,45467.0,69950.0,True,,,> Cuidado Capilar > Reparación Y Tratamiento >,tratamiento,estandar,general,https://www.farmacity.com/246328_kit-fructis-hair-food-5-mascarillas/p,True
1214,Farmacity,239708,239708,Mascarilla Fructis Hair Food Cacao x 350 ml,Fructis,13990.0,13990.0,True,350.0,39.9714,> Cuidado Capilar > Reparación Y Tratamiento >,tratamiento,estandar,general,https://www.farmacity.com/tratamiento-garnier-fructis-hair-food-mascara-de-restauracion-manteca-de-cacao-x-350-ml/p,False
1215,Farmacity,215036,215036,Mascarilla Fructis Hair Food Aloe x 350ml,Fructis,13990.0,13990.0,True,350.0,39.9714,> Cuidado Capilar > Reparación Y Tratamiento >,tratamiento,estandar,general,https://www.farmacity.com/mascara-capilar-garnier-fructis-hair-food-aloe-x-350-ml/p,False
1216,Farmacity,250123,250123,Acondicionador Fructis Good Bye Daños Oil Control x 200 ml,Fructis,5490.0,5490.0,True,200.0,27.45,> Cuidado Capilar > Shampoo Y Acondicionador >,acondicionador,estandar,general,https://www.farmacity.com/acondicionador-fructis-good-bye-danos-oil-control-x-200-ml/p,False
1217,Farmacity,249638,249638,Combo Garnier Fructis Mascarillas Hair Food Cacao + Palta + Ananá,Fructis,29379.0,41970.0,True,,,> Cuidado Capilar > Reparación Y Tratamiento >,tratamiento,estandar,general,https://www.farmacity.com/combo-garnier-fructis-mascarillas-hair-food-cacao-palta-anana/p,True
1218,Farmacity,206403,206403,Mascarilla Fructis Hair Food Banana x 350ml,Fructis,4945.0,9890.0,True,350.0,14.1286,> Cuidado Capilar > Reparación Y Tratamiento >,tratamiento,estandar,general,https://www.farmacity.com/mascara-capilar-fructis-nutricion-hairfood-banana-x-350-ml/p,False
1219,Farmacity,230631,230631,Protector Térmico Tresemmé Spray x 120 ml,Tresemmé,7880.0,9850.0,True,120.0,65.6667,> Cuidado Capilar > Reparación Y Tratamiento >,shampoo,estandar,general,https://www.farmacity.com/protector-termico-tresemme-spray-x-120-ml/p,False
1220,Farmacity,246593,246593,Combo Tresemmé Óleo + Protector Térmico,Tresemmé,13133.0,21888.0,True,,,> Cuidado Capilar > Reparación Y Tratamiento >,shampoo,estandar,general,https://www.farmacity.com/combo-tresemme-oleo-protector-termico/p,True
1221,Farmacity,244704,244704,"Combo Tresemmé Keratina AntiFrizz: Limpia, Nutre y Repara",Tresemmé,18059.0,30099.0,True,,,> Cuidado Capilar > Shampoo Y Acondicionador >,shampoo,estandar,tratado,https://www.farmacity.com/combo-tresemme-keratina-antifrizz-limpia-nutre-y-repara/p,True
1222,Farmacity,240155,240155,Crema para Peinar Tresemme Antifrizz x 300 ml,Tresemmé,7568.0,7568.0,True,300.0,25.2267,> Cuidado Capilar > Modelado Y Peinado >,shampoo,estandar,general,https://www.farmacity.com/crema-para-peinar-tresemme-antifrizz-x-300-ml/p,False
1223,Farmacity,237325,237325,Óleo Tresemmé Finisher Textura Liviana x 60 ml,Tresemmé,6621.0,12039.0,True,60.0,110.35,> Cuidado Capilar > Reparación Y Tratamiento >,shampoo,estandar,general,https://www.farmacity.com/oleo-tresemme-finisher-textura-liviana-x-60-ml/p,False
1224,Farmacity,230632,230632,Mousse Tresemmé Ondas y Rizos x 200 ml,Tresemmé,12516.0,12516.0,True,200.0,62.58,> Cuidado Capilar > Modelado Y Peinado >,shampoo,estandar,rizado,https://www.farmacity.com/mousse-tresemme-ondas-y-rizos-x-200-ml/p,False
1225,Farmacity,244703,244703,Combo Completo Tresemmé Keratina Blind Antifrizz,Tresemmé,26882.0,44803.0,True,,,> Cuidado Capilar > Shampoo Y Acondicionador >,shampoo,estandar,tratado,https://www.farmacity.com/combo-completo-tresemme-keratina-blind-antifrizz/p,True
1226,Farmacity,237322,237322,Acondicionador Tresemmé Brillo Lamelar P x 500 ml,Tresemmé,6574.0,10114.0,True,500.0,13.148,> Cuidado Capilar > Shampoo Y Acondicionador >,acondicionador,estandar,general,https://www.farmacity.com/acondicionador-tresemme-brillo-lamelar-p-x-500-ml/p,False
1227,Farmacity,246592,246592,Kit Capilar Tresemmé Mousse + Óleo + Protector Térmico,Tresemmé,20642.0,34404.0,True,,,> Cuidado Capilar > Reparación Y Tratamiento >,tratamiento,estandar,general,https://www.farmacity.com/kit-capilar-tresemme-mousse-oleo-protector-termico/p,True
1228,Farmacity,240156,240156,Gel Tresemme Texturizador Define x 300 g,Tresemmé,7568.0,7568.0,True,300.0,25.2267,> Cuidado Capilar > Modelado Y Peinado >,shampoo,estandar,rizado,https://www.farmacity.com/gel-tresemme-texturizador-define-x-300-g/p,False
1229,Farmacity,237324,237324,Sérum TRESemmé Brillo Lamelar x 170 ml,Tresemmé,12019.0,12019.0,True,170.0,70.7,> Cuidado Capilar > Reparación Y Tratamiento >,shampoo,estandar,general,https://www.farmacity.com/serum-tresemme-brillo-lamelar-x-170-ml/p,False
1230,Farmacity,230603,230603,Shampoo Dosificador Tresemmé Matizador Ultravioleta x 500 ml,Tresemmé,6574.0,10114.0,True,500.0,13.148,> Cuidado Capilar > Shampoo Y Acondicionador >,shampoo,estandar,general,https://www.farmacity.com/shampoo-dosificador-tresemme-matrizador-ultravioleta-x-500-ml/p,False
1231,Farmacity,244705,244705,"Combo Tresemmé Keratina AntiFrizz: Limpieza, Suavidad y Protección",Tresemmé,20960.0,34933.0,True,,,> Cuidado Capilar > Shampoo Y Acondicionador >,shampoo,estandar,tratado,https://www.farmacity.com/combo-tresemme-keratina-antifrizz-limpieza-suavidad-y-proteccion/p,True
1232,Farmacity,230633,230633,Spray Tresemmé Ultra-Fine Hold x 367 ml,Tresemmé,12805.0,12805.0,True,367.0,34.891,> Cuidado Capilar > Modelado Y Peinado >,shampoo,estandar,general,https://www.farmacity.com/spray-tresemme-ultra-fine-hold-x-367-ml/p,False
1233,Farmacity,248675,248675,Combo Tresemme Oleo + Crema Tratamiento,Tresemmé,13145.0,21909.0,True,,,> Cuidado Capilar > Reparación Y Tratamiento >,tratamiento,estandar,general,https://www.farmacity.com/combo-tresemme-oleo-crema-tratamiento/p,True
1234,Farmacity,237323,237323,Acondicionador TRESemmé Brillo Lamelar x 250 ml,Tresemmé,6091.0,6091.0,True,250.0,24.364,> Cuidado Capilar > Shampoo Y Acondicionador >,acondicionador,estandar,general,https://www.farmacity.com/acondicionador-tresemme-brillo-lamelar-x-250-ml/p,False
1235,Farmacity,249576,249576,Crema para Peinar Herbal Essences Rosa Mosqueta x 150 ml,Herbal Essences,4512.0,6941.0,True,150.0,30.08,> Cuidado Capilar > Modelado Y Peinado >,shampoo,estandar,general,https://www.farmacity.com/crema-para-peinar-herbal-essences-rosa-mosqueta-x-150-ml/p,False
1236,Farmacity,246646,246646,Crema para Peinar Herbal Essences Rosa Mosqueta x 300 ml,Herbal Essences,7315.0,11254.0,True,300.0,24.3833,> Cuidado Capilar > Modelado Y Peinado >,shampoo,estandar,general,https://www.farmacity.com/crema-para-peinar-herbal-essences-rosa-mosqueta-x-300-ml/p,False
1237,Farmacity,234381,234381,Acondicionador Elvive Hialurónico Pure x 400 ml,Elvive,6714.0,11190.0,True,400.0,16.785,> Cuidado Capilar > Shampoo Y Acondicionador >,acondicionador,profesional,general,https://www.farmacity.com/acondicionador-elvive-hialuronico-pure-x-400-ml/p,False
1238,Farmacity,232262,232262,Mascarilla Elvive Oleo Extraordinario Nutrición Universal x 300 g,Elvive,11190.0,11190.0,True,300.0,37.3,> Cuidado Capilar > Reparación Y Tratamiento >,tratamiento,profesional,general,https://www.farmacity.com/mascarilla-elvive-oleo-extraordinario-nutricion-universal-x-300-g/p,False
1239,Farmacity,6071,147256,Acondicionador Elvive Óleo Extraordinario x 400 ml,Elvive,6714.0,11190.0,True,400.0,16.785,> Cuidado Capilar > Shampoo Y Acondicionador >,acondicionador,profesional,general,https://www.farmacity.com/acondicionador-oleo-extraordinario-nutricion-universal-x-400-ml/p,False
1240,Farmacity,240019,240019,Sérum Elvive Glycolic Gloss x 100 ml,Elvive,19990.0,19990.0,True,100.0,199.9,> Cuidado Capilar > Reparación Y Tratamiento >,shampoo,profesional,general,https://www.farmacity.com/serum-elvive-glyco-gloss-x-100-ml/p,False
1241,Farmacity,240017,240017,Mascarilla Elvive Glycolic Gloss x 300 g,Elvive,12190.0,12190.0,True,300.0,40.6333,> Cuidado Capilar > Reparación Y Tratamiento >,tratamiento,profesional,general,https://www.farmacity.com/mascarilla-elvive-glycolic-gloss-x-300-g/p,False
1242,Farmacity,221678,221678,Shampoo Elvive Hidra Hialuronico x 200 ml,Elvive,4194.0,6990.0,True,200.0,20.97,> Cuidado Capilar > Shampoo Y Acondicionador >,shampoo,profesional,general,https://www.farmacity.com/shampoo-elvive-hidra-hialuronico-x-200-ml/p,False
1243,Farmacity,5317,143506,Shampoo Elvive Reparación Total Extreme x 400 ml,Elvive,6714.0,11190.0,True,400.0,16.785,> Cuidado Capilar > Shampoo Y Acondicionador >,shampoo,profesional,general,https://www.farmacity.com/shampoo-reparacion-total-extreme-x-400-ml/p,False
1244,Farmacity,4772,140576,Mascarilla Elvive RT 5 Keratin x 300 g,Elvive,11190.0,11190.0,True,300.0,37.3,> Cuidado Capilar > Reparación Y Tratamiento >,tratamiento,profesional,general,https://www.farmacity.com/mascarilla-elvive-rt-5-keratin-x-300-g/p,False
1245,Farmacity,4118,139246,Shampoo Elvive Colorvive x 400 ml,Elvive,6714.0,11190.0,True,400.0,16.785,> Cuidado Capilar > Shampoo Y Acondicionador >,shampoo,profesional,tratado,https://www.farmacity.com/shampoo-color-vive-x-400-ml/p,False
1246,Farmacity,4224,139237,Acondicionador Elvive Reparación Total 5 x 200 ml,Elvive,6990.0,6990.0,True,200.0,34.95,> Cuidado Capilar > Shampoo Y Acondicionador >,acondicionador,profesional,general,https://www.farmacity.com/acondicionador-reparacion-total-5-x-200-ml-139237/p,False
1247,Farmacity,234385,234385,Shampoo Elvive Hialurónico Pure x 750 ml,Elvive,17990.0,17990.0,True,750.0,23.9867,> Cuidado Capilar > Shampoo Y Acondicionador >,shampoo,profesional,general,https://www.farmacity.com/shampoo-elvive-hialuronico-pure-x-750-ml/p,False
1248,Farmacity,234380,234380,Acondicionador Elvive Hialurónico Pure x 200 ml,Elvive,4194.0,6990.0,True,200.0,20.97,> Cuidado Capilar > Shampoo Y Acondicionador >,acondicionador,profesional,general,https://www.farmacity.com/acondicionador-elvive-hialuronico-pure-x-200-ml/p,False
1249,Farmacity,249637,249637,Combo Elvive Oleo Extraordinario + Sérum Glycolic Gloss,Elvive,19990.0,39980.0,True,,,> Cuidado Capilar > Reparación Y Tratamiento >,shampoo,profesional,general,https://www.farmacity.com/combo-elvive-oleo-extraordinario-serum-glycolic-gloss/p,True
1250,Farmacity,249636,249636,Combo Elvive Oleo Extraordinario + Sérum Dream Liso,Elvive,23988.0,39980.0,True,,,> Cuidado Capilar > Reparación Y Tratamiento >,shampoo,profesional,general,https://www.farmacity.com/combo-elvive-oleo-extraordinario-serum-dream-liso/p,True
1251,Farmacity,221684,221684,Crema para Peinar Elvive Hidra Hialuronico x 250 ml,Elvive,8990.0,8990.0,True,250.0,35.96,> Cuidado Capilar > Modelado Y Peinado >,shampoo,profesional,general,https://www.farmacity.com/crema-para-peinar-elvive-hidra-hialuronico-x-250-ml/p,False
1252,Farmacity,6098,147254,Shampoo Oleo Extraordinario Elvive Nutrición Universal x 750 ml,Elvive,17990.0,17990.0,True,750.0,23.9867,> Cuidado Capilar > Shampoo Y Acondicionador >,shampoo,profesional,general,https://www.farmacity.com/shampoo-oleo-extraordinario-nutricion-universal-x-750-ml/p,False
1253,Farmacity,6070,147257,Acondicionador Elvive Oleo Extraordinario x 750 ml,Elvive,17990.0,17990.0,True,750.0,23.9867,> Cuidado Capilar > Shampoo Y Acondicionador >,acondicionador,profesional,general,https://www.farmacity.com/acondicionador-oleo-extraordinario-nutricion-universal-x-750-ml/p,False
1254,Farmacity,240018,240018,Crema para Peinar Elvive Glycolic Gloss x 250 ml,Elvive,9990.0,9990.0,True,250.0,39.96,> Cuidado Capilar > Modelado Y Peinado >,shampoo,profesional,general,https://www.farmacity.com/crema-para-peinar-elvive-glyco-gloss-x-250-ml/p,False
1255,Farmacity,5342,143508,Acondicionador Elvive Reparación Total Extreme x 200 ml,Elvive,6990.0,6990.0,True,200.0,34.95,> Cuidado Capilar > Shampoo Y Acondicionador >,acondicionador,profesional,general,https://www.farmacity.com/acondicionador-reparacion-total-extreme-x-200-ml/p,False
1256,Farmacity,4387,140572,Acondicionador Elvive Reparación Total 5 x 750 ml,Elvive,17990.0,17990.0,True,750.0,23.9867,> Cuidado Capilar > Shampoo Y Acondicionador >,acondicionador,profesional,general,https://www.farmacity.com/acondicionador-reparacion-total-5-x-750-ml-140572/p,False
1257,Farmacity,4293,140574,Shampoo Elvive Reparación Total 5 Keratin x 750 ml,Elvive,17990.0,17990.0,True,750.0,23.9867,> Cuidado Capilar > Shampoo Y Acondicionador >,shampoo,profesional,general,https://www.farmacity.com/shampoo-reparacion-total-5-x-750-ml-140574/p,False
1258,Farmacity,970,122408,Crema para Peinar Elvive Reparación Total 5 Keratin x 250 ml,Elvive,8990.0,8990.0,True,250.0,35.96,> Cuidado Capilar > Modelado Y Peinado >,shampoo,profesional,general,https://www.farmacity.com/crema-de-tratamiento-reparacion-total-5-x-300-ml/p,False
1259,Farmacity,147259,147259,Shampoo Elvive Oleo Extraordinario Coco x 400 ml,Elvive,5595.0,11190.0,True,400.0,13.9875,> Cuidado Capilar > Shampoo Y Acondicionador >,shampoo,profesional,general,https://www.farmacity.com/shampoo-elvive-oleo-coco-x-400-ml/p,False
1260,Farmacity,250355,250355,Crema para Peinar Elvive Collagen Lifter x 250 ml,Elvive,9990.0,9990.0,True,250.0,39.96,> Cuidado Capilar > Modelado Y Peinado >,shampoo,profesional,general,https://www.farmacity.com/crema-para-peinar-elvive-colageno-lifter-x-250-ml/p,False
1261,Farmacity,239625,239625,Kit Excellence Color Creme Tono 6 Rubio Oscuro + Elvive Oleo Extraordinario x 100 ml,Elvive,42980.0,42980.0,True,100.0,429.8,> Cuidado Capilar > Coloración Y Oxidantes >,tratamiento,profesional,tratado,https://www.farmacity.com/kit-excellence-color-creme-tono-6-rubio-oscuro-elvive-oleo-extraordinario/p,True
1262,Farmacity,147268,147268,Acondicionador Elvive Oleo Extraordinario Coco x 200 ml,Elvive,3495.0,6990.0,True,200.0,17.475,> Cuidado Capilar > Shampoo Y Acondicionador >,acondicionador,profesional,general,https://www.farmacity.com/acondicionador-elvive-oleo-coco-x-200-ml/p,False
1263,Disco,400585,397923,Shampoo Elvive Colorvive 400ml,Elvive,11199.0,925537.0,True,400.0,27.9975,> Perfumería > Cuidado Capilar > Shampoo >,shampoo,profesional,tratado,https://www.disco.com.ar/shampoo-elvive-colorvive-400ml/p,False
1264,Disco,405288,402223,Shampoo Fructis Hydraliss 350ml,Fructis,8750.0,723141.0,True,350.0,25.0,> Perfumería > Cuidado Capilar > Shampoo >,shampoo,estandar,general,https://www.disco.com.ar/shampoo-fructis-hydraliss-350ml/p,False
1265,Disco,3087465,3086687,Shampoo Dove Reconstaminoacido 650ml,Dove,17200.0,1421488.0,True,650.0,26.4615,> Perfumería > Cuidado Capilar > Shampoo >,shampoo,estandar,general,https://www.disco.com.ar/shampoo-dove-reconstaminoacido-650ml/p,False
1266,Disco,3087378,3086599,Shampoo Dove Regeneracionretinol 650ml,Dove,17200.0,1421488.0,True,650.0,26.4615,> Perfumería > Cuidado Capilar > Shampoo >,shampoo,estandar,general,https://www.disco.com.ar/shampoo-dove-regeneracionretinol-650ml/p,False
1267,Disco,411249,407089,Shampoo Dove Hidratacion X400ml,Dove,9150.0,756198.0,True,400.0,22.875,> Perfumería > Cuidado Capilar > Shampoo >,shampoo,estandar,seco_danado,https://www.disco.com.ar/shampoo-dove-hidratacion-x400ml/p,False
1268,Disco,404462,401464,Shampoo Nutritivo 420 Ml Capilatis,Capilatis,9750.0,805785.0,True,420.0,23.2143,> Perfumería > Cuidado Capilar > Shampoo >,shampoo,estandar,general,https://www.disco.com.ar/shampoo-nutritivo-420-ml-capilatis/p,False
1269,Disco,251369,250670,Shampoo Herbal Essences Rosemary 400ml,Herbal Essences,17500.0,1446281.0,True,400.0,43.75,> Perfumería > Cuidado Capilar > Shampoo >,shampoo,estandar,general,https://www.disco.com.ar/shampoo-herbal-essences-rosemary-400ml/p,False
1270,Disco,5941,3330,Shampoo Engrosador 410 Ml Capilatis,Capilatis,9750.0,805785.0,True,410.0,23.7805,> Perfumería > Cuidado Capilar > Shampoo >,shampoo,estandar,general,https://www.disco.com.ar/shampoo-capilatis-engrosador-410-ml/p,False
1271,Disco,412488,408096,Shampoo Fructis Regarga Nutritiva 350ml,Fructis,8750.0,723141.0,True,350.0,25.0,> Perfumería > Cuidado Capilar > Shampoo >,shampoo,estandar,general,https://www.disco.com.ar/shampoo-fructis-regarga-nutritiva-350ml/p,False
1272,Disco,3087383,3086604,Shampoo Dove Nutritri Oleos 650ml,Dove,17200.0,1421488.0,True,650.0,26.4615,> Perfumería > Cuidado Capilar > Shampoo >,shampoo,estandar,general,https://www.disco.com.ar/shampoo-dove-nutritri-oleos-650ml/p,False
1273,Disco,411252,407092,Shampoo Sedal Preboticos 340 Ml,Dove,5950.0,491736.0,True,340.0,17.5,> Perfumería > Cuidado Capilar > Shampoo >,shampoo,estandar,general,https://www.disco.com.ar/shampoo-sedal-preboticos-340-ml/p,False
1274,Disco,251381,250684,Shampoo Herbal Essences Argan 400ml,Herbal Essences,17550.0,1450413.0,True,400.0,43.875,> Perfumería > Cuidado Capilar > Shampoo >,shampoo,estandar,general,https://www.disco.com.ar/shampoo-herbal-essences-argan-400ml/p,False
1275,Disco,249732,246723,Shampoo Capilatis Limpieza Prof 420ml,Capilatis,9750.0,805785.0,True,420.0,23.2143,> Perfumería > Cuidado Capilar > Shampoo >,shampoo,estandar,general,https://www.disco.com.ar/shampoo-capilatis-limpieza-prof-420ml/p,False
1276,Disco,389289,387395,Shampoo Ceramidas 190 Ml Sedal,Sedal,4050.0,334711.0,True,190.0,21.3158,> Perfumería > Cuidado Capilar > Shampoo >,shampoo,estandar,general,https://www.disco.com.ar/shampoo-ceramidas-190-ml-sedal/p,False
1277,Disco,3087384,3086605,Shampoo Dove Humectcoco Antioxi 650ml,Dove,17200.0,1421488.0,True,650.0,26.4615,> Perfumería > Cuidado Capilar > Shampoo >,shampoo,estandar,general,https://www.disco.com.ar/shampoo-dove-humectcoco-antioxi-650ml/p,False
1278,Disco,3079021,3078345,Shampoo Herbal Essences Manzanilla 400ml,Herbal Essences,17550.0,1450413.0,True,400.0,43.875,> Perfumería > Cuidado Capilar > Shampoo >,shampoo,estandar,general,https://www.disco.com.ar/shampoo-herbal-essences-manzanilla-400ml/p,False
1279,Disco,251368,250669,Shampoo Herbal Essences Coconut 400ml,Herbal Essences,17550.0,1450413.0,True,400.0,43.875,> Perfumería > Cuidado Capilar > Shampoo >,shampoo,estandar,general,https://www.disco.com.ar/shampoo-herbal-essences-coconut-400ml/p,False
1280,Disco,396886,394642,Shampoo Dove Reconstrucción Completa 400 Ml,Dove,9150.0,756198.0,True,400.0,22.875,> Perfumería > Cuidado Capilar > Shampoo >,shampoo,estandar,general,https://www.disco.com.ar/shampoo-dove-reconstruccion-completa-400-ml-4/p,False
1281,Disco,393556,391584,Shampoo Dove Regeneración Extrema 400 Ml,Dove,9150.0,756198.0,True,400.0,22.875,> Perfumería > Cuidado Capilar > Shampoo >,shampoo,estandar,general,https://www.disco.com.ar/shampoo-dove-regeneracion-extrema-400-ml-3/p,False
1282,Disco,3070279,3069872,Shampoo Keratina Antifrizz 500 Ml Tresemmé,Tresemmé,10750.0,888430.0,True,500.0,21.5,> Perfumería > Cuidado Capilar > Shampoo >,shampoo,estandar,tratado,https://www.disco.com.ar/shampoo-keratina-antifrizz-x-500-ml-tresemme/p,False
1283,Disco,394212,392218,Shampoo Dove óleo Nutrición 400 Ml,Dove,9150.0,756198.0,True,400.0,22.875,> Perfumería > Cuidado Capilar > Shampoo >,shampoo,estandar,general,https://www.disco.com.ar/shampoo-dove-oleo-nutricion-400-ml-3/p,False
1284,Disco,3067580,3067444,Shampoo Luminous UV 340 Ml Sedal,Sedal,5469.0,451983.0,True,340.0,16.0853,> Perfumería > Cuidado Capilar > Shampoo >,shampoo,estandar,general,https://www.disco.com.ar/shampoo-luminous-uv-x-340-ml-sedal-2/p,False
1285,Disco,384331,383820,Shampoo Largo Saludable 970 Ml Plusbelle,Plusbelle,6500.0,537190.0,True,970.0,6.701,> Perfumería > Cuidado Capilar > Shampoo >,shampoo,estandar,general,https://www.disco.com.ar/shampoo-esencia-largo-salud-970-ml-plusbelle/p,False
1286,Disco,119620,118648,Shampoo Bebé Original 750 Ml Johnson's,Johnson's,20900.0,1727273.0,True,750.0,27.8667,> Mundo Bebe > Higiene para el Bebe > Higiene del Bebé >,shampoo,estandar,bebe,https://www.disco.com.ar/toallas-femeninas-con-alas-siempre-libre-especial-x-16-un/p,False
1287,Disco,389290,387396,Shampoo Sedal Ceramidas Botella 340 Ml,Sedal,5466.0,451736.0,True,340.0,16.0765,> Perfumería > Cuidado Capilar > Shampoo >,shampoo,estandar,general,https://www.disco.com.ar/shampoo-sedal-ceramidas-botella-340-ml-2/p,False
1288,Disco,396882,394638,Shampoo Crema Balance 340 Ml Sedal,Sedal,5466.0,451736.0,True,340.0,16.0765,> Perfumería > Cuidado Capilar > Shampoo >,shampoo,estandar,general,https://www.disco.com.ar/shampoo-crema-balance-340-ml-sedal/p,False
1289,Disco,3070283,3069876,Shampoo Ondas Boho 500 Ml Tresemmé,Tresemmé,10750.0,888430.0,True,500.0,21.5,> Perfumería > Cuidado Capilar > Shampoo >,shampoo,estandar,general,https://www.disco.com.ar/shampoo-ondas-boho-x-500-ml-tresemme/p,False
1290,Disco,397624,395357,Shampoo Hialurónico Pure 200 Ml Elvive,Elvive,7650.0,632231.0,True,200.0,38.25,> Perfumería > Cuidado Capilar > Shampoo >,shampoo,profesional,general,https://www.disco.com.ar/shampoo-elvive-hialuronico-pure-200ml/p,False
1291,Disco,393563,391591,Shampoo Reconstrucción Completa 200 Cc Dove,Dove,6150.0,508264.0,True,,,> Perfumería > Cuidado Capilar > Shampoo >,shampoo,estandar,general,https://www.disco.com.ar/shampoo-dove-reconstruccion-completa-200cc/p,False
1292,Disco,384328,383817,Shampoo Esencia Restauración 970 Ml Plusbelle,Plusbelle,6500.0,537190.0,True,970.0,6.701,> Perfumería > Cuidado Capilar > Shampoo >,shampoo,estandar,general,https://www.disco.com.ar/shampoo-esencia-restauracion-970-ml-plusbelle/p,False
1293,Disco,3067578,3067442,Shampoo Luminous UV 650 Ml Sedal,Sedal,9250.0,764463.0,True,650.0,14.2308,> Perfumería > Cuidado Capilar > Shampoo >,shampoo,estandar,general,https://www.disco.com.ar/shampoo-luminous-uv-x-650-ml-sedal/p,False
1294,Disco,400516,397854,Shampoo Hidra Hialurónico 750 Ml Elvive,Elvive,19700.0,1628099.0,True,750.0,26.2667,> Perfumería > Cuidado Capilar > Shampoo >,shampoo,profesional,general,https://www.disco.com.ar/shampoo-elvive-hidra-hialuronico-750-ml/p,False
1295,Disco,389300,387406,Shampoo Restauración Instantánea 340 Ml Sedal,Sedal,5950.0,491736.0,True,340.0,17.5,> Perfumería > Cuidado Capilar > Shampoo >,shampoo,estandar,general,https://www.disco.com.ar/shampoo-restauracion-instantanea-340-ml-sedal/p,False
1296,Disco,413347,409228,Shampoo Keratina Antifrizz 250 Ml Tresemmé,Tresemmé,6450.0,533058.0,True,250.0,25.8,> Perfumería > Cuidado Capilar > Shampoo >,shampoo,estandar,tratado,https://www.disco.com.ar/shampoo-tresemme-keratina-antifrizz-250-ml/p,False
1297,Disco,413348,409229,Shampoo Tresemme Cauterización Reparadora 250 Ml,Tresemmé,6450.0,533058.0,True,250.0,25.8,> Perfumería > Cuidado Capilar > Shampoo >,shampoo,estandar,general,https://www.disco.com.ar/shampoo-tresemme-cauterizacion-reparadora-250-ml/p,False
1298,Disco,3070277,3069870,Shampoo Cauterización Reparadora 500 Ml Tresemmé,Tresemmé,10750.0,888430.0,True,500.0,21.5,> Perfumería > Cuidado Capilar > Shampoo >,shampoo,estandar,general,https://www.disco.com.ar/shampoo-cauterizacion-reparadora-x-500-ml-tresemme/p,False
1299,Disco,415572,411156,Shampoo Liso Infinito 400 Ml Pantene,Pantene,11000.0,909091.0,True,400.0,27.5,> Perfumería > Cuidado Capilar > Shampoo >,shampoo,estandar,general,https://www.disco.com.ar/shampoo-pantene-provmir-liso-infinito-400-ml/p,False
1300,Disco,389301,387407,Shampoo Rizos Definidos 340 Ml Sedal,Sedal,5950.0,491736.0,True,340.0,17.5,> Perfumería > Cuidado Capilar > Shampoo >,shampoo,estandar,rizado,https://www.disco.com.ar/shampoo-rizos-definidos-340-ml-sedal/p,False
1301,Disco,415143,410803,Shampoo Liso Perfecto 340 Ml Sedal,Sedal,5950.0,491736.0,True,340.0,17.5,> Perfumería > Cuidado Capilar > Shampoo >,shampoo,estandar,general,https://www.disco.com.ar/shampoo-liso-perfecto-340-ml-sedal/p,False
1302,Disco,396887,394643,Shampoo Dove Regeneración Extrema 200 Ml,Dove,6150.0,508264.0,True,200.0,30.75,> Perfumería > Cuidado Capilar > Shampoo >,shampoo,estandar,general,https://www.disco.com.ar/shampoo-dove-regeneracion-extrema-200-ml-2/p,False
1303,Disco,389291,387397,Shampoo Brillo Ceramidas 650 Ml Sedal,Sedal,9550.0,789256.0,True,650.0,14.6923,> Perfumería > Cuidado Capilar > Shampoo >,shampoo,estandar,general,https://www.disco.com.ar/shampoo-sedal-ceramidas-botella-650-ml-2/p,False
1304,Disco,413343,409224,Shampoo Tresemme Cauterización Reparadora 880 Ml,Tresemmé,17050.0,1409091.0,True,880.0,19.375,> Perfumería > Cuidado Capilar > Shampoo >,shampoo,estandar,general,https://www.disco.com.ar/shampoo-tresemme-cauterizacion-reparadora-880-ml/p,False
1305,Disco,21999,19162,Shampoo Brillo Extremo 410 Ml Capilatis,Capilatis,9750.0,805785.0,True,410.0,23.7805,> Perfumería > Cuidado Capilar > Shampoo >,shampoo,estandar,general,https://www.disco.com.ar/shampoo-capilatis-brillo-extremo-410-ml/p,False
1306,Disco,407570,403759,Shampoo Elvive Reparacion Extreme 200 Ml,Elvive,7600.0,628099.0,True,200.0,38.0,> Perfumería > Cuidado Capilar > Shampoo >,shampoo,profesional,general,https://www.disco.com.ar/shampoo-elvive-reparacion-extreme-200-ml/p,False
1307,Disco,316330,315564,Shampoo Pantene Pro-v Bambú 400 Ml,Pantene,11000.0,909091.0,True,400.0,27.5,> Perfumería > Cuidado Capilar > Shampoo >,shampoo,profesional,general,https://www.disco.com.ar/shampoo-pantene-pro-v-bambu-400-ml/p,False
1308,Disco,1365009,1363957,Shampoo Anticomezón 375 Ml Head y Shoulders,Head & Shoulders,13100.0,1082645.0,True,375.0,34.9333,> Perfumería > Cuidado Capilar > Shampoo >,shampoo,estandar,general,https://www.disco.com.ar/shampoo-anticomezon-375-ml-head-shoulders-2/p,False
1309,Disco,413366,409243,Shampoo Vitaminas Bomba Jazmín 930 Ml Suave,Suave,4600.0,380165.0,True,930.0,4.9462,> Perfumería > Cuidado Capilar > Shampoo >,shampoo,estandar,bebe,https://www.disco.com.ar/shampoo-suave-vitaminas-bomba-jazmin-930-ml-3/p,False
1310,Disco,3067727,3067587,Shampoo Nuhoney 180 Ml Head & Shoulders,Head & Shoulders,7900.0,652893.0,True,180.0,43.8889,> Perfumería > Cuidado Capilar > Shampoo >,shampoo,estandar,general,https://www.disco.com.ar/shampoo-nuhoney-180-ml-head-shoulders/p,False
1311,Disco,397216,394957,Shampoo Reparador Goodbye Daños 350 Ml Fructis,Fructis,8750.0,723141.0,True,350.0,25.0,> Perfumería > Cuidado Capilar > Shampoo >,shampoo,estandar,general,https://www.disco.com.ar/shampoo-garnier-fructis-cabellos-danados-goodbye-danos-350-ml/p,False
1312,Disco,29577,26739,Shampoo Keratina Hair Therapy 350 Ml Capilatis,Capilatis,9750.0,805785.0,True,350.0,27.8571,> Perfumería > Cuidado Capilar > Shampoo >,shampoo,estandar,tratado,https://www.disco.com.ar/shampoo-keratina-hair-therapy-350-ml-capilatis/p,False
1313,Disco,276976,276262,Shampoo Nutrición Natural Oil 420 Ml Capilatis,Capilatis,10950.0,904959.0,True,420.0,26.0714,> Perfumería > Cuidado Capilar > Shampoo >,shampoo,estandar,general,https://www.disco.com.ar/shampoo-capilatis-oil-420-ml-natural/p,False
1314,Disco,3067684,3067546,Shampoo Nuhoney 375 Ml Head & Shoulders,Head & Shoulders,13100.0,1082645.0,True,375.0,34.9333,> Perfumería > Cuidado Capilar > Shampoo >,shampoo,estandar,general,https://www.disco.com.ar/shampoo-nuhoney-375-ml-head-shoulders/p,False
1315,Disco,3067581,3067445,Shampoo Luminous Uv X 190 Ml Sedal,Sedal,3950.0,326446.0,True,190.0,20.7895,> Perfumería > Cuidado Capilar > Shampoo >,shampoo,estandar,general,https://www.disco.com.ar/shampoo-luminous-uv-x-190-ml-sedal-2/p,False
1316,Disco,424110,417111,Shampoo Argan 650 Ml Head & Shoulders,Head & Shoulders,19950.0,1648760.0,True,650.0,30.6923,> Perfumería > Cuidado Capilar > Shampoo >,shampoo,estandar,general,https://www.disco.com.ar/shampoo-argan-650-ml-head-shoulders-2/p,False
1317,Disco,414722,410423,Shampoo Kids Fragancia Prolongada 400 Ml Johnson's,Johnson's,10450.0,863636.0,True,400.0,26.125,> Mundo Bebe > Higiene para el Bebe > Higiene del Bebé >,shampoo,estandar,bebe,https://www.disco.com.ar/shampoo-baby-fragancia-prolongada-400-ml-johnson-s/p,False
1318,Disco,413344,409225,Shampoo Tresemme Liso Efecto Botox 880 Ml,Tresemmé,17050.0,1409091.0,True,880.0,19.375,> Perfumería > Cuidado Capilar > Shampoo >,shampoo,estandar,general,https://www.disco.com.ar/shampoo-tresemme-liso-efecto-botox-880-ml/p,False
1319,Disco,3070280,3069873,Shampoo Liso Efecto Profesional 500 Ml Tresemmé,Tresemmé,10750.0,888430.0,True,500.0,21.5,> Perfumería > Cuidado Capilar > Shampoo >,shampoo,profesional,general,https://www.disco.com.ar/shampoo-liso-perfecto-profesional-x-500-ml-tresemme-2/p,False
1320,Disco,119611,118639,Shampoo para Bebé Original 400 Ml Johnson's,Johnson's,12350.0,1020661.0,True,400.0,30.875,> Mundo Bebe > Higiene para el Bebe > Higiene del Bebé >,shampoo,estandar,bebe,https://www.disco.com.ar/toallas-femeninas-con-alas-siempre-libre-especial-8-un/p,False
1321,Disco,1361444,1360832,Shampoo Nutrición Esencia Revitalizante 700 Ml Plusbelle,Plusbelle,5650.0,466942.0,True,700.0,8.0714,> Perfumería > Cuidado Capilar > Shampoo >,shampoo,estandar,general,https://www.disco.com.ar/shampoo-plusbelle-esencia-revitalizante-700ml-2/p,False
1322,Disco,388708,386820,Shampoo Nutrición Oleo Extraordinario 200 Ml Elvive,Elvive,7650.0,632231.0,True,200.0,38.25,> Perfumería > Cuidado Capilar > Shampoo >,shampoo,profesional,general,https://www.disco.com.ar/shampoo-elvive-oleo-extraordinario-nutricion-universal-200-ml/p,False
1323,Disco,275447,274743,Shampoo Antifall 180 Ml Head & Shoulders,Head & Shoulders,7900.0,652893.0,True,180.0,43.8889,> Perfumería > Cuidado Capilar > Shampoo >,shampoo,estandar,general,https://www.disco.com.ar/shampoo-antifall-180-ml-head-shoulders-2/p,False
1324,Disco,5996,3384,Shampoo Iluminador Puro Rubio 420 Ml Capilatis,Capilatis,9750.0,805785.0,True,420.0,23.2143,> Perfumería > Cuidado Capilar > Shampoo >,shampoo,estandar,general,https://www.disco.com.ar/shampoo-capilatis-iluminador-420-ml/p,False
1325,Disco,3086634,3085858,Shampoo Purificante Oil Control 200 Ml Fructis Shampoo Oil Control X 200 Ml Fructis,Fructis,5950.0,491736.0,True,200.0,29.75,> Perfumería > Cuidado Capilar > Shampoo >,shampoo,estandar,general,https://www.disco.com.ar/shampoo-oil-control-x-200-ml-fructis/p,False
1326,Disco,1365007,1363955,Shampoo Anticomezón 180 Ml Head y Shoulders,Head & Shoulders,8000.0,661157.0,True,180.0,44.4444,> Perfumería > Cuidado Capilar > Shampoo >,shampoo,estandar,general,https://www.disco.com.ar/shampoo-anticomezon-180-ml-head-shoulders-2/p,False
1327,Disco,1362366,1361614,Shampoo Bond Intense Repair 200 Ml Dove,Dove,6900.0,570248.0,True,200.0,34.5,> Perfumería > Cuidado Capilar > Shampoo >,shampoo,profesional,general,https://www.disco.com.ar/shampoo-dove-bond-intense-repair-200-ml-2/p,False
1328,Disco,424003,417080,Shampoo Fuerza 650 Ml Head & Shoulders,Head & Shoulders,20250.0,1673554.0,True,650.0,31.1538,> Perfumería > Cuidado Capilar > Shampoo >,shampoo,estandar,general,https://www.disco.com.ar/shampoo-fuerza-650-ml-head-shoulders-2/p,False
1329,Disco,424002,417079,Shampoo Charcoal 650 Ml Head & Shoulders,Head & Shoulders,20250.0,1673554.0,True,650.0,31.1538,> Perfumería > Cuidado Capilar > Shampoo >,shampoo,estandar,general,https://www.disco.com.ar/shampoo-charcoal-650-ml-head-shoulders-2/p,False
1330,Disco,80238,77362,Shampoo Sandia Dulce 350 Ml Kids Algabo,Algabo,3850.0,318182.0,True,350.0,11.0,> Mundo Bebe > Higiene para el Bebe > Higiene del Bebé >,shampoo,estandar,bebe,https://www.disco.com.ar/shampoo-sandia-dulce-350-ml-kids-algabo/p,False
1331,Disco,393553,391581,Shampoo Dove Ritual De Reparacion De Coco 400 Ml,Dove,9220.0,761983.0,True,400.0,23.05,> Perfumería > Cuidado Capilar > Shampoo >,shampoo,estandar,general,https://www.disco.com.ar/shampoo-dove-ritual-de-reparacion-de-coco-400-ml/p,False
1332,Disco,389288,387394,Shampoo Sedal Hialurónico Y Vitamina A 340 Ml,Sedal,5469.0,451983.0,True,340.0,16.0853,> Perfumería > Cuidado Capilar > Shampoo >,shampoo,estandar,general,https://www.disco.com.ar/shampoo-sedal-hialuronico-y-vitamina-a-340-ml-2/p,False
1333,Disco,409862,405948,Shampoo Hidratación Intensa Esencia 970 Ml Plusbelle,Plusbelle,6032.0,498512.0,True,970.0,6.2186,> Perfumería > Cuidado Capilar > Shampoo >,shampoo,estandar,seco_danado,https://www.disco.com.ar/shampoo-esencia-970-ml-plusbelle/p,False
1334,Disco,3067725,3067585,Shampoo Anticaída Biotinamina B3 300 Ml Pantene,Pantene,10550.0,871901.0,True,300.0,35.1667,> Perfumería > Cuidado Capilar > Shampoo >,shampoo,estandar,general,https://www.disco.com.ar/shampoo-anti-caida-300-ml-pantene/p,False
1335,Disco,414718,410419,Shampoo Baby Hidratación Intensa 400 Ml Johnson's,Johnson's,10650.0,880165.0,True,400.0,26.625,> Mundo Bebe > Higiene para el Bebe > Higiene del Bebé >,shampoo,estandar,seco_danado,https://www.disco.com.ar/shampoo-baby-hidratacion-intensa-400-ml-johnson-s/p,False
1336,Disco,397181,394922,Shampoo Dove Ritual De Reparación Coco 200 Ml,Dove,6150.0,508264.0,True,200.0,30.75,> Perfumería > Cuidado Capilar > Shampoo >,shampoo,estandar,general,https://www.disco.com.ar/shampoo-dove-ritual-de-reparacion-coco-200-ml/p,False
1337,Disco,316338,315572,Shampoo Pantene Pro-v Bambú 200 Ml,Pantene,6800.0,561983.0,True,200.0,34.0,> Perfumería > Cuidado Capilar > Shampoo >,shampoo,profesional,general,https://www.disco.com.ar/shampoo-pantene-pro-v-bambu-200-ml/p,False
1338,Disco,3067730,3067590,Shampoo Nuhoney 650 Ml Head & Shoulders,Head & Shoulders,19950.0,1648760.0,True,650.0,30.6923,> Perfumería > Cuidado Capilar > Shampoo >,shampoo,estandar,general,https://www.disco.com.ar/shampoo-nuhoney-650-ml-head-shoulders/p,False
1339,Disco,424000,417077,Shampoo Antifall 650 Ml Head & Shoulders,Head & Shoulders,20450.0,1690083.0,True,650.0,31.4615,> Perfumería > Cuidado Capilar > Shampoo >,shampoo,estandar,general,https://www.disco.com.ar/shampoo-antifall-650-ml-head-shoulders-2/p,False
1340,Disco,413365,409242,Shampoo Liso Efecto Botox 250 Ml Tresemmé,Tresemmé,6450.0,533058.0,True,250.0,25.8,> Perfumería > Cuidado Capilar > Shampoo >,shampoo,estandar,general,https://www.disco.com.ar/shampoo-tresemme-liso-efecto-botox-250-ml/p,False
1341,Disco,3070156,3069762,Shampoo Colágeno Nutre y Revitaliza 300 Ml Pantene,Pantene,10550.0,871901.0,True,300.0,35.1667,> Perfumería > Cuidado Capilar > Shampoo >,shampoo,estandar,general,https://www.disco.com.ar/shampoo-colageno-x-300-ml-pantene-2/p,False
1342,Disco,407562,403751,Shampoo Reparación Total 5 Keratin 400 Ml Elvive,Elvive,11199.0,925537.0,True,400.0,27.9975,> Perfumería > Cuidado Capilar > Shampoo >,shampoo,profesional,general,https://www.disco.com.ar/shampoo-rt5-keratin-400-ml-elvive/p,False
1343,Disco,3084843,3084075,Shampoo Hidratación Profunda Ácido Hialurónico 700 Ml Plusbelle,Plusbelle,5550.0,458678.0,True,700.0,7.9286,> Perfumería > Cuidado Capilar > Shampoo >,shampoo,estandar,seco_danado,https://www.disco.com.ar/shampoo-esencia-hidratacion-profunda-x-700-ml-plusbelle/p,False
1344,Disco,3071026,3070599,Shampoo Dream Liso Anti Frizz 200 Ml Elvive,Elvive,8200.0,677686.0,True,200.0,41.0,> Perfumería > Cuidado Capilar > Shampoo >,shampoo,profesional,general,https://www.disco.com.ar/shampoo-dream-liso-x-200-ml-elvive/p,False
1345,Disco,1360447,1360030,Shampoo Glycolic Gloss Brillo 72H 750 Ml Elvive,Elvive,21250.0,1756198.0,True,750.0,28.3333,> Perfumería > Cuidado Capilar > Shampoo >,shampoo,profesional,general,https://www.disco.com.ar/shampoo-elvive-glyco-gloss-x-750-ml/p,False
1346,Disco,3070160,3069767,Shampoo Keratina Repara y Protege 510 Ml Pantene,Pantene,16900.0,1396694.0,True,510.0,33.1373,> Perfumería > Cuidado Capilar > Shampoo >,shampoo,estandar,tratado,https://www.disco.com.ar/shampoo-keratina-x-510-ml-pantene-2/p,False
1347,Disco,407563,403752,Shampoo Reparación Total 5 Keratin 750 Ml Elvive,Elvive,19700.0,1628099.0,True,750.0,26.2667,> Perfumería > Cuidado Capilar > Shampoo >,shampoo,profesional,general,https://www.disco.com.ar/shampoo-elvive-reparacion-total-5-keratin-750-ml/p,False
1348,Disco,275423,274719,Shampoo Old Spice 375 Ml Head & Shoulders,Head & Shoulders,13100.0,1082645.0,True,375.0,34.9333,> Perfumería > Cuidado Capilar > Shampoo >,shampoo,estandar,general,https://www.disco.com.ar/shampoo-old-spice-375-ml-head-shoulders-2/p,False
1349,Disco,1360449,1360032,Shampoo Glyco Gloss Brillo 72h 200 Ml Elvive,Elvive,8200.0,677686.0,True,200.0,41.0,> Perfumería > Cuidado Capilar > Shampoo >,shampoo,profesional,general,https://www.disco.com.ar/shampoo-elvive-glyco-gloss-200-ml/p,False
1350,Disco,3071027,3070597,Shampoo Dream Liso Efecto Keratina 400 Ml Elvive,Elvive,13150.0,1086777.0,True,400.0,32.875,> Perfumería > Cuidado Capilar > Shampoo >,shampoo,profesional,tratado,https://www.disco.com.ar/shampoo-dream-liso-x-400-ml-elvive/p,False
1351,Disco,1360446,1360029,Shampoo Glycolic Gloss Brillo 72H 400 Ml Elvive,Elvive,13150.0,1086777.0,True,400.0,32.875,> Perfumería > Cuidado Capilar > Shampoo >,shampoo,profesional,general,https://www.disco.com.ar/shampoo-elvive-glyco-gloss-x-400-ml/p,False
1352,Disco,401192,398530,Shampoo Detox Limpia y Purifica 200 Ml Pantene,Pantene,6800.0,561983.0,True,200.0,34.0,> Perfumería > Cuidado Capilar > Shampoo >,shampoo,estandar,general,https://www.disco.com.ar/shampoo-detox-limpia-y-purifica-200-ml-pantene-2/p,False
1353,Disco,3078386,3077730,Shampoo UV Repair y Glow 200 Ml Dove,Dove,6800.0,561983.0,True,200.0,34.0,> Perfumería > Cuidado Capilar > Shampoo >,shampoo,profesional,general,https://www.disco.com.ar/shampoo-dove-bond-uv-repair-200ml/p,False
1354,Disco,1362514,1361762,Shampoo Elvive Reparación Total 5 Keratin 200 Ml,Elvive,7650.0,632231.0,True,200.0,38.25,> Perfumería > Cuidado Capilar > Shampoo >,shampoo,profesional,general,https://www.disco.com.ar/shampoo-elvive-reparacion-total-5-keratin-200-ml/p,False
1355,Disco,3086635,3085859,Shampoo Goodbye Daños Oil Control 350 Ml Fructis Shampoo Fructis Oil Control 350ml,Fructis,8650.0,714876.0,True,350.0,24.7143,> Perfumería > Cuidado Capilar > Shampoo >,shampoo,estandar,general,https://www.disco.com.ar/shampoo-fructis-oil-control-350ml/p,False
1356,Disco,3071025,3070596,Shampoo Dream Liso Efecto Keratina 750 Ml Elvive,Elvive,21250.0,1756198.0,True,750.0,28.3333,> Perfumería > Cuidado Capilar > Shampoo >,shampoo,profesional,tratado,https://www.disco.com.ar/shampoo-dream-liso-x-750-ml-elvive/p,False
1357,Disco,3069754,3069359,Shampoo Colágeno Nutre y Revitaliza 510 Ml Pantene,Pantene,16900.0,1396694.0,True,510.0,33.1373,> Perfumería > Cuidado Capilar > Shampoo >,shampoo,estandar,general,https://www.disco.com.ar/shampoo-colageno-x-510-ml-pantene-2/p,False
1358,Disco,424298,417178,Shampoo Nutrición Intensa Óleo de Argán 700 Ml Plusbelle,Plusbelle,5650.0,466942.0,True,700.0,8.0714,> Perfumería > Cuidado Capilar > Shampoo >,shampoo,estandar,general,https://www.disco.com.ar/shampoo-plusbelle-esen-oleo-nut-argan-700-ml/p,False
1359,Disco,410401,406407,Shampoo Engrosador Anti-caída 400 Ml Tio Nacho,Tio Nacho,8250.0,681818.0,True,400.0,20.625,> Perfumería > Cuidado Capilar > Shampoo >,shampoo,estandar,general,https://www.disco.com.ar/shampoo-engrosador-doypack-400-ml-tio-nacho/p,False
1360,Disco,3070176,3069776,Shampoo Keratina Repara y Protege 300 Ml Pantene,Pantene,10550.0,871901.0,True,300.0,35.1667,> Perfumería > Cuidado Capilar > Shampoo >,shampoo,estandar,tratado,https://www.disco.com.ar/shampoo-keratina-x-300-ml-pantene-2/p,False
1361,Disco,3070168,3069761,Shampoo Pro-V Miracles Revitalización 700 Ml Pantene,Pantene,18050.0,1491736.0,True,700.0,25.7857,> Perfumería > Cuidado Capilar > Shampoo >,shampoo,profesional,general,https://www.disco.com.ar/shampoo-pro-v-miracles-revitalizacion-x-700-ml-pantene/p,False
1362,Disco,407567,403756,Shampoo Reparación Total 5 Extreme 750 Ml Elvive,Elvive,19700.0,1628099.0,True,750.0,26.2667,> Perfumería > Cuidado Capilar > Shampoo >,shampoo,profesional,general,https://www.disco.com.ar/shampoo-elvive-reparacion-total-5-extreme-750-ml/p,False
1363,Disco,400519,397857,Shampoo Colorvive para Cabello Teñido 750 Ml Elvive,Elvive,19700.0,1628099.0,True,750.0,26.2667,> Perfumería > Cuidado Capilar > Shampoo >,shampoo,profesional,tratado,https://www.disco.com.ar/shampoo-elvive-colorvive-750-ml/p,False
1364,Disco,400530,397868,Shampoo Elvive Lóréal Paris Hidra Hialurónico 400 Ml,Elvive,11199.0,925537.0,True,400.0,27.9975,> Perfumería > Cuidado Capilar > Shampoo >,shampoo,profesional,general,https://www.disco.com.ar/shampoo-elvive-loreal-paris-hidra-hialuronico-400-ml/p,False
1365,Disco,397628,395361,Shampoo Hidra Purificante Hialuronico Pure 750 Ml Elvive,Elvive,19700.0,1628099.0,True,750.0,26.2667,> Perfumería > Cuidado Capilar > Shampoo >,shampoo,profesional,general,https://www.disco.com.ar/shampoo-elvive-hialuronico-pure-750-ml/p,False
1366,Disco,407568,403757,Shampoo Reparación Total 5 Extreme 400 Ml Elvive,Elvive,11199.0,925537.0,True,400.0,27.9975,> Perfumería > Cuidado Capilar > Shampoo >,shampoo,profesional,general,https://www.disco.com.ar/shampoo-elvive-reparacion-total-5-extreme-400-ml/p,False
1367,Disco,401198,398536,Shampoo Equilibrio Raíz y Puntas 700 Ml Pantene,Pantene,18050.0,1491736.0,True,700.0,25.7857,> Perfumería > Cuidado Capilar > Shampoo >,shampoo,estandar,general,https://www.disco.com.ar/shampoo-equilibrante-equilibrio-raiz-y-puntas-700-ml-pantene/p,False
1368,Disco,389286,387392,Shampoo Colageno Y Vitamina C 340 Ml Sedal,Sedal,5950.0,491736.0,True,340.0,17.5,> Perfumería > Cuidado Capilar > Shampoo >,shampoo,estandar,general,https://www.disco.com.ar/shampoo-colageno-y-vitamina-c-340-ml-sedal/p,False
1369,Disco,416914,412458,Shampoo Rizos Definidos Óleo Extraordinario 400 Ml Elvive,Elvive,12300.0,1016529.0,True,400.0,30.75,> Perfumería > Cuidado Capilar > Shampoo >,shampoo,profesional,rizado,https://www.disco.com.ar/shampoo-elvive-extraordinario-riso-400-ml/p,False
1370,Disco,384041,382754,Shampoo Garnier Fructis Hair Food Coco 300 Ml,Fructis,12300.0,1016529.0,True,300.0,41.0,> Perfumería > Cuidado Capilar > Shampoo >,shampoo,estandar,general,https://www.disco.com.ar/shampoo-garnier-fructis-hair-food-coco-300-ml/p,False
1371,Disco,375297,374015,Shampoo Matizador Color Vive Violeta 200 Ml Elvive,Elvive,8200.0,677686.0,True,200.0,41.0,> Perfumería > Cuidado Capilar > Shampoo >,shampoo,profesional,tratado,https://www.disco.com.ar/shampoo-elvive-colorvive-200-ml/p,False
1372,Disco,411921,407642,Tintura en Shampoo Express Rubio 25 Ml Issue,Issue,5050.0,417355.0,True,25.0,202.0,> Perfumería > Cuidado Capilar > Coloración >,shampoo,estandar,tratado,https://www.disco.com.ar/shampoo-issue-express-color-rubio-25-ml/p,False
1373,Disco,3085237,3084470,Shampoo Rizos Definidos Oleo Extraordinario 200 Ml Elvive,Elvive,7450.0,615702.0,True,200.0,37.25,> Perfumería > Cuidado Capilar > Shampoo >,shampoo,profesional,rizado,https://www.disco.com.ar/shampoo-elvive-oleo-extraordinario-x-200-ml-2/p,False
1374,Disco,1360921,1360329,Shampoo Men+Care Control Fortificante Anti-Caspa 400 Ml Dove,Dove,10300.0,851240.0,True,400.0,25.75,> Perfumería > Cuidado Capilar > Shampoo >,shampoo,estandar,anticaspa,https://www.disco.com.ar/shampoo-dove-control-fortificante-400-ml-2/p,False
1375,Disco,400535,397873,Shampoo Hidra Hialurónico para Cabello Deshidratado 200 Ml Elvive,Elvive,7650.0,632231.0,True,200.0,38.25,> Perfumería > Cuidado Capilar > Shampoo >,shampoo,profesional,seco_danado,https://www.disco.com.ar/shampoo-elvive-hidra-hialuronico-200-ml/p,False
1376,Disco,346770,345445,Shampoo Oleo Extraordinario Nutrición Intensa Coco 400 Ml Elvive,Elvive,11199.0,925537.0,True,400.0,27.9975,> Perfumería > Cuidado Capilar > Shampoo >,shampoo,profesional,general,https://www.disco.com.ar/shampoo-elvive-oleo-extraordinario-coco-400-ml/p,False
1377,Disco,275406,274702,Shampoo Anti Caspa Apple 375 Ml Head y Shoulders,Head & Shoulders,13100.0,1082645.0,True,375.0,34.9333,> Perfumería > Cuidado Capilar > Shampoo >,shampoo,estandar,anticaspa,https://www.disco.com.ar/shampoo-apple-375-ml-head-shoulders-2/p,False
1378,Disco,3083500,3082775,Shampoo Brillo Anti-residuos Glycolic Cristal 400 Ml Elvive,Elvive,11650.0,962810.0,True,400.0,29.125,> Perfumería > Cuidado Capilar > Shampoo >,shampoo,profesional,general,https://www.disco.com.ar/shampoo-brillo-anti-residuos-glycolic-cristal-x-400-ml-elvive/p,False
1379,Disco,310204,309442,Shampoo Anti Caspa Hidratación Aceite de Coco 180 Ml Head y Shoulders,Head & Shoulders,8000.0,661157.0,True,180.0,44.4444,> Perfumería > Cuidado Capilar > Shampoo >,shampoo,estandar,anticaspa,https://www.disco.com.ar/shampoo-coconut-180-ml-head-shoulders-2/p,False
1380,Disco,411923,407644,Shampoo Color Express Cobertura de Canas Castaño 25 Ml Issue,Issue,5050.0,417355.0,True,25.0,202.0,> Perfumería > Cuidado Capilar > Coloración >,shampoo,estandar,tratado,https://www.disco.com.ar/shampoo-color-express-castano-25-ml-issue/p,False
1381,Disco,3085747,3084975,Shampoo Anticaida Renovación Capilar X 180 Ml Head & Shoulders,Head & Shoulders,7750.0,640496.0,True,180.0,43.0556,> Perfumería > Cuidado Capilar > Shampoo >,shampoo,estandar,general,https://www.disco.com.ar/shampoo-anticaida-renovacion-capilar-x-180-ml-head-shoulders/p,False
1382,Disco,3083499,3082774,Shampoo Brillo Anti-residuos Glycolic Cristal 200 Ml Elvive,Elvive,7950.0,657025.0,True,200.0,39.75,> Perfumería > Cuidado Capilar > Shampoo >,shampoo,profesional,general,https://www.disco.com.ar/shampoo-brillo-anti-residuos-glycolic-cristal-x-200-ml-elvive/p,False
1383,Disco,3068523,3068262,Shampoo Ácido Glicólico Brillo y Color 350 Ml Capilatis,Capilatis,12750.0,1053719.0,True,350.0,36.4286,> Perfumería > Cuidado Capilar > Shampoo >,shampoo,estandar,tratado,https://www.disco.com.ar/shampoo-con-acido-glicolico-capilatis/p,False
1384,Disco,424109,417110,Shampoo Anti Caspa Manzana Fresh 650 Ml Head y Shoulders,Head & Shoulders,20450.0,1690083.0,True,650.0,31.4615,> Perfumería > Cuidado Capilar > Shampoo >,shampoo,estandar,anticaspa,https://www.disco.com.ar/shampoo-apple-650-ml-head-shoulders-2/p,False
1385,Disco,391923,389975,Shampoo Anti-Caspa Limpieza y Revitalización 375 Ml Head y Shoulders,Head & Shoulders,13100.0,1082645.0,True,375.0,34.9333,> Perfumería > Cuidado Capilar > Shampoo >,shampoo,estandar,anticaspa,https://www.disco.com.ar/shampoo-limpieza-y-revitalizacion-375-ml-head-shoulders/p,False
1386,Disco,391857,389909,Shampoo Anti-Caspa Aceite de Argán 180 Ml Head y Shoulders,Head & Shoulders,7900.0,652893.0,True,180.0,43.8889,> Perfumería > Cuidado Capilar > Shampoo >,shampoo,estandar,anticaspa,https://www.disco.com.ar/shampoo-aceite-de-argan-shampoo-180-ml-head-shoulders-2/p,False
1387,Disco,295011,294243,Shampoo Anti-Caspa Charcoal 375 Ml Head y Shoulders,Head & Shoulders,13100.0,1082645.0,True,375.0,34.9333,> Perfumería > Cuidado Capilar > Shampoo >,shampoo,estandar,anticaspa,https://www.disco.com.ar/shampoo-charcoal-375-ml-head-shoulders-2/p,False
1388,Disco,349088,347751,Shampoo 3 en 1 Active Fresh 400 Ml Dove,Dove,9505.0,785537.0,True,400.0,23.7625,> Perfumería > Cuidado Capilar > Shampoo >,shampoo,estandar,general,https://www.disco.com.ar/shampoo-para-hombre-dove-active-fresh-3-en-1-400-ml/p,False
1389,Disco,424302,417182,Shampoo Nutrición Cabello Seco Óleo de Coco 700 Ml Plusbelle,Plusbelle,5650.0,466942.0,True,700.0,8.0714,> Perfumería > Cuidado Capilar > Shampoo >,shampoo,estandar,seco_danado,https://www.disco.com.ar/shampoo-plusbelle-esen-oleo-nut-coco-700-ml/p,False
1390,Disco,411484,407302,Shampoo Tratante Anti-Caída Ortiga Concentrado 420 Ml Capilatis,Capilatis,10900.0,900826.0,True,420.0,25.9524,> Perfumería > Cuidado Capilar > Shampoo >,shampoo,estandar,general,https://www.disco.com.ar/shampoo-ortiga-concentrado-420-ml-capilatis/p,False
1391,Disco,411475,407293,Shampoo Tratante Anti-Caída para Cabello Graso Ortiga y Salvia 420 Ml Capilatis,Capilatis,10900.0,900826.0,True,420.0,25.9524,> Perfumería > Cuidado Capilar > Shampoo >,shampoo,estandar,graso,https://www.disco.com.ar/shampoo-ortiga-graso-concentrado-420-ml-capilatis/p,False
1392,Disco,404463,401465,Shampoo Cabellos Grasos Menta y Lima 420 Ml Capilatis,Capilatis,9750.0,805785.0,True,420.0,23.2143,> Perfumería > Cuidado Capilar > Shampoo >,shampoo,estandar,graso,https://www.disco.com.ar/shampoo-cabellos-grasos-420-ml-capilatis/p,False
1393,Disco,349085,347748,Shampoo 2 en 1 Fuerza Extrema 400 Ml Dove,Dove,9505.0,785537.0,True,400.0,23.7625,> Perfumería > Cuidado Capilar > Shampoo >,shampoo,estandar,general,https://www.disco.com.ar/shampoo-dove-men-2en1-fuerza-extrema-400-ml/p,False
1394,Disco,275435,274731,Shampoo 3 en 1 Anti-Caspa 375 Ml Head y Shoulders,Head & Shoulders,13100.0,1082645.0,True,375.0,34.9333,> Perfumería > Cuidado Capilar > Shampoo >,shampoo,estandar,anticaspa,https://www.disco.com.ar/shampoo-3-en-1-375-ml-head-shoulders-2/p,False
1395,Disco,275414,274710,Shampoo Anti-Caspa Manzana 180 Ml Head y Shoulders,Head & Shoulders,7900.0,652893.0,True,180.0,43.8889,> Perfumería > Cuidado Capilar > Shampoo >,shampoo,estandar,anticaspa,https://www.disco.com.ar/shampoo-apple-180-ml-head-shoulders-2/p,False
1396,Disco,3083503,3082778,Shampoo Brillo Anti-residuos Glycolic Cristal 750 Ml Elvive,Elvive,19350.0,1599174.0,True,750.0,25.8,> Perfumería > Cuidado Capilar > Shampoo >,shampoo,profesional,general,https://www.disco.com.ar/shampoo-brillo-anti-residuos-glycolic-cristal-x-750-ml-elvive/p,False
1397,Disco,414717,410418,Shampoo Para Niños Hidratación Intensa X 200 Ml Johnson's,Johnson's,6650.0,549587.0,True,200.0,33.25,> Mundo Bebe > Higiene para el Bebe > Higiene del Bebé >,shampoo,estandar,seco_danado,https://www.disco.com.ar/shampoo-para-ninos-hidratacion-intensa-x-200-ml-johnson-s/p,False
1398,Disco,275438,274734,Shampoo Anti-Caspa Anticaída 375 Ml Head y Shoulders,Head & Shoulders,13050.0,1078512.0,True,375.0,34.8,> Perfumería > Cuidado Capilar > Shampoo >,shampoo,estandar,anticaspa,https://www.disco.com.ar/shampoo-antifall-375-ml-head-shoulders-2/p,False
1399,Disco,3067728,3067588,Shampoo Anticaída y Nutrición Biotinamina B3 510 Ml Pantene,Pantene,16900.0,1396694.0,True,510.0,33.1373,> Perfumería > Cuidado Capilar > Shampoo >,shampoo,estandar,general,https://www.disco.com.ar/shampoo-anti-caida-510-ml-pantene-2/p,False
1400,Disco,414723,410424,Shampoo Para Niños Fragancia Prolongada 200 Ml Johnson Baby,Johnson's,6750.0,557851.0,True,200.0,33.75,> Mundo Bebe > Higiene para el Bebe > Higiene del Bebé >,shampoo,estandar,bebe,https://www.disco.com.ar/shampoo-para-ninos-fragancia-prolongada-200-ml-johnson-baby/p,False
1401,Disco,298524,297753,Shampoo para Perros y Gatos Pulguicida/Garrapaticida 500 Ml Pet' S Class,Pet' S Class,9800.0,809917.0,True,500.0,19.6,> Mascotas > Accesorios para Mascotas >,shampoo,estandar,general,https://www.disco.com.ar/shampoo-para-perro-pets-class-pulguicida-garrapata/p,False
1402,Disco,3086505,3085727,Shampoo Reparación Profunda Keratina Vegetal 415 Ml Tio Nacho Shampoo Keratina Vegetal  X 415 Ml Tio Nacho,Tio Nacho,11100.0,917355.0,True,415.0,26.747,> Perfumería > Cuidado Capilar > Shampoo >,shampoo,estandar,tratado,https://www.disco.com.ar/shampoo-keratina-vegetal-x-415-ml-tio-nacho/p,False
1403,Disco,3085748,3084976,Shampoo Anticaida Renovación Capilar X 375 Ml Head & Shoulders,Head & Shoulders,13000.0,1074380.0,True,375.0,34.6667,> Perfumería > Cuidado Capilar > Shampoo >,shampoo,estandar,general,https://www.disco.com.ar/shampoo-anticaida-renovacion-capilar-x-375-ml-head-shoulders/p,False
1404,Disco,3085746,3084974,Shampoo Anticaida Renovación Capilar X 650 Ml Head & Shoulders,Head & Shoulders,20000.0,1652893.0,True,650.0,30.7692,> Perfumería > Cuidado Capilar > Shampoo >,shampoo,estandar,general,https://www.disco.com.ar/shampoo-anticaida-renovacion-capilar-x-650-ml-head-shoulders/p,False
1405,Disco,3083784,3083042,Shampoo 2 en 1 Control Caspa 415 Ml Tio Nacho,Tio Nacho,12200.0,1008264.0,True,415.0,29.3976,> Perfumería > Cuidado Capilar > Shampoo >,shampoo,estandar,anticaspa,https://www.disco.com.ar/shampoo-acondicionador-2-en-1-control-caspa-415-ml-tio-nacho/p,False
1406,Disco,388717,386829,Shampoo Óleo Extraordinario Nutrición Cabello Seco 750 Ml Elvive,Elvive,19700.0,1628099.0,True,750.0,26.2667,> Perfumería > Cuidado Capilar > Shampoo >,shampoo,profesional,seco_danado,https://www.disco.com.ar/shampoo-elvive-oleo-extraordinario-nutricion-universal-750-ml/p,False
1407,Disco,332647,331802,Shampoo Anti Caspa Fuerza 180 Ml Head y Shoulders,Head & Shoulders,7800.0,644628.0,True,180.0,43.3333,> Perfumería > Cuidado Capilar > Shampoo >,shampoo,estandar,anticaspa,https://www.disco.com.ar/shampoo-fuerza-180-ml-head-shoulders-2/p,False
1408,Disco,298540,297769,Shampoo para Perros y Gatos Sabor Frutilla 500 Ml Pet's Class Shampoo Para Perro Pets Class Frutilla X500cm3,Pet' S Class,8500.0,702479.0,True,500.0,17.0,> Mascotas > Accesorios para Mascotas >,shampoo,estandar,general,https://www.disco.com.ar/shampoo-para-perro-pets-class-frutilla-x500cm3/p,False
1409,Disco,401186,398524,Shampoo Pro-v Miracles Equilibrio Raíz y Puntas 400 Ml Pantene,Pantene,11000.0,909091.0,True,400.0,27.5,> Perfumería > Cuidado Capilar > Shampoo >,shampoo,profesional,general,https://www.disco.com.ar/shampoo-pro-v-miracles-detox-equilibrio-400-ml-pantene/p,False
1410,Disco,397686,395420,Shampoo Hialurónico Pure Raíz Grasa y Puntas Deshidratadas 400 Ml Elvive,Elvive,11199.0,925537.0,True,400.0,27.9975,> Perfumería > Cuidado Capilar > Shampoo >,shampoo,profesional,seco_danado,https://www.disco.com.ar/shampoo-elvive-hialuronico-pure-400-ml/p,False
1411,Disco,401190,398528,Shampoo Pro-v Miracles Detox Limpia y Purifica 750 Ml Pantene,Pantene,18050.0,1491736.0,True,750.0,24.0667,> Perfumería > Cuidado Capilar > Shampoo >,shampoo,profesional,general,https://www.disco.com.ar/shampoo-pro-v-miracles-detox-limpia-purifica-750-ml-pantene/p,False
1412,Disco,334661,333783,Shampoo Anti Caspa Crece Fuerte desde la Raíz 375 Ml Head y Shoulders,Head & Shoulders,13100.0,1082645.0,True,375.0,34.9333,> Perfumería > Cuidado Capilar > Shampoo >,shampoo,estandar,anticaspa,https://www.disco.com.ar/shampoo-crece-fuerte-desde-la-raiz-375-ml-head-shoulders/p,False
1413,Disco,310203,309441,Shampoo Anti-Caspa Hidratación Aceite de Coco 375 Ml Head y Shoulders,Head & Shoulders,13100.0,1082645.0,True,375.0,34.9333,> Perfumería > Cuidado Capilar > Shampoo >,shampoo,estandar,anticaspa,https://www.disco.com.ar/shampoo-coconut-375-ml-head-shoulders-2/p,False
1414,Disco,407561,403750,Shampoo Elvive 2 En 1 Reparación Total 5 Keratin 400 Ml,Elvive,11199.0,925537.0,True,400.0,27.9975,> Perfumería > Cuidado Capilar > Shampoo >,shampoo,profesional,general,https://www.disco.com.ar/shampoo-elvive-2-en-1-reparacion-total-5-keratin-400-ml/p,False
1415,Disco,401196,398534,Shampoo Pro-v Miracles Detox Equilibrio 200 Ml Pantene,Pantene,6650.0,549587.0,True,200.0,33.25,> Perfumería > Cuidado Capilar > Shampoo >,shampoo,profesional,general,https://www.disco.com.ar/shampoo-pro-v-miracles-detox-equilibrio-200-ml-pantene-2/p,False
1416,Disco,401195,398533,Shampoo Pro-v Miracles Detox Limpia-purifica 400 Ml Pantene,Pantene,11000.0,909091.0,True,400.0,27.5,> Perfumería > Cuidado Capilar > Shampoo >,shampoo,profesional,general,https://www.disco.com.ar/shampoo-pro-v-miracles-detox-limpia-purifica-400-ml-pantene/p,False
1417,Disco,394821,392820,Shampoo Pantene Pro-v Miracles Hidrata Y Fortalece 400 Ml,Pantene,11000.0,909091.0,True,400.0,27.5,> Perfumería > Cuidado Capilar > Shampoo >,shampoo,profesional,seco_danado,https://www.disco.com.ar/shampoo-pantene-pro-v-miracles-hidrata-y-fortalece-400-ml/p,False
1418,Disco,341816,340503,Shampoo Anti Caspa Dermo Sensitive 375 Ml Head y Shoulders,Head & Shoulders,13100.0,1082645.0,True,375.0,34.9333,> Perfumería > Cuidado Capilar > Shampoo >,shampoo,estandar,anticaspa,https://www.disco.com.ar/shampoo-sensitive-375-ml-head-shoulders/p,False
1419,Disco,275420,274716,Shampoo Anti-Caspa Old Spice 180 Ml Head y Shoulders,Head & Shoulders,8000.0,661157.0,True,180.0,44.4444,> Perfumería > Cuidado Capilar > Shampoo >,shampoo,estandar,anticaspa,https://www.disco.com.ar/shampoo-old-spice-180-ml-head-shoulders-2/p,False
1420,Disco,414731,410432,Shampoo Para Bebé Cabello Claro 750 Ml Johnson Baby,Johnson's,21250.0,1756198.0,True,750.0,28.3333,> Mundo Bebe > Higiene para el Bebe > Higiene del Bebé >,shampoo,estandar,bebe,https://www.disco.com.ar/shampoo-para-bebe-cabello-claro-750-ml-johnson-baby/p,False
1421,Disco,346825,345500,Shampoo Nutrición Intensa Oleo Extraordinario Coco 750 Ml Elvive,Elvive,19700.0,1628099.0,True,750.0,26.2667,> Perfumería > Cuidado Capilar > Shampoo >,shampoo,profesional,general,https://www.disco.com.ar/shampoo-elvive-oleo-extraordinario-coco-750-ml/p,False
1422,Disco,414725,410426,Acondicionador Baby Hidratacion Intensa 200 Ml Johnson's,Johnson's,6750.0,557851.0,True,200.0,33.75,> Mundo Bebe > Higiene para el Bebe > Higiene del Bebé >,acondicionador,estandar,seco_danado,https://www.disco.com.ar/acondicionador-baby-hidratacion-intensa-200-ml-johnson-s/p,False
1423,Disco,414728,410429,Acondicionador Para Bebé Original 400 Ml Johnson´s,Johnson's,12550.0,1037190.0,True,400.0,31.375,> Mundo Bebe > Higiene para el Bebe > Higiene del Bebé >,acondicionador,estandar,bebe,https://www.disco.com.ar/acondicionador-para-bebe-original-400-ml-johnson-s/p,False
1424,Disco,415583,411167,Sahmpoo Pro-v Miracles Volumen 400 Ml Pantene,Pantene,11000.0,909091.0,True,400.0,27.5,> Perfumería > Cuidado Capilar > Shampoo >,shampoo,profesional,general,https://www.disco.com.ar/sahmpoo-pro-v-miracles-volumen-400-ml-pantene-2/p,False
1425,Disco,25406,22566,Acondicionador Diario Pro-v Hidratación Extrema 170 Ml Pantene,Pantene,10100.0,834711.0,True,170.0,59.4118,> Perfumería > Cuidado Capilar > Acondicionador >,acondicionador,profesional,seco_danado,https://www.disco.com.ar/acondicionador-diario-pro-v-hidratacion-extrema-170-ml-pantene/p,False
1426,Disco,3087382,3086603,Acondicionador Dove Regeneracionretinol 650ml,Dove,17200.0,1421488.0,True,650.0,26.4615,> Perfumería > Cuidado Capilar > Acondicionador >,acondicionador,estandar,general,https://www.disco.com.ar/acondicionador-dove-regeneracionretinol-650ml/p,False
1427,Disco,3087374,3086595,Acondicionador Dove Reconstaminoacido 650ml,Dove,17200.0,1421488.0,True,650.0,26.4615,> Perfumería > Cuidado Capilar > Acondicionador >,acondicionador,estandar,general,https://www.disco.com.ar/acondicionador-dove-reconstaminoacido-650ml/p,False
1428,Disco,404479,401481,Acondicionador Nutritivo 420 Ml Capilatis,Capilatis,9750.0,805785.0,True,420.0,23.2143,> Perfumería > Cuidado Capilar > Acondicionador >,acondicionador,estandar,general,https://www.disco.com.ar/acondicionador-nutritivo-420-ml-capilatis/p,False
1429,Disco,3068263,3068091,Acondicionador Probiotics 200 Ml Fructis,Fructis,5950.0,491736.0,True,200.0,29.75,> Perfumería > Cuidado Capilar > Acondicionador >,acondicionador,estandar,general,https://www.disco.com.ar/acondicionador-probiotics-x-200-ml-fructis-2/p,False
1430,Disco,251370,250672,Acondicionador Herbal Essences Argan400ml,Herbal Essences,17500.0,1446281.0,True,400.0,43.75,> Perfumería > Cuidado Capilar > Acondicionador >,acondicionador,estandar,general,https://www.disco.com.ar/acondicionador-herbal-essences-argan400ml/p,False
1431,Disco,251373,250674,Acondicionador Herbal Essences Coconut 400ml,Herbal Essences,17500.0,1446281.0,True,400.0,43.75,> Perfumería > Cuidado Capilar > Acondicionador >,acondicionador,estandar,general,https://www.disco.com.ar/acondicionador-herbal-essences-coconut-400ml/p,False
1432,Disco,411246,407086,Acondicionador Dove Hidratacion 400 Ml,Dove,9150.0,756198.0,True,400.0,22.875,> Perfumería > Cuidado Capilar > Acondicionador >,acondicionador,estandar,seco_danado,https://www.disco.com.ar/acondicionador-dove-hidratacion-400-ml/p,False
1433,Disco,396962,394718,Acondicionador Restauración 970 Ml Plusbelle,Plusbelle,6500.0,537190.0,True,970.0,6.701,> Perfumería > Cuidado Capilar > Acondicionador >,acondicionador,estandar,general,https://www.disco.com.ar/acondicionador-esencia-restauracion-970-ml-plusbelle/p,False
1434,Disco,393565,391593,Acondicionador Dove Regeneración Extrema 400 Ml,Dove,9150.0,756198.0,True,400.0,22.875,> Perfumería > Cuidado Capilar > Acondicionador >,acondicionador,estandar,general,https://www.disco.com.ar/acondicionador-dove-regeneracion-extrema-400-ml-3/p,False
1435,Disco,397159,394900,Acondicionador Sedal Ceramidas Botella 340 Ml,Sedal,5439.0,449504.0,True,340.0,15.9971,> Perfumería > Cuidado Capilar > Acondicionador >,acondicionador,estandar,general,https://www.disco.com.ar/acondicionador-sedal-ceramidas-botella-340-ml-2/p,False
1436,Disco,3070278,3069871,Acondicionador Cauterización Reparadora 500 Ml Tresemmé,Tresemmé,10900.0,900826.0,True,500.0,21.8,> Perfumería > Cuidado Capilar > Acondicionador >,acondicionador,estandar,general,https://www.disco.com.ar/acondicionador-cauterizacion-reparadora-x-500-ml-tresemme/p,False
1437,Disco,3066239,3066155,Acondicionador Luminous UV 340 Ml Sedal,Sedal,5469.0,451983.0,True,340.0,16.0853,> Perfumería > Cuidado Capilar > Acondicionador >,acondicionador,estandar,general,https://www.disco.com.ar/acondicionador-luminous-uv-x-340-ml-sedal-2/p,False
1438,Disco,415569,411153,Acondicionador Liso Infinito 400 Ml Pantene,Pantene,10550.0,871901.0,True,400.0,26.375,> Perfumería > Cuidado Capilar > Acondicionador >,acondicionador,estandar,general,https://www.disco.com.ar/acondicionador-pro-v-miracles-liso-infinito-400-ml-pantene/p,False
1439,Disco,400517,397855,Acondicionador Hidra Hialurónico 200 Ml Elvive,Elvive,7450.0,615702.0,True,200.0,37.25,> Perfumería > Cuidado Capilar > Acondicionador >,acondicionador,profesional,general,https://www.disco.com.ar/acodicionador-elvive-hidra-hialuronico-200-ml/p,False
1440,Disco,397916,395651,Acondicionador Liso Perfecto 340 Ml Sedal,Sedal,5437.0,449339.0,True,340.0,15.9912,> Perfumería > Cuidado Capilar > Acondicionador >,acondicionador,estandar,general,https://www.disco.com.ar/acondicionador-liso-perfecto-340-ml-sedal/p,False
1441,Disco,416913,412457,Acondicionador Elvive Extraordinario Rizos 400 Ml,Elvive,11900.0,983471.0,True,400.0,29.75,> Perfumería > Cuidado Capilar > Acondicionador >,acondicionador,profesional,rizado,https://www.disco.com.ar/acondicionador-elvive-extraordinario-rizos-400-ml/p,False
1442,Disco,400529,397867,Acondicionador Hidra Hialurónico 750 Ml Elvive,Elvive,19150.0,1582645.0,True,750.0,25.5333,> Perfumería > Cuidado Capilar > Acondicionador >,acondicionador,profesional,general,https://www.disco.com.ar/acodicionador-elvive-hidra-con-acido-hialuronico-750-ml/p,False
1443,Disco,397911,395646,Acondicionador Sedal Ceramidas Botella 650 Ml,Sedal,9000.0,743802.0,True,650.0,13.8462,> Perfumería > Cuidado Capilar > Acondicionador >,acondicionador,estandar,general,https://www.disco.com.ar/acondicionador-sedal-ceramidas-botella-650-ml-2/p,False
1444,Disco,22051,19214,Acondicionador Brillo Extremo 410 Ml Capilatis Acondicionador Capilatis Brillo Extremo 410 Ml,Capilatis,9750.0,805785.0,True,410.0,23.7805,> Perfumería > Cuidado Capilar > Acondicionador >,acondicionador,estandar,general,https://www.disco.com.ar/acondicionador-capilatis-brillo-extremo-410-ml/p,False
1445,Disco,393570,391598,Acondicionador Dove Regeneración Extrema 200 Ml,Dove,6150.0,508264.0,True,200.0,30.75,> Perfumería > Cuidado Capilar > Acondicionador >,acondicionador,estandar,general,https://www.disco.com.ar/acondicionador-dove-regeneracion-extrema-200-ml-2/p,False
1446,Disco,393569,391597,Acondicionador Dove Reconstrucción Completa 400 Ml,Dove,9150.0,756198.0,True,400.0,22.875,> Perfumería > Cuidado Capilar > Acondicionador >,acondicionador,estandar,general,https://www.disco.com.ar/acondicionador-dove-reconstruccion-completa-400-ml-3/p,False
1447,Disco,407565,403754,Acondicionador Elvive Reparación Total 400 Ml,Elvive,12300.0,1016529.0,True,400.0,30.75,> Perfumería > Cuidado Capilar > Acondicionador >,acondicionador,profesional,general,https://www.disco.com.ar/acondicionador-elvive-reparacion-total-400-ml/p,False
1448,Disco,400612,397950,Acondicionador Hidra Hialurónico 400 Ml Elvive,Elvive,12300.0,1016529.0,True,400.0,30.75,> Perfumería > Cuidado Capilar > Acondicionador >,acondicionador,profesional,general,https://www.disco.com.ar/acondicionador-elvive-loreal-paris-hidra-hialuronico-400-ml/p,False
1449,Disco,397623,395356,Acondicionador Hialurónico Pure 400 Ml Elvive,Elvive,12300.0,1016529.0,True,400.0,30.75,> Perfumería > Cuidado Capilar > Acondicionador >,acondicionador,profesional,general,https://www.disco.com.ar/acondicionador-elvive-hialuronico-pure-400-ml/p,False
1450,Disco,3070284,3069877,Acondicionador Ondas Boho 500 Ml Tresemmé,Tresemmé,10900.0,900826.0,True,500.0,21.8,> Perfumería > Cuidado Capilar > Acondicionador >,acondicionador,estandar,general,https://www.disco.com.ar/acondicionador-ondas-boho-x-500-ml-tresemme-2/p,False
1451,Disco,3070276,3069869,Acondicionador Brillo Lamelar 500 Ml Tresemmé,Tresemmé,10900.0,900826.0,True,500.0,21.8,> Perfumería > Cuidado Capilar > Acondicionador >,acondicionador,estandar,general,https://www.disco.com.ar/acondicionador-brillo-lamelar-x-500-ml-tresemme-2/p,False
1452,Disco,397908,395643,Acondicionador Restauración Instantánea 340 Ml Sedal,Sedal,5600.0,462810.0,True,340.0,16.4706,> Perfumería > Cuidado Capilar > Acondicionador >,acondicionador,estandar,general,https://www.disco.com.ar/acondicionador-restauracion-instantanea-340-ml-sedal/p,False
1453,Disco,397629,395362,Acondicionador Elvive Hialuronico Pure 200 Ml,Elvive,7650.0,632231.0,True,200.0,38.25,> Perfumería > Cuidado Capilar > Acondicionador >,acondicionador,profesional,general,https://www.disco.com.ar/acondicionador-elvive-hialuronico-pure-200-ml/p,False
1454,Disco,3078384,3077728,Acondicionador Dove Bond Uv Repair 250ml,Dove,9550.0,789256.0,True,250.0,38.2,> Perfumería > Cuidado Capilar > Acondicionador >,acondicionador,profesional,general,https://www.disco.com.ar/acondicionador-dove-bond-uv-repair-250ml/p,False
1455,Disco,413356,409215,Acondicionador Keratina Antifrizz 250 Ml Tresemmé,Tresemmé,6350.0,524793.0,True,250.0,25.4,> Perfumería > Cuidado Capilar > Acondicionador >,acondicionador,estandar,tratado,https://www.disco.com.ar/acondicionador-keratina-antifrizz-x-250-ml-tresemme/p,False
1456,Disco,411254,407094,Acondicionador Prebióticos Biotina 340 Ml Sedal,Sedal,5950.0,491736.0,True,340.0,17.5,> Perfumería > Cuidado Capilar > Acondicionador >,acondicionador,estandar,general,https://www.disco.com.ar/acondicionador-prebioticos-biotina-340-ml-sedal/p,False
1457,Disco,3079031,3078355,Acondicionador Herbal Essences Rosa Mosqueta 240ml,Herbal Essences,13500.0,1115702.0,True,240.0,56.25,> Perfumería > Cuidado Capilar > Acondicionador >,acondicionador,estandar,general,https://www.disco.com.ar/acondicionador-herbal-essences-rosa-mosqueta-240ml/p,False
1458,Disco,3070282,3069875,Acondicionador Keratina Antifrizz 500 Ml Tresemmé,Tresemmé,10900.0,900826.0,True,500.0,21.8,> Perfumería > Cuidado Capilar > Acondicionador >,acondicionador,estandar,tratado,https://www.disco.com.ar/acondicionador-keratina-antifrizz-x-500-ml-tresemme-2/p,False
1459,Disco,397929,395664,Acondicionador Crema Balance 340 Ml Sedal,Sedal,5439.0,449504.0,True,340.0,15.9971,> Perfumería > Cuidado Capilar > Acondicionador >,acondicionador,estandar,general,https://www.disco.com.ar/acondicionador-crema-balance-340-ml-sedal/p,False
1460,Disco,339398,338089,Acondicionador Recarga Nutritiva 650 Ml Fructis,Fructis,13150.0,1086777.0,True,650.0,20.2308,> Perfumería > Cuidado Capilar > Acondicionador >,acondicionador,estandar,general,https://www.disco.com.ar/acondicionador-recarga-nutritiva-650-ml-fructis/p,False
1461,Disco,3070158,3069763,Acondicionador Colágeno Hidratación 510 Ml Pantene,Pantene,16950.0,1400826.0,True,510.0,33.2353,> Perfumería > Cuidado Capilar > Acondicionador >,acondicionador,estandar,seco_danado,https://www.disco.com.ar/acondicionador-colageno-x-510-ml-pantene-2/p,False
1462,Disco,396960,394716,Acondicionador Largo Saludable 970 Ml Plusbelle,Plusbelle,6500.0,537190.0,True,970.0,6.701,> Perfumería > Cuidado Capilar > Acondicionador >,acondicionador,estandar,general,https://www.disco.com.ar/acondicionador-largo-saludable-970-ml-plusbelle/p,False
1463,Disco,393577,391605,Acondicionador Reconstrucción Completa 200 Ml Dove,Dove,6150.0,508264.0,True,200.0,30.75,> Perfumería > Cuidado Capilar > Acondicionador >,acondicionador,estandar,general,https://www.disco.com.ar/acondicionador-dove-reconstruccion-completa-200-ml-2/p,False
1464,Disco,393381,391409,Acondicionador Rizos Definidos 340 Ml Sedal,Sedal,5600.0,462810.0,True,340.0,16.4706,> Perfumería > Cuidado Capilar > Acondicionador >,acondicionador,estandar,rizado,https://www.disco.com.ar/acondicionador-rizos-definidos-340-ml-sedal/p,False
1465,Disco,397180,394921,Acondicionador Dove Regeneración Extrema 750 Ml,Dove,16500.0,1363636.0,True,750.0,22.0,> Perfumería > Cuidado Capilar > Acondicionador >,acondicionador,estandar,general,https://www.disco.com.ar/acondicionador-dove-regeneracion-extrema-750-ml-2/p,False
1466,Disco,3066238,3066154,Acondicionador Luminous UV 650 Ml Sedal,Sedal,9550.0,789256.0,True,650.0,14.6923,> Perfumería > Cuidado Capilar > Acondicionador >,acondicionador,estandar,general,https://www.disco.com.ar/acondicionador-luminous-uv-x-650-ml-sedal-2/p,False
1467,Disco,397197,394938,Acondicionador Goodbye Daños 350 Ml Fructis,Fructis,8650.0,714876.0,True,350.0,24.7143,> Perfumería > Cuidado Capilar > Acondicionador >,acondicionador,estandar,general,https://www.disco.com.ar/enjuague-cabello-danado-goodbye-danos-x350-fructis-garnier/p,False
1468,Disco,3070159,3069766,Acondicionador Keratina X 510 Ml Pantene,Pantene,16900.0,1396694.0,True,510.0,33.1373,> Perfumería > Cuidado Capilar > Acondicionador >,acondicionador,estandar,tratado,https://www.disco.com.ar/acondicionador-keratina-x-510-ml-pantene/p,False
1469,Disco,3066243,3066159,Acondicionador Luminous UV 190 Ml Sedal,Sedal,4000.0,330579.0,True,190.0,21.0526,> Perfumería > Cuidado Capilar > Acondicionador >,acondicionador,estandar,general,https://www.disco.com.ar/acondicionador-luminous-uv-x-190-ml-sedal-2/p,False
1470,Disco,413326,409131,Acondicionador Cauterización Reparadora 250 Ml Tresemmé,Tresemmé,6350.0,524793.0,True,250.0,25.4,> Perfumería > Cuidado Capilar > Acondicionador >,acondicionador,estandar,general,https://www.disco.com.ar/acondicionador-tresemme-cauterizacion-reparadora-250-ml/p,False
1471,Disco,397902,395637,Acondicionador Sedal Hialurónico Y Vitamina A 340 Ml,Sedal,5469.0,451983.0,True,340.0,16.0853,> Perfumería > Cuidado Capilar > Acondicionador >,acondicionador,estandar,general,https://www.disco.com.ar/acondicionador-sedal-hialuronico-y-vitamina-a-340-ml-2/p,False
1472,Disco,1363724,1362814,Acondicionador Bond Intense Repair 250 Ml Dove,Dove,9550.0,789256.0,True,250.0,38.2,> Perfumería > Cuidado Capilar > Acondicionador >,acondicionador,profesional,general,https://www.disco.com.ar/acondicionador-dove-bond-intense-repair-250-ml-2/p,False
1473,Disco,3071028,3070598,Acondicionador Dream Liso X 200 Ml Elvive,Elvive,8200.0,677686.0,True,200.0,41.0,> Perfumería > Cuidado Capilar > Acondicionador >,acondicionador,profesional,general,https://www.disco.com.ar/acondicionador-dream-liso-x-200-ml-elvive/p,False
1474,Disco,424299,417179,Acondicionador Nutrición Óleo de Coco 700 Ml Plusbelle,Plusbelle,5550.0,458678.0,True,700.0,7.9286,> Perfumería > Cuidado Capilar > Acondicionador >,acondicionador,estandar,general,https://www.disco.com.ar/acondicionador-plusbelle-esen-oleo-nut-coco-70-2/p,False
1475,Disco,3066020,3065977,Acondicionador Anti Caida X 510 Ml Pantene,Pantene,16950.0,1400826.0,True,510.0,33.2353,> Perfumería > Cuidado Capilar > Acondicionador >,acondicionador,estandar,general,https://www.disco.com.ar/acondicionador-anti-caida-x-510-ml-pantene-2/p,False
1476,Disco,3086639,3085863,Acondicionador Oil Control X 200 Ml Fructis,Fructis,5950.0,491736.0,True,200.0,29.75,> Perfumería > Cuidado Capilar > Acondicionador >,acondicionador,estandar,general,https://www.disco.com.ar/acondicionador-oil-control-x-200-ml-fructis/p,False
1477,Disco,1361437,1360826,Acondicionador Nutrición Esencia Revitalizante 700 Ml Plusbelle Acondicionador Plusbelle Esencia Revitalizante,Plusbelle,5650.0,466942.0,True,700.0,8.0714,> Perfumería > Cuidado Capilar > Acondicionador >,acondicionador,estandar,general,https://www.disco.com.ar/acondicionador-plusbelle-esencia-revitalizante-2/p,False
1478,Disco,407572,403761,Acondicionador Reparación Total Extreme 400 Ml Elvive,Elvive,12300.0,1016529.0,True,400.0,30.75,> Perfumería > Cuidado Capilar > Acondicionador >,acondicionador,profesional,general,https://www.disco.com.ar/acondicionador-elvive-reparacion-total-extreme-400-ml/p,False
1479,Disco,394816,392815,Acondicionador Hidrata y Fortalece 400 Ml Pantene,Pantene,10550.0,871901.0,True,400.0,26.375,> Perfumería > Cuidado Capilar > Acondicionador >,acondicionador,estandar,seco_danado,https://www.disco.com.ar/acondicionador-pantene-hidrata-y-fortalece-400-ml/p,False
1480,Disco,409856,405942,Acondicionador Hidratación Intensa Esencia 970 Ml Plusbelle,Plusbelle,6500.0,537190.0,True,970.0,6.701,> Perfumería > Cuidado Capilar > Acondicionador >,acondicionador,estandar,seco_danado,https://www.disco.com.ar/acondicionador-esencia-970-ml-plusbelle/p,False
1481,Disco,393746,391774,Acondicionador Óleo Extraordinario Nutrición 400 Ml Elvive,Elvive,12300.0,1016529.0,True,400.0,30.75,> Perfumería > Cuidado Capilar > Acondicionador >,acondicionador,profesional,general,https://www.disco.com.ar/acondicionador-elvive-loreal-oleo-extraordinario-nutricion-400-ml/p,False
1482,Disco,5994,3382,Acondicionador Iluminador Puro Rubio 420 Ml Capilatis,Capilatis,9750.0,805785.0,True,420.0,23.2143,> Perfumería > Cuidado Capilar > Acondicionador >,acondicionador,estandar,general,https://www.disco.com.ar/acondicionador-capilatis-ilumina-color-420-ml/p,False
1483,Disco,298538,297767,Acondicionador Para Perro Pets Class X500cm3,Pet' S Class,8100.0,669421.0,True,,,> Mascotas > Accesorios para Mascotas >,acondicionador,estandar,general,https://www.disco.com.ar/acondicionador-para-perro-pets-class-x500cm3/p,False
1484,Disco,3087376,3086597,Acondicionador Nutrición Tri-Óleos 650 Ml Dove Acondicionador Dove Nutritri Oleos 650ml,Dove,17200.0,1421488.0,True,650.0,26.4615,> Perfumería > Cuidado Capilar > Acondicionador >,acondicionador,estandar,general,https://www.disco.com.ar/acondicionador-dove-nutritri-oleos-650ml/p,False
1485,Disco,397917,395652,Acondicionador Sedal Hialurónico Y Vitamina A 650 Ml,Sedal,9550.0,789256.0,True,650.0,14.6923,> Perfumería > Cuidado Capilar > Acondicionador >,acondicionador,estandar,general,https://www.disco.com.ar/acondicionador-sedal-hialuronico-y-vitamina-a-650-ml-2/p,False
1486,Disco,393767,391788,Acondicionador Óleo Extraordinario Nutrición 200 Ml Elvive,Elvive,7650.0,632231.0,True,200.0,38.25,> Perfumería > Cuidado Capilar > Acondicionador >,acondicionador,profesional,general,https://www.disco.com.ar/acondicionador-oleo-extraordinario-nutricion-universal-200ml/p,False
1487,Disco,1360450,1360033,Acondicionador Glycolic Gloss Sellador de Brillo 400 Ml Elvive,Elvive,13700.0,1132231.0,True,400.0,34.25,> Perfumería > Cuidado Capilar > Acondicionador >,acondicionador,profesional,general,https://www.disco.com.ar/acondicionador-elvive-glyco-gloss-400ml/p,False
1488,Disco,415585,411169,Acondicionador Revitalización Repara y Hidrata 400 Ml Pantene,Pantene,10550.0,871901.0,True,400.0,26.375,> Perfumería > Cuidado Capilar > Acondicionador >,acondicionador,estandar,seco_danado,https://www.disco.com.ar/acondicionador-revitalizacion-400-ml-pantene/p,False
1489,Disco,1362524,1361772,Acondicionador Reparación Total 5 Keratin 200 Ml Elvive,Elvive,7650.0,632231.0,True,200.0,38.25,> Perfumería > Cuidado Capilar > Acondicionador >,acondicionador,profesional,general,https://www.disco.com.ar/acondicionador-elvive-reparacion-total-5-keratin-200-ml/p,False
1490,Disco,1360452,1360035,Acondicionador Glyco Gloss Sellador de Brillo 750 Ml Elvive,Elvive,21850.0,1805785.0,True,750.0,29.1333,> Perfumería > Cuidado Capilar > Acondicionador >,acondicionador,profesional,general,https://www.disco.com.ar/acondicionador-elvive-glyco-gloss-750ml/p,False
1491,Disco,407560,403749,Acondicionador Reparación Total 5 Keratin 750 Ml Elvive,Elvive,19150.0,1582645.0,True,750.0,25.5333,> Perfumería > Cuidado Capilar > Acondicionador >,acondicionador,profesional,general,https://www.disco.com.ar/acondicionador-elvive-rt5-keratin-750ml/p,False
1492,Disco,3086640,3085864,Acondicionador Goodbye Daños Oil Control 350 Ml Fructis Acondicionador Oil Control X 350 Ml Fructis,Fructis,8650.0,714876.0,True,350.0,24.7143,> Perfumería > Cuidado Capilar > Acondicionador >,acondicionador,estandar,general,https://www.disco.com.ar/acondicionador-oil-control-x-350-ml-fructis/p,False
1493,Disco,3070161,3069768,Acondicionador Keratina Repara y Protege 250 Ml Pantene,Pantene,10550.0,871901.0,True,250.0,42.2,> Perfumería > Cuidado Capilar > Acondicionador >,acondicionador,estandar,tratado,https://www.disco.com.ar/acondicionador-keratina-x-250-ml-pantene-2/p,False
1494,Disco,1371393,1369515,Acondicionador Aloe Hidra Clean Hidratación 350 Ml Fructis,Fructis,8500.0,702479.0,True,350.0,24.2857,> Perfumería > Cuidado Capilar > Acondicionador >,acondicionador,estandar,seco_danado,https://www.disco.com.ar/acondicionador-fructis-aloe-water-350-ml-2/p,False
1495,Disco,397622,395355,Acondicionador Hidra Equilibrante Hialuronico Pure 750 Ml Elvive,Elvive,19150.0,1582645.0,True,750.0,25.5333,> Perfumería > Cuidado Capilar > Acondicionador >,acondicionador,profesional,general,https://www.disco.com.ar/acondicionador-elvive-hialuronico-pure-750-ml/p,False
1496,Disco,288728,287975,Acondicionador Hidratación Intensa Aloe Vera 420 Ml Capilatis,Capilatis,10950.0,904959.0,True,420.0,26.0714,> Perfumería > Cuidado Capilar > Acondicionador >,acondicionador,estandar,seco_danado,https://www.disco.com.ar/acondicionador-aloe-organico-420-ml-capilatis/p,False
1497,Disco,3087375,3086596,Acondicionador Humectación y Coco Antioxi 650 Ml Dove Acondicionador Dove Humectcoco Antioxi 650ml,Dove,17200.0,1421488.0,True,650.0,26.4615,> Perfumería > Cuidado Capilar > Acondicionador >,acondicionador,estandar,general,https://www.disco.com.ar/acondicionador-dove-humectcoco-antioxi-650ml/p,False
1498,Disco,3065220,3065219,Acondicionador Pro-v Miracles Hidrata 700 Ml Pantene,Pantene,17500.0,1446281.0,True,700.0,25.0,> Perfumería > Cuidado Capilar > Acondicionador >,acondicionador,profesional,seco_danado,https://www.disco.com.ar/acondicionador-pro-v-miracles-hidrata-700-ml-pantene-2/p,False
1499,Disco,1360441,1360025,Acondicionador 3 Minute Miracle Nutrición 170 Ml Pantene,Pantene,10100.0,834711.0,True,170.0,59.4118,> Perfumería > Cuidado Capilar > Reparación y Tratamientos >,acondicionador,estandar,general,https://www.disco.com.ar/acondicionador-3-minute-miracle-nutricion-170-ml-pantene-2/p,False
1500,Disco,3083504,3082779,Acondicionador Brillo Cristalino Glycolic Cristal 200 Ml Elvive,Elvive,8550.0,706612.0,True,200.0,42.75,> Perfumería > Cuidado Capilar > Acondicionador >,acondicionador,profesional,general,https://www.disco.com.ar/acondicionador-brillo-cristalino-glycolic-cristal-x-200-ml-elvive/p,False
1501,Disco,3071024,3070595,Acondicionador Dream Liso Anti-frizz 750 Ml Elvive,Elvive,21850.0,1805785.0,True,750.0,29.1333,> Perfumería > Cuidado Capilar > Acondicionador >,acondicionador,profesional,general,https://www.disco.com.ar/acondicionador-dream-liso-x-750-ml-elvive/p,False
1502,Disco,3066019,3065976,Acondicionador Anti-Caída Biotinamina B3 250 Ml Pantene,Pantene,10550.0,871901.0,True,250.0,42.2,> Perfumería > Cuidado Capilar > Acondicionador >,acondicionador,estandar,general,https://www.disco.com.ar/acondicionador-anti-caida-x-250-ml-pantene/p,False
1503,Disco,1360448,1360031,Acondicionador Glycolic Gloss Sellador de Brillo 200 Ml Elvive,Elvive,8200.0,677686.0,True,200.0,41.0,> Perfumería > Cuidado Capilar > Acondicionador >,acondicionador,profesional,general,https://www.disco.com.ar/acondicionador-elvive-glyco-gloss-200ml/p,False
1504,Disco,416912,412456,Acondicionador Óleo Extraordinario Rizos Definidos 200 Ml Elvive,Elvive,7650.0,632231.0,True,200.0,38.25,> Perfumería > Cuidado Capilar > Acondicionador >,acondicionador,profesional,rizado,https://www.disco.com.ar/acondicionador-elvive-extraordinario-riso-200-ml/p,False
1505,Disco,424300,417180,Acondicionador Nutrición Intensa Óleo de Argán 700 Ml Plusbelle,Plusbelle,5650.0,466942.0,True,700.0,8.0714,> Perfumería > Cuidado Capilar > Acondicionador >,acondicionador,estandar,general,https://www.disco.com.ar/acondicionador-plusbelle-esen-oleo-nut-argan-700-ml/p,False
1506,Disco,397905,395640,Acondicionador Colágeno y Vitamina C 340 Ml Sedal,Sedal,5950.0,491736.0,True,340.0,17.5,> Perfumería > Cuidado Capilar > Acondicionador >,acondicionador,estandar,general,https://www.disco.com.ar/acondicionador-colageno-y-vitamina-c-340-ml-sedal/p,False
1507,Disco,3083498,3082773,Acondicionador Brillo Cristalino Glycolic Cristal 750 Ml Elvive,Elvive,22750.0,1880165.0,True,750.0,30.3333,> Perfumería > Cuidado Capilar > Acondicionador >,acondicionador,profesional,general,https://www.disco.com.ar/acondicionador-brillo-cristalino-glycolic-cristal-x-750-ml-elvive/p,False
1508,Disco,3070986,3070556,Acondicionador Sellador Liso Dream Liso 400 Ml Elvive,Elvive,13700.0,1132231.0,True,400.0,34.25,> Perfumería > Cuidado Capilar > Acondicionador >,acondicionador,profesional,general,https://www.disco.com.ar/acondicionador-dream-liso-x-400-ml-elvive/p,False
1509,Disco,3070157,3069765,Acondicionador Colágeno Nutre y Revitaliza 250 Ml Pantene,Pantene,10950.0,904959.0,True,250.0,43.8,> Perfumería > Cuidado Capilar > Acondicionador >,acondicionador,estandar,general,https://www.disco.com.ar/acondicionador-colageno-x-250-ml-pantene-2/p,False
1510,Disco,415581,411165,Acondicionador Pro-V Miracles Volumen 400 Ml Pantene,Pantene,10550.0,871901.0,True,400.0,26.375,> Perfumería > Cuidado Capilar > Acondicionador >,acondicionador,profesional,general,https://www.disco.com.ar/acondicionador-pro-v-miracles-volumen-400-ml-pantene/p,False
1511,Disco,384081,382764,Acondicionador Hair Food Revitalizante Sandía 300 Ml Fructis,Fructis,12300.0,1016529.0,True,300.0,41.0,> Perfumería > Cuidado Capilar > Acondicionador >,acondicionador,estandar,general,https://www.disco.com.ar/acondicionador-fructis-hair-food-sandia-300-ml/p,False
1512,Disco,25079,22240,Acondicionador 3 Minute Miracle Restauración 170 Ml Pantene,Pantene,10100.0,834711.0,True,170.0,59.4118,> Perfumería > Cuidado Capilar > Acondicionador >,acondicionador,estandar,general,https://www.disco.com.ar/acondicionador-diario-pantene-pro-v-3-minute-miracle-restauracion-170-ml/p,False
1513,Disco,397915,395650,Acondicionador Colageno Y Vitamina C 650 Ml Sedal,Sedal,9550.0,789256.0,True,650.0,14.6923,> Perfumería > Cuidado Capilar > Acondicionador >,acondicionador,estandar,general,https://www.disco.com.ar/acondicionador-colageno-y-vitamina-c-650-ml-sedal/p,False
1514,Disco,3074194,3073690,Acondicionador Hair Food Anti-quiebre Ananá 300 Ml Fructis,Fructis,12300.0,1016529.0,True,300.0,41.0,> Perfumería > Cuidado Capilar > Acondicionador >,acondicionador,estandar,general,https://www.disco.com.ar/acondicionador-fructis-pina-300ml/p,False
1515,Disco,307401,306638,Acondicionador Dermo Protección Caída 300 Ml Head y Shoulders,Head & Shoulders,12450.0,1028926.0,True,300.0,41.5,> Perfumería > Cuidado Capilar > Acondicionador >,acondicionador,estandar,general,https://www.disco.com.ar/acondicionador-dermo-proteccion-caida-300-ml-head-shoulders/p,False
1516,Disco,400534,397872,Acondicionador Color Vive para Cabello Teñido 750 Ml Elvive,Elvive,19150.0,1582645.0,True,750.0,25.5333,> Perfumería > Cuidado Capilar > Acondicionador >,acondicionador,profesional,tratado,https://www.disco.com.ar/acondicionador-elvive-color-vive-750-ml/p,False
1517,Disco,400533,397871,Acondicionador Color Vive para Cabello Teñido 400 Ml Elvive,Elvive,12300.0,1016529.0,True,400.0,30.75,> Perfumería > Cuidado Capilar > Acondicionador >,acondicionador,profesional,tratado,https://www.disco.com.ar/acondicionador-elvive-color-vive-400-ml/p,False
1518,Disco,400521,397859,Acondicionador Color Vive para Cabello Teñido 200 Ml Elvive,Elvive,7450.0,615702.0,True,200.0,37.25,> Perfumería > Cuidado Capilar > Acondicionador >,acondicionador,profesional,tratado,https://www.disco.com.ar/acondicionador-elvive-color-vive-200-ml/p,False
1519,Disco,346771,345446,Acondicionador Oleo Extraordinario Nutrición Intensa Coco 200 Ml Elvive,Elvive,7450.0,615702.0,True,200.0,37.25,> Perfumería > Cuidado Capilar > Acondicionador >,acondicionador,profesional,general,https://www.disco.com.ar/acondicionador-elvive-oleo-extraordinario-coco-200-ml/p,False
1520,Disco,393555,391583,Acondicionador Ritual de Reparación Coco y Cúrcuma 400 Ml Dove,Dove,9150.0,756198.0,True,400.0,22.875,> Perfumería > Cuidado Capilar > Acondicionador >,acondicionador,estandar,general,https://www.disco.com.ar/acondicionador-dove-ritual-de-reparacion-coco-400-ml/p,False
1521,Disco,3083501,3082776,Acondicionador Brillo Cristalino Glycolic Cristal X 400 Ml Elvive,Elvive,13400.0,1107438.0,True,400.0,33.5,> Perfumería > Cuidado Capilar > Acondicionador >,acondicionador,profesional,general,https://www.disco.com.ar/acondicionador-brillo-cristalino-glycolic-cristal-x-400-ml-elvive/p,False
1522,Disco,412487,408095,Acondicionador Recarga Nutritiva para Cabello Seco 350 Ml Fructis,Fructis,5950.0,491736.0,True,350.0,17.0,> Perfumería > Cuidado Capilar > Acondicionador >,acondicionador,estandar,seco_danado,https://www.disco.com.ar/acondicionador-fructis-recarga-nutritiva-200-ml/p,False
1523,Disco,3068434,3068184,Acondicionador Ácido Glicólico para Cabellos Teñidos 350 Ml Capilatis,Capilatis,12900.0,1066116.0,True,350.0,36.8571,> Perfumería > Cuidado Capilar > Acondicionador >,acondicionador,estandar,tratado,https://www.disco.com.ar/acondicionador-con-acido-glicolico-capilatis/p,False
1524,Disco,393768,391789,Acondicionador Óleo Extraordinario Nutrición para Cabello Seco 750 Ml Elvive,Elvive,19150.0,1582645.0,True,750.0,25.5333,> Perfumería > Cuidado Capilar > Acondicionador >,acondicionador,profesional,seco_danado,https://www.disco.com.ar/acondicionador-elvive-oleo-extraordinario-nutricion-750-ml/p,False
1525,Disco,346772,345447,Acondicionador Oleo Extraordinario Nutrición Intensa con Óleo de Coco 400 Ml Elvive,Elvive,12300.0,1016529.0,True,400.0,30.75,> Perfumería > Cuidado Capilar > Acondicionador >,acondicionador,profesional,general,https://www.disco.com.ar/acondicionador-elvive-oleo-extraordinario-oleo-de-coco-400-ml/p,False
1526,Disco,412489,408097,Acondicionador Recarga Nutritiva Oil Repair 3 con Óleos de Aguacate Coco y Argán 350 Ml Fructis,Fructis,8650.0,714876.0,True,350.0,24.7143,> Perfumería > Cuidado Capilar > Acondicionador >,acondicionador,profesional,general,https://www.disco.com.ar/fru-or-recarga-nutri-arg-aco-350ml/p,False
1527,Disco,307403,306640,Acondicionador Anti Caspa Dermo Manzana Fresh 300 Ml Head y Shoulders,Head & Shoulders,12450.0,1028926.0,True,300.0,41.5,> Perfumería > Cuidado Capilar > Acondicionador >,acondicionador,estandar,anticaspa,https://www.disco.com.ar/acondicionador-dermo-manzana-fresh-300-ml-head-shoulders/p,False
1528,Disco,273579,272865,Acondicionador Brillo Radiante Pomelo Blanco y Menta 400 Ml Herbal Essences,Herbal Essences,17250.0,1425620.0,True,400.0,43.125,> Perfumería > Cuidado Capilar > Acondicionador >,acondicionador,estandar,general,https://www.disco.com.ar/acondicionador-herbal-essences-grapefruit-400ml/p,False
1529,Disco,332383,331540,Accondicionador Kids Fuerza Natural 700 Ml Plusbelle,Plusbelle,7550.0,623967.0,True,700.0,10.7857,> Mundo Bebe > Higiene para el Bebe > Higiene del Bebé >,shampoo,estandar,bebe,https://www.disco.com.ar/accondicionador-kids-fuerza-natural-700-ml-plusbelle/p,False
1530,Disco,383074,381789,Tratamiento Capilar Extra Reparación 150 Grs Issue,Issue,6550.0,541322.0,True,,,> Perfumería > Cuidado Capilar > Reparación y Tratamientos >,tratamiento,estandar,general,https://www.disco.com.ar/tratamiento-issue-extra-reparacion-150g/p,False
1531,Disco,3071022,3070593,Crema Tratamiento Dream Liso X 300 Gr Elvive,Elvive,13200.0,1090909.0,True,300.0,44.0,> Perfumería > Cuidado Capilar > Reparación y Tratamientos >,tratamiento,profesional,general,https://www.disco.com.ar/crema-tratamiento-dream-liso-x-300-gr-elvive/p,False
1532,Disco,3066017,3065974,Tratamiento Oil Nutritivo X 95 Ml Pantene,Pantene,21750.0,1797521.0,True,95.0,228.9474,> Perfumería > Cuidado Capilar > Reparación y Tratamientos >,tratamiento,estandar,general,https://www.disco.com.ar/tratamiento-oil-nutritivo-x-95-ml-pantene/p,False
1533,Disco,1360444,1360028,Mascarilla Intensiva Hidratación 270 Ml Pantene,Pantene,10750.0,888430.0,True,270.0,39.8148,> Perfumería > Cuidado Capilar > Reparación y Tratamientos >,tratamiento,estandar,seco_danado,https://www.disco.com.ar/mascarilla-intensiva-hidratacion-270-ml-pantene-2/p,False
1534,Disco,1360439,1360023,Mascarilla Intensiva Restauración 270 Ml Pantene,Pantene,10750.0,888430.0,True,270.0,39.8148,> Perfumería > Cuidado Capilar > Reparación y Tratamientos >,tratamiento,estandar,general,https://www.disco.com.ar/mascarilla-intensiva-restauracion-270-ml-pantene-2/p,False
1535,Disco,1360442,1360026,Mascarilla Intensiva Nutrición 270 Ml Pantene,Pantene,10750.0,888430.0,True,270.0,39.8148,> Perfumería > Cuidado Capilar > Reparación y Tratamientos >,tratamiento,estandar,general,https://www.disco.com.ar/mascarilla-intensiva-nutricion-270-ml-pantene-2/p,False
1536,Disco,3066241,3066157,Crema Peinar Luminous Uv X 300 Ml Sedal,Sedal,6300.0,520661.0,True,300.0,21.0,> Perfumería > Cuidado Capilar > Reparación y Tratamientos >,shampoo,estandar,general,https://www.disco.com.ar/crema-peinar-luminous-uv-x-300-ml-sedal-2/p,False
1537,Disco,411276,407116,Crema para Peinar Rizos Definidos 300 Ml Sedal,Sedal,6300.0,520661.0,True,300.0,21.0,> Perfumería > Cuidado Capilar > Reparación y Tratamientos >,shampoo,estandar,rizado,https://www.disco.com.ar/crema-de-peinar-sedal-rizos-definidos-300-ml/p,False
1538,Disco,3066237,3066153,Máscara De Tratamiento Luminous Uv 300 Grs Sedal,Sedal,6350.0,524793.0,True,,,> Perfumería > Cuidado Capilar > Reparación y Tratamientos >,tratamiento,estandar,general,https://www.disco.com.ar/mascara-de-tratamiento-luminous-uv-300-grs-sedal-2/p,False
1539,Disco,411277,407117,Crema De Peinar Sedal Hialurónico Y Vitamina A 300 Ml,Sedal,6300.0,520661.0,True,300.0,21.0,> Perfumería > Cuidado Capilar > Reparación y Tratamientos >,shampoo,estandar,general,https://www.disco.com.ar/crema-de-peinar-sedal-hialuronico-y-vitamina-a-300-ml-2/p,False
1540,Disco,411275,407115,Crema para Peinar Lisos Perfectos 300 Ml Sedal,Sedal,5950.0,491736.0,True,300.0,19.8333,> Perfumería > Cuidado Capilar > Reparación y Tratamientos >,shampoo,estandar,general,https://www.disco.com.ar/crema-para-peinar-sedal-lisos-perfectos-300-ml-2/p,False
1541,Disco,3075201,3074666,Mascarilla Capilar Toque de Seda 300 Grs Sedal,Sedal,6350.0,524793.0,True,,,> Perfumería > Cuidado Capilar > Reparación y Tratamientos >,tratamiento,estandar,general,https://www.disco.com.ar/mascarilla-capilar-toque-de-seda-x-300-grs-sedal/p,False
1542,Disco,411272,407112,Crema Para Peinar Sedal Ceramidas 300ml,Sedal,6300.0,520661.0,True,300.0,21.0,> Perfumería > Cuidado Capilar > Reparación y Tratamientos >,shampoo,estandar,general,https://www.disco.com.ar/crema-para-peinar-sedal-ceramidas-300ml/p,False
1543,Disco,3068266,3068094,Crema para Peinar Probióticos Fuerza 10-en-1 250 Ml Fructis,Fructis,8250.0,681818.0,True,250.0,33.0,> Perfumería > Cuidado Capilar > Reparación y Tratamientos >,shampoo,estandar,general,https://www.disco.com.ar/tratamiento-probiotics-x-250-ml-fructis/p,False
1544,Disco,420155,414429,Mascarilla Tratamiento Nutrición Palta 350 Ml Fructis,Fructis,15350.0,1268595.0,True,350.0,43.8571,> Perfumería > Cuidado Capilar > Reparación y Tratamientos >,tratamiento,estandar,general,https://www.disco.com.ar/mascarilla-fructis-hair-food-palta-350-ml/p,False
1545,Disco,3086633,3085857,Crema para Peinar Borrador de Daño Colágeno Jelly 300 Ml Fructis Crema Para Peinar Oil Control X 300 Ml Fructis,Fructis,14050.0,1161157.0,True,300.0,46.8333,> Perfumería > Cuidado Capilar > Reparación y Tratamientos >,shampoo,estandar,general,https://www.disco.com.ar/crema-para-peinar-oil-control-x-300-ml-fructis/p,False
1546,Disco,3074193,3073689,Mascarilla Anti-quiebre Hair Food Ananá 350 Ml Fructis,Fructis,15350.0,1268595.0,True,350.0,43.8571,> Perfumería > Cuidado Capilar > Reparación y Tratamientos >,tratamiento,estandar,general,https://www.disco.com.ar/tratamient-cap-fructis-pina-350ml/p,False
1547,Disco,412493,408102,Crema para Peinar Rizos Poderosos 250 Ml Fructis,Fructis,8250.0,681818.0,True,250.0,33.0,> Perfumería > Cuidado Capilar > Reparación y Tratamientos >,shampoo,estandar,rizado,https://www.disco.com.ar/crema-para-peinar-fructis-rizos-poderosos-250ml/p,False
1548,Disco,424303,417183,Spray Fijador Ultra Fine Hold 311 Grs Tresemme,Tresemmé,13550.0,1119835.0,True,,,> Perfumería > Cuidado Capilar > Reparación y Tratamientos >,shampoo,estandar,general,https://www.disco.com.ar/spray-fijador-ultra-fine-hold-311-grs-tresemme/p,False
1549,Disco,3078794,3078120,Crema Para Peinar Herbal Essences Rosa Mosquet,Herbal Essences,12100.0,1000000.0,True,,,> Perfumería > Cuidado Capilar > Reparación y Tratamientos >,shampoo,estandar,general,https://www.disco.com.ar/crema-para-peinar-herbal-essences-rosa-mosquet/p,False
1550,Disco,420156,414430,Crema para Peinar Cabello Rizado Oleo Extraordinario 250 Ml Elvive,Elvive,9850.0,814050.0,True,250.0,39.4,> Perfumería > Cuidado Capilar > Reparación y Tratamientos >,shampoo,profesional,rizado,https://www.disco.com.ar/crema-para-peinar-elvive-oleo-rizo/p,False
1551,Disco,384082,382765,Aceite para el Pelo Óleo Extraordinario Nutrición 100 Ml Elvive,Elvive,21950.0,1814050.0,True,100.0,219.5,> Perfumería > Cuidado Capilar > Reparación y Tratamientos >,shampoo,profesional,general,https://www.disco.com.ar/tratamiento-nutricion-elvive-loreal-oleo-extraordinario-100-ml/p,False
1552,Disco,400532,397870,Crema para Peinar Hidra Hialurónico 250 Ml Elvive,Elvive,9800.0,809917.0,True,250.0,39.2,> Perfumería > Cuidado Capilar > Reparación y Tratamientos >,shampoo,profesional,general,https://www.disco.com.ar/crema-para-peinar-elvive-hidra-hialuronico-250-ml/p,False
1553,Disco,3071023,3070594,Crema para Peinar Dream Liso Anti Frizz 250 Ml Elvive,Elvive,10950.0,904959.0,True,250.0,43.8,> Perfumería > Cuidado Capilar > Reparación y Tratamientos >,shampoo,profesional,general,https://www.disco.com.ar/crema-de-peinar-dream-liso-250-ml-elvive/p,False
1554,Disco,407573,403762,Mascarilla Elvive Rt Extreme 300 Gr,Elvive,12300.0,1016529.0,True,300.0,41.0,> Perfumería > Cuidado Capilar > Reparación y Tratamientos >,tratamiento,profesional,general,https://www.disco.com.ar/mascarilla-elvive-rt-extreme-300-gr/p,False
1555,Disco,407569,403758,Crema para Peinar Reparación Total 5 Keratin 250 Ml Elvive,Elvive,9850.0,814050.0,True,250.0,39.4,> Perfumería > Cuidado Capilar > Reparación y Tratamientos >,shampoo,profesional,general,https://www.disco.com.ar/crema-para-peinar-elvive-reparacion-total-5-keratin-250-ml/p,False
1556,Disco,397625,395358,Mascarilla Hidratación Ligera Hialurónico Pure 300 Grs Elvive,Elvive,12300.0,1016529.0,True,,,> Perfumería > Cuidado Capilar > Reparación y Tratamientos >,tratamiento,profesional,seco_danado,https://www.disco.com.ar/mascarilla-elvive-hialuronico-pure-300-gr/p,False
1557,Disco,3083502,3082777,Mascarilla Tratamiento Brillo Anti-residuos Glycolic Cristal 300 Ml Elvive,Elvive,13900.0,1148760.0,True,300.0,46.3333,> Perfumería > Cuidado Capilar > Reparación y Tratamientos >,tratamiento,profesional,general,https://www.disco.com.ar/tratamiento-brillo-anti-residuos-glycolic-cristal-x-300-ml-elvive/p,False
1558,Disco,1360454,1360037,Serum Capilar Glycolic Gloss 100 Ml Elvive,Elvive,21950.0,1814050.0,True,100.0,219.5,> Perfumería > Cuidado Capilar > Reparación y Tratamientos >,shampoo,profesional,general,https://www.disco.com.ar/serum-capilar-elvive-glyco-gloss-100ml-2/p,False
1559,Disco,1360453,1360036,Crema para Peinar Glyco Gloss Extra Brillo 250 Ml Elvive,Elvive,10950.0,904959.0,True,250.0,43.8,> Perfumería > Cuidado Capilar > Reparación y Tratamientos >,shampoo,profesional,general,https://www.disco.com.ar/crema-para-peinar-elvive-glyco-gloss-250ml/p,False
1560,Disco,1360451,1360034,Mascarilla Capilar Glycolic Gloss 300 Grs Elvive,Elvive,13400.0,1107438.0,True,,,> Perfumería > Cuidado Capilar > Reparación y Tratamientos >,tratamiento,profesional,general,https://www.disco.com.ar/mascarilla-elvive-glycolic-gloss-300-gr/p,False
1561,Disco,400558,397896,Crema para Peinar Kera-Liso 250 Ml Elvive,Elvive,9850.0,814050.0,True,250.0,39.4,> Perfumería > Cuidado Capilar > Reparación y Tratamientos >,shampoo,profesional,general,https://www.disco.com.ar/crema-para-peinar-elvive-kera-liso-mk-250-ml/p,False
1562,Disco,288713,287960,Crema para Peinar Dream Long Stop Tijeras 250 Ml Elvive,Elvive,9850.0,814050.0,True,250.0,39.4,> Perfumería > Cuidado Capilar > Reparación y Tratamientos >,shampoo,profesional,general,https://www.disco.com.ar/crema-para-peinar-elvive-dream-long-250-ml/p,False
