fuente,producto_id,sku_id,nombre,marca,precio_ars,precio_lista,disponible,volumen_ml,precio_por_ml,categoria_raw,tipo_producto,linea_tipo,tipo_cabello,url
Farmacity,234384,234384,Shampoo Elvive Hialurónico Pure x 400 ml,Elvive,6714.0,11190.0,True,400.0,16.785,> Cuidado Capilar > Shampoo Y Acondicionador >,shampoo,profesional,general,https://www.farmacity.com/shampoo-elvive-hialuronico-pure-x-400-ml/p
Farmacity,221679,221679,Shampoo Elvive Hidra Hialurónico x 400 ml,Elvive,6714.0,11190.0,True,400.0,16.785,> Cuidado Capilar > Shampoo Y Acondicionador >,shampoo,profesional,general,https://www.farmacity.com/shampoo-elvive-hidra-hialuronico-x-400-ml/p
Farmacity,164244,164244,Shampoo Capilatis PH Neutro Limpieza Profunda x 420 ml,Capilatis,9000.0,9000.0,True,420.0,21.4286,> Cuidado Capilar > Shampoo Y Acondicionador >,shampoo,estandar,general,https://www.farmacity.com/shampoo-limpieza-profunda-capilatis-ph-neutro-x-420-ml/p
Farmacity,1031,109084,Shampoo Dove Reconstrucción + Aminoácido x 400 ml,Dove,5812.0,9687.0,True,400.0,14.53,> Cuidado Capilar > Shampoo Y Acondicionador >,shampoo,estandar,general,https://www.farmacity.com/shampoo-dove-reconstruccion-completa-botella-x-400-ml/p
Farmacity,248551,248551,Shampoo Elvive Glycolic Cristal x 400 ml,Elvive,7494.0,12490.0,True,400.0,18.735,> Cuidado Capilar > Shampoo Y Acondicionador >,shampoo,profesional,general,https://www.farmacity.com/shampoo-elvive-glycolic-cristal-x-400-ml/p
Farmacity,237877,237877,Shampoo Capilatis Ortiga Concentrado x 420 ml,Capilatis,7575.0,10100.0,True,420.0,18.0357,> Cuidado Capilar > Shampoo Y Acondicionador >,shampoo,estandar,general,https://www.farmacity.com/shampoo-capilatis-ortiga-concentrado-x-420-ml/p
Farmacity,232640,232640,Shampoo Control Caspa Head & Shoulders Limpieza y Revitalización x 375 ml,Head and Shoulders,7895.0,12146.0,True,375.0,21.0533,> Cuidado Capilar > Shampoo Y Acondicionador >,shampoo,estandar,anticaspa,https://www.farmacity.com/shampoo-head-y-shoulders-limpieza-y-revitalizacion-x-375-ml/p
Farmacity,229980,229980,Shampoo Tío Nacho Engrosador x 415 ml,Tío Nacho,11750.0,11750.0,True,415.0,28.3133,> Cuidado Capilar > Shampoo Y Acondicionador >,shampoo,estandar,general,https://www.farmacity.com/shampoo-tio-nacho-engorsador-x-415-ml/p
Farmacity,225541,225541,Shampoo Bagóvit Pelo Largo y Sin Frizz x 350 ml,Bagóvit,8984.0,8984.0,True,350.0,25.6686,> Cuidado Capilar > Shampoo Y Acondicionador >,shampoo,estandar,general,https://www.farmacity.com/shampoo-bagovit-pelo-largo-y-sin-frizz-x-350-ml/p
Farmacity,246480,246480,Shampoo Dove Uv Repair & Glow x 400 ml,Dove,6453.0,10755.0,True,400.0,16.1325,> Cuidado Capilar > Shampoo Y Acondicionador >,shampoo,profesional,general,https://www.farmacity.com/shampoo-dove-uv-repair-x-400-ml/p
Farmacity,233317,233317,Shampoo Alta Moda Detox Purify x 300 ml,Alta Moda,5692.0,5692.0,True,300.0,18.9733,> Cuidado Capilar > Shampoo Y Acondicionador >,shampoo,estandar,general,https://www.farmacity.com/shampoo-alta-moda-e-detox-x-300-ml/p
Farmacity,230602,230602,Shampoo Dosificador Tresemmé Ondas Boho x 500 ml,Tresemmé,6574.0,10114.0,True,500.0,13.148,> Cuidado Capilar > Shampoo Y Acondicionador >,shampoo,estandar,general,https://www.farmacity.com/shampoo-dosificador-tresemme-ondas-boho-x-500-ml/p
Farmacity,229990,229990,Shampoo Elvive Colorvive x 200 ml,Elvive,4494.0,7490.0,True,200.0,22.47,> Cuidado Capilar > Shampoo Y Acondicionador >,shampoo,profesional,tratado,https://www.farmacity.com/shampoo-elvive-matizador-violeta-x-200-ml/p
Farmacity,224345,224345,Shampoo Garnier Fructis Hair Food Sandia x 300 ml,Fructis,7273.0,11190.0,True,300.0,24.2433,> Cuidado Capilar > Shampoo Y Acondicionador >,shampoo,estandar,general,https://www.farmacity.com/shampoo-garnier-fructis-hair-food-sandia-revitalizante-x-300-ml/p
Farmacity,217209,217209,Shampoo Garnier Fructis Hair Food Palta x 300 ml,Fructis,7273.0,11190.0,True,300.0,24.2433,> Cuidado Capilar > Shampoo Y Acondicionador >,shampoo,estandar,general,https://www.farmacity.com/shampoo-fructis-hair-food-aguacate-x-300-ml/p
Farmacity,208133,208133,Shampoo Elvive Dream Long x 400 ml,Elvive,6714.0,11190.0,True,400.0,16.785,> Cuidado Capilar > Shampoo Y Acondicionador >,shampoo,profesional,general,https://www.farmacity.com/shampoo-dream-long-elvive-loreal-paris-x-400-ml/p
Farmacity,206051,206051,Shampoo Head & Shoulders Protección Caída x 375 ml,Head and Shoulders,7895.0,12146.0,True,375.0,21.0533,> Cuidado Capilar > Shampoo Y Acondicionador >,shampoo,estandar,general,https://www.farmacity.com/shampoo-head-shoulders-antifall-proteccion-caida-con-cafeina-375ml/p
Farmacity,15033,34404,Shampoo Aveno Hidratante y Emoliente x 250 ml,Aveno,22407.0,29876.0,True,250.0,89.628,> Cuidado Capilar > Shampoo Y Acondicionador >,shampoo,estandar,seco_danado,https://www.farmacity.com/shampoo-reactivo-hidratante-y-emoliente-x-250-ml/p
Farmacity,1237,17971,Shampoo Biferdil con Manzanilla x 400 ml,Biferdil,11300.0,11300.0,True,400.0,28.25,> Cuidado Capilar > Shampoo Y Acondicionador >,shampoo,estandar,general,https://www.farmacity.com/shampoo-realza-el-color-con-manzanilla-x-400-ml-17971/p
Farmacity,249573,249573,Shampoo Head & Shoulders Romero Anti Caida x 180 ml,Head and Shoulders,4701.0,7233.0,True,180.0,26.1167,> Cuidado Capilar > Shampoo Y Acondicionador >,shampoo,estandar,general,https://www.farmacity.com/shampoo-head---shoulders-romero-anti-caida-x-180-ml/p
Farmacity,244539,244539,Shampoo Pantene Pro-V Miracles Colágeno Nutre & Revitaliza x 510 ml,Pantene,10285.0,17142.0,True,510.0,20.1667,> Cuidado Capilar > Shampoo Y Acondicionador >,shampoo,profesional,general,https://www.farmacity.com/shampoo-pantene-colageno-x-510-ml/p
Farmacity,235657,235657,Shampoo Pantene Pro-V Miracles Detox Limpia - Purifica 750 ml,Pantene,10040.0,16733.0,True,750.0,13.3867,> Cuidado Capilar > Shampoo Y Acondicionador >,shampoo,profesional,general,https://www.farmacity.com/shampoo-pantene-pro-v-miracles-detox-x-750-ml/p
Farmacity,230214,230214,Shampoo Pantene Pro-V Miracles Colágeno Revitaliza 200 ml,Pantene,3807.0,6345.0,True,200.0,19.035,> Cuidado Capilar > Shampoo Y Acondicionador >,shampoo,profesional,general,https://www.farmacity.com/shampoo-pantene-nutritivo-pro-v-miracles-colageno-nutre-y-revitaliza-x-200-ml/p
Farmacity,228551,228551,Shampoo Biferdil P+T para la Seborrea y Caída x 300 ml,Biferdil,10205.0,15700.0,True,300.0,34.0167,> Cuidado Capilar > Shampoo Y Acondicionador >,shampoo,estandar,general,https://www.farmacity.com/shampoo-biferdil-pt-para-la-seborrea-y-caida-x-300-ml/p
Farmacity,228280,228280,Shampoo Triatop Clinical x 165 ml,Triatop,14251.0,14251.0,True,165.0,86.3697,> Cuidado Capilar > Shampoo Y Acondicionador >,shampoo,estandar,general,https://www.farmacity.com/shampoo-triatop-clinical-x-165-ml/p
Farmacity,225994,225994,Shampoo Alta Moda Repair & Defense x 300 ml,Alta Moda,5692.0,5692.0,True,300.0,18.9733,> Cuidado Capilar > Shampoo Y Acondicionador >,shampoo,profesional,general,https://www.farmacity.com/shampoo-alta-moda-e-repair-y-defense-x-300-ml/p
Farmacity,217207,217207,Shampoo Garnier Fructis Hair Food Coco x 300 ml,Fructis,7273.0,11190.0,True,300.0,24.2433,> Cuidado Capilar > Shampoo Y Acondicionador >,shampoo,estandar,general,https://www.farmacity.com/shampoo-fructis-hair-food-coco-x-300-ml/p
Farmacity,215466,215466,Shampoo Head & Shoulders Aceite de Coco x 375 ml,Head and Shoulders,7895.0,12146.0,True,375.0,21.0533,> Cuidado Capilar > Shampoo Y Acondicionador >,shampoo,estandar,general,https://www.farmacity.com/shampoo-head-shouders-hidratacion-con-aceite-de-coco-x-375-ml/p
Farmacity,204165,200363,Shampoo Herbal Essences Hydrate Coconut Milk x 400 ml,Herbal Essences,10574.0,16267.0,True,400.0,26.435,> Cuidado Capilar > Shampoo Y Acondicionador >,shampoo,estandar,general,https://www.farmacity.com/shampoo-herbal-renew-coconut-milk-x-400ml/p
Farmacity,4184,138600,Shampoo Gel Anti-Caspa Eucerin DermoCapillaire para Dermatitis Seborreica x 250 ml,Eucerin,36297.0,45371.0,True,250.0,145.188,> Dermocosmética > Pelo > Shampoos y Acondicionadores >,shampoo,estandar,anticaspa,https://www.farmacity.com/shampoo-anticaspa-dermo-capillaire-x-250/p
Farmacity,250122,250122,Shampoo Fructis Good Bye Daños Oil Control x 350 ml,Fructis,7990.0,7990.0,True,350.0,22.8286,> Cuidado Capilar > Shampoo Y Acondicionador >,shampoo,estandar,general,https://www.farmacity.com/shampoo-fructis-good-bye-danos-x-350-ml/p
Farmacity,250121,250121,Shampoo Fructis Good Bye Daños Oil Control x 200 ml,Fructis,5490.0,5490.0,True,200.0,27.45,> Cuidado Capilar > Shampoo Y Acondicionador >,shampoo,estandar,general,https://www.farmacity.com/shampoo-fructis-good-bye-danos-oil-control-x-200-ml/p
Farmacity,248552,248552,Shampoo Elvive Glycolic Cristal x 750 ml,Elvive,19990.0,19990.0,True,750.0,26.6533,> Cuidado Capilar > Shampoo Y Acondicionador >,shampoo,profesional,general,https://www.farmacity.com/shampoo-elvive-glycolic-cristal-x-750-ml/p
Farmacity,248550,248550,Shampoo Elvive Glycolic Cristal x 200 ml,Elvive,4494.0,7490.0,True,200.0,22.47,> Cuidado Capilar > Shampoo Y Acondicionador >,shampoo,profesional,general,https://www.farmacity.com/shampoo-elvive-glycolic-cristal-x-200-ml/p
Farmacity,246051,246051,Shampoo Vichy Dercos Energy Anticaída Repuesto x 400 ml,Vichy,76668.0,76668.0,True,400.0,191.67,> Dermocosmética > Pelo > Shampoos y Acondicionadores >,shampoo,estandar,general,https://www.farmacity.com/shampoo-vichy-dercos-energy-anticaida-repuesto-x-400-ml/p
Farmacity,246050,246050,Shampoo Vichy Dercos Anticaspa Cabello Graso Repuesto x 390 ml Shampoo Vichy Dercos Anticaspa Repuesto x 390 ml,Vichy,76668.0,76668.0,True,390.0,196.5846,> Dermocosmética > Pelo > Shampoos y Acondicionadores >,shampoo,estandar,anticaspa,https://www.farmacity.com/shampoo-vichy-dercos-anticaspa-cabello-graso-repuesto-x-390-ml/p
Farmacity,244691,244691,Shampoo Elvive Dream Liso x 200 ml,Elvive,7490.0,7490.0,True,200.0,37.45,> Cuidado Capilar > Shampoo Y Acondicionador >,shampoo,profesional,general,https://www.farmacity.com/shampoo-elvive-dream-liso-x-200-ml/p
Farmacity,244036,244036,Shampoo Tio Nacho Control Caspa x 415 ml,Tío Nacho,11750.0,11750.0,True,415.0,28.3133,> Cuidado Capilar > Shampoo Y Acondicionador >,shampoo,estandar,anticaspa,https://www.farmacity.com/shampoo-tio-nacho-control-caspa-x-415-ml/p
Farmacity,241360,241360,Shampoo Head & Shoulders Anti Comezón x 180 ml,Head and Shoulders,4701.0,7233.0,True,180.0,26.1167,> Cuidado Capilar > Shampoo Y Acondicionador >,shampoo,estandar,general,https://www.farmacity.com/shampoo-head-shoulders-anti-comezon-x-180-ml/p
Farmacity,241016,241016,Shampoo Cabello Claro Baby Dove Humectación pH Neutro x 200 ml,Dove,7011.0,7011.0,True,200.0,35.055,> Bebés > Higiene del Bebé > Baño Del Bebé >,shampoo,estandar,general,https://www.farmacity.com/shampoo-dove-baby-cabello-claro-x-200-ml/p
Farmacity,239942,239942,Shampoo Pantene Keratina x 200 ml,Pantene,3807.0,6345.0,True,200.0,19.035,> Cuidado Capilar > Shampoo Y Acondicionador >,shampoo,estandar,tratado,https://www.farmacity.com/shampoo-pantene-keratina-x-200-ml/p
Farmacity,228549,228549,Shampoo Biferdil P+T para la Caspa y Caída x 300 ml,Biferdil,12805.0,19700.0,True,300.0,42.6833,> Cuidado Capilar > Shampoo Y Acondicionador >,shampoo,estandar,anticaspa,https://www.farmacity.com/shampoo-biferdil-pt-para-la-caspa-y-caida-x-300-ml/p
Farmacity,221680,221680,Shampoo Elvive Hidra Hialuronico x 750 ml,Elvive,17990.0,17990.0,True,750.0,23.9867,> Cuidado Capilar > Shampoo Y Acondicionador >,shampoo,profesional,general,https://www.farmacity.com/shampoo-elvive-hidra-hialuronico-x-750-ml/p
Farmacity,7713,151684,Shampoo Vichy Dercos Anti-Caspa para Cabello Seco x 200 ml,Vichy,53488.0,53488.0,True,200.0,267.44,> Dermocosmética > Pelo > Shampoos y Acondicionadores >,shampoo,estandar,anticaspa,https://www.farmacity.com/shampoo-anticaspa-para-cabello-seco-dercos-x-200-ml/p
Farmacity,4060,138760,Shampoo 2 en 1 Anticaspa Clear Limpieza Diaria x 400 ml,Clear,10412.0,10412.0,True,400.0,26.03,> Cuidado Capilar > Shampoo Y Acondicionador >,shampoo,estandar,anticaspa,https://www.farmacity.com/shampoo-clear-anticaspa-dual-effect-x-400-ml/p
Farmacity,1282,17972,Shampoo Biferdil pH Neutro con Algas Marinas x 400 ml,Biferdil,12204.0,12204.0,True,400.0,30.51,> Cuidado Capilar > Shampoo Y Acondicionador >,shampoo,estandar,general,https://www.farmacity.com/shampoo-ph-neutro-con-algas-marinas-x-400-ml/p
Farmacity,1216,136328,Shampoo Vichy Dercos Anticaspa Sensible x 200 ml,Vichy,53488.0,53488.0,True,200.0,267.44,> Dermocosmética > Pelo > Shampoos y Acondicionadores >,shampoo,estandar,anticaspa,https://www.farmacity.com/shampoo-anticaspa-para-el-cuero-cabelludo-sensible-dercos-x-200-ml/p
Farmacity,1109,23598,Shampoo Capilatis Control Caída con Ortiga x 410 ml,Capilatis,11300.0,11300.0,True,410.0,27.561,> Cuidado Capilar > Shampoo Y Acondicionador >,shampoo,estandar,general,https://www.farmacity.com/shampoo-control-caida-con-concentrado-puro-de-ortiga-x-410-ml/p
Farmacity,860,23711,Shampoo Capilatis Equilibrante Purificante x 410 ml,Capilatis,9700.0,9700.0,True,410.0,23.6585,> Cuidado Capilar > Shampoo Y Acondicionador >,shampoo,estandar,general,https://www.farmacity.com/shampoo-equilibrante-purificante-x-410-ml/p
Farmacity,248784,248784,Shampoo Vichy Dercos Collagen 17 Anti-Quiebre x 200 ml,Vichy,59423.0,59423.0,True,200.0,297.115,> Dermocosmética > Pelo > Shampoos y Acondicionadores >,shampoo,estandar,general,https://www.farmacity.com/shampoo-dercos-ultra-reparacion-x-200-ml/p
Farmacity,243914,243914,Shampoo Fructis Probióticos Fuerza x 350 ml,Fructis,7990.0,7990.0,True,350.0,22.8286,> Cuidado Capilar > Shampoo Y Acondicionador >,shampoo,profesional,general,https://www.farmacity.com/shampoo-fructis-probioticos-fuerza-x-350-ml/p
Farmacity,241007,241007,Shampoo Dove Bond Repair + Péptido x 200 ml,Dove,6418.0,6418.0,True,200.0,32.09,> Cuidado Capilar > Shampoo Y Acondicionador >,shampoo,profesional,general,https://www.farmacity.com/shampoo-dove-bond-intense-repair-x-200-ml/p
Farmacity,238881,238881,Shampoo Pantene Pro-V Miracles Liso Infinito x 750 ml,Pantene,16733.0,16733.0,True,750.0,22.3107,> Cuidado Capilar > Shampoo Y Acondicionador >,shampoo,profesional,general,https://www.farmacity.com/shampoo-pantene-pro-v-miracles-liso-infinito-x-750-ml/p
Farmacity,235937,235937,Shampoo Garnier Fructis Hydra Liss x 200 ml,Fructis,5490.0,5490.0,True,200.0,27.45,> Cuidado Capilar > Shampoo Y Acondicionador >,shampoo,estandar,general,https://www.farmacity.com/shampoo-fructis-hydra-liss-x-200-ml/p
Farmacity,235662,235662,Shampoo Pantene Pro-V Miracles Equilibrio Raíz & Puntas 200 ml,Pantene,3807.0,6345.0,True,200.0,19.035,> Cuidado Capilar > Shampoo Y Acondicionador >,shampoo,profesional,general,https://www.farmacity.com/shampoo-pantene-pro-v-miracles-equilibrio-x-200-ml/p
Farmacity,234281,234281,Shampoo Pantene Pro-V Miracles Fortalecedor 200 ml,Pantene,3807.0,6345.0,True,200.0,19.035,> Cuidado Capilar > Shampoo Y Acondicionador >,shampoo,profesional,general,https://www.farmacity.com/shampoo-pantene-pro-v-miracles-hidrata-y-fortalece-x-200-ml/p
Farmacity,228565,228565,Shampoo Capilatis Anti Caspa x 260 ml,Capilatis,15700.0,15700.0,True,260.0,60.3846,> Cuidado Capilar > Shampoo Y Acondicionador >,shampoo,estandar,anticaspa,https://www.farmacity.com/shampoo-anti-caspa-capilatis/p
Farmacity,208715,208715,Shampoo Capilatis con Aloe Vera Puro x 420 ml,Capilatis,11000.0,11000.0,True,420.0,26.1905,> Cuidado Capilar > Shampoo Y Acondicionador >,shampoo,estandar,general,https://www.farmacity.com/shampoo-capilatis-con-aloe-vera-puro-x-420-ml/p
Farmacity,206035,206035,Shampoo Head & Shoulders 3en1 para Hombres x 180 ml,Head and Shoulders,4701.0,7233.0,True,180.0,26.1167,> Cuidado Capilar > Shampoo Y Acondicionador >,shampoo,estandar,general,https://www.farmacity.com/shampoo-head-shoulders-3en1-para-hombres-180ml/p
Farmacity,163843,163843,Shampoo Fructis Recarga Nutritiva x 350 ml,Fructis,7990.0,7990.0,True,350.0,22.8286,> Cuidado Capilar > Shampoo Y Acondicionador >,shampoo,estandar,general,https://www.farmacity.com/shampoo-fructis-recarga-nutritiva-x-350-ml/p
Farmacity,17964,17964,Shampoo Estimulante Biferdil Control Caída x 400 ml,Biferdil,12636.0,12636.0,True,400.0,31.59,> Cuidado Capilar > Shampoo Y Acondicionador >,shampoo,estandar,general,https://www.farmacity.com/shampoo-estimulante-biferdil-control-caida-x-400-ml/p
Farmacity,8875,156318,Shampoo Sedal Rizos Definidos x 340 ml,Sedal,5836.0,5836.0,True,340.0,17.1647,> Cuidado Capilar > Shampoo Y Acondicionador >,shampoo,estandar,rizado,https://www.farmacity.com/shampoo-sedal-rizos-definidos-x-340-ml/p
Farmacity,4160,139245,Shampoo Elvive Óleo Extraordinario Nutrición x 200 ml,Elvive,6990.0,6990.0,True,200.0,34.95,> Cuidado Capilar > Shampoo Y Acondicionador >,shampoo,profesional,general,https://www.farmacity.com/acondicionador-renutricion-x-200-ml/p
Farmacity,4114,138602,Shampoo Anticaída Eucerin DermoCapillaire x 250 ml,Eucerin,36297.0,45371.0,True,250.0,145.188,> Dermocosmética > Pelo > Shampoos y Acondicionadores >,shampoo,estandar,general,https://www.farmacity.com/shampoo-dermo-capillare-anticaida-x-250/p
Farmacity,1298,102068,Shampoo Biferdil Suavidad y Luminosidad x 255 ml,Biferdil,19872.0,19872.0,True,255.0,77.9294,> Cuidado Capilar > Shampoo Y Acondicionador >,shampoo,estandar,general,https://www.farmacity.com/shampoo-suavidad-y-luminosidad-x-255-ml/p
Farmacity,1276,102383,Shampoo Biferdil pH Neutro con Ceramidas x 400 ml,Biferdil,18792.0,18792.0,True,400.0,46.98,> Cuidado Capilar > Shampoo Y Acondicionador >,shampoo,estandar,general,https://www.farmacity.com/shampoo-ph-neutro-con-ceramidas-x-400-ml/p
Farmacity,1254,17965,Shampoo Biferdil Gel Control Caída x 400 ml,Biferdil,15660.0,15660.0,True,400.0,39.15,> Cuidado Capilar > Shampoo Y Acondicionador >,shampoo,estandar,general,https://www.farmacity.com/shampoo-gel-control-caida-x-400-ml/p
Farmacity,1232,23612,Shampoo Capilatis Anticaspa x 260 ml,Capilatis,10802.0,10802.0,True,260.0,41.5462,> Cuidado Capilar > Shampoo Y Acondicionador >,shampoo,estandar,anticaspa,https://www.farmacity.com/shampoo-anticaspa-x-260-ml/p
Farmacity,1196,62499,Shampoo Biferdil Normalizador x 400 ml,Biferdil,14148.0,14148.0,True,400.0,35.37,> Cuidado Capilar > Shampoo Y Acondicionador >,shampoo,estandar,general,https://www.farmacity.com/shampoo-normalizador-x-400-ml/p
Farmacity,1180,17900,Shampoo Biferdil Fortalecedor y Engrosador x 250 ml,Biferdil,24084.0,24084.0,True,250.0,96.336,> Cuidado Capilar > Shampoo Y Acondicionador >,shampoo,estandar,general,https://www.farmacity.com/shampoo-fortalecedor-y-engrosador-x-250-ml/p
Farmacity,926,131782,Shampoo Acondicionador Assy Forte x 400 ml,Assy,17354.0,26699.0,True,400.0,43.385,> Farmacia > Pediculosis > Shampoo Y Acondicionador >,acondicionador,estandar,general,https://www.farmacity.com/shampoo-acondicionador-forte-x-400-ml/p
Farmacity,246854,246854,Shampoo Ogx Rosemary Mint x 385 ml,OGX,27154.0,27154.0,True,385.0,70.5299,> Cuidado Capilar > Shampoo Y Acondicionador >,shampoo,estandar,general,https://www.farmacity.com/shampoo-ogx-rosemary-mint-x-385-ml/p
Farmacity,243618,243618,Shampoo Tintura Color Issue Express 5 Min Rojo,Issue,4737.0,4737.0,True,,,> Cuidado Capilar > Coloración Y Oxidantes >,shampoo,estandar,tratado,https://www.farmacity.com/shampoo-tintura-color-issue-express-5-min-rojo/p
Farmacity,238889,238889,Shampoo Pantene Pro-V Miracles Revitalizacion x 200 ml,Pantene,3807.0,6345.0,True,200.0,19.035,> Cuidado Capilar > Shampoo Y Acondicionador >,shampoo,profesional,general,https://www.farmacity.com/shampoo-pantene-pro-v-miracles-revitalizacion-x-200-ml/p
Farmacity,232722,232722,Shampoo Capilatis Natural Nutritivo x 420 ml,Capilatis,9700.0,9700.0,True,420.0,23.0952,> Cuidado Capilar > Shampoo Y Acondicionador >,shampoo,estandar,general,https://www.farmacity.com/shampoo-capilatis-natural-nutritivo-x-420-ml/p
Farmacity,206048,206048,Shampoo Head & Shoulders Old Spice para Hombres x 180 ml,Head and Shoulders,4701.0,7233.0,True,180.0,26.1167,> Cuidado Capilar > Shampoo Y Acondicionador >,shampoo,estandar,general,https://www.farmacity.com/shampoo-head-shoulders-old-spice-para-hombres-x-180-ml/p
Farmacity,8853,156316,Shampoo Sedal Liso Perfecto x 340 ml,Sedal,5836.0,5836.0,True,340.0,17.1647,> Cuidado Capilar > Shampoo Y Acondicionador >,shampoo,estandar,general,https://www.farmacity.com/shampoo-liso-perfecto-x-340-ml/p
Farmacity,772,128224,Shampoo Acondicionador Assy Forte x 220 ml,Assy,19697.0,19697.0,True,220.0,89.5318,> Farmacia > Pediculosis > Shampoo Y Acondicionador >,acondicionador,estandar,general,https://www.farmacity.com/shampoo-acondicionador-forte-x-220-ml/p
Farmacity,441,136891,Shampoo para Niños Johnson's Fragancia Prolongada x 200 ml,Johnson's,4540.0,6486.0,True,200.0,22.7,> Bebés > Higiene del Bebé > Baño Del Bebé >,shampoo,estandar,bebe,https://www.farmacity.com/shampoo-para-niños-johnsons-fragancia-prolongada-x-200-ml/p
Farmacity,248326,248326,Shampoo Ice Professional Repair My Hair x 250 ml,Ice,17500.0,25000.0,True,250.0,70.0,> Cuidado Capilar > Shampoo Y Acondicionador >,shampoo,profesional,general,https://www.farmacity.com/shampoo-ice-repair-my-hair-x-250-ml/p
Farmacity,238875,238875,Shampoo Pantene Pro-V Miracles Volumen x 200 ml,Pantene,3807.0,6345.0,True,200.0,19.035,> Cuidado Capilar > Shampoo Y Acondicionador >,shampoo,profesional,general,https://www.farmacity.com/shampoo-pantene-pro-v-miracles-volumen-x-200-ml/p
Farmacity,228279,228279,Shampoo Triatop Regeneración Ketoconazol y Keratina x 165 ml,Triatop,14251.0,14251.0,True,165.0,86.3697,> Cuidado Capilar > Shampoo Y Acondicionador >,shampoo,estandar,tratado,https://www.farmacity.com/shampoo-triatop-regeneracion-ketoconazol-y-keratina-x-165-ml/p
Farmacity,225538,225538,Shampoo Bagóvit Capilar Brillo Sublime x 350 ml,Bagóvit,9973.0,9973.0,True,350.0,28.4943,> Cuidado Capilar > Shampoo Y Acondicionador >,shampoo,estandar,general,https://www.farmacity.com/shampoo-bagovit-capilar-brillo-sublime-x-350-ml/p
Farmacity,225277,225277,Shampoo Vichy Dercos Psolution Psoriasis x 200 ml,Vichy,53519.0,53519.0,True,200.0,267.595,> Dermocosmética > Pelo > Shampoos y Acondicionadores >,shampoo,estandar,general,https://www.farmacity.com/shampoo-vichy-dercos-psolution-x-200-ml/p
Farmacity,215361,215361,Shampoo Panalab Valcatil Complex Reparación x 150 ml,Valcatil,32913.0,32913.0,True,150.0,219.42,> Cuidado Capilar > Shampoo Y Acondicionador >,shampoo,estandar,general,https://www.farmacity.com/shampoo-panalab-valcatil-complex-reparacion-y-proteccion-pelo-danado-x-150-ml/p
Farmacity,205822,205822,Shampoo Biferdil Anti Amarillo x 295 ml,Biferdil,13068.0,13068.0,True,295.0,44.2983,> Cuidado Capilar > Shampoo Y Acondicionador >,shampoo,estandar,general,https://www.farmacity.com/shampoo-biferdil-anti-amarillo-x-295-ml/p
Farmacity,204155,200272,Shampoo Vichy Dercos Densificador Densi Solutions x 250 ml,Vichy,59423.0,59423.0,True,250.0,237.692,> Dermocosmética > Pelo > Shampoos y Acondicionadores >,shampoo,estandar,general,https://www.farmacity.com/dercos-densi-solutions-shampoo-densificador/p
Farmacity,8939,156317,Shampoo Sedal Restauración Instantánea x 340 ml,Sedal,5836.0,5836.0,True,340.0,17.1647,> Cuidado Capilar > Shampoo Y Acondicionador >,shampoo,estandar,general,https://www.farmacity.com/shampoo-sedal-restauracion-instantanea-x-340-ml/p
Farmacity,8880,156314,Shampoo Sedal Crema Balance Toque Seda x 340 ml,Sedal,5836.0,5836.0,True,340.0,17.1647,> Cuidado Capilar > Shampoo Y Acondicionador >,shampoo,estandar,general,https://www.farmacity.com/shampoo-crema-balance-x-340-ml/p
Farmacity,5423,144820,Shampoo Biferdil Vegano con Keratina Vegetal x 200 ml,Biferdil,10260.0,10260.0,True,200.0,51.3,> Cuidado Capilar > Shampoo Y Acondicionador >,shampoo,estandar,tratado,https://www.farmacity.com/shampoo-100-vegano-con-keratina-vegetal-x-200-ml/p
Farmacity,858,23642,Shampoo Capilatis Iluminador x 420 ml,Capilatis,9700.0,9700.0,True,420.0,23.0952,> Cuidado Capilar > Shampoo Y Acondicionador >,shampoo,estandar,general,https://www.farmacity.com/shampoo-iluminador-x-420-ml/p
Farmacity,250349,250349,Shampoo Elvive Collagen Lifter x 200 ml,Elvive,7490.0,7490.0,True,200.0,37.45,> Cuidado Capilar > Shampoo Y Acondicionador >,shampoo,profesional,general,https://www.farmacity.com/shampoo-elvive-colageno-lifter-x-200-ml/p
Farmacity,250194,250194,Shampoo La Puissance Extra Cell Plex Paso 1 x 300 ml,La Puissance,35700.0,35700.0,True,300.0,119.0,> Cuidado Capilar > Shampoo Y Acondicionador >,shampoo,estandar,general,https://www.farmacity.com/shampoo-la-puissance-extra-cell-plex-paso-1-x-300-ml/p
Farmacity,238678,238678,Shampoo Biferdil Kids Azul x 250 ml,Biferdil,12204.0,12204.0,True,250.0,48.816,> Bebés > Higiene del Bebé > Baño Del Bebé >,shampoo,estandar,bebe,https://www.farmacity.com/shampoo-biferdil-kids-azul-x-250-ml/p
Farmacity,237193,237193,Shampoo La Botica Eco Sólido Infantil con Avena y Caléndula Anmat OK x 60 g,La Botica Eco,11289.0,11289.0,True,60.0,188.15,> Bebés > Higiene del Bebé > Baño Del Bebé >,shampoo,estandar,bebe,https://www.farmacity.com/shampoo-la-botica-eco-solido-infantil-con-avena-y-calendula-anmat-ok-x-60-g/p
Farmacity,235939,235939,Shampoo Meraki Sólido Nutritivo x 65 g,Meraki,9257.0,13224.0,True,65.0,142.4154,> Cuidado Capilar > Shampoo Y Acondicionador >,shampoo,estandar,general,https://www.farmacity.com/shampoo-meraki-solido-nutritivo-x-65-g/p
Farmacity,230667,230667,Shampoo Veganis Double Trouble x 400 ml,Veganis,14616.0,14616.0,True,400.0,36.54,> Cuidado Capilar > Shampoo Y Acondicionador >,shampoo,estandar,general,https://www.farmacity.com/shampoo-veganis-double-trouble-x-400-ml/p
Farmacity,229992,229992,Shampoo Seco Batiste Original x 108 g,Batiste,14364.0,17955.0,True,108.0,133.0,> Cuidado Capilar > Shampoo Y Acondicionador >,shampoo,estandar,seco_danado,https://www.farmacity.com/shampoo-seco-batiste-original-x-200-ml/p
Farmacity,229988,229988,Shampoo Tío Nacho Aclarante x 200 ml,Tío Nacho,8057.0,8057.0,True,200.0,40.285,> Cuidado Capilar > Shampoo Y Acondicionador >,shampoo,estandar,general,https://www.farmacity.com/shampoo-tio-nacho-aclarante-x-200-ml/p
Farmacity,228964,228964,Shampoo Solido Ruh Natural Silver x 65 g,Ruh Natural,13508.0,13508.0,True,65.0,207.8154,> Cuidado Capilar > Shampoo Y Acondicionador >,shampoo,estandar,general,https://www.farmacity.com/shampoo-solido-ruh-silver-cabello-graso-x-65-g/p
Farmacity,228962,228962,Shampoo Solido Ruh Natural Mechanic Orange x 65 g,Ruh Natural,13508.0,13508.0,True,65.0,207.8154,> Cuidado Capilar > Shampoo Y Acondicionador >,shampoo,estandar,general,https://www.farmacity.com/shampoo-solido-ruh-mechanic-orange-cabello-seco-x-65-g/p
Farmacity,228961,228961,Shampoo Solido Ruh Natural Lavender x 65 g,Ruh Natural,13508.0,13508.0,True,65.0,207.8154,> Cuidado Capilar > Shampoo Y Acondicionador >,shampoo,estandar,general,https://www.farmacity.com/shampoo-solido-ruh-lavender-cabello-tenido-x-65-g/p
Farmacity,224526,224526,Shampoo Anticaída Klorane x 400 ml,Klorane,36750.0,52500.0,True,400.0,91.875,> Dermocosmética > Pelo > Shampoos y Acondicionadores >,shampoo,estandar,general,https://www.farmacity.com/shampoo-klorane-quinina-x-400-ml/p
Farmacity,219382,219382,Shampoo Alta Moda Acqua Shine x 300 ml,Alta Moda,4301.0,8602.0,True,300.0,14.3367,> Cuidado Capilar > Shampoo Y Acondicionador >,shampoo,estandar,general,https://www.farmacity.com/shampoo-alta-moda-e-vegano-x-300-ml/p
Farmacity,216506,216506,Shampoo para Niños Johnson's Hidratación Intensa x 200 ml,Johnson's,3825.0,5465.0,True,200.0,19.125,> Bebés > Higiene del Bebé > Baño Del Bebé >,shampoo,estandar,seco_danado,https://www.farmacity.com/shampoo-johnsons-baby-hidratacion-intensa-x-200-ml/p
Farmacity,147258,147258,Shampoo Elvive Oleo Extraordinario Coco x 200 ml,Elvive,3495.0,6990.0,True,200.0,17.475,> Cuidado Capilar > Shampoo Y Acondicionador >,shampoo,profesional,general,https://www.farmacity.com/shampoo-elvive-oleo-coco-x-200-ml/p
Farmacity,111829,111829,Shampoo Micopirox Ciclopiroxolamina x 100 ml,Lersan,27000.0,27000.0,True,100.0,270.0,> Venta Bajo Receta > Dermatológico >,shampoo,estandar,general,https://www.farmacity.com/shampoo-micopirox-ciclopiroxolamina-x-100-ml/p
Farmacity,43396,43396,Shampoo Amenite Plus Colágeno + Asoc. x 100 g,Amenite,32375.0,32375.0,True,100.0,323.75,> Venta Bajo Receta > Dermatológico >,shampoo,estandar,general,https://www.farmacity.com/shampoo-amenite-plus-colageno-asoc-x-100-g/p
Farmacity,34420,34420,Shampoo Cistina B6 Cistina + Asoc. x 150 ml,Savant Consumer,26781.0,26781.0,True,150.0,178.54,> Venta Bajo Receta > Dermatológico >,shampoo,estandar,general,https://www.farmacity.com/shampoo-cistina-b6-cistina-asoc-x-150-ml/p
Farmacity,16820,163824,Shampoo Fructis Recarga Nutritiva x 200 ml,Fructis,5490.0,5490.0,True,200.0,27.45,> Cuidado Capilar > Shampoo Y Acondicionador >,shampoo,estandar,general,https://www.farmacity.com/shampoo-fructis-recarga-nutritiva-x200ml/p
Farmacity,10077,160428,Shampoo Capilatis Ácido Hialuronico x 350 ml,Capilatis,13000.0,13000.0,True,350.0,37.1429,> Cuidado Capilar > Shampoo Y Acondicionador >,shampoo,estandar,general,https://www.farmacity.com/shampoo-acido-hialuronico-x-350ml/p
Farmacity,248876,248876,Shampoo Tio Nacho Keratina Vegetal x 415 ml,Tío Nacho,11750.0,11750.0,True,415.0,28.3133,> Cuidado Capilar > Shampoo Y Acondicionador >,shampoo,estandar,tratado,https://www.farmacity.com/shampoo-tio-nacho-keratina-vegetal-x-415-ml/p
Farmacity,241361,241361,Shampoo Control Caspa Head & Shoulders Anti-Comezón x 375 ml,Head and Shoulders,7895.0,12146.0,True,375.0,21.0533,> Cuidado Capilar > Shampoo Y Acondicionador >,shampoo,estandar,anticaspa,https://www.farmacity.com/shampoo-head-shoulders-anti-comezon-x-375-ml/p
Farmacity,240012,240012,Shampoo Elvive Glycolic Gloss x 400 ml,Elvive,7494.0,12490.0,True,400.0,18.735,> Cuidado Capilar > Shampoo Y Acondicionador >,shampoo,profesional,general,https://www.farmacity.com/shampoo-elvive-glyco-gloss-x-400-ml/p
Farmacity,229978,229978,Shampoo Tío Nacho Herbolaria Milenaria x 415 ml,Tío Nacho,11750.0,11750.0,True,415.0,28.3133,> Cuidado Capilar > Shampoo Y Acondicionador >,shampoo,estandar,general,https://www.farmacity.com/shampoo-tio-nacho-herbolaria-milenaria-x-415-ml/p
Farmacity,225542,225542,Shampoo Bagóvit Reparación Intensiva x 350 ml,Bagóvit,8984.0,8984.0,True,350.0,25.6686,> Cuidado Capilar > Shampoo Y Acondicionador >,shampoo,estandar,general,https://www.farmacity.com/shampoo-bagovit-reparacion-intensiva-x-350-ml/p
Farmacity,248754,248754,Shampoo Biferdil Óleo de Argan Nutrición Intensa x 100 ml,Biferdil,9612.0,9612.0,True,100.0,96.12,> Cuidado Capilar > Shampoo Y Acondicionador >,shampoo,estandar,general,https://www.farmacity.com/shampoo-biferdil-oleo-de-argan-minitalla-x-100-ml/p
Farmacity,245461,245461,Shampoo Garnier Fructis Hair Food Ananá x 300 ml,Fructis,7273.0,11190.0,True,300.0,24.2433,> Cuidado Capilar > Shampoo Y Acondicionador >,shampoo,estandar,general,https://www.farmacity.com/shampoo-garnier-fructis-hair-food-anana-x-300-ml/p
Farmacity,243705,243705,Shampoo Head & Shoulders Anti Resequedad x 375 ml,Head and Shoulders,7895.0,12146.0,True,375.0,21.0533,> Cuidado Capilar > Shampoo Y Acondicionador >,shampoo,estandar,general,https://www.farmacity.com/shampoo-head-shoulders-anti-resequedad-x-375-ml/p
Farmacity,238882,238882,Shampoo Pantene Pro-V Miracles Liso Infinito x 400 ml,Pantene,6137.0,10228.0,True,400.0,15.3425,> Cuidado Capilar > Shampoo Y Acondicionador >,shampoo,profesional,general,https://www.farmacity.com/shampoo-pantene-pro-v-miracles-liso-infinito-x-400-ml/p
Farmacity,235655,235655,Shampoo Pantene Pro-V Miracles Detox Limpia - Purifica 200 ml,Pantene,3807.0,6345.0,True,200.0,19.035,> Cuidado Capilar > Shampoo Y Acondicionador >,shampoo,profesional,general,https://www.farmacity.com/shampoo-pantene-pro-v-miracles-detox-x-200-ml/p
Farmacity,230614,230614,Shampoo Dosificador Tresemmé Detox Capilar x 500 ml,Tresemmé,6574.0,10114.0,True,500.0,13.148,> Cuidado Capilar > Shampoo Y Acondicionador >,shampoo,estandar,general,https://www.farmacity.com/shampoo-dosificador-tresemme-detox-capilar-x-500-ml/p
Farmacity,230613,230613,Shampoo Dosificador Tresemmé Liso Efecto Botox x 500 ml,Tresemmé,6574.0,10114.0,True,500.0,13.148,> Cuidado Capilar > Shampoo Y Acondicionador >,shampoo,estandar,general,https://www.farmacity.com/shampoo-dosificador-tresemme-liso-efecto-botox-x-500-ml/p
Farmacity,206049,206049,Shampoo Head & Shoulders Men con Old Spice x 375 ml,Head and Shoulders,7895.0,12146.0,True,375.0,21.0533,> Cuidado Capilar > Shampoo Y Acondicionador >,shampoo,estandar,general,https://www.farmacity.com/shampoo-head-shoulders-old-spice-para-hombres-x-375-ml/p
Farmacity,206045,206045,Shampoo Head & Shoulders Manzana Fresh x 375 ml,Head and Shoulders,7895.0,12146.0,True,375.0,21.0533,> Cuidado Capilar > Shampoo Y Acondicionador >,shampoo,estandar,general,https://www.farmacity.com/shampoo-head-shoulders-manzana-fresh-375ml/p
Farmacity,4190,139236,Shampoo Elvive Reparación Total 5 x 400 ml,Elvive,6714.0,11190.0,True,400.0,16.785,> Cuidado Capilar > Shampoo Y Acondicionador >,shampoo,profesional,general,https://www.farmacity.com/shampoo-reparacion-total-5-x-400-ml-139236/p
Farmacity,4133,139235,Shampoo Elvive Reparación Total 5 Keratin x 200 ml,Elvive,6990.0,6990.0,True,200.0,34.95,> Cuidado Capilar > Shampoo Y Acondicionador >,shampoo,profesional,general,https://www.farmacity.com/reparacion-total-5-shampoo-x-200-ml/p
Farmacity,249370,249370,Shampoo Alta Moda Keratin Impact x 300 ml,Alta Moda,5692.0,5692.0,True,300.0,18.9733,> Cuidado Capilar > Shampoo Y Acondicionador >,shampoo,estandar,general,https://www.farmacity.com/shampoo-alta-moda-keratin-impact-x-300-ml/p
Farmacity,246641,246641,Shampoo Herbal Essences Rosa Mosqueta x 400 ml,Herbal Essences,10574.0,16267.0,True,400.0,26.435,> Cuidado Capilar > Shampoo Y Acondicionador >,shampoo,estandar,general,https://www.farmacity.com/shampoo-herbal-essences-rosa-mosqueta-x-400-ml/p
Farmacity,246640,246640,Shampoo Herbal Essences Shine x 400 ml,Herbal Essences,10574.0,16267.0,True,400.0,26.435,> Cuidado Capilar > Shampoo Y Acondicionador >,shampoo,estandar,general,https://www.farmacity.com/shampoo-herbal-essences-shine-x-400-ml/p
Farmacity,244695,244695,Shampoo Elvive Dream Liso x 750 ml,Elvive,19990.0,19990.0,True,750.0,26.6533,> Cuidado Capilar > Shampoo Y Acondicionador >,shampoo,profesional,general,https://www.farmacity.com/shampoo-elvive-dream-liso-x-750-ml/p
Farmacity,239566,239566,Shampoo Farmacity Bebé Avena x 200 ml,Farmacity,5400.0,5400.0,True,200.0,27.0,> Bebés > Higiene del Bebé > Baño Del Bebé >,shampoo,estandar,bebe,https://www.farmacity.com/shampoo-farmacity-bebe-avena-x-200-ml/p
Farmacity,237326,237326,Shampoo TRESemmé Brillo Lamelar P x 500 ml,Tresemmé,6574.0,10114.0,True,500.0,13.148,> Cuidado Capilar > Shampoo Y Acondicionador >,shampoo,estandar,general,https://www.farmacity.com/shampoo-tresemme-brillo-lamelar-p-x-500-ml/p
Farmacity,234383,234383,Shampoo Elvive Hialurónico Pure x 200 ml,Elvive,6990.0,6990.0,True,200.0,34.95,> Cuidado Capilar > Shampoo Y Acondicionador >,shampoo,profesional,general,https://www.farmacity.com/shampoo-elvive-hialuronico-pure-x-200-ml/p
Farmacity,234283,234283,Shampoo Pantene Pro-V Miracles Fortalecedor x 750 ml,Pantene,10040.0,16733.0,True,750.0,13.3867,> Cuidado Capilar > Shampoo Y Acondicionador >,shampoo,profesional,general,https://www.farmacity.com/shampoo-pantene-pro-v-miracles-hidrata-y-fortalece-x-750-ml/p
Farmacity,218819,218819,Shampoo Pantene Bambú Nutre y Crece x 400 ml,Pantene,6137.0,10228.0,True,400.0,15.3425,> Cuidado Capilar > Shampoo Y Acondicionador >,shampoo,estandar,general,https://www.farmacity.com/shampoo-pantene-bambu-nutre-y-crece-x-400-ml/p
Farmacity,208132,208132,Shampoo Elvive Dream Long x 200 ml,Elvive,4194.0,6990.0,True,200.0,20.97,> Cuidado Capilar > Shampoo Y Acondicionador >,shampoo,profesional,general,https://www.farmacity.com/shampoo-dream-long-elvive-loreal-paris-x-200-ml/p
Farmacity,204161,200359,Shampoo Herbal Essences Argan Oil Of Morocco x 400 ml,Herbal Essences,10574.0,16267.0,True,400.0,26.435,> Cuidado Capilar > Shampoo Y Acondicionador >,shampoo,estandar,general,https://www.farmacity.com/shampoo-herbal-renew-reparacion-argan-oil-x-400ml/p
Farmacity,9120,219373,Shampoo Alta Moda Super Oils x 300 ml,Alta Moda,5692.0,5692.0,True,300.0,18.9733,> Cuidado Capilar > Shampoo Y Acondicionador >,shampoo,estandar,general,https://www.farmacity.com/shampoo-alta-moda-argan-therapy-x-300/p
Farmacity,4865,142448,Shampoo Dove Men 2 en 1 Fuerza Resistente x 400 ml,Dove,7266.0,9688.0,True,400.0,18.165,> Cuidado Capilar > Shampoo Y Acondicionador >,shampoo,estandar,general,https://www.farmacity.com/shampoo-dove-men-fuerza-extrema-botella-x-400-ml/p
Farmacity,4356,139287,Shampoo para Bebé Johnson's Cabello Claro x 400 ml,Johnson's,8331.0,11902.0,True,400.0,20.8275,> Bebés > Higiene del Bebé > Baño Del Bebé >,shampoo,estandar,bebe,https://www.farmacity.com/shampoo-con-manzanilla-natural-cabello-claro-x-400-ml/p
Farmacity,1134,23600,Shampoo Capilatis Control Caída Pelo Graso con Ortiga y Salvia x 410 ml,Capilatis,9700.0,9700.0,True,410.0,23.6585,> Cuidado Capilar > Shampoo Y Acondicionador >,shampoo,estandar,graso,https://www.farmacity.com/shampoo-control-caida-pelo-graso-con-ortiga-y-salvia-x-410-ml/p
Farmacity,244543,244543,Shampoo Reparador Pantene Pro-V Miracles Keratina Repara y Protege x 510 ml,Pantene,10285.0,17142.0,True,510.0,20.1667,> Cuidado Capilar > Shampoo Y Acondicionador >,shampoo,profesional,tratado,https://www.farmacity.com/shampoo-pantene-keratina-x-510-ml/p
Farmacity,243913,243913,Shampoo Fructis Probióticos Fuerza x 200 ml,Fructis,5490.0,5490.0,True,200.0,27.45,> Cuidado Capilar > Shampoo Y Acondicionador >,shampoo,profesional,general,https://www.farmacity.com/shampoo-fructis-probioticos-fuerza-x-200-ml/p
Farmacity,240011,240011,Shampoo Elvive Glycolic Gloss x 200 ml,Elvive,7490.0,7490.0,True,200.0,37.45,> Cuidado Capilar > Shampoo Y Acondicionador >,shampoo,profesional,general,https://www.farmacity.com/shampoo-elvive-glyco-gloss-x-200-ml/p
Farmacity,239425,239425,Shampoo Tío Nacho Henna Egipcia Efecto Anti Canas x 415 ml,Tío Nacho,8225.0,11750.0,True,415.0,19.8193,> Cuidado Capilar > Shampoo Y Acondicionador >,shampoo,estandar,general,https://www.farmacity.com/shampoo-tio-nacho-anticanas-x-415-ml/p
Farmacity,238888,238888,Shampoo Pantene Revitalización Pro-V Miracles x 400 ml,Pantene,6137.0,10228.0,True,400.0,15.3425,> Cuidado Capilar > Shampoo Y Acondicionador >,shampoo,profesional,general,https://www.farmacity.com/shampoo-pantene-pro-v-miracles-revitalizacion-x-400-ml/p
Farmacity,235936,235936,Shampoo Fructis Hydra Liss x 350 ml,Fructis,7990.0,7990.0,True,350.0,22.8286,> Cuidado Capilar > Shampoo Y Acondicionador >,shampoo,estandar,general,https://www.farmacity.com/shampoo-fructis-hydra-liss-x-350-ml/p
Farmacity,232639,232639,Shampoo Head & Shoulders Limpieza y Revitalización x 180 ml,Head and Shoulders,4701.0,7233.0,True,180.0,26.1167,> Cuidado Capilar > Shampoo Y Acondicionador >,shampoo,estandar,general,https://www.farmacity.com/shampoo-head-y-shoulders-limpieza-y-revitalizacion-x-180-ml/p
Farmacity,229982,229982,Shampoo Tío Nacho Aclarante x 415 ml,Tío Nacho,8225.0,11750.0,True,415.0,19.8193,> Cuidado Capilar > Shampoo Y Acondicionador >,shampoo,estandar,general,https://www.farmacity.com/shampoo-tio-nacho-aclarante-x-415-ml/p
Farmacity,247127,247127,Shampoo Pantene Pro-V Restauración x 200 ml,Pantene,6345.0,6345.0,True,200.0,31.725,> Cuidado Capilar > Shampoo Y Acondicionador >,shampoo,profesional,general,https://www.farmacity.com/shampoo-pantene-pro-v-restauracion-x-200-ml/p
Farmacity,245730,245730,Shampoo Seco Batiste Tropical x 200 ml,Batiste,14364.0,17955.0,True,200.0,71.82,> Cuidado Capilar > Shampoo Y Acondicionador >,shampoo,estandar,seco_danado,https://www.farmacity.com/shampoo-seco-batiste-tropical-x-200-ml/p
Farmacity,244970,244970,Shampoo Capilatis Ortiga Mujer x 350 ml,Capilatis,13000.0,13000.0,True,350.0,37.1429,> Cuidado Capilar > Shampoo Y Acondicionador >,shampoo,estandar,general,https://www.farmacity.com/shampoo-ortiga-capilatis-mujer-x-350-ml/p
Farmacity,244530,244530,Shampoo Huggies Hora de Soñar Manzanilla x 200 ml,Huggies,5814.0,5814.0,True,200.0,29.07,> Bebés > Higiene del Bebé > Baño Del Bebé >,shampoo,estandar,general,https://www.farmacity.com/shampoo-huggies-hora-de-sonar-x-200-ml/p
Farmacity,243570,243570,Shampoo Capilatis Ácido Glicólico x 350 ml,Capilatis,13000.0,13000.0,True,350.0,37.1429,> Cuidado Capilar > Shampoo Y Acondicionador >,shampoo,estandar,general,https://www.farmacity.com/shampoo-capilatis-acido-glicolico-x-350-ml/p
Farmacity,240413,240413,Shampoo Piroctol AS Octopirox + Asoc. x 150 ml,Valuge,38359.0,38359.0,True,150.0,255.7267,> Venta Bajo Receta > Dermatológico >,shampoo,estandar,general,https://www.farmacity.com/shampoo-piroctol-as-octopirox-asoc-x-150-ml/p
Farmacity,239455,239455,Shampoo Seco Batiste Rose Gold x 108 g,Batiste,14364.0,17955.0,True,108.0,133.0,> Cuidado Capilar > Shampoo Y Acondicionador >,shampoo,estandar,seco_danado,https://www.farmacity.com/shampoo-seco-batiste-rose-gold-x-108-g/p
Farmacity,238677,238677,Shampoo Biferdil Kids Rojo x 250 ml,Biferdil,12204.0,12204.0,True,250.0,48.816,> Bebés > Higiene del Bebé > Baño Del Bebé >,shampoo,estandar,bebe,https://www.farmacity.com/shampoo-biferdil-kids-rojo-x-250-ml/p
Farmacity,237880,237880,Shampoo Capilatis Ortiga Concentrado Seco x 420 ml,Capilatis,10800.0,10800.0,True,420.0,25.7143,> Cuidado Capilar > Shampoo Y Acondicionador >,shampoo,estandar,seco_danado,https://www.farmacity.com/shampoo-capilatis-ortiga-concentrado-seco-x-420-ml/p
Farmacity,237327,237327,Shampoo TRESemmé Brillo Lamelar x 250 ml,Tresemmé,6091.0,6091.0,True,250.0,24.364,> Cuidado Capilar > Shampoo Y Acondicionador >,shampoo,estandar,general,https://www.farmacity.com/shampoo-tresemme-brillo-lamelar-x-250-ml/p
Farmacity,237188,237188,Shampoo Vichy Dercos Anti-Caspa x 2 un x 200 ml c/u,Vichy,106976.0,106976.0,True,200.0,534.88,> Dermocosmética > Pelo > Shampoos y Acondicionadores >,shampoo,estandar,anticaspa,https://www.farmacity.com/shampoo-vichy-dercos-anti-caspa-x-2-un-x-200-ml-c-u/p
Farmacity,233212,233212,Shampoo Anticaída Ecohair x 450 ml,Garre Guevara,40000.0,40000.0,True,450.0,88.8889,> Venta Bajo Receta > Sistema Digestivo y Metabolismo >,shampoo,estandar,general,https://www.farmacity.com/shampoo-anticaida-ecohair-x-450-ml/p
Farmacity,231532,231532,Shampoo Tio Nacho Aloe Vera V2 x 415 ml,Tío Nacho,4973.0,9947.0,True,415.0,11.9831,> Cuidado Capilar > Shampoo Y Acondicionador >,shampoo,estandar,general,https://www.farmacity.com/shampoo-tio-nacho-aloe-vera-x-415-ml/p
Farmacity,229636,229636,Shampoo Dove Real Fuerza + Bambú x 300 ml,Dove,3437.0,6874.0,True,300.0,11.4567,> Cuidado Capilar > Shampoo Y Acondicionador >,shampoo,estandar,general,https://www.farmacity.com/shampoo-dove-plant-power-fuerza-bambu-x-300-ml/p
Farmacity,228963,228963,Shampoo Solido Ruh Natual Off White x 65 g,Ruh Natural,13508.0,13508.0,True,65.0,207.8154,> Cuidado Capilar > Shampoo Y Acondicionador >,shampoo,estandar,general,https://www.farmacity.com/shampoo-solido-ruh-off-white-cabello-normal-x-65-g/p
Farmacity,226184,226184,Shampoo Valcatil Aminoácidos + Asoc. Pomo x 150 ml,Panalab,24670.0,24670.0,True,150.0,164.4667,> Venta Bajo Receta > Dermatológico >,shampoo,estandar,general,https://www.farmacity.com/shampoo-valcatil-aminoacidos-asoc-pomo-x-150-ml/p
Farmacity,226017,226017,Shampoo Valcatil Metionina + Cistina Pomo x 300 ml,Panalab,41507.0,41507.0,True,300.0,138.3567,> Venta Bajo Receta > Dermatológico >,shampoo,estandar,general,https://www.farmacity.com/shampoo-valcatil-metionina-cistina-pomo-x-300-ml/p
Farmacity,214554,214554,Shampoo Vichy Dercos Kera Solutions Rejuvenecedor x 250 ml,Vichy,59423.0,59423.0,True,250.0,237.692,> Dermocosmética > Pelo > Shampoos y Acondicionadores >,shampoo,estandar,general,https://www.farmacity.com/shampoo-vichy-dercos-kera-solutions-x-250-ml/p
Farmacity,204198,204198,Shampoo Ayurvédico Sri Sri Tattva Protéico x 200 ml,Sri Sri Tattva,17140.0,17140.0,True,200.0,85.7,> Cuidado Capilar > Shampoo Y Acondicionador >,shampoo,estandar,general,https://www.farmacity.com/shampoo-ayurvedico-sri-sri-tattva-proteico-fenogreco-garbanzos-y-porotos-mung-x-200-ml/p
Farmacity,150781,150781,Shampoo Pantene  Pro-V Solutions Hidratación  x 400 ml,Pantene,8083.0,8083.0,True,400.0,20.2075,> Cuidado Capilar > Shampoo Y Acondicionador >,shampoo,profesional,seco_danado,https://www.farmacity.com/shampoo-pantene-max-pro-v-hidratacion-x-400-ml/p
Farmacity,123819,123819,Shampoo Clob-x Clobetasol 0.05% x 125 ml,Galderma,34212.0,34212.0,True,125.0,273.696,> Venta Bajo Receta > Dermatológico >,shampoo,estandar,general,https://www.farmacity.com/shampoo-clob-x-clobetasol-0-05-x-125-ml/p
Farmacity,34381,34381,Shampoo Gel Hidrosam Colágeno + Elastina + Asoc. x 250 ml Shampoo Gel Hidrosam Col Geno + Elastina + Asoc. x 250 ml,Andromaco,27598.0,27598.0,True,250.0,110.392,> Venta Bajo Receta > Dermatológico >,shampoo,estandar,general,https://www.farmacity.com/shampoo-gel-hidrosam-colageno-elastina-asoc-x-250-ml/p
Farmacity,4206,139200,Shampoo Elvive Keraliso Brillo y Sedosidad x 400 ml,Elvive,3994.0,7989.0,True,400.0,9.985,> Cuidado Capilar > Shampoo Y Acondicionador >,shampoo,profesional,general,https://www.farmacity.com/shampoo-kera-liso-brillo-y-suavidad-x-400-ml/p
Farmacity,1239,111020,Shampoo Biferdil Control Caída Tonificante x 295 ml,Biferdil,9828.0,9828.0,True,295.0,33.3153,> Cuidado Capilar > Shampoo Y Acondicionador >,shampoo,estandar,general,https://www.farmacity.com/shampoo-control-caida-tonificante-x-295-ml/p
Farmacity,1202,127714,Shampoo Biferdil Brillo y Nutrición x 295 ml,Biferdil,17400.0,17400.0,True,295.0,58.9831,> Cuidado Capilar > Shampoo Y Acondicionador >,shampoo,estandar,general,https://www.farmacity.com/shampoo-brillo-y-nutricion-x-295-ml/p
Farmacity,1190,134442,Shampoo en Seco Klorane de Avena en Spray x 150 ml,Klorane,40000.0,40000.0,True,150.0,266.6667,> Dermocosmética > Pelo > Shampoos y Acondicionadores >,shampoo,estandar,seco_danado,https://www.farmacity.com/shampoo-seco-en-aerosol-limpia-sin-mojar-x-150-ml/p
Farmacity,1137,98326,Shampoo Hidratante Klorane Avena x 200 ml,Klorane,29000.0,29000.0,True,200.0,145.0,> Dermocosmética > Pelo > Shampoos y Acondicionadores >,shampoo,estandar,seco_danado,https://www.farmacity.com/shampoo-a-la-leche-de-avena-x-200-ml/p
Farmacity,228550,228550,Shampoo Biferdil P+T para la Caída x 300 ml,Biferdil,8775.0,13500.0,True,300.0,29.25,> Cuidado Capilar > Shampoo Y Acondicionador >,shampoo,estandar,general,https://www.farmacity.com/shampoo-biferdil-pt-para-la-caida-x-300-ml/p
Farmacity,221686,221686,Shampoo Head & Shoulders Crece Fuerte desde la Raíz x 375 ml,Head and Shoulders,7895.0,12146.0,True,375.0,21.0533,> Cuidado Capilar > Shampoo Y Acondicionador >,shampoo,estandar,general,https://www.farmacity.com/shampoo-head-y-shoulders-crece-fuerte-desde-la-raiz-x-375-ml/p
Farmacity,207433,207433,Shampoo Ogx Coconut Milk x 385 ml,OGX,27154.0,27154.0,True,385.0,70.5299,> Cuidado Capilar > Shampoo Y Acondicionador >,shampoo,estandar,general,https://www.farmacity.com/shampoo-ogx-coconut-milk-x-385-ml/p
Farmacity,207427,207427,Shampoo Ogx Brazilian Keratin Smooth x 385 ml,OGX,27154.0,27154.0,True,385.0,70.5299,> Cuidado Capilar > Shampoo Y Acondicionador >,shampoo,estandar,general,https://www.farmacity.com/shampoo-ogx-brazilian-keratin-smooth-x-385-ml/p
Farmacity,205391,205391,Shampoo Herbal Essences White Grapefruit & Mosa Mint x 400 ml,Herbal Essences,10574.0,16267.0,True,400.0,26.435,> Cuidado Capilar > Shampoo Y Acondicionador >,shampoo,estandar,general,https://www.farmacity.com/shampoo-herbal-essences-bio-renew-riadiant-shine-white-grapefruit-mosa-mint-400ml/p
Farmacity,161060,161060,Shampoo Aveno Bebes y Niños x 250 ml,Aveno,22618.0,30157.0,True,250.0,90.472,> Bebés > Higiene del Bebé > Baño Del Bebé >,shampoo,estandar,bebe,https://www.farmacity.com/aveno-infantil-shampoo-x-250-ml/p
Farmacity,9574,158660,Shampoo Elvive Óleo Extraordinario Rizos x 200 ml,Elvive,6990.0,6990.0,True,200.0,34.95,> Cuidado Capilar > Shampoo Y Acondicionador >,shampoo,profesional,rizado,https://www.farmacity.com/shampoo-oleo-extraordinario-rizos-definidos-x-200ml/p
Farmacity,5351,143505,Shampoo Elvive Reparación Total Extreme x 200 ml,Elvive,6990.0,6990.0,True,200.0,34.95,> Cuidado Capilar > Shampoo Y Acondicionador >,shampoo,profesional,general,https://www.farmacity.com/shampoo-reparacion-total-extreme-x-200-ml/p
Farmacity,3977,138762,Shampoo Anticaspa Clear Control  Caída x 400 ml,Clear,10412.0,10412.0,True,400.0,26.03,> Cuidado Capilar > Shampoo Y Acondicionador >,shampoo,estandar,anticaspa,https://www.farmacity.com/shampoo-clear-anticaspa-control-caida-x-400-ml/p
Farmacity,1151,23597,Shampoo Capilatis Engrosador x 410 ml,Capilatis,6750.0,9000.0,True,410.0,16.4634,> Cuidado Capilar > Shampoo Y Acondicionador >,shampoo,estandar,general,https://www.farmacity.com/shampoo-engrosador-x-410-ml/p
Farmacity,855,7208,Shampoo Vichy Dercos Energy Anti-Caída x 200 ml,Vichy,53488.0,53488.0,True,200.0,267.44,> Dermocosmética > Pelo > Shampoos y Acondicionadores >,shampoo,estandar,general,https://www.farmacity.com/shampoo-dercos-energizante-anticaida-x-200-ml/p
Farmacity,246059,246059,Shampoo Biferdil Ultra Brillo Minitalla x 100 ml,Biferdil,8748.0,8748.0,True,100.0,87.48,> Cuidado Capilar > Shampoo Y Acondicionador >,shampoo,estandar,general,https://www.farmacity.com/shampoo-biferdil-ultra-brillo-minitalla-x-100-ml/p
Farmacity,244538,244538,Shampoo Pantene Colageno x 300 ml,Pantene,6032.0,10054.0,True,300.0,20.1067,> Cuidado Capilar > Shampoo Y Acondicionador >,shampoo,estandar,general,https://www.farmacity.com/shampoo-pantene-colageno-x-300-ml/p
Farmacity,243706,243706,Shampoo Head & Shoulders Anti Resequedad x 180 ml,Head and Shoulders,4701.0,7233.0,True,180.0,26.1167,> Cuidado Capilar > Shampoo Y Acondicionador >,shampoo,estandar,general,https://www.farmacity.com/shampoo-head-shoulders-anti-resequedad-x-180-ml/p
Farmacity,241570,241570,Shampoo Bagóvit Capilar Plasma Vegetal x 350 ml,Bagóvit,10470.0,10470.0,True,350.0,29.9143,> Cuidado Capilar > Shampoo Y Acondicionador >,shampoo,estandar,general,https://www.farmacity.com/shampoo-bagovit-capilar-plasma-vegetal-x-350-ml/p
Farmacity,241438,241438,Shampoo Dercos Oil Control x 200 ml,Vichy,53488.0,53488.0,True,200.0,267.44,> Dermocosmética > Pelo > Shampoos y Acondicionadores >,shampoo,estandar,general,https://www.farmacity.com/shampoo-dercos-oil-control-x-200-ml/p
Farmacity,240911,240911,Shampoo Humectación Baby Dove Enriquecida Sin Lágrimas x 200 ml,Dove,7011.0,7011.0,True,200.0,35.055,> Bebés > Higiene del Bebé > Baño Del Bebé >,shampoo,estandar,general,https://www.farmacity.com/shampoo-dove-baby-humectacion-enriquecida-x-200-ml/p
Farmacity,240013,240013,Shampoo Elvive Glycolic Gloss x 750 ml,Elvive,19990.0,19990.0,True,750.0,26.6533,> Cuidado Capilar > Shampoo Y Acondicionador >,shampoo,profesional,general,https://www.farmacity.com/shampoo-elvive-glyco-gloss-x-750-ml/p
Farmacity,238883,238883,Shampoo Pantene Pro-V Miracles Liso Infinito x 200 ml,Pantene,3807.0,6345.0,True,200.0,19.035,> Cuidado Capilar > Shampoo Y Acondicionador >,shampoo,profesional,general,https://www.farmacity.com/shampoo-pantene-pro-v-miracles-liso-infinito-x-200-ml/p
Farmacity,235977,235977,Shampoo Elvive Reparación Total Extreme x 750 ml,Elvive,17990.0,17990.0,True,750.0,23.9867,> Cuidado Capilar > Shampoo Y Acondicionador >,shampoo,profesional,general,https://www.farmacity.com/shampoo-elvive-reparacion-total-extreme-x-750-ml/p
Farmacity,225540,225540,Shampoo Bagóvit Nutrición Profunda x 350 ml,Bagóvit,9973.0,9973.0,True,350.0,28.4943,> Cuidado Capilar > Shampoo Y Acondicionador >,shampoo,estandar,general,https://www.farmacity.com/shampoo-bagovit-nutricion-profunda-x-350-ml/p
Farmacity,223838,223838,Shampoo para Niños Johnson's Fragancia Prolongada x 400 ml,Johnson's,7169.0,10242.0,True,400.0,17.9225,> Bebés > Higiene del Bebé > Baño Del Bebé >,shampoo,estandar,bebe,https://www.farmacity.com/shampoo-johnsons-niños-fragancia-prolongada-x-400-ml/p
Farmacity,219374,219374,Shampoo Desamarillador Alta Moda Intense Blond x 300 ml,Alta Moda,9008.0,9008.0,True,300.0,30.0267,> Cuidado Capilar > Shampoo Y Acondicionador >,shampoo,estandar,general,https://www.farmacity.com/shampoo-alta-moda-e-desamarillador-x-300-ml/p
Farmacity,200787,200787,Shampoo Fructis Liso Coco x 350 ml,Fructis,7990.0,7990.0,True,350.0,22.8286,> Cuidado Capilar > Shampoo Y Acondicionador >,shampoo,estandar,general,https://www.farmacity.com/shampoo-fructis-liso-coco-x-350-ml/p
Farmacity,3866,138759,Shampoo 2 en 1 Anticaspa Clear Limpieza Diaria x 200 ml,Clear,6213.0,6213.0,True,200.0,31.065,> Cuidado Capilar > Shampoo Y Acondicionador >,shampoo,estandar,anticaspa,https://www.farmacity.com/shampoo-clear-anticaspa-dual-effect-botella-x-200-ml/p
Farmacity,1268,17961,Shampoo Biferdil Equilibrio x 400 ml,Biferdil,12852.0,12852.0,True,400.0,32.13,> Cuidado Capilar > Shampoo Y Acondicionador >,shampoo,estandar,general,https://www.farmacity.com/shampoo-equilibrio-x-400-ml/p
Farmacity,1243,124705,Shampoo Capilatis Control Caída Engrosador x 410 ml,Capilatis,9700.0,9700.0,True,410.0,23.6585,> Cuidado Capilar > Shampoo Y Acondicionador >,shampoo,estandar,general,https://www.farmacity.com/shampoo-control-caida-engrosador-x-410-ml/p
Farmacity,1189,17970,Shampoo Biferdi Nutrición y Reparación x 400 ml,Biferdil,12852.0,12852.0,True,400.0,32.13,> Cuidado Capilar > Shampoo Y Acondicionador >,shampoo,estandar,general,https://www.farmacity.com/shampoo-nutricion-y-reparacion-x-400-ml/p
Farmacity,1103,23605,Shampoo Control Caída con Extracto Vegetal x 410 ml,Capilatis,9700.0,9700.0,True,410.0,23.6585,> Cuidado Capilar > Shampoo Y Acondicionador >,shampoo,estandar,general,https://www.farmacity.com/shampoo-control-caida-con-ortiga-y-extracto-vegetal-x-410-ml/p
Farmacity,248333,248333,Shampoo Ice Professional Refresh My Scalp x 250 ml,Ice,17500.0,25000.0,True,250.0,70.0,> Cuidado Capilar > Shampoo Y Acondicionador >,shampoo,profesional,general,https://www.farmacity.com/shampoo-ice-professional-refresh-my-scalp-x-250-ml/p
Farmacity,248330,248330,Shampoo Ice Professional Keep My Blonde x 250 ml,Ice,17500.0,25000.0,True,250.0,70.0,> Cuidado Capilar > Shampoo Y Acondicionador >,shampoo,profesional,general,https://www.farmacity.com/shampoo-ice-professional-keep-my-blonde-x-250-ml/p
Farmacity,246986,246986,Shampoo Johnson's Kids Fragancia Prolongada Repuesto x 180 ml,Johnson's,3208.0,4583.0,True,180.0,17.8222,> Bebés > Higiene del Bebé > Baño Del Bebé >,shampoo,estandar,bebe,https://www.farmacity.com/shampoo-johnson-kids-frag-prolongada-repuesto-x-180-ml/p
Farmacity,246985,246985,Shampoo Johnson's Baby Original Repuesto x 180 ml,Johnson's,3636.0,5195.0,True,180.0,20.2,> Bebés > Higiene del Bebé > Baño Del Bebé >,shampoo,estandar,general,https://www.farmacity.com/shampoo-johnson-baby-original-repuesto-x-180-ml/p
Farmacity,243568,243568,Shampoo Sedal Luminous UV x 340 ml,Sedal,5837.0,5837.0,True,340.0,17.1676,> Cuidado Capilar > Shampoo Y Acondicionador >,shampoo,estandar,general,https://www.farmacity.com/shampoo-sedal-luminous-uv-x-340-ml/p
Farmacity,208737,208737,Shampoo en Sachet Biferdil Anti Amarillo x 20 ml,Biferdil,1900.0,1900.0,True,20.0,95.0,> Cuidado Capilar > Shampoo Y Acondicionador >,shampoo,estandar,general,https://www.farmacity.com/shampoo-en-sachet-biferdil-anti-amarillo-x-20-ml/p
Farmacity,200786,200786,Shampoo Garnier Fructis Oil Repair Liso Coco x 200 ml,Fructis,5490.0,5490.0,True,200.0,27.45,> Cuidado Capilar > Shampoo Y Acondicionador >,shampoo,profesional,general,https://www.farmacity.com/shampoo-fructis-liso-coco-x-200-ml/p
Farmacity,16487,162826,Shampoo Dove Humectación + Coco y Antioxi x 200 ml,Dove,5788.0,5788.0,True,200.0,28.94,> Cuidado Capilar > Shampoo Y Acondicionador >,shampoo,estandar,general,https://www.farmacity.com/sha-dove-ritual-de-reparacion-x-200ml/p
Farmacity,230004,230004,Shampoo Biferdil Reflejante Plata x 295 ml,Biferdil,17496.0,17496.0,True,295.0,59.3085,> Cuidado Capilar > Shampoo Y Acondicionador >,shampoo,estandar,general,https://www.farmacity.com/shampoo-biferdil-reflejante-plata-x-295-ml/p
Farmacity,229984,229984,Shampoo Tío Nacho Herbolaria Milenaria x 200 ml,Tío Nacho,8250.0,8250.0,True,200.0,41.25,> Cuidado Capilar > Shampoo Y Acondicionador >,shampoo,estandar,general,https://www.farmacity.com/shampoo-tio-nacho-herbolaria-milenaria-x-200-ml/p
Farmacity,143575,143575,Shampoo Revitalizante Biferdil Extracto de Oliva x 300 ml,Biferdil,13176.0,13176.0,True,300.0,43.92,> Cuidado Capilar > Shampoo Y Acondicionador >,shampoo,estandar,general,https://www.farmacity.com/shampoo-revitalizante-biferdil-con-extracto-de-oliva-x-300-ml/p
Farmacity,8851,156282,Shampoo Sedal Crema Balance Toque Seda x 190 ml,Sedal,3907.0,3907.0,True,190.0,20.5632,> Cuidado Capilar > Shampoo Y Acondicionador >,shampoo,estandar,general,https://www.farmacity.com/shampoo-crema-balance-x-190-ml/p
Farmacity,3922,137316,Shampoo Nutrición Profunda x 350 ml,Capilatis,9900.0,9900.0,True,350.0,28.2857,> Cuidado Capilar > Shampoo Y Acondicionador >,shampoo,estandar,general,https://www.farmacity.com/shampoo-nutricion-profunda-x-350-ml/p
Farmacity,250350,250350,Shampoo Elvive Collagen Lifter x 400 ml,Elvive,12490.0,12490.0,True,400.0,31.225,> Cuidado Capilar > Shampoo Y Acondicionador >,shampoo,profesional,general,https://www.farmacity.com/shampoo-elvive-colageno-lifter-x-400-ml/p
Farmacity,250312,250312,Shampoo Kerasys Oriental Premium x 200 ml,Kerasys,34900.0,34900.0,True,200.0,174.5,> Cuidado Capilar > Shampoo Y Acondicionador >,shampoo,estandar,general,https://www.farmacity.com/shampoo-kerasys-oriental-premium-x-200-ml/p
Farmacity,250307,250307,Shampoo Kerasys Propolis Energy Plus x 180 ml,Kerasys,37700.0,37700.0,True,180.0,209.4444,> Cuidado Capilar > Shampoo Y Acondicionador >,shampoo,estandar,general,https://www.farmacity.com/shampoo-kerasys-propolis-energy-plus-x-180-ml/p
Farmacity,250185,250185,Shampoo La Puissance Keratine x 300 ml,La Puissance,16600.0,16600.0,True,300.0,55.3333,> Cuidado Capilar > Shampoo Y Acondicionador >,shampoo,estandar,general,https://www.farmacity.com/shampoo-la-puissance-keratine-x-300-ml/p
Farmacity,250130,250130,Shampoo Dove Reconstrucción + Aminoácido x 650 ml,Dove,16218.0,16218.0,True,650.0,24.9508,> Cuidado Capilar > Shampoo Y Acondicionador >,shampoo,estandar,general,https://www.farmacity.com/shampoo-dove-reconstruccion-aminoacido-x-650-ml/p
Farmacity,41110,41110,Galenic Shampoo x 100 g,Neo Dermos,18655.0,18655.0,True,100.0,186.55,> Venta Bajo Receta > Dermatológico >,shampoo,estandar,general,https://www.farmacity.com/galenic-shampoo-x-100-g/p
Farmacity,142198,142198,Oilsor Shampoo x  100 ml,Tuteur,20150.0,20150.0,True,100.0,201.5,> Venta Bajo Receta > Dermatológico >,shampoo,estandar,general,https://www.farmacity.com/oilsor-shamp--x-100-ml/p
Farmacity,123813,123813,Salac Clobetasol Shampoo x 140 ml,Andromaco,54571.0,54571.0,True,140.0,389.7929,> Venta Bajo Receta > Dermatológico >,shampoo,estandar,general,https://www.farmacity.com/salac-clobetasol-shampoo-x-140-ml/p
Farmacity,40999,40999,Ketoconazol C-86 Shampoo x 120 ml,Valuge,29285.0,29285.0,True,120.0,244.0417,> Venta Bajo Receta > Dermatológico >,shampoo,estandar,general,https://www.farmacity.com/ketoconazol-c-86-shampoo-x-120-ml/p
Farmacity,27051,27051,Quadion Ketoconazol Shampoo x 250 g,Fortbenton,19209.0,19209.0,True,250.0,76.836,> Venta Bajo Receta > Dermatológico >,shampoo,estandar,general,https://www.farmacity.com/quadion-ketoconazol-shampoo-x-250-g/p
Farmacity,18210,12030,Kit Coloración en Shampoo Para Hombre,Just For Men,18346.0,18346.0,True,,,> Cuidado Capilar > Coloración Y Oxidantes >,tratamiento,estandar,tratado,https://www.farmacity.com/kit-coloracion-en-shampoo-para-hombre/p
Farmacity,18210,12031,Kit Coloración en Shampoo Para Hombre,Just For Men,18346.0,18346.0,True,,,> Cuidado Capilar > Coloración Y Oxidantes >,tratamiento,estandar,tratado,https://www.farmacity.com/kit-coloracion-en-shampoo-para-hombre/p
Farmacity,18210,12032,Kit Coloración en Shampoo Para Hombre,Just For Men,18346.0,18346.0,True,,,> Cuidado Capilar > Coloración Y Oxidantes >,tratamiento,estandar,tratado,https://www.farmacity.com/kit-coloracion-en-shampoo-para-hombre/p
Farmacity,18210,12033,Kit Coloración en Shampoo Para Hombre,Just For Men,18346.0,18346.0,True,,,> Cuidado Capilar > Coloración Y Oxidantes >,tratamiento,estandar,tratado,https://www.farmacity.com/kit-coloracion-en-shampoo-para-hombre/p
Farmacity,40533,40533,Targel Coaltar Shampoo x 155 ml,Lagos,40316.0,40316.0,True,155.0,260.1032,> Venta Bajo Receta > Dermatológico >,shampoo,estandar,general,https://www.farmacity.com/targel-coaltar-shampoo-x-155-ml/p
Farmacity,39192,39192,Micoral Ketoconazol Shampoo x 100 ml,Siegfried,17614.0,17614.0,True,100.0,176.14,> Venta Bajo Receta > Dermatológico >,shampoo,estandar,general,https://www.farmacity.com/micoral-ketoconazol-shampoo-x-100-ml/p
Farmacity,152351,152351,Megacistin Shampoo Cistina+Asoc. x 200 ml,Laboratorio Gra,21385.0,21385.0,True,200.0,106.925,> Venta Bajo Receta > Dermatológico >,shampoo,estandar,general,https://www.farmacity.com/megacistin-shampoo-cistina-asoc-x-200-ml/p
Farmacity,238686,238686,Kit Biferdil Anti Amarillo Shampoo + Máscara,Biferdil,20088.0,26784.0,True,,,> Cuidado Capilar > Shampoo Y Acondicionador >,tratamiento,estandar,general,https://www.farmacity.com/kit-biferdil-anti-amarillo-shampoo-mascara/p
Farmacity,237029,237029,Infantil Aveno Crema + Shampoo + Acondicionador,Aveno,55217.0,73623.0,True,,,> Bebés > Higiene del Bebé > Baño Del Bebé >,acondicionador,estandar,bebe,https://www.farmacity.com/infantil-aveno-crema-shampoo-acondicionador/p
Farmacity,225102,225102,Valcatil Max Shampoo Pomo x 150 ml,Panalab,28696.0,28696.0,True,150.0,191.3067,> Venta Bajo Receta > Dermatológico >,shampoo,estandar,general,https://www.farmacity.com/valcatil-max-shampoo-pomo-x-150-ml/p
Farmacity,238660,236793,Tintura en Shampoo Issue Express 5 Min,Issue,4737.0,4737.0,True,,,> Cuidado Capilar > Coloración Y Oxidantes >,shampoo,estandar,tratado,https://www.farmacity.com/tintura-en-shampoo-issue-express-5-min/p
Farmacity,238660,236794,Tintura en Shampoo Issue Express 5 Min,Issue,4737.0,4737.0,True,,,> Cuidado Capilar > Coloración Y Oxidantes >,shampoo,estandar,tratado,https://www.farmacity.com/tintura-en-shampoo-issue-express-5-min/p
Farmacity,238660,236795,Tintura en Shampoo Issue Express 5 Min,Issue,4737.0,4737.0,True,,,> Cuidado Capilar > Coloración Y Oxidantes >,shampoo,estandar,tratado,https://www.farmacity.com/tintura-en-shampoo-issue-express-5-min/p
Farmacity,238660,243616,Tintura en Shampoo Issue Express 5 Min,Issue,4737.0,4737.0,True,,,> Cuidado Capilar > Coloración Y Oxidantes >,shampoo,estandar,tratado,https://www.farmacity.com/tintura-en-shampoo-issue-express-5-min/p
Farmacity,35801,35801,Eumicel 2% Ketoconazol Shampoo x 100 ml,Medisol,12400.0,12400.0,True,100.0,124.0,> Venta Bajo Receta > Dermatológico >,shampoo,estandar,general,https://www.farmacity.com/eumicel-2-ketoconazol-shampoo-x-100-ml/p
Farmacity,238687,238687,Combo Biferdil Anti-Naranja Shampoo + Máscara,Biferdil,20088.0,26784.0,True,,,> Cuidado Capilar > Shampoo Y Acondicionador >,shampoo,estandar,general,https://www.farmacity.com/kit-biferdil-anti-naranja-shampoo-mascara/p
Farmacity,238688,238688,Combo Biferdil Reflejante Plata Shampoo + Máscara,Biferdil,25839.0,34452.0,True,,,> Cuidado Capilar > Shampoo Y Acondicionador >,shampoo,estandar,general,https://www.farmacity.com/kit-biferdil-reflejante-plata-shampoo-mascara/p
Farmacity,155192,155192,Kinderval 1% Permetrina Shampoo x 120 ml,Omicron,13500.0,13500.0,True,120.0,112.5,"> Venta Bajo Receta > Antiparasitarios, Insecticidas y Repelentes >",shampoo,estandar,general,https://www.farmacity.com/kinderval-1-permetrina-shampoo-x-120-ml/p
Farmacity,145041,145041,Ribatra Clobetasol 0.05% Shampoo x 150 ml,Panalab,76591.0,76591.0,True,150.0,510.6067,> Venta Bajo Receta > Dermatológico >,shampoo,estandar,general,https://www.farmacity.com/ribatra-clobetasol-0-05-shampoo-x-150-ml/p
Farmacity,131436,131436,Proavenal Avena+Asoc. Shampoo x 300 ml,Panalab,36637.0,36637.0,True,300.0,122.1233,> Venta Bajo Receta > Dermatológico >,shampoo,estandar,general,https://www.farmacity.com/proavenal-avena-asoc-shampoo-x-300-ml/p
Farmacity,215769,215769,Combo Capilatis Keratina Hair Therapy Shampoo + Acondicionador,Capilatis,15840.0,19800.0,True,,,> Cuidado Capilar > Shampoo Y Acondicionador >,acondicionador,estandar,tratado,https://www.farmacity.com/combo-capilatis-kerattina-hair-herapy/p
Farmacity,149054,149054,Eumicel Colageno 2% Ketoconazol Shampoo x 120 ml,Cassara,22150.0,22150.0,True,120.0,184.5833,> Venta Bajo Receta > Dermatológico >,shampoo,estandar,general,https://www.farmacity.com/eumicel-colageno-2-ketoconazol-shampoo-x-120-ml/p
Farmacity,129522,129522,Octopirox + Asoc Shampoo Anticaspa x 140 ml,L.D.A.,33790.0,33790.0,True,140.0,241.3571,> Venta Bajo Receta > Dermatológico >,shampoo,estandar,anticaspa,https://www.farmacity.com/octopirox-asoc-shampoo-anticaspa-x-140-ml/p
Farmacity,241694,241694,Kit Dove Bond Intense Repair Shampoo + Acondicionador,Dove,10869.0,19761.0,True,,,> Cuidado Capilar > Shampoo Y Acondicionador >,acondicionador,profesional,general,https://www.farmacity.com/combo-dove-bond-intense-repair-shampoo-x-400-ml-acondicionador-x-250-ml/p
Farmacity,31693,31693,Champu Anticaspa Tikl Ketoconazol Shampoo x 240 ml,Monserrat,24550.0,24550.0,True,240.0,102.2917,> Venta Bajo Receta > Dermatológico >,shampoo,estandar,anticaspa,https://www.farmacity.com/champu-anticaspa-tikl-ketoconazol-shampoo-x-240-ml/p
Farmacity,237187,237187,Shampoo Vichy Dercos Energizante Anticaída x 2 un x 200 ml c/u,Vichy,74883.0,106976.0,True,200.0,374.415,> Dermocosmética > Pelo > Shampoos y Acondicionadores >,shampoo,estandar,general,https://www.farmacity.com/shampoo-vichy-dercos-energizante-anticaida-x-2-un-x-200-ml-c-u/p
Farmacity,238809,238809,Combo Shampoo Dercos Anti Caspa x 2 un,Vichy,106976.0,106976.0,True,,,> Dermocosmética > Rostro >,shampoo,estandar,anticaspa,https://www.farmacity.com/combo-shampoo-dercos-anti-caspa-x-2-u/p
Farmacity,132582,132582,L D A Cistina+Asoc. Shampoo x 140 ml,L.D.A.,29566.0,29566.0,True,140.0,211.1857,> Venta Bajo Receta > Dermatológico >,shampoo,estandar,general,https://www.farmacity.com/l-d-a-cistina-asoc-shampoo-x-140-ml/p
Farmacity,27078,27078,Sorsis Coaltar + Asoc. Shampoo x 200 ml,Fortbenton,25830.0,25830.0,True,200.0,129.15,> Venta Bajo Receta > Dermatológico >,shampoo,estandar,general,https://www.farmacity.com/sorsis-coaltar-asoc-shampoo-x-200-ml/p
Farmacity,27075,27075,Sorsis Coaltar + Asoc. Shampoo x 120 ml,Fortbenton,18189.0,18189.0,True,120.0,151.575,> Venta Bajo Receta > Dermatológico >,shampoo,estandar,general,https://www.farmacity.com/sorsis-coaltar-asoc-shampoo-x-120-ml/p
Farmacity,226202,226202,Kit Capilar Bebes y Niños Aveno Shampoo y Acondicionador,Aveno,42220.0,60314.0,True,,,> Cuidado Capilar > Shampoo Y Acondicionador >,acondicionador,estandar,bebe,https://www.farmacity.com/combo-aveno-shampoo-infantil-x-250-ml-acondicionador-infantil-x-250-ml/p
Farmacity,237554,237554,Kit Biferdil Ultra Brillo Bálsamo + Shampoo + Máscara,Biferdil,32967.0,43956.0,True,,,> Cuidado Capilar > Shampoo Y Acondicionador >,tratamiento,estandar,general,https://www.farmacity.com/kit-biferdil-ultra-brillo-balsamo-x-255-ml-shampoo-x-255-ml-mascara-x-150-ml/p
Farmacity,240624,240624,Kit Bagóvit Capilar Reparación Shampoo + Acondicionador + Mascarilla,Bagóvit,29917.0,29917.0,True,,,> Cuidado Capilar > Shampoo Y Acondicionador >,acondicionador,estandar,general,https://www.farmacity.com/kit-bagovit-capilar-reparacion-shampoo-acondicionador-mascarilla/p
Farmacity,237564,237564,Valcatil Complex Aminoacidos + Asoc Shampoo x 300 ml,Panalab,60185.0,60185.0,True,300.0,200.6167,> Venta Bajo Receta > Sistema Digestivo y Metabolismo >,shampoo,estandar,general,https://www.farmacity.com/valcatil-complex-aminoacidos-asoc-shampoo-x-300-ml/p
Farmacity,237037,237037,Infantil Aveno Crema + Shampoo + Gel + Solar,Aveno,75019.0,100025.0,True,,,> Bebés > Higiene del Bebé > Baño Del Bebé >,shampoo,estandar,bebe,https://www.farmacity.com/infantil-aveno-crema-shampoo-gel-solar/p
Farmacity,226197,226197,Kit Cuidado Capilar Aveno Shampoo y Acondicionador 250 ml,Aveno,41818.0,59740.0,True,250.0,167.272,> Cuidado Capilar > Shampoo Y Acondicionador >,acondicionador,estandar,general,https://www.farmacity.com/combo-aveno-acondicionador-restaurador-capilar-x-250-ml-shampoo-hidratante-y-emoliente-para-cuero-cabelludo-reactivo-x-250-ml/p
Farmacity,250538,250538,Combo Dove Men Desodorante Antitranspirante + Shampoo Protección Anticaspa,Dove,15211.0,15211.0,True,,,> Cuidado Capilar > Shampoo Y Acondicionador >,shampoo,estandar,anticaspa,https://www.farmacity.com/combo-dove-men-desodorante-antitranspirante-shampoo-proteccion-anticaspa/p
Farmacity,239183,239183,Aminoterapia Advanced Vitaminas + Aminoácidos Shampoo x 200 ml,Megalabs,39995.0,39995.0,True,200.0,199.975,> Venta Bajo Receta > Dermatológico >,shampoo,estandar,general,https://www.farmacity.com/aminoterapia-advanced-vitaminas-aminoacidos-shampoo-x-200-ml/p
Farmacity,224363,224363,Targel Plus Irgasan + Asoc. Shampoo x 155 ml,Lagos,32945.0,32945.0,True,155.0,212.5484,> Venta Bajo Receta > Dermatológico >,shampoo,estandar,general,https://www.farmacity.com/targel-plus-irgasan-asoc-shampoo-x-155-ml/p
Farmacity,223693,223693,By Derm Capilar Vt Pantenol+Asoc Shampoo x 250ml,Lesag,28780.0,28780.0,True,250.0,115.12,> Venta Bajo Receta > Dermatológico >,shampoo,estandar,general,https://www.farmacity.com/by-derm-capilar-vt-pantenol-asoc-shampoo-x-250ml/p
Farmacity,35868,35868,"Pitiriax Shampoo Salicílico, C. + Asoc. x 100 ml",Medisol,12400.0,12400.0,True,100.0,124.0,> Venta Bajo Receta > Dermatológico >,shampoo,estandar,general,https://www.farmacity.com/pitiriax-shampoo-salicilico-c-asoc-x-100-ml/p
Farmacity,248676,248676,Combo Dove Uv Repair Shampoo + Acondicionador + Oleo,Dove,18782.0,37564.0,True,,,> Cuidado Capilar > Reparación Y Tratamiento >,acondicionador,profesional,general,https://www.farmacity.com/combo-dove-uv-repair-shampoo-acondicionador-oleo/p
Farmacity,236967,236967,Kit Aveno Restaurador Capilar Acondicionador + Shampoo + Jabón,Aveno,55337.0,79053.0,True,,,> Cuidado Capilar > Shampoo Y Acondicionador >,acondicionador,estandar,general,https://www.farmacity.com/acondicionador-aveno-restaurador-capilar-x-250-ml-shampoo-250-ml-jabon-120-g/p
Farmacity,248852,248852,Combo Shampoo Dercos Energizante Anti-Caída  x 2 un,Vichy,74883.0,106976.0,True,,,> Dermocosmética > Pelo > Shampoos y Acondicionadores >,shampoo,estandar,general,https://www.farmacity.com/combo-shampoo-dercos-energizante-anti-caida--x-2-un/p
Farmacity,248857,248857,Combo Dercos Ultra Reparación Shampoo + Acondicionador + Tratamiento,Vichy,195532.0,195532.0,True,,,> Dermocosmética > Pelo > Shampoos y Acondicionadores >,acondicionador,estandar,general,https://www.farmacity.com/combo-dercos-ultra-reparacion-shampoo-acondicionador-tratamiento/p
Farmacity,228358,228358,Capillaire Producto Cosmético Shampoo Caspa Envase x 190 ml,Cepage,29000.0,29000.0,True,190.0,152.6316,> Venta Bajo Receta > Dermatológico >,shampoo,estandar,anticaspa,https://www.farmacity.com/capillaire-producto-cosmetico-shampoo-caspa-envase-x-190-ml/p
Farmacity,226374,226374,Combo Vichy Dercos Caida del Cabello Shampoo + Acondicionador,Vichy,112351.0,112351.0,True,,,> Dermocosmética > Pelo > Shampoos y Acondicionadores >,acondicionador,estandar,general,https://www.farmacity.com/combo-vichy-dercos-caida-del-cabello-shampoo-acondicionador/p
Farmacity,241607,241607,Kit Shampoo y Acondicionador Tío Nacho Engrosador x 415 ml,Tío Nacho,11750.0,23500.0,True,415.0,28.3133,> Cuidado Capilar > Shampoo Y Acondicionador >,acondicionador,estandar,general,https://www.farmacity.com/combo-shampoo-y-acondicionador-tio-nacho-engrosador-x-415-ml/p
Farmacity,245993,245993,Combo Pantene Keratina Shampoo + Acondicionador + Crema para Peinar,Pantene,29131.0,29131.0,True,,,> Cuidado Capilar > Shampoo Y Acondicionador >,acondicionador,estandar,tratado,https://www.farmacity.com/combo-pantene-keratina-shampoo-acondicionador-crema-para-peinar/p
Farmacity,237038,237038,Infantil Aveno Crema + Shampoo + Gel + Protector Solar,Aveno,82342.0,109789.0,True,,,> Bebés > Higiene del Bebé > Baño Del Bebé >,shampoo,estandar,bebe,https://www.farmacity.com/infantil-aveno-crema-shampoo-gel-protector-solar/p
Farmacity,228690,228690,Capillaire Max Aminexil + Asoc Shampoo Anticaida x 190 ml,Cepage,29000.0,29000.0,True,190.0,152.6316,> Venta Bajo Receta > Dermatológico >,shampoo,estandar,general,https://www.farmacity.com/capillaire-max-aminexil-asoc-shampoo-anticaida-x-190-ml/p
Farmacity,248785,248785,Tratamiento Pre-Shampoo Vichy Dercos Collagen 17 x 150 ml,Vichy,71307.0,71307.0,True,150.0,475.38,> Dermocosmética > Pelo > Shampoos y Acondicionadores >,tratamiento,estandar,general,https://www.farmacity.com/shampoo-dercos-ultra-reparacion-con-colageno-x-150-ml/p
Farmacity,226203,226203,Kit Cuidado Infantil Aveno Gel de Baño + Shampoo + Acondicionador,Aveno,67022.0,89363.0,True,,,> Bebés > Higiene del Bebé > Baño Del Bebé >,acondicionador,estandar,bebe,https://www.farmacity.com/combo-aveno-gel-de-bano-infantil-shampoo-infantil-x-250-ml-acondicionador-infantil-x-250-ml/p
Farmacity,248677,248677,Combo Dove Uv Repair Shampoo + Acondicionador + Crema Tratamiento,Dove,18120.0,36240.0,True,,,> Cuidado Capilar > Reparación Y Tratamiento >,acondicionador,profesional,general,https://www.farmacity.com/combo-dove-uv-repair-shampoo-acondicionador-crema-tratamiento/p
Farmacity,235788,235788,Kit Tío NachoShampoo y Acondicionador Aclarante x 415 ml,Tío Nacho,11750.0,23500.0,True,415.0,28.3133,> Cuidado Capilar > Shampoo Y Acondicionador >,acondicionador,estandar,general,https://www.farmacity.com/kit-shampoo-y-acondicionador-tio-nacho-aclarante-x-415-ml/p
Farmacity,242446,242446,Kit Biferdil Óleo de Argán Shampoo + Bálsamo + Máscara Capilar,Biferdil,32481.0,43308.0,True,,,> Cuidado Capilar > Shampoo Y Acondicionador >,tratamiento,estandar,general,https://www.farmacity.com/combo-biferdil-oleo-de-argan-shampoo-x-200-ml-balsamo-x-200-ml-mascara-capilar-x-150-ml/p
Farmacity,232727,232727,Pack Tio Nacho Herbolaria Shampoo + Acondicionador x 415 ml,Tío Nacho,12743.0,16991.0,True,415.0,30.706,> Cuidado Capilar > Shampoo Y Acondicionador >,acondicionador,estandar,general,https://www.farmacity.com/pack-tio-nacho-herbolaria-shampoo-acondicionador-x-415-ml/p
Farmacity,121820,121820,"Salpad T Salicílico, C. + Asoc. Shampoo x 150 ml",Pharmatrix,22399.0,22399.0,True,150.0,149.3267,> Venta Bajo Receta > Dermatológico >,shampoo,estandar,general,https://www.farmacity.com/salpad-t-salicilico-c-asoc-shampoo-x-150-ml/p
Farmacity,239338,239338,"Kit Rutina Fructis Hair Food Nutricion Palta: Shampoo, Acondicionador y Mascarilla",Fructis,23640.0,36370.0,True,,,> Cuidado Capilar > Shampoo Y Acondicionador >,acondicionador,estandar,general,https://www.farmacity.com/kit-fructis-hair-food-nutricion-palta-shampoo-acondicionador-y-mascarilla/p
Farmacity,241695,241695,Kit Dove Bond Intense Repair Shampoo + Acondicionador + Sérum Capilar,Dove,18782.0,37564.0,True,,,> Cuidado Capilar > Shampoo Y Acondicionador >,acondicionador,profesional,general,https://www.farmacity.com/combo-dove-bond-intense-repair-shampoo-x-400-ml-acondicionador-x-250-ml-serum-capilar-x-110-ml/p
Farmacity,241608,241608,Kit Shampoo y Acondicionador Tío Nacho Herbolaria Milenaria x 415 ml,Tío Nacho,11750.0,23500.0,True,415.0,28.3133,> Cuidado Capilar > Shampoo Y Acondicionador >,acondicionador,estandar,general,https://www.farmacity.com/combo-shampoo-y-acondicionador-tio-nacho-herbolaria-milenaria-x-415-ml/p
Farmacity,239339,239339,"Kit Rutina Fructis Hair Food Reparación Coco: Shampoo, Acondicionador y Mascarilla",Fructis,23640.0,36370.0,True,,,> Cuidado Capilar > Shampoo Y Acondicionador >,acondicionador,estandar,general,https://www.farmacity.com/kit-rutina-fructis-hair-food-reparacion-coco-shampoo-acondicionador-y-mascarilla/p
Farmacity,237039,237039,Kit Cuidado Capilar Biferdil Shampoo + Bálsamo + Máscara 100% Vegano,Biferdil,25110.0,33480.0,True,,,> Cuidado Capilar > Shampoo Y Acondicionador >,tratamiento,estandar,general,https://www.farmacity.com/kit-cuidado-capilar-biferdil-shampoo-balsamo-mascara-100-vegano/p
Farmacity,249167,249167,Combo Farmacity Bebé: Shampoo Avena + Baño Líquido + Colonia +Toalla,Farmacity,39600.0,39600.0,True,,,> Bebés > Higiene del Bebé > Baño Del Bebé >,shampoo,estandar,bebe,https://www.farmacity.com/combo-farmacity-bebe-shampoo-avena-bano-liquido-colonia-toalla/p
Farmacity,248851,248851,Combo Shampoo Dercos Anti Caspa x 200 ml x 2 un,Vichy,106976.0,106976.0,True,200.0,534.88,> Dermocosmética > Pelo > Shampoos y Acondicionadores >,shampoo,estandar,anticaspa,https://www.farmacity.com/combo-shampoo-dercos-anti-caspa-x-200-ml-x-2-un/p
Farmacity,240625,240625,Kit Bagóvit Capilar Pelo Largo Shampoo + Acondicionador + Crema para Peinar,Bagóvit,29916.0,29916.0,True,,,> Cuidado Capilar > Shampoo Y Acondicionador >,acondicionador,estandar,general,https://www.farmacity.com/kit-bagovit-capilar-pelo-largo-shampoo-acondicionador-crema-para-peinar/p
Farmacity,223446,223446,Valcatil Max Biotina + Metionina + Asoc. Shampoo x 300 ml,Panalab,51430.0,51430.0,True,300.0,171.4333,> Venta Bajo Receta > Dermatológico >,shampoo,estandar,general,https://www.farmacity.com/valcatil-max-biotina-metionina-asoc-shampoo-x-300-ml/p
Farmacity,248678,248678,Combo Dove Uv Repair Shampoo + Acondicionador + Oleo + Crema,Dove,27021.0,54043.0,True,,,> Cuidado Capilar > Reparación Y Tratamiento >,acondicionador,profesional,general,https://www.farmacity.com/combo-dove-uv-repair-shampoo-acondicionador-oleo-crema/p
Farmacity,237041,237041,Combo Capilar Biferdil Shampoo + Bálsamo + Máscara Nutrición con Vitamina E,Biferdil,27378.0,36504.0,True,,,> Cuidado Capilar > Shampoo Y Acondicionador >,shampoo,estandar,general,https://www.farmacity.com/kit-capilar-biferdil-shampoo-balsamo-mascara-nutricion-con-vitamina-e/p
Farmacity,242444,242444,Kit Biferdil Shampoo + Máscara Ultra Brillo + Tratamiento Protector Térmico,Biferdil,33210.0,44280.0,True,,,> Cuidado Capilar > Shampoo Y Acondicionador >,tratamiento,estandar,general,https://www.farmacity.com/combo-biferdil-shampoo-x-255-ml-mascara-ultra-brillo-x-150-ml-tratamiento-protector-termico-x-250-ml/p
Farmacity,222761,222761,"Eumicel S Ketoconazol + Salicílico, C. 2% Shampoo x 120 ml",Cassar,25470.0,25470.0,True,120.0,212.25,> Venta Bajo Receta > Dermatológico >,shampoo,estandar,general,https://www.farmacity.com/eumicel-s-ketoconazol-salicilico-c-2-shampoo-x-120-ml/p
Farmacity,246471,246471,"Kit Rutina Fructis Hair Food Anti-Quiebre Ananá: Shampoo, Acondicionador y Mascarilla",Fructis,23640.0,36370.0,True,,,> Cuidado Capilar > Shampoo Y Acondicionador >,acondicionador,estandar,general,https://www.farmacity.com/kit-rutina-fructis-hair-food-anti-quiebre-anana-shampoo-acondicionador-mascarilla/p
Farmacity,250539,250539,Combo Dove Men Desodorante Antitranspirante en Aerosol + Shampoo 2 en 1,Dove,15211.0,15211.0,True,,,> Cuidado Capilar > Shampoo Y Acondicionador >,shampoo,estandar,general,https://www.farmacity.com/combo-dove-men-desodorante-antitranspirante-en-aerosol-shampoo-2-en-1/p
Farmacity,248666,248666,Combo Dove Shampoo + Acondicionador + Oleo + Crema + Serum Corporal,Dove,63228.0,114960.0,True,,,> Cuidado de la Piel > Cuidado Facial >,acondicionador,estandar,general,https://www.farmacity.com/combo-dove-shampoo-acondicionador-oleo-crema-serum-corporal/p
Farmacity,248812,248812,Combo Pantene Anti Caída Shampoo + Acondicionador + Crema de Peinar + Óleo,Pantene,49309.0,49309.0,True,,,> Cuidado Capilar > Shampoo Y Acondicionador >,acondicionador,estandar,general,https://www.farmacity.com/combo-pantene-anti-caida-shampoo-acondicionador-crema-de-peinar-oleo/p
Farmacity,242445,242445,Kit Biferdil Shampoo Óleo de Argán + Bálsamo Óleo de Argán + Spray Bifásico,Biferdil,38718.0,51624.0,True,,,> Cuidado Capilar > Shampoo Y Acondicionador >,tratamiento,estandar,general,https://www.farmacity.com/combo-biferdil-shampoo-oleo-de-argan-x-200-ml-balsamo-oleo-de-argan-x-200-ml-spray-bifasico-oleo-de-argan-x-150-ml/p
Farmacity,246148,246148,"Kit Rutina Completa Elvive Dream Liso: Shampoo, Acondicionador, Crema para Peinar y Sérum",Elvive,32976.0,54960.0,True,,,> Cuidado Capilar > Shampoo Y Acondicionador >,acondicionador,profesional,general,https://www.farmacity.com/kit-rutina-completa-elvive-dream-liso-shampoo-acondicionador-crema-para-peinar-y-serum/p
Farmacity,245996,245996,Combo Head & Shoulders Shampoo x 375 ml + Acondicionador x 300 ml,Head and Shoulders,12827.0,23321.0,True,375.0,34.2053,> Cuidado Capilar > Shampoo Y Acondicionador >,acondicionador,estandar,general,https://www.farmacity.com/combo-head-shoulders-shampoo-x-375-ml-acondicionador-x-300-ml/p
Farmacity,241957,241957,Kit Tio Nacho Anticanas Shampoo x 415 ml + Acondicionador x 415 ml,Tío Nacho,11750.0,23500.0,True,415.0,28.3133,> Cuidado Capilar > Shampoo Y Acondicionador >,acondicionador,estandar,general,https://www.farmacity.com/combo-tio-nacho-anticanas-shampoo-x-415-ml-acondicionador-x-415-ml/p
Farmacity,247391,247391,Combo Bagóvit Capilar Largo y Sin Frizz Shampoo + Acondicionador + Crema de Peinar,Bagóvit,29916.0,29916.0,True,,,> Cuidado Capilar > Shampoo Y Acondicionador >,acondicionador,estandar,general,https://www.farmacity.com/combo-bagovit-capilar-largo-y-sin-frizz-shampoo-x-350-ml-acondicionador-x-350-ml-crema-de-peinar-x-200-ml/p
Farmacity,219271,219271,Set Sally Unicornio Body Splash x 125 ml + Shampoo x 200 ml,Algabo,11526.0,11526.0,True,125.0,92.208,> Perfumes Y Fragancias > Bebés Y Niños >,shampoo,estandar,general,https://www.farmacity.com/set-de-regalo-algabo-sally-unicornio-fragancia-corporal-x-125-ml-shampoo-x-200-ml/p
Farmacity,241722,241722,Kit Capilar Tresemmé Brillo Lamelar P Shampoo + Acondicionador + Protector Térmico Spray,Tresemmé,18047.0,30078.0,True,,,> Cuidado Capilar > Shampoo Y Acondicionador >,acondicionador,estandar,general,https://www.farmacity.com/combo-capilar-tresemme-brillo-lamelar-p-shampoo-x-500-ml-acondicionador-x-500-ml-protector-termico-spray-x-120-ml/p
Farmacity,245992,245992,Combo Pantene Colageno Shampoo +  Acondicionador + Crema para Peinar + Sérum Concentrado,Pantene,37538.0,37538.0,True,,,> Cuidado Capilar > Shampoo Y Acondicionador >,acondicionador,estandar,general,https://www.farmacity.com/combo-pantene-colageno-shampoo--acondicionador-crema-para-peinar-serum-concentrado/p
Farmacity,243766,243766,Combo Capilatis Plex Shampoo x 350 ml + Crema Tratamiento x 170 ml,Capilatis,22400.0,22400.0,True,350.0,64.0,> Cuidado Capilar > Shampoo Y Acondicionador >,tratamiento,estandar,general,https://www.farmacity.com/combo-capilatis-plex-shampoo-x-350-ml-crema-tratamiento-x-170-ml/p
Farmacity,234693,234693,Kit Elvive Hialurónico Pure Acondicionador + Shampoo + Mascarilla + Oleo L'Oréal París,Elvive,32136.0,53560.0,True,,,> Cuidado Capilar > Shampoo Y Acondicionador >,acondicionador,profesional,general,https://www.farmacity.com/combo-loreal-paris-elvive-hialuronico-pure-acondicionador-x-400-ml-shampoo-x-400-ml-mascarilla-capilar-x-300-g/p
Farmacity,241719,241719,Kit Capilar Tresemmé Brillo Lamelar P Shampoo + Acondicionador + Óleo Finisher Textura Liviana,Tresemmé,19360.0,32267.0,True,,,> Cuidado Capilar > Shampoo Y Acondicionador >,acondicionador,estandar,general,https://www.farmacity.com/combo-capilar-tresemme-brillo-lamelar-p-shampoo-x-500-ml-acondicionador-x-500-ml-oleo-finisher-textura-liviana-x-60-ml/p
Farmacity,241698,241698,Kit Dove Bond Intense Repair Shampoo + Acondicionador + Sérum Capilar + Máscara de Tratamiento,Dove,27021.0,54043.0,True,,,> Cuidado Capilar > Shampoo Y Acondicionador >,acondicionador,profesional,general,https://www.farmacity.com/combo-dove-bond-intense-repair-shampoo-x-400-ml-acondicionador-x-250-ml-serum-capilar-x-110-ml-mascara-de-tratamiento-x-250-g/p
Farmacity,239792,239792,"Kit Rutina Fructis Hair Food Restauracion Rulos Cacao: Shampoo, Crema Para Peinar y Mascarilla",Fructis,22210.0,34170.0,True,,,> Cuidado Capilar > Shampoo Y Acondicionador >,tratamiento,estandar,rizado,https://www.farmacity.com/kit-rutina-fructis-hair-food-restauracion-rulos-cacao-shampoo-crema-para-peinar-acondicionador/p
Farmacity,244318,244318,Combo Tío Nacho Reno Aclarante Acondicionador x 415 ml + Shampoo x 415 ml,Tío Nacho,23500.0,23500.0,True,415.0,56.6265,> Cuidado Capilar > Shampoo Y Acondicionador >,acondicionador,estandar,general,https://www.farmacity.com/combo-tio-nacho-reno-aclarante-acondicionador-x-415-ml-shampoo-x-415-ml/p
Farmacity,219269,219269,Set Valija Algabo Baby Body Splash x 125 ml + Shampoo x 200 ml,Algabo,11190.0,11190.0,True,125.0,89.52,> Perfumes Y Fragancias > Bebés Y Niños >,shampoo,estandar,general,https://www.farmacity.com/set-de-regalo-algabo-baby-colonia-dulces-mimos-x-200-ml-polvo-de-fecula-extra-suave-x-200-g/p
Farmacity,249605,249605,Combo Fructis Probióticos Fuerza Shampoo + Acondicionador + Protector Solar Anti-Manchas Fps 50+,Garnier,27582.0,45970.0,True,,,> Cuidado Capilar > Shampoo Y Acondicionador >,acondicionador,profesional,general,https://www.farmacity.com/combo-fructis-probioticos-fuerza-shampoo-acondicionador-protector-solar-anti-manchas-fps-50/p
Farmacity,236964,236964,Kit Aveno Restaurador Capilar Acondicionador + Shampoo + Emulsión + Jabón + Gel de Limpieza,Aveno,120078.0,171540.0,True,,,> Cuidado Capilar > Shampoo Y Acondicionador >,acondicionador,estandar,general,https://www.farmacity.com/acondicionador-aveno-restaurador-capilar-x-250-ml-shampoo-x-250-ml-emulsion-x-400-ml-jabon-x-120-g-gel-de-limpieza-x-250-g/p
Farmacity,239334,239334,Kit Rutina Básica L'Oreal Paris Elvive Reparación Total 5: Shampoo y Acondicionador 400 ml,Elvive,13428.0,22380.0,True,400.0,33.57,> Cuidado Capilar > Shampoo Y Acondicionador >,acondicionador,profesional,general,https://www.farmacity.com/kit-elvive-reparacion-total-5-rutina-basica-400ml-shampoo-y-acondicionador/p
Farmacity,240581,240581,Combo Baño Farmacity Bebé Jabón de Glicerina x 120 g + Shampoo de Avena x 200 ml,Farmacity Bebé,3523.0,7830.0,True,120.0,29.3583,> Bebés > Higiene del Bebé >,shampoo,estandar,bebe,https://www.farmacity.com/combo-bano-farmacity-bebe-jabon-de-glicerina-x-120-g-bano-liquido-x-200-ml-shampoo-de-avena-x-200-ml/p
Farmacity,245999,245999,Combo Head & Shoulders Shampoo Antifall x 375 ml + Acondicionador Antifall x 300 ml,Head and Shoulders,12827.0,23321.0,True,375.0,34.2053,> Cuidado Capilar > Shampoo Y Acondicionador >,acondicionador,estandar,general,https://www.farmacity.com/combo-head-shoulders-shampoo-antifall-x-375-ml-acondicionador-antifall-x-300-ml/p
Farmacity,249165,249165,Combo  Farmacity Bebé: Repuesto Oléo + Toallitas Húmedas + Shampoo + Baño Líquido + Jabón,Farmacity,25620.0,25620.0,True,,,> Bebés > Higiene del Bebé > Baño Del Bebé >,shampoo,estandar,bebe,https://www.farmacity.com/combo-farmacity-bebe-repuesto-oleo-toallitas-humedas-shampoo-bano-liquido-jabon/p
Farmacity,249635,249635,Kit Vichy Concentrado Minéral 89 x 50 ml + Shampoo Dercos Anti-Caspa x 200 ml,Vichy,146993.0,146993.0,True,50.0,2939.86,> Dermocosmética > Rostro > Hidratación >,tratamiento,estandar,anticaspa,https://www.farmacity.com/kit-vichy-concentrado-mineral-89-x-50-ml-shampoo-dercos-anti-caspa-x-200-ml/p
Farmacity,237997,237997,Combo Ruh Shampoo Sólido Cabello Gaso Silver x 65 g + Acondicionador Sólido x 45 g,Ruh Natural,27015.0,27015.0,True,65.0,415.6154,> Cuidado Capilar > Shampoo Y Acondicionador >,acondicionador,estandar,general,https://www.farmacity.com/combo-ruh-shampoo-cabello-gaso-silver-x-65-g-acondicionador-ruh-x-45-g/p
Farmacity,245997,245997,Combo Head & Shoulders Shampoo Manzana Fresh x 375 ml + Acondicionador Manzana Fresh x 300 ml,Head and Shoulders,12827.0,23321.0,True,375.0,34.2053,> Cuidado Capilar > Shampoo Y Acondicionador >,acondicionador,estandar,general,https://www.farmacity.com/combo-head-shoulders-shampoo-manzana-fresh-x-375-ml-acondicionador-manzana-fresh-x-300-ml/p
Farmacity,237998,237998,Combo Ruh Shampoo Sólido Cabello Normal Off White x 65 g + Acondicionador Sólido x 45 g,Ruh Natural,27015.0,27015.0,True,65.0,415.6154,> Cuidado Capilar > Shampoo Y Acondicionador >,acondicionador,estandar,general,https://www.farmacity.com/combo-ruh-cabello-normal-off-white-x-65-g-acondicionador-ruh-x-45-g/p
Farmacity,237996,237996,Combo Ruh Shampoo Sólido Cabello Dañado Yeloow Submarine x 65 g + Acondicionador Sólido x 45 g,Ruh Natural,27015.0,27015.0,True,65.0,415.6154,> Cuidado Capilar > Shampoo Y Acondicionador >,acondicionador,estandar,seco_danado,https://www.farmacity.com/combo-ruh-shampoo-cabello-danado-yeloow-submarine-x-65-g-acondicionador-ruh-x-45-g/p
Farmacity,246000,246000,Combo Head & Shoulders Shampoo Aceite de Coco x 375 ml + Acondicionador Aceite de Coco x 300 ml,Head and Shoulders,12827.0,23321.0,True,375.0,34.2053,> Cuidado Capilar > Shampoo Y Acondicionador >,acondicionador,estandar,general,https://www.farmacity.com/combo-head-shoulders-shampoo-aceite-de-coco-x-375-ml-acondicionador-aceite-de-coco-x-300-ml/p
Farmacity,245998,245998,Combo Head & Shoulders Shampoo Fuerza de Raíz x 375 ml + Acondicionador Fuerza de Raíz x 300 ml,Head and Shoulders,12827.0,23321.0,True,375.0,34.2053,> Cuidado Capilar > Shampoo Y Acondicionador >,acondicionador,estandar,general,https://www.farmacity.com/combo-head-shoulders-shampoo-fuerza-de-raiz-x-375-ml-acondicionador-fuerza-de-raiz-x-300-ml/p
Farmacity,238000,238000,Combo Ruh Shampoo Sólido Cabello Teñido Natural Lavender x 65 g + Acondicionador Sólido x 45 g,Ruh Natural,27015.0,27015.0,True,65.0,415.6154,> Cuidado Capilar > Shampoo Y Acondicionador >,acondicionador,estandar,tratado,https://www.farmacity.com/combo-ruh-shampoo-solido-natural-lavender-x-65-g-acondicionador-ruh-x-45-g/p
Farmacity,237999,237999,Combo Ruh Shampoo Sólido Cabello Seco Mechanic Orange x 65 g + Acondicionador Sólido x 45 g,Ruh Natural,27015.0,27015.0,True,65.0,415.6154,> Cuidado Capilar > Shampoo Y Acondicionador >,acondicionador,estandar,seco_danado,https://www.farmacity.com/combo-ruh-shampoo-solido-cabello-seco-mechanic-orange-x-65-g-acondicionador-ruh-x-45-g/p
Farmacity,247392,247392,Combo Bagóvit Capilar Plasma Vegetal Shampoo x 350 ml + Acondicionador x 350 ml + Mascarilla x 300 ml,Bagóvit,31332.0,31332.0,True,350.0,89.52,> Cuidado Capilar > Shampoo Y Acondicionador >,acondicionador,estandar,general,https://www.farmacity.com/combo-bagovit-capilar-plasma-vegetal-shampoo-x-350-ml-acondicionador-x-350-ml-mascarilla-x-300-ml/p
Farmacity,237556,237556,Kit Capilar Biferdi Nutrición y Reparación Shampoo x 400 ml + Bálsamo x 400 ml + Máscara x 150 ml,Biferdil,27378.0,36504.0,True,400.0,68.445,> Cuidado Capilar > Shampoo Y Acondicionador >,tratamiento,estandar,general,https://www.farmacity.com/kit-capilar-biferdi-nutricion-y-reparacion-shampoo-x-400-ml-balsamo-x-400-ml-mascara-x-150-ml/p
Farmacity,240580,240580,Combo Baño Farmacity Bebé Jabón de Glicerina x 120 g + Baño Liquido x 200 ml + Shampoo de Avena x 200 ml,Farmacity Bebé,5863.0,13030.0,True,120.0,48.8583,> Bebés > Higiene del Bebé >,shampoo,estandar,bebe,https://www.farmacity.com/combo-bano-farmacity-bebe-jabon-de-glicerina-x-120-g-shampoo-de-avena-x-200-ml/p
Farmacity,241721,241721,Kit Capilar Tresemmé Dosificador Cauterización Reparadora Shampoo x 500 ml + Acondicionador x 500 ml + Óleo Finisher Textura Liviana x 60 ml,Tresemmé,19360.0,32267.0,True,500.0,38.72,> Cuidado Capilar > Shampoo Y Acondicionador >,acondicionador,estandar,general,https://www.farmacity.com/combo-capilar-tresemme-dosificador-cauterizacion-reparadora-shampoo-x-500-ml-acondicionador-x-500-ml-oleo-finisher-textura-liviana-x-60-ml/p
Farmacity,241724,241724,Kit Capilar Tresemmé Dosificador Ondas Boho Shampoo x 500 ml + Acondicionador x 500 ml + Protector Térmico Spray x 120 ml,Tresemmé,18047.0,30078.0,True,500.0,36.094,> Cuidado Capilar > Shampoo Y Acondicionador >,acondicionador,estandar,general,https://www.farmacity.com/combo-capilar-tresemme-dosificador-ondas-boho-shampoo-x-500-ml-acondicionador-x-500-ml-protector-termico-spray-x-120-ml/p
Farmacity,246516,246516,Combo Huggies Natural Care Pañales Talle RN + Toallitas Húmedas Triple Protección con Óleo Calcáreo + Jabon Liquido + Shampoo Hora de Soñar,Huggies,30437.0,43481.0,True,,,> Bebés > Pañales > Pañales Descartables >,shampoo,estandar,general,https://www.farmacity.com/combo-huggies-natural-care-panales-talle-rn-toallitas-humedas-triple-proteccion-con-oleo-calcareo-jabon-liquido-shampoo-hora-de-sonar/p
Farmacity,240579,240579,Combo Baño Farmacity Bebé Jabón de Glicerina x 120 g + Repuesto de Baño Liquido x 180 ml + Shampoo de Avena x 200 ml,Farmacity Bebé,5368.0,11930.0,True,120.0,44.7333,> Bebés > Higiene del Bebé >,shampoo,estandar,bebe,https://www.farmacity.com/combo-bano-farmacity-bebe-jabon-de-glicerina-x-120-g-repuesto-de-bano-liquido-x-180-ml-shampoo-de-avena-x-200-ml/p
Farmacity,241725,241725,Kit Capilar Tresemmé Brillo Lamelar Shampoo x 500 ml + Acondicionador x 500 ml + Óleo x 60 ml + Sérum x 170 ml,Tresemmé,26571.0,44285.0,True,500.0,53.142,> Cuidado Capilar > Shampoo Y Acondicionador >,acondicionador,estandar,general,https://www.farmacity.com/combo-capilar-tresemme-brillo-lamelar-shampoo-x-500-ml-acondicionador-x-500-ml-oleo-x-60-ml-serum-x-170-ml/p
Farmacity,241720,241720,Kit Capilar Tresemmé Dosificador Keratina AntiFrizz Shampoo x 500 ml + Acondicionador x 500 ml + Óleo Finisher Textura Liviana x 60 ml,Tresemmé,19360.0,32267.0,True,500.0,38.72,> Cuidado Capilar > Shampoo Y Acondicionador >,acondicionador,estandar,tratado,https://www.farmacity.com/combo-capilar-tresemme-dosificador-keratina-antifrizz-shampoo-x-500-ml-acondicionador-x-500-ml-oleo-finisher-textura-liviana-x-60-ml/p
Farmacity,242449,242449,Kit Biferdil Control Caída Loción Bioxidil x 100 ml + Ampolla Capilar con Bioxidil x 10 ml + Shampoo Fortalecedor y Engrosador x 250 ml,Biferdil,60384.0,60384.0,True,100.0,603.84,> Cuidado Capilar > Shampoo Y Acondicionador >,tratamiento,estandar,general,https://www.farmacity.com/combo-biferdil-control-caida-locion-bioxidil-x-100-ml-ampolla-capilar-con-bioxidil-x-10-ml-shampoo-fortalecedor-y-engrosador-x-250-ml/p
Farmacity,7760,152465,Spray para Peinar para Niños Johnson's Baby Gotas de Brillo x 200 ml,Johnson's,5017.0,7167.0,True,200.0,25.085,> Bebés > Higiene del Bebé > Baño Del Bebé >,shampoo,estandar,bebe,https://www.farmacity.com/spray-para-peinar-gotas-de-brillo-x-200-ml/p
Farmacity,7801,150809,Jabón Líquido para Bebé Johnson's Recién Nacido x 200 ml,Johnson's,4058.0,5797.0,True,200.0,20.29,> Bebés > Higiene del Bebé > Baño Del Bebé >,shampoo,estandar,bebe,https://www.farmacity.com/jabon-liquido-recien-nacido-x-200-ml/p
Farmacity,7695,150810,Crema Hidratante para Bebé Johnson's Recién Nacido x 200 ml,Johnson's,3989.0,5698.0,True,200.0,19.945,> Bebés > Higiene del Bebé > Óleos y Algodón >,shampoo,estandar,seco_danado,https://www.farmacity.com/crema-hidratante-recien-nacido-x-200-ml/p
Farmacity,195,12706,Aceite para Bebé Johnson's Puro x 100 ml,Johnson's,4270.0,6100.0,True,100.0,42.7,> Bebés > Higiene del Bebé > Óleos y Algodón >,shampoo,estandar,bebe,https://www.farmacity.com/aceite-humecta-y-suaviza-puro-x-100-ml/p
Farmacity,14973,139289,Colonia Fresca Johnson's Caricia x 100 ml,Johnson's,3233.0,4618.0,True,100.0,32.33,> Bebés > Higiene del Bebé > Fragancias de Bebés y Niños >,shampoo,estandar,general,https://www.farmacity.com/colonia-fresca-caricia-suave-para-la-piel-x-100-ml/p
Farmacity,513,12707,Aceite para Bebé Johnson's Puro x 200 ml,Johnson's,5816.0,8309.0,True,200.0,29.08,> Bebés > Higiene del Bebé > Óleos y Algodón >,shampoo,estandar,bebe,https://www.farmacity.com/aceite-puro-humecta-y-suaviza-x-200-ml/p
Farmacity,422,45346,Jabón Líquido Johnson's Baby Glicerina x 200 ml,Johnson's,3779.0,5399.0,True,200.0,18.895,> Bebés > Higiene del Bebé > Baño Del Bebé >,shampoo,estandar,general,https://www.farmacity.com/jabon-liquido-de-glicerina-con-vitamina-e-x-200-ml/p
Farmacity,14976,139290,Colonia Fresca Johnson’s Caricia x 200 ml,Johnson's,5484.0,7835.0,True,200.0,27.42,> Bebés > Higiene del Bebé > Fragancias de Bebés y Niños >,shampoo,estandar,general,https://www.farmacity.com/colonia-fresca-caricia-suave-para-la-piel-x-200-ml/p
Farmacity,214579,214579,Jabón en Barra Johnson's Glicerina x 80 g,Johnson's,1438.0,2054.0,True,80.0,17.975,> Bebés > Higiene del Bebé > Baño Del Bebé >,shampoo,estandar,general,https://www.farmacity.com/jabon-en-barra-johnsons-glicerina-x-80-g/p
Farmacity,228240,228240,Crema Hidratante para Bebé Johnson's x 200 ml,Johnson's,3847.0,5496.0,True,200.0,19.235,> Bebés > Higiene del Bebé > Óleos y Algodón >,shampoo,estandar,seco_danado,https://www.farmacity.com/crema-corporal-johnsons-baby-rosa-x-200-ml/p
Farmacity,227717,227717,Pila para Audífonos Duracel Tamaño 10 Blister x 6 u,Duracell,12520.0,12520.0,True,,,> Hogar y Alimentos > Electrónica y Pilas > Pilas >,shampoo,estandar,general,https://www.farmacity.com/pila-duracell-auditiva-10-x-6-un/p
Farmacity,215763,215763,Combo Capilatis Argán Natural Oil,Capilatis,17600.0,22000.0,True,,,> Cuidado Capilar > Shampoo Y Acondicionador >,shampoo,estandar,general,https://www.farmacity.com/combo-capilatis-argan-natural-oil/p
Farmacity,215758,215758,Combo Capilatis Iluminador Puro Rubio,Capilatis,15520.0,19400.0,True,,,> Cuidado Capilar > Shampoo Y Acondicionador >,shampoo,estandar,general,https://www.farmacity.com/combo-capilatis-iluminador-puro-rubio/p
Farmacity,10028,157548,Champú Sellador del Color Biferdil Quinoa x 400 ml,Biferdil,17928.0,17928.0,True,400.0,44.82,> Cuidado Capilar > Shampoo Y Acondicionador >,shampoo,estandar,tratado,https://www.farmacity.com/champu-sellador-del-color-quinoa-y-filtro-solar-uv-x-400-ml/p
Farmacity,2220338,240274,Kit Rutina Completa L'Oreal Paris Elvive Glycolic Gloss Brillo Intenso,Elvive,34296.0,57160.0,True,,,> Cuidado Capilar > Shampoo Y Acondicionador >,tratamiento,profesional,general,https://www.farmacity.com/combo-elvive-glyco-gloss-shampoo-400-ml-acondicionador-400-ml-mascarilla-reconstructora-400-ml-serum-100-ml/p
Farmacity,237370,237370,Crema Hidratante para Bebé Johnson's para Antes de Dormir x 200 ml,Johnson's,3851.0,5501.0,True,200.0,19.255,> Bebés > Higiene del Bebé > Óleos y Algodón >,shampoo,estandar,seco_danado,https://www.farmacity.com/crema-johnson-baby-antes-de-dormir-x-200-ml/p
Farmacity,215762,215762,Combo Capilatis Anticaída Ortiga Tratante,Capilatis,15520.0,19400.0,True,,,> Cuidado Capilar > Shampoo Y Acondicionador >,shampoo,estandar,general,https://www.farmacity.com/combo-capilatis-anticaida-ortiga-tratante/p
Farmacity,215761,215761,Combo Capilatis Anticaída Ortiga Graso,Capilatis,15520.0,19400.0,True,,,> Cuidado Capilar > Shampoo Y Acondicionador >,shampoo,estandar,graso,https://www.farmacity.com/combo-capilatis-anticaida-ortiga-graso/p
Farmacity,244698,244698,Crema Tratamiento Elvive Dream Liso x 300 g,Elvive,12190.0,12190.0,True,300.0,40.6333,> Cuidado Capilar > Reparación Y Tratamiento >,tratamiento,profesional,general,https://www.farmacity.com/crema-tratamiento-elvive-dream-liso-x-300-g/p
Farmacity,245995,245995,Combo Pantene 3 MM Acondicionador Nutrición + Acondicionador Hidratación,Pantene,19294.0,19294.0,True,,,> Cuidado Capilar > Shampoo Y Acondicionador >,acondicionador,estandar,seco_danado,https://www.farmacity.com/combo-pantene-3-mm-acondicionador-nutricion-acondicionador-hidratacion/p
Farmacity,247954,247954,Combo Pantene Colágeno x 510 ml,Pantene,62870.0,62870.0,True,510.0,123.2745,> Cuidado Capilar > Shampoo Y Acondicionador >,shampoo,estandar,general,https://www.farmacity.com/combo-pantene-colageno-x-510-ml-1/p
Farmacity,215760,215760,Combo Capilatis Aloe Vera Puro,Capilatis,17600.0,22000.0,True,,,> Cuidado Capilar > Shampoo Y Acondicionador >,shampoo,estandar,general,https://www.farmacity.com/combo-capilatis-aloe-vera-puro/p
Farmacity,247952,247952,Combo Pantene Keratina x 510 ml,Pantene,54463.0,54463.0,True,510.0,106.7902,> Cuidado Capilar > Shampoo Y Acondicionador >,shampoo,estandar,tratado,https://www.farmacity.com/combo-pantene-keratina-x-510-ml/p
Farmacity,244697,244697,Crema para Peinar Elvive Dream Liso x 250 ml,Elvive,9990.0,9990.0,True,250.0,39.96,> Cuidado Capilar > Modelado Y Peinado >,shampoo,profesional,general,https://www.farmacity.com/crema-para-peinar-elvive-dream-liso-x-250-ml/p
Farmacity,236058,236058,Bálsamo Biferdil Óleo de Argán x 200 ml,Biferdil,14256.0,14256.0,True,200.0,71.28,> Cuidado Capilar > Reparación Y Tratamiento >,shampoo,estandar,general,https://www.farmacity.com/balsam-biferdil-oleo-de-argan-x-200-ml/p
Farmacity,215759,215759,Combo Capilatis Anticaída Concentrado Ortiga,Capilatis,16800.0,21000.0,True,,,> Cuidado Capilar > Shampoo Y Acondicionador >,shampoo,estandar,general,https://www.farmacity.com/combo-capilatis-anticaida-concentrado-ortiga/p
Farmacity,212380,212380,Bálsamo Biferdil Proteínas de Soja x 400 ml,Biferdil,13608.0,13608.0,True,400.0,34.02,> Cuidado Capilar > Reparación Y Tratamiento >,shampoo,estandar,general,https://www.farmacity.com/balsamo-biferdil-proteinas-de-soja-x-400-ml/p
Farmacity,245656,245656,Combo Óleo Extraordinario Elvive x 100 ml x 2 un,Elvive,39980.0,39980.0,True,100.0,399.8,> Cuidado Capilar > Reparación Y Tratamiento >,shampoo,profesional,general,https://www.farmacity.com/combo-oleo-extraordinario-elvive-x-100-ml-x-2-un/p
Farmacity,248554,248554,Acondicionador Elvive Glycolic Cristal x 400 ml,Elvive,7494.0,12490.0,True,400.0,18.735,> Cuidado Capilar > Shampoo Y Acondicionador >,acondicionador,profesional,general,https://www.farmacity.com/acondicionador--glycolic-cristal-x-400-ml/p
Farmacity,241717,241717,Kit Capilar Dove Óleo Nutrición,Dove,15984.0,29062.0,True,,,> Cuidado Capilar > Shampoo Y Acondicionador >,tratamiento,estandar,general,https://www.farmacity.com/combo-capilar-dove-oleo-nutricion/p
Farmacity,215768,215768,Combo Capilatis Brillo Extremo,Capilatis,15520.0,19400.0,True,,,> Cuidado Capilar > Shampoo Y Acondicionador >,shampoo,estandar,general,https://www.farmacity.com/combo-capilatis-brillo-extremo/p
Farmacity,246647,246647,Acondicionador Pantene Bamboo x 250 ml,Pantene,6137.0,10228.0,True,250.0,24.548,> Cuidado Capilar > Shampoo Y Acondicionador >,acondicionador,estandar,general,https://www.farmacity.com/acondicionador-pantene-bamboo-x-250-ml/p
Farmacity,215770,215770,Combo Capilatis Lifting Capilar,Capilatis,20800.0,26000.0,True,,,> Cuidado Capilar > Shampoo Y Acondicionador >,shampoo,estandar,general,https://www.farmacity.com/combo-capilatis-lifting-capilar/p
Farmacity,228552,228552,Ampolla Biferdil 1007 Caída Severa x 20 ml,Biferdil,7700.0,7700.0,True,20.0,385.0,> Cuidado Capilar > Reparación Y Tratamiento >,shampoo,estandar,general,https://www.farmacity.com/ampolla-biferdil-1007-caida-severa-x-20-ml/p
Farmacity,4763,137831,Óleo Extraordinario Elvive x 100 ml,Elvive,19990.0,19990.0,True,100.0,199.9,> Cuidado Capilar > Reparación Y Tratamiento >,shampoo,profesional,general,https://www.farmacity.com/oleo-extraordinario-x-100-ml/p
Farmacity,241715,241715,Kit Capilar Dove Reconstrucción Completa,Dove,15984.0,29062.0,True,,,> Cuidado Capilar > Shampoo Y Acondicionador >,tratamiento,estandar,general,https://www.farmacity.com/combo-capilar-dove-reconstruccion-completa/p
Farmacity,246648,246648,Acondicionador Pantene Bamboo x 150 ml,Pantene,3797.0,6329.0,True,150.0,25.3133,> Cuidado Capilar > Shampoo Y Acondicionador >,acondicionador,estandar,general,https://www.farmacity.com/acondicionador-pantene-bamboo-x-150-ml/p
Farmacity,249147,249147,Combo Capilar Alta Moda Hydra Save,Alta Moda,12202.0,20337.0,True,,,> Cuidado Capilar > Shampoo Y Acondicionador >,shampoo,estandar,general,https://www.farmacity.com/combo-alta-moda-hydra-save/p
Farmacity,241718,241718,Kit Capilar Dove Hidratación,Dove,15984.0,29062.0,True,,,> Cuidado Capilar > Shampoo Y Acondicionador >,tratamiento,estandar,seco_danado,https://www.farmacity.com/combo-capilar-dove-hidratacion/p
Farmacity,248556,248556,Mascarilla Elvive Glycolic Cristal x 300 g,Elvive,12190.0,12190.0,True,300.0,40.6333,> Cuidado Capilar > Reparación Y Tratamiento >,tratamiento,profesional,general,https://www.farmacity.com/mascarilla-elvive-glycolic-cristal-x-300-g/p
Farmacity,249149,249149,Combo Capilar Alta Moda Intense Blond,Alta Moda,11874.0,19790.0,True,,,> Cuidado Capilar > Shampoo Y Acondicionador >,shampoo,estandar,general,https://www.farmacity.com/combo-alta-moda-intense-blond/p
Farmacity,247955,247955,Combo Pantene Colágeno x 300 ml,Pantene,48693.0,48693.0,True,300.0,162.31,> Cuidado Capilar > Shampoo Y Acondicionador >,shampoo,estandar,general,https://www.farmacity.com/combo-pantene-colageno-x-510-ml/p
Farmacity,247953,247953,Combo Pantene Keratina,Pantene,41892.0,41892.0,True,,,> Cuidado Capilar > Shampoo Y Acondicionador >,shampoo,estandar,tratado,https://www.farmacity.com/combo-pantene-keratina/p
Farmacity,221682,221682,Acondicionador Elvive Hidra Hialurónico x 400 ml,Elvive,6714.0,11190.0,True,400.0,16.785,> Cuidado Capilar > Shampoo Y Acondicionador >,acondicionador,profesional,general,https://www.farmacity.com/acondicionador-elvive-hidra-hialuronico-x-400-ml/p
Farmacity,248553,248553,Acondicionador Elvive Glycolic Cristal x 200 ml,Elvive,7490.0,7490.0,True,200.0,37.45,> Cuidado Capilar > Shampoo Y Acondicionador >,acondicionador,profesional,general,https://www.farmacity.com/acondicionador-elvive-glycolic-cristal-x-200-ml/p
Farmacity,247951,247951,Combo Pantene Biotinamina x 510 ml,Pantene,54463.0,54463.0,True,510.0,106.7902,> Cuidado Capilar > Shampoo Y Acondicionador >,shampoo,estandar,general,https://www.farmacity.com/combo-pantene-biotinamina-x-510-ml/p
Farmacity,249148,249148,Combo Capilar Alta Moda Super Oils,Alta Moda,19214.0,32023.0,True,,,> Cuidado Capilar > Shampoo Y Acondicionador >,shampoo,estandar,general,https://www.farmacity.com/combo-alta-moda-super-oils/p
Farmacity,246855,246855,Acondicionador Ogx Rosemary Mint x 385 ml,OGX,27154.0,27154.0,True,385.0,70.5299,> Cuidado Capilar > Shampoo Y Acondicionador >,acondicionador,estandar,general,https://www.farmacity.com/acondicionador-ogx-rosemary-mint-x-385-ml/p
Farmacity,243743,243743,Combo Capilatis Keratina Hair Therapy,Capilatis,22000.0,27500.0,True,,,> Cuidado Capilar > Shampoo Y Acondicionador >,shampoo,estandar,tratado,https://www.farmacity.com/combo-capilatis-kerattina-hair-herapy-243743/p
Farmacity,248755,248755,Bálsamo Biferdil Óleo de Argan Nutrición Intensa x 100 ml,Biferdil,9612.0,9612.0,True,100.0,96.12,> Cuidado Capilar > Reparación Y Tratamiento >,shampoo,estandar,general,https://www.farmacity.com/balsamo-biferdil-oleo-de-argan-minitalla-x-100-ml/p
Farmacity,250352,250352,Acondicionador Elvive Collagen Lifter x 200 ml,Elvive,7490.0,7490.0,True,200.0,37.45,> Cuidado Capilar > Shampoo Y Acondicionador >,acondicionador,profesional,general,https://www.farmacity.com/acondicionador-elvive-colageno-lifter-x-200-ml/p
Farmacity,250313,250313,Acondicionador Kerasys Oriental Premium x 200 ml,Kerasys,34900.0,34900.0,True,200.0,174.5,> Cuidado Capilar > Shampoo Y Acondicionador >,acondicionador,estandar,general,https://www.farmacity.com/acondicionador-kerasys-oriental-premium-x-200-ml/p
Farmacity,248555,248555,Acondicionador Elvive Glycolic Cristal x 750 ml,Elvive,19990.0,19990.0,True,750.0,26.6533,> Cuidado Capilar > Shampoo Y Acondicionador >,acondicionador,profesional,general,https://www.farmacity.com/acondicionador-elvive-glycolic-cristal-x-750-ml/p
Farmacity,249372,249372,Acondicionador Alta Moda Keratin Impact x 300 ml,Alta Moda,5692.0,5692.0,True,300.0,18.9733,> Cuidado Capilar > Shampoo Y Acondicionador >,acondicionador,estandar,general,https://www.farmacity.com/acondicionador-alta-moda-keratin-impact-x-300-ml/p
Farmacity,250354,250354,Acondicionador Elvive Collagen Lifter x 750 ml,Elvive,19990.0,19990.0,True,750.0,26.6533,> Cuidado Capilar > Shampoo Y Acondicionador >,acondicionador,profesional,general,https://www.farmacity.com/acondicionador-elvive-colageno-lifter-x-750-ml/p
Farmacity,250353,250353,Acondicionador Elvive Collagen Lifter x 400 ml,Elvive,12490.0,12490.0,True,400.0,31.225,> Cuidado Capilar > Shampoo Y Acondicionador >,acondicionador,profesional,general,https://www.farmacity.com/acondicionador-elvive-colageno-lifter-x-400-ml/p
Farmacity,249371,249371,Crema Tratamiento Alta Moda Keratin Impact x 300 g,Alta Moda,7273.0,7273.0,True,300.0,24.2433,> Cuidado Capilar > Reparación Y Tratamiento >,tratamiento,estandar,general,https://www.farmacity.com/crema-tratamiento-alta-moda-keratin-impact-x-300-g/p
Farmacity,247126,247126,Acondicionador Pantene Pro-V Restauración x 200 ml,Pantene,4124.0,6345.0,True,200.0,20.62,> Cuidado Capilar > Shampoo Y Acondicionador >,acondicionador,profesional,general,https://www.farmacity.com/acondicionador-pantene-pro-v-restauracion-x-200-ml/p
Farmacity,246663,246663,Acondicionador Herbal Essences Rosemary x 400 ml,Herbal Essences,10574.0,16267.0,True,400.0,26.435,> Cuidado Capilar > Shampoo Y Acondicionador >,acondicionador,estandar,general,https://www.farmacity.com/acondicionador-herbal-essences-rosemary-x-400-ml/p
Farmacity,246639,246639,Acondicionador Herbal Essences Shine x 400 ml,Herbal Essences,10574.0,16267.0,True,400.0,26.435,> Cuidado Capilar > Shampoo Y Acondicionador >,acondicionador,estandar,general,https://www.farmacity.com/acondicionador-herbal-essences-shine-x-400-ml/p
Farmacity,246637,246637,Acondicionador Herbal Essences Pomelo x 400 ml,Herbal Essences,10574.0,16267.0,True,400.0,26.435,> Cuidado Capilar > Shampoo Y Acondicionador >,acondicionador,estandar,general,https://www.farmacity.com/acondicionador-herbal-essences-pomelo-x-400-ml/p
Farmacity,248877,248877,Acondicionador Tio Nacho Keratina Vegetal x 415 ml,Tío Nacho,11750.0,11750.0,True,415.0,28.3133,> Cuidado Capilar > Shampoo Y Acondicionador >,acondicionador,estandar,tratado,https://www.farmacity.com/acondicionador-tio-nacho-keratina-vegetal-x-415-ml/p
Farmacity,246642,246642,Acondicionador Herbal Essences Rosa Mosqueta x 400 ml,Herbal Essences,10574.0,16267.0,True,400.0,26.435,> Cuidado Capilar > Shampoo Y Acondicionador >,acondicionador,estandar,general,https://www.farmacity.com/acondicionador-herbal-essences-rosa-mosqueta-x-400-ml/p
Farmacity,246644,246644,Acondicionador Herbal Essences Rosa Mosqueta x 240 ml,Herbal Essences,8262.0,12711.0,True,240.0,34.425,> Cuidado Capilar > Shampoo Y Acondicionador >,acondicionador,estandar,general,https://www.farmacity.com/acondicionador-herbal-essences-rosa-mosqueta-x-240-ml/p
Farmacity,241728,241728,Kit Capilar Tresemmé Cauterización Reparadora + Hidratación,Tresemmé,25282.0,42137.0,True,,,> Cuidado Capilar > Shampoo Y Acondicionador >,tratamiento,estandar,seco_danado,https://www.farmacity.com/combo-capilar-tresemme-cauterizacion-reparadora-hidratacion/p
Farmacity,229152,229152,Kit Cuidado Corporal Completo Aveno Piel Sensible,Aveno,93754.0,133935.0,True,,,> Cuidado de la Piel > Cuidado Corporal >,tratamiento,estandar,general,https://www.farmacity.com/kit-cuidado-corporal-aveno/p
Farmacity,5313,143512,Mascarilla Elvive RT Extreme x 300 g,Elvive,11190.0,11190.0,True,300.0,37.3,> Cuidado Capilar > Reparación Y Tratamiento >,tratamiento,profesional,general,https://www.farmacity.com/crema-de-tratamiento-reparacion-total-extreme-x-300-ml/p
Farmacity,250195,250195,Bálsamo La Puissance Extra Cell Plex Paso 2 x 300 ml,La Puissance,41400.0,41400.0,True,300.0,138.0,> Cuidado Capilar > Shampoo Y Acondicionador >,shampoo,estandar,general,https://www.farmacity.com/balsamo-la-puissance-extra-cell-plex-paso-2-x-300-ml/p
Farmacity,241723,241723,Kit Capilar Tresemmé Dosificador Liso Efecto Botox + Protección,Tresemmé,18047.0,30078.0,True,,,> Cuidado Capilar > Shampoo Y Acondicionador >,tratamiento,estandar,general,https://www.farmacity.com/combo-capilar-tresemme-dosificador-liso-efecto-botox-proteccion/p
Farmacity,243765,243765,Combo Capilatis Plex Sérum Sellador de Puntas + Protector Térmico,Capilatis,24320.0,30400.0,True,,,> Cuidado Capilar > Reparación Y Tratamiento >,shampoo,estandar,general,https://www.farmacity.com/combo-capilatis-plex-serum-sellador-de-puntas-x-60-ml-protector-termico-x-190-ml/p
Farmacity,228677,228677,Espuma Intima Lomecan V Therapy x 150 ml,Lomecan,9251.0,9251.0,True,150.0,61.6733,> Cuidado Personal > Higiene Personal > Protección Femenina >,shampoo,estandar,general,https://www.farmacity.com/espuma-intimo-lomecan-v-therapy-x-150-ml/p
Farmacity,229153,229153,Kit de Baño Bebes y Niños Aveno + Hipoglós Cuidado Diario,Aveno,77004.0,102672.0,True,,,> Bebés > Higiene del Bebé > Baño Del Bebé >,tratamiento,estandar,bebe,https://www.farmacity.com/kit-basico-de-cuidado-infantil/p
Farmacity,237036,237036,Combo Infantil Aveno,Aveno,104959.0,139946.0,True,,,> Bebés > Higiene del Bebé > Óleos y Algodón >,shampoo,estandar,bebe,https://www.farmacity.com/infantil-aveno-crema-shampoo-acondicionador-gel-protector-solar/p
Farmacity,234311,234311,Cuidado Corporal y Facial Aveno Piel Sensible,Aveno,123203.0,176005.0,True,,,> Cuidado de la Piel > Cuidado Corporal >,shampoo,estandar,general,https://www.farmacity.com/cuidado-corporal-y-facial-aveno-piel-sensible/p
Farmacity,228563,228563,Spray Capilatis Stop Frizz C-Style,Capilatis,5100.0,10200.0,True,,,> Cuidado Capilar > Reparación Y Tratamiento >,shampoo,estandar,general,https://www.farmacity.com/spray-capilatis-stop-frizz-c-style/p
Farmacity,237035,237035,Combo Infantil Aveno 2 Infantil Aveno Crema + Shampoo + Acondicionador + Gel + Solar,Aveno,97636.0,130182.0,True,,,> Bebés > Higiene del Bebé > Óleos y Algodón >,acondicionador,estandar,bebe,https://www.farmacity.com/infantil-aveno-crema-shampoo-acondicionador-gel-solar/p
Farmacity,239333,239333,Kit Rutina Completa L'Oreal Paris Elvive Hidra Hialurónico + Oleo Extraordinario,Elvive,32136.0,53560.0,True,,,> Cuidado Capilar > Shampoo Y Acondicionador >,tratamiento,profesional,general,https://www.farmacity.com/kit-elvive-hidra-hialuronico-rutina-completa-oleo-extraordinario/p
Farmacity,250125,250125,Crema para Peinar Goodbye Daños Oil Control x 300 ml,Fructis,12990.0,12990.0,True,300.0,43.3,> Cuidado Capilar > Modelado Y Peinado >,shampoo,estandar,general,https://www.farmacity.com/crema-para-peinar-good-bye-danos-oil-control-x-300-ml/p
Farmacity,250124,250124,Acondicionador Fructis Good Bye Daños Oil Control x 350 ml,Fructis,7990.0,7990.0,True,350.0,22.8286,> Cuidado Capilar > Shampoo Y Acondicionador >,acondicionador,estandar,general,https://www.farmacity.com/acondicionador-fructis-good-bye-danos-oil-control-x-350-ml/p
Farmacity,242447,242447,Kit Biferdil Champú Sellador del Color Quinoa + Tratamiento Protector Térmico + Pantalla Capilar,Biferdil,44280.0,44280.0,True,,,> Cuidado Capilar > Shampoo Y Acondicionador >,tratamiento,estandar,tratado,https://www.farmacity.com/combo-biferdil-champu-sellador-del-color-quinoa-x-400-ml-tratamiento-protector-termico-x-250-ml-pantalla-capilar-x-155-ml/p
Farmacity,232308,232308,Kit Ducha Johnson Baby,Johnson's,17301.0,17301.0,True,,,> Bebés > Higiene del Bebé > Baño Del Bebé >,tratamiento,estandar,general,https://www.farmacity.com/kit-ducha-johnson-baby/p
Farmacity,242448,242448,Kit Biferdil Champú Sellador del Color Quinoa + Máscara Ácida Biocolor + Tratamiento Óleo de Argán it Biferdil Champú Sellador del Color Quinoa + Máscara Ácida Biocolor + Tratamiento Óleo de Argán,Biferdil,62748.0,62748.0,True,,,> Cuidado Capilar > Shampoo Y Acondicionador >,tratamiento,estandar,tratado,https://www.farmacity.com/combo-biferdil-champu-sellador-del-color-quinoa-x-400-ml-mascara-acida-biocolor-0-x-150-ml-tratamiento-oleo-de-argan-x-58-ml/p
Farmacity,237019,237019,Kit Excellence Creme Tono 5 Castaño Claro + Elvive Colorvive Crema Tratamiento 300 ml,L'Oreal París,22217.0,34180.0,True,300.0,74.0567,> Cuidado Capilar > Coloración Y Oxidantes >,tratamiento,profesional,tratado,https://www.farmacity.com/kit-excellence-creme-tono-5-castano-claro-elvive-colorvive-crema-tratamiento-300-ml-/p
Farmacity,237022,237022,Kit Excellence Creme Tono 8 Rubio Claro + Elvive Colorvive Crema Tratamiento 300 ml,L'Oreal París,22217.0,34180.0,True,300.0,74.0567,> Cuidado Capilar > Coloración Y Oxidantes >,tratamiento,profesional,tratado,https://www.farmacity.com/kit-excellence-creme-tono-8-rubio-claro-elvive-colorvive-crema-tratamiento-300-ml-/p
Farmacity,208219,208219,Kit Ahorro Nopucid Loción x 65 ml + Spray Repelente,Nopucid,25238.0,25238.0,True,65.0,388.2769,"> Farmacia > Pediculosis > Lociones, Enjuagues Y Emulsiones >",tratamiento,estandar,general,https://www.farmacity.com/kit-ahorro-nopucid-locion-x-15-gr-spray-repelente-x-70-ml/p
Farmacity,230637,230637,Máscara Capilar Tresemmé Intensivo x 300 g,Tresemmé,9870.0,9870.0,True,300.0,32.9,> Cuidado Capilar > Reparación Y Tratamiento >,shampoo,estandar,general,https://www.farmacity.com/mascara-capilar-tresemme-intensivo-x-300-g/p
Farmacity,225833,225833,Loción Nopucid Touch en Aerosol x 145 ml,Nopucid,21304.0,21304.0,True,145.0,146.9241,"> Farmacia > Pediculosis > Lociones, Enjuagues Y Emulsiones >",shampoo,estandar,general,https://www.farmacity.com/locion-nopucid-touch-en-spray-x-145-ml/p
Farmacity,230636,230636,Máscara de Tratamiento Tresemmé Hidratación Pro Activa x 300 g,Tresemmé,9870.0,9870.0,True,300.0,32.9,> Cuidado Capilar > Reparación Y Tratamiento >,tratamiento,estandar,seco_danado,https://www.farmacity.com/mascara-capilar-tresemme-hidratacion-activa-x-300-g/p
Farmacity,249198,249198,Shampoo Boti-k Puro Vegetal Rosa Mosqueta x 400 ml,Boti-k,39948.0,39948.0,False,400.0,99.87,> Cuidado Capilar > Shampoo Y Acondicionador >,shampoo,estandar,general,https://www.farmacity.com/shampoo-boti-k-puro-vegetal-rosa-mosqueta-x-400-ml/p
Farmacity,241550,241550,Shampoo Nuxe Prodigieux Brillo x 200 ml,Nuxe,36000.0,36000.0,False,200.0,180.0,> Cuidado Capilar > Shampoo Y Acondicionador >,shampoo,estandar,general,https://www.farmacity.com/shampoo-nuxe-prodigieux-brillo-x-200-ml/p
Farmacity,238680,238680,Shampoo Mustela Suave x 500 ml,Mustela,32500.0,32500.0,False,500.0,65.0,> Bebés > Higiene del Bebé > Baño Del Bebé >,shampoo,estandar,bebe,https://www.farmacity.com/shampoo-mustela-suave-x-500-ml/p
Farmacity,237003,237003,Shampoo Sir Fausto Caspa x 250 ml,Sir Fausto,19582.0,19582.0,False,250.0,78.328,> Cuidado Capilar > Shampoo Y Acondicionador >,shampoo,estandar,anticaspa,https://www.farmacity.com/shampoo-sir-fausto-caspa-x-250-ml/p
Farmacity,233828,233828,Shampoo Alfaparf Smooth Semi Di Lino x 250 ml,Alfaparf Milano,50205.0,50205.0,False,250.0,200.82,> Cuidado Capilar > Shampoo Y Acondicionador >,shampoo,estandar,general,https://www.farmacity.com/shampoo-alfaparf-smooth-semi-di-lino-x-250-ml/p
Farmacity,230665,230665,Shampoo Veganis Cabello Seco de Palta y Oliva x 400 ml,Veganis,13572.0,13572.0,False,400.0,33.93,> Cuidado Capilar > Shampoo Y Acondicionador >,shampoo,estandar,seco_danado,https://www.farmacity.com/shampoo-veganis-cabello-seco-de-palta-y-oliva-x-400-ml/p
Farmacity,230659,230659,Shampoo Il Salone Nutrición y Protección x 500 ml,IL SALONE,12487.0,12487.0,False,500.0,24.974,> Cuidado Capilar > Shampoo Y Acondicionador >,shampoo,estandar,general,https://www.farmacity.com/shampoo-il-salone-nutricion-y-proteccion-x-500-ml/p
Farmacity,230656,230656,Shampoo Il Salone Brillo y Vitalidad x 500 ml,IL SALONE,12487.0,12487.0,False,500.0,24.974,> Cuidado Capilar > Shampoo Y Acondicionador >,shampoo,estandar,general,https://www.farmacity.com/shampoo-il-salone-brillo-y-vitalidad-x-500-ml/p
Farmacity,230219,230219,Shampoo Pantene Pro-V Miracles Colágeno Nutritivo 700 ml,Pantene,15128.0,15128.0,False,700.0,21.6114,> Cuidado Capilar > Shampoo Y Acondicionador >,shampoo,profesional,general,https://www.farmacity.com/shampoo-pantene-pro-v-miracles-colageno-nutre-y-revitaliza-x-700-ml/p
Farmacity,228736,228736,Shampoo Solido Fructis Hair Food Aguacate x 60 g,Fructis,6368.0,6368.0,False,60.0,106.1333,> Cuidado Capilar > Shampoo Y Acondicionador >,shampoo,estandar,general,https://www.farmacity.com/shampoo-bar-garnier-fructis-hair-food-aguacate-x-60-g/p
Farmacity,228558,228558,Shampoo Capitalis pH Extra Ácido x 350 ml,Capilatis,8100.0,8100.0,False,350.0,23.1429,> Cuidado Capilar > Shampoo Y Acondicionador >,shampoo,estandar,general,https://www.farmacity.com/shampoo-capitalis-ph-extra-acido-x-350-ml/p
Farmacity,226919,226919,Shampoo Anticaida Klorane x 200 ml,Klorane,35000.0,35000.0,False,200.0,175.0,> Dermocosmética > Pelo > Shampoos y Acondicionadores >,shampoo,estandar,general,https://www.farmacity.com/shampoo-klorane-quinina-x-200-ml/p
Farmacity,221692,221692,Shampoo Herbal Essences Bio Renew 6X Aloe & Mango x 400 ml,Herbal Essences,16291.0,16291.0,False,400.0,40.7275,> Cuidado Capilar > Shampoo Y Acondicionador >,shampoo,estandar,general,https://www.farmacity.com/shampoo-herbal-essences-bio-renew-x6-aloe-y-mango-x-400-ml/p
Farmacity,220415,220415,Shampoo Pantene Brillo Extremo x 750 ml,Pantene,13460.0,13460.0,False,750.0,17.9467,> Cuidado Capilar > Shampoo Y Acondicionador >,shampoo,estandar,general,https://www.farmacity.com/shampoo-pantene-miracle-brillo-extremo-x-750-ml/p
Farmacity,218820,218820,Shampoo Pantene Pro-V Essentials Bambú Nutre x 750 ml,Pantene,13460.0,13460.0,False,750.0,17.9467,> Cuidado Capilar > Shampoo Y Acondicionador >,shampoo,profesional,general,https://www.farmacity.com/shampoo-pantene-bambu-nutre-y-crece-x-750-ml/p
Farmacity,217113,217113,Shampoo Alfaparf Milano Semi Di Lino Volumizing x 250 ml,Alfaparf Milano,34436.0,34436.0,False,250.0,137.744,> Cuidado Capilar > Shampoo Y Acondicionador >,shampoo,estandar,general,https://www.farmacity.com/low-shampoo-alfaparf-milano-semi-di-lino-volumizing-x-250-ml/p
Farmacity,217098,217098,Shampoo Alfaparf Milano Semi Di Lino Moisture x 250 ml,Alfaparf Milano,50205.0,50205.0,False,250.0,200.82,> Cuidado Capilar > Shampoo Y Acondicionador >,shampoo,estandar,general,https://www.farmacity.com/low-shampoo-alfaparf-milano-semi-di-lino-moisture-x-250-ml/p
Farmacity,212379,212379,Shampoo Biferdil Proteinas de Soja x 400 ml,Biferdil,13176.0,13176.0,False,400.0,32.94,> Cuidado Capilar > Shampoo Y Acondicionador >,shampoo,estandar,general,https://www.farmacity.com/shampoo-biferdil-proteinas-de-soja-x-400-ml/p
Farmacity,208134,208134,Shampoo Elvive Dream Long x 750 ml,Elvive,8995.0,17990.0,False,750.0,11.9933,> Cuidado Capilar > Shampoo Y Acondicionador >,shampoo,profesional,general,https://www.farmacity.com/shampoo-dream-long-elvive-loreal-paris-x-750-ml/p
Farmacity,206186,206186,Shampoo Klorane Ylang-Ylang x 200 ml,Klorane,3635.0,3635.0,False,200.0,18.175,> Dermocosmética > Pelo > Shampoos y Acondicionadores >,shampoo,estandar,general,https://www.farmacity.com/shampoo-klorane-ylang-yang-x-200-ml/p
Farmacity,206033,206033,Shampoo Head & Shoulders Control Caspa Suave x 375 ml,Head and Shoulders,8431.0,8431.0,False,375.0,22.4827,> Cuidado Capilar > Shampoo Y Acondicionador >,shampoo,estandar,anticaspa,https://www.farmacity.com/shampoo-head-shoulders-suave-y-manejable-2-en-1-x-375-ml/p
Farmacity,205818,205818,Shampoo Biferdil con Aceite de Palta x 295 ml,Biferdil,11772.0,11772.0,False,295.0,39.9051,> Cuidado Capilar > Shampoo Y Acondicionador >,shampoo,estandar,general,https://www.farmacity.com/shampoo-biferdil-con-aceite-de-palta-x-295-ml/p
Farmacity,205394,205394,Shampoo Corrector Capilatis Pure Silve x 240 Ml,Capilatis,9203.0,9203.0,False,240.0,38.3458,> Cuidado Capilar > Shampoo Y Acondicionador >,shampoo,estandar,general,https://www.farmacity.com/shampoo-corrector-capilatis-pure-silve-x-240-ml/p
Farmacity,203663,203663,Shampoo Biferdil con Aceite de Argán y Camelia x 295 ml,Biferdil,10584.0,10584.0,False,295.0,35.878,> Cuidado Capilar > Shampoo Y Acondicionador >,shampoo,estandar,general,https://www.farmacity.com/shampoo-biferdil-con-aceite-de-argan-y-camelia-x-295-ml/p
Farmacity,163841,163841,Shampoo Fructis Rizos Poderosos x 200 ml,Fructis,4590.0,4590.0,False,200.0,22.95,> Cuidado Capilar > Shampoo Y Acondicionador >,shampoo,estandar,rizado,https://www.farmacity.com/shampoo-fructis-rizos-poderosos-x-200ml/p
Farmacity,133833,133833,Shampoo Bioderma Node Ds + Producto Cosm‚Tico x 125 ml,Bioderma,26990.0,26990.0,False,125.0,215.92,> Venta Bajo Receta > Dermatológico >,shampoo,estandar,general,https://www.farmacity.com/shampoo-bioderma-node-ds-x-125-ml/p
Farmacity,41714,41714,Shampoo Hol Trietanolamina + Asoc. x 250 ml,Ethicus,9300.0,9300.0,False,250.0,37.2,> Venta Bajo Receta > Dermatológico >,shampoo,estandar,general,https://www.farmacity.com/shampoo-hol-trietanolamina-asoc-x-250-ml/p
Farmacity,8076,153319,Shampoo Pantene Rizos Definidos x 400 ml,Pantene,6120.0,6120.0,False,400.0,15.3,> Cuidado Capilar > Shampoo Y Acondicionador >,shampoo,estandar,rizado,https://www.farmacity.com/shampoo-max-pro-v-rizos-definidos-x-400-ml/p
Farmacity,1244,135587,Shampoo Biferdil Suaviza sin TACC x 180 ml,Biferdil,12636.0,12636.0,False,180.0,70.2,> Cuidado Capilar > Shampoo Y Acondicionador >,shampoo,estandar,general,https://www.farmacity.com/shampoo-suaviza-libre-de-gluten-sin-tacc-x-180-ml/p
Farmacity,232845,232845,Shampoo Tío Nacho Purificación con Células Madre x 415 ml,Tío Nacho,10186.0,10186.0,False,415.0,24.5446,> Cuidado Capilar > Shampoo Y Acondicionador >,shampoo,estandar,general,https://www.farmacity.com/shampoo-tio-nacho-purificacion-con-celulas-madre-x-415-ml/p
Farmacity,230662,230662,Shampoo Il Salone Detox x 500 ml,IL SALONE,12487.0,12487.0,False,500.0,24.974,> Cuidado Capilar > Shampoo Y Acondicionador >,shampoo,estandar,general,https://www.farmacity.com/shampoo-il-salone-detox-x-500-ml/p
Farmacity,230601,230601,Shampoo Tresemmé Ondas Boho x 250 ml,Tresemmé,3676.0,3676.0,False,250.0,14.704,> Cuidado Capilar > Shampoo Y Acondicionador >,shampoo,estandar,general,https://www.farmacity.com/shampoo-tresemme-ondas-boho-x-250-ml/p
Farmacity,230600,230600,Shampoo Tresemmé Matrizador Ultravioleta x 250 ml,Tresemmé,3676.0,3676.0,False,250.0,14.704,> Cuidado Capilar > Shampoo Y Acondicionador >,shampoo,estandar,rizado,https://www.farmacity.com/shampoo-tresemme-matrizador-ultravioleta-x-250-ml/p
Farmacity,229995,229995,Shampoo Seco Batiste Dark and Deep x 108 g,Batiste,17955.0,17955.0,False,108.0,166.25,> Cuidado Capilar > Shampoo Y Acondicionador >,shampoo,estandar,seco_danado,https://www.farmacity.com/shampoo-seco-batiste-brunette-x-200-ml/p
Farmacity,228567,228567,Shampoo Solido Fructis Hair Food Aloe x 60 g,Fructis,6368.0,6368.0,False,60.0,106.1333,> Cuidado Capilar > Shampoo Y Acondicionador >,shampoo,estandar,general,https://www.farmacity.com/shampoo-solido-garnier-fructis-hair-aloe-vera-x-60-g/p
Farmacity,228566,228566,Shampoo Solido Fructis Hair Food Coco x 60 g,Fructis,6368.0,6368.0,False,60.0,106.1333,> Cuidado Capilar > Shampoo Y Acondicionador >,shampoo,estandar,general,https://www.farmacity.com/shampoo-solido-garnier-fructis-hair-food-coco-x-60-g/p
Farmacity,224953,224953,Shampoo Tío Nacho Purificación x 200 ml,Tío Nacho,6411.0,6411.0,False,200.0,32.055,> Cuidado Capilar > Shampoo Y Acondicionador >,shampoo,estandar,general,https://www.farmacity.com/shampoo-tio-nacho-purificacion-celulas-madre-x-200-ml/p
Farmacity,220337,220337,Shampoo Pantene Prov Essentials Restauración x 750 ml,Pantene,7014.0,7014.0,False,750.0,9.352,> Cuidado Capilar > Shampoo Y Acondicionador >,shampoo,profesional,general,https://www.farmacity.com/shampoo-pantene-miracle-restauracion-x-750-ml/p
Farmacity,220333,220333,Shampoo Pantene Prov Essentials Restauración x 200 ml,Pantene,3491.0,3491.0,False,200.0,17.455,> Cuidado Capilar > Shampoo Y Acondicionador >,shampoo,profesional,general,https://www.farmacity.com/shampoo-pantene-miracle-restauracion-x-200-ml/p
Farmacity,218290,218290,Shampoo Klorane Cupuacu x 400ml Shampoo Klorane Cupuacu x 400 ml,Klorane,43500.0,43500.0,False,400.0,108.75,> Dermocosmética > Pelo > Shampoos y Acondicionadores >,shampoo,estandar,general,https://www.farmacity.com/shampoo-klorane-cupuacu-x-400--ml/p
Farmacity,217237,217237,Shampoo Tío Nacho Aclarante Recargable Doypack x 400 ml,Tío Nacho,8300.0,8300.0,False,400.0,20.75,> Cuidado Capilar > Shampoo Y Acondicionador >,tratamiento,estandar,general,https://www.farmacity.com/repuesto-economico-shampoo-tio-nacho-aclarante-x-400-ml/p
Farmacity,217233,217233,Shampoo Tío Nacho Herbolaria Milenaria Recargable Doypack x 400 ml,Tío Nacho,8300.0,8300.0,False,400.0,20.75,> Cuidado Capilar > Shampoo Y Acondicionador >,tratamiento,estandar,general,https://www.farmacity.com/repuesto-economico-shampoo-tio-nacho-herbolaria-milenaria-x-400-ml/p
Farmacity,217111,217111,Shampoo Alfaparf Milano Semi Di Lino x 250 ml,Alfaparf Milano,30992.0,30992.0,False,250.0,123.968,> Cuidado Capilar > Shampoo Y Acondicionador >,shampoo,estandar,general,https://www.farmacity.com/shampoo-alfaparf-milano-semi-di-lino-volumizing-low-x-250-ml/p
Farmacity,217097,217097,Shampoo Alfaparf Milano Diamond Illuminating x 250 ml,Alfaparf Milano,50205.0,50205.0,False,250.0,200.82,> Cuidado Capilar > Shampoo Y Acondicionador >,shampoo,estandar,general,https://www.farmacity.com/low-shampoo-alfaparf-milano-semi-di-lino-diamond-illuminating-x-250-ml/p
Farmacity,211247,211247,Shampoo Dove Nutritive Ritual de Crecimiento x 400 ml,Dove,7694.0,7694.0,False,400.0,19.235,> Cuidado Capilar > Shampoo Y Acondicionador >,shampoo,estandar,general,https://www.farmacity.com/acondicionador-dove-ritual-crecimiento-x-400-ml/p
Farmacity,164897,164897,Shampoo Control Alsora Isdin x 200 ml,Isdin,68508.0,68508.0,False,200.0,342.54,> Dermocosmética > Pelo > Shampoos y Acondicionadores >,shampoo,estandar,general,https://www.farmacity.com/shampoo-control-alsora-isdin-x-200-ml/p
Farmacity,162782,162782,Shampoo Ayurvédico Sri Sri Tattva Anti Caspa x 200 ml,Sri Sri Tattva,17142.0,17142.0,False,200.0,85.71,> Cuidado Capilar > Shampoo Y Acondicionador >,shampoo,estandar,anticaspa,https://www.farmacity.com/shampoo-ayurvedico-sri-sri-tattva-anti-caspa-x-200-ml/p
Farmacity,43393,43393,Shampoo Amenite Cap Zinc Piritiona x 100 g,Amenite,34125.0,34125.0,False,100.0,341.25,> Venta Bajo Receta > Dermatológico >,shampoo,estandar,general,https://www.farmacity.com/shampoo-amenite-cap-zinc-piritiona-x-100-g/p
Farmacity,16824,163828,Shampoo Garnier Fructis Goodbye Daños x 200 ml,Fructis,5490.0,5490.0,False,200.0,27.45,> Cuidado Capilar > Shampoo Y Acondicionador >,shampoo,estandar,general,https://www.farmacity.com/sha-garnier-fructis-borrador-de-dano-x200-ml/p
Farmacity,4799,141205,Shampoo Elvive Keraliso Brillo y Sedosidad x 750 ml,Elvive,11120.0,11120.0,False,750.0,14.8267,> Cuidado Capilar > Shampoo Y Acondicionador >,shampoo,profesional,general,https://www.farmacity.com/shampoo-kera-liso-brillo-y-suavidad-x-750-ml/p
Farmacity,4386,114476,Shampoo Capilatis Energizante x 370 ml,Capilatis,13000.0,13000.0,False,370.0,35.1351,> Cuidado Capilar > Shampoo Y Acondicionador >,shampoo,estandar,general,https://www.farmacity.com/shampoo-energizante-x-370-ml-114476/p
Farmacity,4188,139193,Shampoo Elvive Kera-Liso MQ x 200 ml,Elvive,2995.0,5990.0,False,200.0,14.975,> Cuidado Capilar > Shampoo Y Acondicionador >,shampoo,profesional,general,https://www.farmacity.com/shampoo-kera-liso-230-x-200-ml/p
Farmacity,929,23732,Shampoo Capilatis Anti Piojos x 500 ml,Capilatis,6229.0,6229.0,False,500.0,12.458,> Farmacia > Pediculosis > Shampoo Y Acondicionador >,shampoo,estandar,general,https://www.farmacity.com/shampoo-x-500-ml/p
Farmacity,241021,241021,Shampoo Boti-K Calendula Manzanilla Dp x 280 ml,Boti-k,14258.0,14258.0,False,280.0,50.9214,> Cuidado Capilar > Shampoo Y Acondicionador >,shampoo,estandar,general,https://www.farmacity.com/shampoo-boti-k-calendula-manzanilla-dp-x-280-ml/p
Farmacity,237005,237005,Shampoo Sir Fausto Pure D-Tox x 250 ml,Sir Fausto,11398.0,11398.0,False,250.0,45.592,> Cuidado Capilar > Shampoo Y Acondicionador >,shampoo,estandar,general,https://www.farmacity.com/shampoo-sir-fausto-pure-d-tox-x-250-ml/p
Farmacity,233583,233583,Shampoo John Frieda Sheer Blonde x 250 ml,John Frieda,15725.0,15725.0,False,250.0,62.9,> Cuidado Capilar > Shampoo Y Acondicionador >,shampoo,estandar,general,https://www.farmacity.com/shampoo-john-frieda-sheer-blonde-hightlight-x-250-ml/p
Farmacity,231534,231534,Shampoo Tío Nacho Crecimiento Saludable x 415 ml,Tío Nacho,9947.0,9947.0,False,415.0,23.9687,> Cuidado Capilar > Shampoo Y Acondicionador >,shampoo,estandar,general,https://www.farmacity.com/shampoo-tio-nacho-creciemiento-saludable-x-415-ml/p
Farmacity,230669,230669,Shampoo Veganis Deep Luminous x 400 g,Veganis,14616.0,14616.0,False,400.0,36.54,> Cuidado Capilar > Shampoo Y Acondicionador >,shampoo,estandar,general,https://www.farmacity.com/shampoo-veganis-deep-luminous-x-400-g/p
Farmacity,230663,230663,"Shampoo Veganis Reparador de Coco, Calendula y Oliva x 400 ml",Veganis,14616.0,14616.0,False,400.0,36.54,> Cuidado Capilar > Shampoo Y Acondicionador >,shampoo,estandar,general,https://www.farmacity.com/shampoo-veganis-reparador-de-coco-calendula-y-oliva-x-400-ml/p
Farmacity,230653,230653,Shampoo Il Salone Reestructurante y Fortalecedor x 500 ml,IL SALONE,12487.0,12487.0,False,500.0,24.974,> Cuidado Capilar > Shampoo Y Acondicionador >,shampoo,estandar,general,https://www.farmacity.com/shampoo-il-salone-reestructurante-y-fortalecedor-x-500-ml/p
Farmacity,230650,230650,Shampoo Il Salone Magnificent Protección Color x 500 ml,IL SALONE,12487.0,12487.0,False,500.0,24.974,> Cuidado Capilar > Shampoo Y Acondicionador >,shampoo,estandar,tratado,https://www.farmacity.com/shampoo-il-salone-magnificent-proteccion-color-x-500-ml/p
Farmacity,230218,230218,Shampoo Pantene Pro-V Miracles Colágeno Nutritivo 400 ml,Pantene,9247.0,9247.0,False,400.0,23.1175,> Cuidado Capilar > Shampoo Y Acondicionador >,shampoo,profesional,general,https://www.farmacity.com/shampoo-pantene-colageno-x-400-ml/p
Farmacity,228569,228569,Shampoo Solido Fructis Hair Food Banana x 60 g,Fructis,6368.0,6368.0,False,60.0,106.1333,> Cuidado Capilar > Shampoo Y Acondicionador >,shampoo,estandar,general,https://www.farmacity.com/shampoo-solido-garnier-fructis-hair-banana-x-60-g/p
Farmacity,228568,228568,Shampoo Solido Fructis Hair Food Sandia x 60 g,Fructis,6368.0,6368.0,False,60.0,106.1333,> Cuidado Capilar > Shampoo Y Acondicionador >,shampoo,estandar,general,https://www.farmacity.com/shampoo-solido-garnier-fructis-hair-sandia-x-60-g/p
Farmacity,222898,222898,Shampoo Head & Shoulders Supreme Detox & Hydrate x 375 ml,Head and Shoulders,8431.0,8431.0,False,375.0,22.4827,> Cuidado Capilar > Shampoo Y Acondicionador >,shampoo,estandar,general,https://www.farmacity.com/shampoo-head-shoulders-supreme-detox-hydrate-x-375-ml/p
Farmacity,221807,221807,Shampoo Sedal Colágeno + Vitamina C x 190 ml,Sedal,1691.0,3382.0,False,190.0,8.9,> Cuidado Capilar > Shampoo Y Acondicionador >,shampoo,estandar,general,https://www.farmacity.com/shampoo-sedal-colageno-vitamina-c-x-190-ml/p
Farmacity,219259,219259,Shampoo John Freida Frizz Ease x 250 ml,John Frieda,15725.0,15725.0,False,250.0,62.9,> Cuidado Capilar > Shampoo Y Acondicionador >,shampoo,estandar,general,https://www.farmacity.com/shampoo-john-freida-flawlessly-straight-x-250-ml/p
Farmacity,218287,218287,Shampoo Klorane Cupuacu x 200 ml,Klorane,29000.0,29000.0,False,200.0,145.0,> Dermocosmética > Pelo > Shampoos y Acondicionadores >,shampoo,estandar,general,https://www.farmacity.com/shampoo-klorane-cupuacu-x-200-ml/p
Farmacity,217203,217203,Shampoo Fructis Hair Food Banana x 300 ml,Fructis,5595.0,11190.0,False,300.0,18.65,> Cuidado Capilar > Shampoo Y Acondicionador >,shampoo,estandar,general,https://www.farmacity.com/shampoo-fructis-hair-food-banana-x-300-ml/p
Farmacity,217096,217096,Shampoo Alfaparf Milano Reconstruction x 250 ml,Alfaparf Milano,50205.0,50205.0,False,250.0,200.82,> Cuidado Capilar > Shampoo Y Acondicionador >,shampoo,estandar,general,https://www.farmacity.com/low-shampoo-alfaparf-milano-semi-di-lino-reconstruction-x-250-ml/p
Farmacity,215037,215037,Shampoo Elvive Dream Long Liss x 200 ml,Elvive,4869.0,4869.0,False,200.0,24.345,> Cuidado Capilar > Shampoo Y Acondicionador >,shampoo,profesional,general,https://www.farmacity.com/shampoo-elvive-dream-long-liss-x-200-ml/p
Farmacity,214586,214586,Shampoo Herbal Essences Renew Chamomile x 400 ml,Herbal Essences,6511.0,13022.0,False,400.0,16.2775,> Cuidado Capilar > Shampoo Y Acondicionador >,shampoo,estandar,general,https://www.farmacity.com/shampoo-herbal-essences-renew-chamomile-x-400-ml/p
Farmacity,203661,203661,Shampoo Biferdil con Ácido hialurónico x 295 ml,Biferdil,10260.0,10260.0,False,295.0,34.7797,> Cuidado Capilar > Shampoo Y Acondicionador >,shampoo,estandar,general,https://www.farmacity.com/shampoo-biferdil-con-acido-hialuronico-x-295-ml/p
Farmacity,162783,162783,Shampoo Sri Sri Tattva Henna Shikakai Uso Diario x 200 ml,Sri Sri Tattva,15589.0,15589.0,False,200.0,77.945,> Cuidado Capilar > Shampoo Y Acondicionador >,shampoo,estandar,general,https://www.farmacity.com/shampoo-sri-sri-tattva-henna-shikakai-uso-diario-x-200-ml/p
Farmacity,153321,153321,Shampoo Pantene Hidratación Extrema x 400 ml,Pantene,7643.0,7643.0,False,400.0,19.1075,> Cuidado Capilar > Shampoo Y Acondicionador >,shampoo,estandar,seco_danado,https://www.farmacity.com/shampoo-pantene-max-pro-v-hidro-cauterizacion-x-400-ml/p
Farmacity,150783,150783,Shampoo Pantene Hidratación x 750 ml,Pantene,7014.0,7014.0,False,750.0,9.352,> Cuidado Capilar > Shampoo Y Acondicionador >,shampoo,estandar,seco_danado,https://www.farmacity.com/shampoo-pantene-max-pro-v-hidratacion-x-750-ml/p
Farmacity,41713,41713,"Shampoo Koal Salicílico, C. x 250 ml",Ethicus,9300.0,9300.0,False,250.0,37.2,> Venta Bajo Receta > Dermatológico >,shampoo,estandar,general,https://www.farmacity.com/shampoo-koal-salicilico-c-x-250-ml/p
Farmacity,8517,154554,Shampoo Klorane a las Fibras de Lino x 200 ml,Klorane,8000.0,8000.0,False,200.0,40.0,> Dermocosmética > Pelo > Shampoos y Acondicionadores >,shampoo,estandar,general,https://www.farmacity.com/shampoo-a-las-fibras-de-lino-x-200-ml/p
Farmacity,1302,103341,Shampoo Klorane Extracto de Cédrat x 400 ml,Klorane,43500.0,43500.0,False,400.0,108.75,> Dermocosmética > Pelo > Shampoos y Acondicionadores >,shampoo,estandar,general,https://www.farmacity.com/shampoo-al-extracto-de-cedrat-x-400-ml/p
Farmacity,1011,7281,Shampoo Vichy Dercos Sebocorrector x 200 ml,Vichy,29997.0,29997.0,False,200.0,149.985,> Dermocosmética > Pelo > Shampoos y Acondicionadores >,shampoo,estandar,general,https://www.farmacity.com/shampoo-dercos-sebo-corrector-x-200-ml/p
Farmacity,122581,122581,Piroctol Octopirox Shampoo x 120 ml,Valuge,16739.0,16739.0,False,120.0,139.4917,> Venta Bajo Receta > Dermatológico >,shampoo,estandar,general,https://www.farmacity.com/piroctol-octopirox-shampoo-x-120-ml/p
Farmacity,242101,242101,Tikl ketoconazol Shampoo Anticaspa x 60 ml,Monserrat,11710.0,11710.0,False,60.0,195.1667,> Medicamentos Venta Libre > Cuidado Personal >,shampoo,estandar,anticaspa,https://www.farmacity.com/tikl-shampoo-anticaspa-x-60-ml/p
Farmacity,138177,138177,Piroctol AS Octopirox + Asoc. Shampoo x 120 ml,Valuge,20165.0,20165.0,False,120.0,168.0417,> Venta Bajo Receta > Dermatológico >,shampoo,estandar,general,https://www.farmacity.com/piroctol-as-octopirox-asoc-shampoo-x-120-ml/p
Farmacity,226376,226376,Combo Vichy Dercos Densidad Shampoo + Acondicionador + Sérum,Vichy,198855.0,198855.0,False,,,> Dermocosmética > Pelo > Shampoos y Acondicionadores >,acondicionador,estandar,general,https://www.farmacity.com/combo-vichy-dercos-perdida-de-densidad-shampoo-acondicionador-serum/p
Farmacity,107612,107612,Aminoterapia Capilar Vitamina + Aminoácidos Shampoo x 120 ml,Megalabs,12494.0,12494.0,False,120.0,104.1167,> Venta Bajo Receta > Dermatológico >,shampoo,estandar,general,https://www.farmacity.com/aminoterapia-capilar-vitamina-aminoacidos-shampoo-x-120-ml/p
Farmacity,35333,35333,Sutrico Tar Coaltar 9% Shampoo Acondic. x 100 ml,Megalabs,6177.0,6177.0,False,100.0,61.77,> Venta Bajo Receta > Dermatológico >,shampoo,estandar,general,https://www.farmacity.com/sutrico-tar-coaltar-9-shampoo-acondic-x-100-ml/p
Farmacity,230392,230392,By Derm Capilar Octopirox + Asoc Shampoo Seborrea x 250ml,Lesag,30720.0,30720.0,False,250.0,122.88,> Venta Bajo Receta > Dermatológico >,shampoo,estandar,general,https://www.farmacity.com/by-derm-capilar-octopirox-asoc-shampoo-seborrea-x-250ml/p
Farmacity,34397,34397,Laurinol Plus Vit.b6 + Asoc. Shampoo x 240 ml,Savant Consumer,15049.0,15049.0,False,240.0,62.7042,> Venta Bajo Receta > Dermatológico >,shampoo,estandar,general,https://www.farmacity.com/laurinol-plus-vit-b6-asoc-shampoo-x-240-ml/p
Farmacity,21739,21739,Mencogrin Lauril Sulfato de Sodio + Asoc. Shampoo x 120 ml,Megalabs,4201.0,4201.0,False,120.0,35.0083,> Venta Bajo Receta > Dermatológico >,shampoo,estandar,general,https://www.farmacity.com/mencogrin-lauril-sulfato-de-sodio-asoc-shampoo-x-120-ml/p
Farmacity,124339,124339,Tersoderm Colágeno + Asoc. Shampoo para Cabello Delicado x 260 ml,Megalabs,2873.0,2873.0,False,260.0,11.05,> Venta Bajo Receta > Dermatológico >,shampoo,estandar,general,https://www.farmacity.com/tersoderm-colageno-asoc-shampoo-para-cabello-delicado-x-260-ml/p
Farmacity,125163,125163,Tersoderm Azufre + Asoc. Shampoo para Cabello Graso x 260 ml,Megalabs,2873.0,2873.0,False,260.0,11.05,> Venta Bajo Receta > Dermatológico >,shampoo,estandar,graso,https://www.farmacity.com/tersoderm-azufre-asoc-shampoo-para-cabello-graso-x-260-ml/p
Farmacity,21721,21721,Mencogrin AP Acido Salicilico + Coaltar + Asoc. Shampoo x 120 ml,Megalabs,5098.0,5098.0,False,120.0,42.4833,> Venta Bajo Receta > Dermatológico >,shampoo,estandar,general,https://www.farmacity.com/mencogrin-ap-acido-salicilico-coaltar-asoc--shampoo-x-120-ml/p
Farmacity,244320,244320,Combo Lambdapil Shampoo Anticaída x 200 ml + Suplemento Dietario Isdin Lambdapil Hairdensity x 60 Cáps,Isdin,91541.0,91541.0,False,200.0,457.705,> Dermocosmética > Pelo > Shampoos y Acondicionadores >,shampoo,estandar,general,https://www.farmacity.com/combo-lambdapil-shampoo-anticaida-x-200-ml-suplemento-dietario-isdin-hairdensity-x-60-caps/p
Farmacity,249453,249453,Combo Isdin Shampoo Lambdapil Anti-Caída x 200 ml + Suplemento Dietario Isdin Lambdapil Hairdensity x 60 Cáps,Isdin,91541.0,91541.0,False,200.0,457.705,> Dermocosmética > Pelo > Bálsamos y Tratamientos >,shampoo,estandar,general,https://www.farmacity.com/combo-isdin-shampoo-lambdapil-anti-caida-x-200-ml---suplemento-dietario-isdin-lambdapil-hairdensity-x-60-caps/p
Farmacity,237994,237994,Combo Ruh Shampoo Sólido Cabello Seco Mechanic Orange x 65 g + Acondicionador Sólido x 45 g + Jabonera Redonda Doble,Ruh Natural,40860.0,40860.0,False,65.0,628.6154,> Cuidado Capilar > Shampoo Y Acondicionador >,acondicionador,estandar,seco_danado,https://www.farmacity.com/combo-ruh-shampoo-solido-cabello-seco-mechanic-orange-x-65-g-acondicionador-ruh-x-45-g-jabonera-redonda-doble/p
Farmacity,237993,237993,Combo Ruh Shampoo Sólido Cabello Normal Off White x 65 g + Acondicionador Sólido x 45 g + Jabonera Redonda Doble,Ruh Natural,40860.0,40860.0,False,65.0,628.6154,> Cuidado Capilar > Shampoo Y Acondicionador >,acondicionador,estandar,general,https://www.farmacity.com/combo-ruh-cabello-normal-off-white-x-65-g-acondicionador-ruh-x-45-g-jabonera-redonda-doble/p
Farmacity,237991,237991,Combo Ruh Shampoo Sólido Cabello Danado Yellow Submarine x 65 g + Acondicionador Sólido x 45 g + Jabonera Redonda Doble,Ruh Natural,40860.0,40860.0,False,65.0,628.6154,> Cuidado Capilar > Shampoo Y Acondicionador >,acondicionador,estandar,seco_danado,https://www.farmacity.com/combo-ruh-shampoo-cabello-danado-yeloow-submarine-x-65-g-acondicionador-ruh-x-45-g-jabonera-redonda-doble/p
Farmacity,237992,237992,Combo Ruh Shampoo Sólido Cabello Gaso Silver x 65 g + Acondicionador Sólido x 45 g + Jabonera Redonda Doble,Ruh Natural,40860.0,40860.0,False,65.0,628.6154,> Cuidado Capilar > Shampoo Y Acondicionador >,acondicionador,estandar,general,https://www.farmacity.com/combo-ruh-shampoo-cabello-gaso-silver-x-65-g-acondicionador-ruh-x-45-g-jabonera-redonda-doble/p
Farmacity,237995,237995,Combo Ruh Shampoo Sólido Cabello Teñido Natural Lavender x 65 g + Acondicionador Sólido x 45 g + Jabonera Redonda Doble,Ruh Natural,40860.0,40860.0,False,65.0,628.6154,> Cuidado Capilar > Shampoo Y Acondicionador >,acondicionador,estandar,tratado,https://www.farmacity.com/combo-ruh-shampoo-solido-natural-lavender-x-65-g-acondicionador-ruh-x-45-g-jabonera-redonda-doble/p
Farmacity,225736,225736,Jabón Líquido Next AB x 250 ml,Next,1600.0,3201.0,False,250.0,6.4,> Cuidado Personal > Higiene Personal > Jabones Y Ducha >,shampoo,estandar,general,https://www.farmacity.com/jabon-liquido-next-antibacterial-x-250-ml/p
Farmacity,218288,218288,Bálsamo Klorane Cupuacu x 200ml,Klorane,39000.0,39000.0,False,200.0,195.0,> Dermocosmética > Pelo > Bálsamos y Tratamientos >,shampoo,estandar,general,https://www.farmacity.com/balsamo-klorane-cupuacu-x-200--ml/p
Farmacity,212598,212598,Shampo Matizante Klorane Centáurea x 400 ml,Klorane,43500.0,43500.0,False,400.0,108.75,> Dermocosmética > Pelo > Shampoos y Acondicionadores >,shampoo,estandar,general,https://www.farmacity.com/shampoo-al-extracto-de-centaurea-x-400-ml/p
Farmacity,236997,236997,Tónico Fortalecedor Barba Sir Fausto x 250 ml,Sir Fausto,52505.0,52505.0,False,250.0,210.02,> Cuidado Capilar > Reparación Y Tratamiento >,shampoo,estandar,general,https://www.farmacity.com/tonico-fortececedor-barba-sir-fausto-x-250-ml/p
Farmacity,241727,241727,Kit Capilar Tresemmé Keratina AntiFrizz + Hidratación,Tresemmé,35669.0,35669.0,False,,,> Cuidado Capilar > Shampoo Y Acondicionador >,tratamiento,estandar,tratado,https://www.farmacity.com/combo-capilar-tresemme-keratina-antifrizz-hidratacion/p
Farmacity,230655,230655,Máscara Capilar IL Salone Brillo y Vitalidad x 250 ml,IL SALONE,13973.0,13973.0,False,250.0,55.892,> Cuidado Capilar > Reparación Y Tratamiento >,shampoo,estandar,general,https://www.farmacity.com/mascara-capilar-il-salone-brillo-y-vitalidad-x-250-ml/p
Farmacity,230658,230658,Máscara Capilar IL Salone Nutrición y Protección x 250 ml,IL SALONE,13970.0,13970.0,False,250.0,55.88,> Cuidado Capilar > Reparación Y Tratamiento >,shampoo,estandar,general,https://www.farmacity.com/mascara-capilar-il-salone-nutricion-y-proteccion-x-250-ml/p
Farmacity,249197,249197,Acondicionador Boti-k Puro Vegetal Rosa Mosqueta x 380 ml,Boti-k,32000.0,32000.0,False,380.0,84.2105,> Cuidado Capilar > Shampoo Y Acondicionador >,acondicionador,estandar,general,https://www.farmacity.com/acondicionador-boti-k-puro-vegetal-rosa-mosqueta-x-380-ml/p
Farmacity,237006,237006,Bálsamo Sir Fausto Pure D-Tox x 250 ml,Sir Fausto,12276.0,12276.0,False,250.0,49.104,> Cuidado Capilar > Shampoo Y Acondicionador >,shampoo,estandar,general,https://www.farmacity.com/balsamo-sir-fausto-pure-d-tox-x-250-ml/p
Farmacity,208218,208218,Spray Repelente Nopucid x 80 ml,Nopucid,11949.0,11949.0,False,80.0,149.3625,"> Farmacia > Pediculosis > Lociones, Enjuagues Y Emulsiones >",shampoo,estandar,general,https://www.farmacity.com/spray-repelente-nopucid-x-80-ml/p
Farmacity,228675,228675,Toallitas Intimas Lomecan V Therapy x 10 un,Lomecan,2022.0,2022.0,False,,,> Cuidado Personal > Higiene Personal > Protección Femenina >,shampoo,estandar,general,https://www.farmacity.com/toallitas-intima-lomecan-v-therapy-x-10-un/p
Farmacity,213249,213249,Loción Corporal Mustela Refrescante sin Alcohol x 200 ml,Mustela,26750.0,26750.0,False,200.0,133.75,> Bebés > Higiene del Bebé > Baño Del Bebé >,shampoo,estandar,general,https://www.farmacity.com/locion-corporal-mustela-refrescante-y-peinado-x-200-ml/p
Farmacity,222809,222809,Suplemento Dietario Isdin Lambdapil Hairdensity x 60 Cáps,Isdin,46303.0,46303.0,False,,,> Dermocosmética > Pelo > Bálsamos y Tratamientos >,shampoo,estandar,general,https://www.farmacity.com/suplemento-dietario-isdin-lambdapil-hairdensity-x-60-cap/p
Farmacity,213245,213245,Leche Corporal Mustela Hydra Bebé Piel Normal x 500 ml,Mustela,25900.0,25900.0,False,500.0,51.8,> Bebés > Higiene del Bebé > Baño Del Bebé >,shampoo,estandar,bebe,https://www.farmacity.com/leche-corporal-mustela-hydra-bebe-piel-normal-500-ml/p
Farmacity,238071,238071,Kit Tintura Excellence Matizador Supreme Tono 6.111 Rubio Oscuro Cenizo Plata,L'Oreal París,16190.0,16190.0,False,,,> Cuidado Capilar > Coloración Y Oxidantes >,tratamiento,estandar,tratado,https://www.farmacity.com/kit-tintura-excellence-matizador--supreme/p
Farmacity,224818,224818,Loción Nopucid Tribit Elimina Piojos y Liendres x 120 ml,Nopucid,19429.0,19429.0,False,120.0,161.9083,"> Farmacia > Pediculosis > Lociones, Enjuagues Y Emulsiones >",shampoo,estandar,general,https://www.farmacity.com/locion-nopucid-tribit-elimina-piojos-y-liendres-x-120-ml/p
Farmacity,222808,222808,Kit Tintura Excellence Matizador Supreme Triple Cuidado 8.17 Rubio Claro Cenizo x 47 g,L'Oreal París,17900.0,17900.0,False,47.0,380.8511,> Cuidado Capilar > Coloración Y Oxidantes >,tratamiento,estandar,tratado,https://www.farmacity.com/kit-tintura-excellence-matizador-supreme-222808/p
Farmacity,222807,222807,Kit Tintura  Excellence Matizador Supreme Triple Cuidado 7.17 Rubio Cenizo x 47 g,L'Oreal París,17900.0,17900.0,False,47.0,380.8511,> Cuidado Capilar > Coloración Y Oxidantes >,tratamiento,estandar,tratado,https://www.farmacity.com/kit-tintura-excellence-matizador-supreme-222807/p
Farmacity,222806,222806,Kit Tintura Excellence Matizador Supreme Triple Cuidado 6.17 Rubio Oscuro Cenizo x 47 g,L'Oreal París,17900.0,17900.0,False,47.0,380.8511,> Cuidado Capilar > Coloración Y Oxidantes >,tratamiento,estandar,tratado,https://www.farmacity.com/kit-tintura-excellence-matizador-supreme-222806/p
Farmacity,586,23645,Acondicionador iluminador x 420 ml,Capilatis,9700.0,9700.0,True,420.0,23.0952,> Cuidado Capilar > Shampoo Y Acondicionador >,acondicionador,estandar,general,https://www.farmacity.com/acondicionador-iluminador-x-420-ml/p
Farmacity,240015,240015,Acondicionador Elvive Glycolic Gloss x 400 ml,Elvive,7494.0,12490.0,True,400.0,18.735,> Cuidado Capilar > Shampoo Y Acondicionador >,acondicionador,profesional,general,https://www.farmacity.com/acondicionador-elvive-glyco-gloss-x-400-ml/p
Farmacity,234285,234285,Acondicionador Pantene Pro-V Miracles Hidrata y Fortalece x 400 ml,Pantene,6137.0,10228.0,True,400.0,15.3425,> Cuidado Capilar > Shampoo Y Acondicionador >,acondicionador,profesional,seco_danado,https://www.farmacity.com/acondicionador-pantene-pro-v-miracles-hidrata-y-fortalece-x-400-ml/p
Farmacity,225536,225536,Acondicionador Bagóvit Capilar Reparación Intensiva x 350 ml,Bagóvit,8984.0,8984.0,True,350.0,25.6686,> Cuidado Capilar > Shampoo Y Acondicionador >,acondicionador,estandar,general,https://www.farmacity.com/acondicionador-bagovit-capilar-reparacion-intensiva-x-350-ml/p
Farmacity,9589,158663,Acondicionador Elvive Óleo Extraordinario Rizos x 400 ml,Elvive,6714.0,11190.0,True,400.0,16.785,> Cuidado Capilar > Shampoo Y Acondicionador >,acondicionador,profesional,rizado,https://www.farmacity.com/acondicionador-oleo-extraordinario-rizos-definidos-x-400-ml/p
Farmacity,5344,143509,Acondicionador Elvive Reparación Total Extreme x 400 ml,Elvive,6714.0,11190.0,True,400.0,16.785,> Cuidado Capilar > Shampoo Y Acondicionador >,acondicionador,profesional,general,https://www.farmacity.com/acondicionador-reparacion-total-extreme-x-400-ml/p
Farmacity,4379,139247,Acondicionador Elvive Colorvive x 400 ml,Elvive,6714.0,11190.0,True,400.0,16.785,> Cuidado Capilar > Shampoo Y Acondicionador >,acondicionador,profesional,tratado,https://www.farmacity.com/acondicionador-colorvive-x-400-ml/p
Farmacity,484,132368,Acondicionador Dove Óleo Nutrición x 400 ml,Dove,5812.0,9687.0,True,400.0,14.53,> Cuidado Capilar > Shampoo Y Acondicionador >,acondicionador,estandar,general,https://www.farmacity.com/acondicionador-dove-oleo-nutricion-botella-x-400-ml/p
Farmacity,245462,245462,Acondicionador Garnier Fructis Hair Food Ananá x 300 ml,Fructis,7273.0,11190.0,True,300.0,24.2433,> Cuidado Capilar > Shampoo Y Acondicionador >,acondicionador,estandar,general,https://www.farmacity.com/acondicionador-garnier-fructis-hair-food-anana-x-300-ml/p
Farmacity,238879,238879,Acondicionador Pantene Liso Infinito Pro-V Miracles x 400 ml,Pantene,6137.0,10228.0,True,400.0,15.3425,> Cuidado Capilar > Shampoo Y Acondicionador >,acondicionador,profesional,general,https://www.farmacity.com/acondicionador-pantene-pro-v-miracles-liso-infinito-x-400-ml/p
Farmacity,234286,234286,Acondicionador Pantene Pro-V Miracles Hidrata y Fortalece 750 ml,Pantene,10040.0,16733.0,True,750.0,13.3867,> Cuidado Capilar > Shampoo Y Acondicionador >,acondicionador,profesional,seco_danado,https://www.farmacity.com/acondicionador-pantene-pro-v-miracles-hidrata-y-fortalece-x-750-ml/p
Farmacity,230617,230617,Acondicionador Tresemmé Ondas Boho x 500 ml,Tresemmé,6574.0,10114.0,True,500.0,13.148,> Cuidado Capilar > Shampoo Y Acondicionador >,acondicionador,estandar,general,https://www.farmacity.com/acondiconado-tresemme-ondas-boho-x-500-ml/p
Farmacity,221681,221681,Acondicionador Elvive Hidra Hialuronico x 200 ml,Elvive,4194.0,6990.0,True,200.0,20.97,> Cuidado Capilar > Shampoo Y Acondicionador >,acondicionador,profesional,general,https://www.farmacity.com/acondicionador-elvive-hidra-hialuronico-x-200-ml/p
Farmacity,208136,208136,Acondicionador Elvive Dream Long x 400 ml,Elvive,6714.0,11190.0,True,400.0,16.785,> Cuidado Capilar > Shampoo Y Acondicionador >,acondicionador,profesional,general,https://www.farmacity.com/acondicionador-dream-long-elvive-loreal-paris-x-400-ml/p
Farmacity,4181,139238,Acondicionador Elvive Reparación Total 5 x 400 ml,Elvive,6714.0,11190.0,True,400.0,16.785,> Cuidado Capilar > Shampoo Y Acondicionador >,acondicionador,profesional,general,https://www.farmacity.com/acondicionador-reparacion-total-5-x-400-ml-139238/p
Farmacity,244696,244696,Acondicionador Elvive Dream Liso x 750 ml,Elvive,19990.0,19990.0,True,750.0,26.6533,> Cuidado Capilar > Shampoo Y Acondicionador >,acondicionador,profesional,general,https://www.farmacity.com/acondicionador-elvive-dream-liso-x-750-ml/p
Farmacity,243704,243704,Acondicionador Antiquiebre Pantene Biotinamina B3 para Cabello Frágil y Quebradizo x 510 ml,Pantene,10285.0,17142.0,True,510.0,20.1667,> Cuidado Capilar > Shampoo Y Acondicionador >,acondicionador,estandar,seco_danado,https://www.farmacity.com/acondicionador-pantene-anti-caida-x-510-ml/p
Farmacity,240014,240014,Acondicionador Elvive Glycolic Gloss x 200 ml,Elvive,7490.0,7490.0,True,200.0,37.45,> Cuidado Capilar > Shampoo Y Acondicionador >,acondicionador,profesional,general,https://www.farmacity.com/acondicionador-elvive-glyco-gloss-x-200-ml/p
Farmacity,237878,237878,Acondicionador Capilatis Ortiga Concentrado x 420 ml,Capilatis,7575.0,10100.0,True,420.0,18.0357,> Cuidado Capilar > Shampoo Y Acondicionador >,acondicionador,estandar,general,https://www.farmacity.com/acondicionador-capilatis-ortiga-concentrado-x-420-ml/p
Farmacity,230627,230627,Acondicionador Dosificador Tresemmé Cauterización Reparadora x 500 ml,Tresemmé,6574.0,10114.0,True,500.0,13.148,> Cuidado Capilar > Shampoo Y Acondicionador >,acondicionador,estandar,general,https://www.farmacity.com/acondicionador-dosificador-tresemme-cauterizacion-reparadora-x-500-ml/p
Farmacity,229981,229981,Acondicionador Tío Nacho Engrosador x 415 ml,Tío Nacho,11750.0,11750.0,True,415.0,28.3133,> Cuidado Capilar > Shampoo Y Acondicionador >,acondicionador,estandar,general,https://www.farmacity.com/acondicionador-tio-nacho-engrosador-x-415-ml/p
Farmacity,226014,226014,Acondicionador Alta Moda Repair & Defense x 300 ml,Alta Moda,5692.0,5692.0,True,300.0,18.9733,> Cuidado Capilar > Shampoo Y Acondicionador >,acondicionador,profesional,general,https://www.farmacity.com/acondicionador-alta-moda-e-repair-y-defense-x-300-ml/p
Farmacity,224346,224346,Acondicionador Garnier Fructis Hair Food Sandia x 300 ml,Fructis,7273.0,11190.0,True,300.0,24.2433,> Cuidado Capilar > Shampoo Y Acondicionador >,acondicionador,estandar,general,https://www.farmacity.com/acondicionador-garnier-fructis-hair-food-sandia-revitalizante-x-300-ml/p
Farmacity,220449,220449,Acondicionador Desenredante Capilar Nic Desenready x 210 ml,Nic,10392.0,12990.0,True,210.0,49.4857,> Cuidado Capilar > Shampoo Y Acondicionador >,acondicionador,estandar,general,https://www.farmacity.com/tratamiento-capilar-nic-desenready-x-210-ml/p
Farmacity,217208,217208,Acondicionador Fructis Hair Food Coco x 300 ml,Fructis,7273.0,11190.0,True,300.0,24.2433,> Cuidado Capilar > Shampoo Y Acondicionador >,acondicionador,estandar,general,https://www.farmacity.com/acondicionador-fructis-hair-food-coco-x-300-ml/p
Farmacity,217206,217206,Acondicionador Garnier Fructis Hair Food Aloe x 300 ml,Fructis,7273.0,11190.0,True,300.0,24.2433,> Cuidado Capilar > Shampoo Y Acondicionador >,acondicionador,estandar,general,https://www.farmacity.com/acondicionador-fructis-hair-food-aloe-vera-x-300-ml/p
Farmacity,204166,200364,Acondicionador Herbal Essences Coconut Milk x 400 ml,Herbal Essences,10574.0,16267.0,True,400.0,26.435,> Cuidado Capilar > Shampoo Y Acondicionador >,acondicionador,estandar,general,https://www.farmacity.com/acond-herbal-renew-coconut-milk-x-400ml/p
Farmacity,204162,200360,Acondicionador Herbal Essences Bio Argan Oil x 400 ml,Herbal Essences,10574.0,16267.0,True,400.0,26.435,> Cuidado Capilar > Shampoo Y Acondicionador >,acondicionador,estandar,general,https://www.farmacity.com/acond-herbal-renew-reparacion-argan-oil-x-400ml/p
Farmacity,235938,235938,Acondicionador Fructis Hydra Liss x 350 ml,Fructis,7990.0,7990.0,True,350.0,22.8286,> Cuidado Capilar > Shampoo Y Acondicionador >,acondicionador,estandar,general,https://www.farmacity.com/acondicionador-fructis-hydra-liss-x-350-ml/p
Farmacity,235656,235656,Acondicionador Pantene Pro-V Miracles Detox 700 ml,Pantene,10040.0,16733.0,True,700.0,14.3429,> Cuidado Capilar > Shampoo Y Acondicionador >,acondicionador,profesional,general,https://www.farmacity.com/acondicionador-pantene-pro-v-miracles-detox-x-700-ml/p
Farmacity,233318,233318,Acondicionador Alta Moda Detox Purify x 300 ml,Alta Moda,5692.0,5692.0,True,300.0,18.9733,> Cuidado Capilar > Shampoo Y Acondicionador >,acondicionador,estandar,general,https://www.farmacity.com/balsamo-suavizante-moda-e-detox-x-300-ml/p
Farmacity,225993,225993,Acondicionador Alta Moda Hydra Save x 300 ml,Alta Moda,5692.0,5692.0,True,300.0,18.9733,> Cuidado Capilar > Shampoo Y Acondicionador >,acondicionador,estandar,general,https://www.farmacity.com/acondicionador-alta-moda-e-hydra-nutri-x-300-g/p
Farmacity,215470,215470,Acondicionador Head & Shoulders Aceite de Coco x 300 ml,Head and Shoulders,7264.0,11175.0,True,300.0,24.2133,> Cuidado Capilar > Shampoo Y Acondicionador >,acondicionador,estandar,general,https://www.farmacity.com/acondicionador-head-shouders-hidratacion-con-aceite-de-coco-x-300-ml/p
Farmacity,208135,208135,Acondicionador Elvive Dream Long x 200 ml,Elvive,4194.0,6990.0,True,200.0,20.97,> Cuidado Capilar > Shampoo Y Acondicionador >,acondicionador,profesional,general,https://www.farmacity.com/acondicionador-dream-long-elvive-loreal-paris-x-200-ml/p
Farmacity,207430,207430,Acondicionador Ogx Argan Oil Morrocco x 385 ml,OGX,27154.0,27154.0,True,385.0,70.5299,> Cuidado Capilar > Shampoo Y Acondicionador >,acondicionador,estandar,general,https://www.farmacity.com/acondicionador-ogx-argan-oil-morrocco-x-385-ml/p
Farmacity,201967,201967,Acondicionador para Niños Johnson's Baby Rulos de Ensueño x 200 ml,Johnson's,4540.0,6486.0,True,200.0,22.7,> Bebés > Higiene del Bebé > Baño Del Bebé >,acondicionador,estandar,rizado,https://www.farmacity.com/acondicionador-para-niños-johnsons-baby-rulos-de-ensueño-x-200-ml/p
Farmacity,248786,248786,Acondicionador Dercos Collagen 17 x 200 ml,Vichy,64802.0,64802.0,True,200.0,324.01,> Dermocosmética > Pelo > Shampoos y Acondicionadores >,acondicionador,estandar,general,https://www.farmacity.com/acondicionador-dercos-ultra-reparacion-x-200-ml/p
Farmacity,243912,243912,Acondicionador Fructis Probióticos Fuerza x 200 ml,Fructis,5490.0,5490.0,True,200.0,27.45,> Cuidado Capilar > Shampoo Y Acondicionador >,acondicionador,profesional,general,https://www.farmacity.com/acondicionador-fructis-probioticos-fuerza-x-200-ml/p
Farmacity,241571,241571,Acondicionador Bagóvit Capilar Plasma Vegetal x 350 ml,Bagóvit,10470.0,10470.0,True,350.0,29.9143,> Cuidado Capilar > Shampoo Y Acondicionador >,acondicionador,estandar,general,https://www.farmacity.com/acondicionador-bagovit-capilar-plasma-vegetal-x-350-ml-1/p
Farmacity,240910,240910,Acondicionador Baby Dove Humectación Enriquecida x 200 ml,Dove,7011.0,7011.0,True,200.0,35.055,> Bebés > Higiene del Bebé > Baño Del Bebé >,acondicionador,estandar,general,https://www.farmacity.com/acondicionador-dove-baby-humectacion-enriquecida-x-200-ml/p
Farmacity,239938,239938,Acondicionador Pantene Keratina x 700 ml,Pantene,15128.0,15128.0,True,700.0,21.6114,> Cuidado Capilar > Shampoo Y Acondicionador >,acondicionador,estandar,tratado,https://www.farmacity.com/acondicionador-pantene-keratina-x-700-ml/p
Farmacity,235663,235663,Acondicionador Pantene Pro-V Miracles Equilibrio Hidratante 200 ml,Pantene,3807.0,6345.0,True,200.0,19.035,> Cuidado Capilar > Shampoo Y Acondicionador >,acondicionador,profesional,seco_danado,https://www.farmacity.com/acondicionador-pantene-pro-v-miracles-equilibrio-x-200-ml/p
Farmacity,214538,214538,Acondicionador Head & Shoulders Apple Fresh x 300 ml,Head and Shoulders,7264.0,11175.0,True,300.0,24.2133,> Cuidado Capilar > Shampoo Y Acondicionador >,acondicionador,estandar,general,https://www.farmacity.com/acondicionador-head-and-shoulders-apple-fresh-x-300-ml/p
Farmacity,207432,207432,Acondicionador Ogx Biotin Collagen x 385 Ml,OGX,13577.0,27154.0,True,385.0,35.2649,> Cuidado Capilar > Shampoo Y Acondicionador >,acondicionador,estandar,general,https://www.farmacity.com/acondicionador-ogx-biotin-collagen-x-385-ml/p
Farmacity,161059,161059,Acondicionador Aveno Bebes y Niños x 250 ml,Aveno,22618.0,30157.0,True,250.0,90.472,> Bebés > Higiene del Bebé > Baño Del Bebé >,acondicionador,estandar,bebe,https://www.farmacity.com/aveno-infantil-acondicionador-x-250-ml/p
Farmacity,243911,243911,Acondicionador Fructis Probióticos Fuerza x 350 ml,Fructis,7990.0,7990.0,True,350.0,22.8286,> Cuidado Capilar > Shampoo Y Acondicionador >,acondicionador,profesional,general,https://www.farmacity.com/acondicionador-fructis-probioticos-fuerza-x-350-ml/p
Farmacity,238886,238886,Acondicionador Pantene Pro-V Miracles Revitalizacion x 200 ml,Pantene,3807.0,6345.0,True,200.0,19.035,> Cuidado Capilar > Shampoo Y Acondicionador >,acondicionador,profesional,general,https://www.farmacity.com/acondicionador-pantene-pro-v-miracles-revitalizacion-x-200-ml/p
Farmacity,238880,238880,Acondicionador Pantene Pro-V Miracles Liso Infinito x 200 ml,Pantene,3807.0,6345.0,True,200.0,19.035,> Cuidado Capilar > Shampoo Y Acondicionador >,acondicionador,profesional,general,https://www.farmacity.com/acondicionador-pantene-pro-v-miracles-liso-infinito-x-200-ml/p
Farmacity,236808,236808,Acondicionador Sedal Prebióticos+Biotina x 340 ml,Sedal,5837.0,5837.0,True,340.0,17.1676,> Cuidado Capilar > Shampoo Y Acondicionador >,acondicionador,estandar,general,https://www.farmacity.com/acondicionador-sedal-prebioticos-biotina-x-340-ml/p
Farmacity,230624,230624,Acondicionador Tresemmé Cauterización Reparadora x 250 ml,Tresemmé,6091.0,6091.0,True,250.0,24.364,> Cuidado Capilar > Shampoo Y Acondicionador >,acondicionador,estandar,general,https://www.farmacity.com/acondicionador-tresemme-cauterizacion-reparadora-x-250-ml/p
Farmacity,230623,230623,Acondicionador Tresemmé Keratina AntiFrizz x 250 ml,Tresemmé,6091.0,6091.0,True,250.0,24.364,> Cuidado Capilar > Shampoo Y Acondicionador >,acondicionador,estandar,tratado,https://www.farmacity.com/acondicionador-tresemme-keratina-antifrizz-x-250-ml/p
Farmacity,208716,208716,Acondicionador Capilatis con Aloe Vera Puro x 420 ml,Capilatis,11000.0,11000.0,True,420.0,26.1905,> Cuidado Capilar > Reparación Y Tratamiento >,acondicionador,estandar,general,https://www.farmacity.com/acondicionador-capilatis-con-aloe-vera-puro-x-420-ml/p
Farmacity,200785,200785,Acondicionador Fructis Liso Coco x 200 ml,Fructis,5490.0,5490.0,True,200.0,27.45,> Cuidado Capilar > Shampoo Y Acondicionador >,acondicionador,estandar,general,https://www.farmacity.com/acondicionador-fructis-liso-coco-x-200-ml/p
Farmacity,163842,163842,Acondicionador Fructis Recarga Nutritiva x 350 ml,Fructis,7990.0,7990.0,True,350.0,22.8286,> Cuidado Capilar > Shampoo Y Acondicionador >,acondicionador,estandar,general,https://www.farmacity.com/acondicionador-fructis-recarga-nutritiva-x-350-ml/p
Farmacity,16821,163825,Acondicionador Fructis Recarga Nutritiva x 200 ml,Fructis,5490.0,5490.0,True,200.0,27.45,> Cuidado Capilar > Shampoo Y Acondicionador >,acondicionador,estandar,general,https://www.farmacity.com/acondicionador-fructis-recarga-nutritiva-x-200-ml/p
Farmacity,9174,157030,Acondicionador Fortalecedor Diario Restauración Pantene Pro-V 3 Minute Miracle 170 ml,Pantene,9647.0,9647.0,True,170.0,56.7471,> Cuidado Capilar > Shampoo Y Acondicionador >,acondicionador,profesional,general,https://www.farmacity.com/acondicionador-pantene-pro-v-3-minute-miracle-restauracion-x-170-ml/p
Farmacity,5353,143510,Acondicionador Elvive Reparación Total Extreme x 750 ml,Elvive,17990.0,17990.0,True,750.0,23.9867,> Cuidado Capilar > Shampoo Y Acondicionador >,acondicionador,profesional,general,https://www.farmacity.com/acondicionador-reparacion-total-extreme-x-750-ml/p
Farmacity,301,112805,Acondicionador Capilatis Restaurador x 420 ml,Capilatis,9700.0,9700.0,True,420.0,23.0952,> Cuidado Capilar > Shampoo Y Acondicionador >,acondicionador,estandar,general,https://www.farmacity.com/acondicionador-restaurador-x-420-ml/p
Farmacity,246,45399,Acondicionador para Bebé Johnson's Original x 400 ml,Johnson's,8331.0,11902.0,True,400.0,20.8275,> Bebés > Higiene del Bebé > Baño Del Bebé >,acondicionador,estandar,bebe,https://www.farmacity.com/acondicionardor-para-bebe-johnsons-original-x-400-ml/p
Farmacity,248327,248327,Acondicionador Ice Professional Repair My Hair x 250 ml,Ice,17500.0,25000.0,True,250.0,70.0,> Cuidado Capilar > Shampoo Y Acondicionador >,acondicionador,profesional,general,https://www.farmacity.com/acondicionador-ice-professional-repair-my-hair-x-250-ml/p
Farmacity,239945,239945,Acondicionador Fortalecedor Diario Pantene Pro-V 3 Minutos Milagrosos Nutrición x 170 ml,Pantene,9647.0,9647.0,True,170.0,56.7471,> Cuidado Capilar > Shampoo Y Acondicionador >,acondicionador,profesional,general,https://www.farmacity.com/acondicionador-pantene-pro-v-3-minute-miracle-nutri-perlas-x-170-ml/p
Farmacity,147269,147269,Acondicionador Elvive Oleo Extraordinario Coco x 400 ml,Elvive,5595.0,11190.0,True,400.0,13.9875,> Cuidado Capilar > Shampoo Y Acondicionador >,acondicionador,profesional,general,https://www.farmacity.com/acondicionador-elvive-oleo-coco-x-400-ml/p
Farmacity,249900,249900,Acondicionador Primont Queration x 400 ml,Primont,10596.0,10596.0,True,400.0,26.49,> Cuidado Capilar > Shampoo Y Acondicionador >,acondicionador,estandar,general,https://www.farmacity.com/acondicionador-primont-queration-x-400-ml/p
Farmacity,244707,244707,Acondicionador Ecohair Sensitive Producto Cosmético x 200 ml,Garre Guevara,26000.0,26000.0,True,200.0,130.0,> Venta Bajo Receta > Dermatológico >,acondicionador,estandar,general,https://www.farmacity.com/acondicionador-ecohair-sensitive-producto-cosmetico-x-200-ml/p
Farmacity,237266,237266,Acondicionador Capilatis Manzanilla x 420 ml,Capilatis,9700.0,9700.0,True,420.0,23.0952,> Cuidado Capilar > Shampoo Y Acondicionador >,acondicionador,estandar,general,https://www.farmacity.com/acondicionador-capilatis-manzanilla-x-420-ml/p
Farmacity,229989,229989,Acondicionador Tio Nacho Aclarante x 200 ml,Tío Nacho,8057.0,8057.0,True,200.0,40.285,> Cuidado Capilar > Shampoo Y Acondicionador >,acondicionador,estandar,general,https://www.farmacity.com/acondicionador-tio-nacho-aclarante-x-200-ml/p
Farmacity,229987,229987,Acondicionador Tío Nacho Engrosador x 200 ml,Tío Nacho,8250.0,8250.0,True,200.0,41.25,> Cuidado Capilar > Shampoo Y Acondicionador >,acondicionador,estandar,general,https://www.farmacity.com/acondicionador-tio-nacho-engrosador-x-200-ml/p
Farmacity,244693,244693,Acondicionador Elvive Dream Liso x 400 ml,Elvive,7494.0,12490.0,True,400.0,18.735,> Cuidado Capilar > Shampoo Y Acondicionador >,acondicionador,profesional,general,https://www.farmacity.com/acondicionador-elvive-dream-liso-x-400-ml/p
Farmacity,295,109080,Acondicionador Dove Reconstrucción + Aminoácido x 400 ml,Dove,5812.0,9687.0,True,400.0,14.53,> Cuidado Capilar > Shampoo Y Acondicionador >,acondicionador,estandar,general,https://www.farmacity.com/acondicionador-dove-reconstruccion-completa-botella-x-400-ml/p
Farmacity,230626,230626,Acondicionador Dosificador Tresemmé Keratina AntiFrizz x 500 ml,Tresemmé,6574.0,10114.0,True,500.0,13.148,> Cuidado Capilar > Shampoo Y Acondicionador >,acondicionador,estandar,tratado,https://www.farmacity.com/acondicionador-dosificador-tresemme-keratina-antifrizz-x-500-ml/p
Farmacity,239709,239709,Acondicionador Fructis Hair Food Cacao x 300 ml,Fructis,7273.0,11190.0,True,300.0,24.2433,> Cuidado Capilar > Shampoo Y Acondicionador >,acondicionador,estandar,general,https://www.farmacity.com/acondicionador-garnier-fructis-hair-food-manteca-de-cacao-x-300-ml/p
Farmacity,230628,230628,Acondicionador Dosificador Tresemmé Liso Efecto Botox x 500 ml,Tresemmé,6574.0,10114.0,True,500.0,13.148,> Cuidado Capilar > Shampoo Y Acondicionador >,acondicionador,estandar,general,https://www.farmacity.com/acondicionador-dosificador-tresemme-liso-efecto-botox-x-500-ml/p
Farmacity,215074,215074,Acondicionador Dove Regeneración + Retinol x 400 ml,Dove,5812.0,9687.0,True,400.0,14.53,> Cuidado Capilar > Shampoo Y Acondicionador >,acondicionador,estandar,general,https://www.farmacity.com/acondicionador-dove-regeneracion-extrema-x-400-ml/p
Farmacity,244542,244542,Acondicionador Reparador Pantene Pro-V Miracles Keratina Repara y Protege x 510 ml,Pantene,10285.0,17142.0,True,510.0,20.1667,> Cuidado Capilar > Shampoo Y Acondicionador >,acondicionador,profesional,tratado,https://www.farmacity.com/acondicionador-pantene-keratina-x-510-ml/p
Farmacity,235660,235660,Acondicionador Pantene Pro-V Miracles Equilibrio Hidratante x 400 ml,Pantene,6137.0,10228.0,True,400.0,15.3425,> Cuidado Capilar > Shampoo Y Acondicionador >,acondicionador,profesional,seco_danado,https://www.farmacity.com/acondicionador-pantene-pro-v-miracles-equilibrio-x-400-ml/p
Farmacity,235653,235653,Acondicionador Pantene Pro-V Miracles Detox Hidratante 200 ml,Pantene,3807.0,6345.0,True,200.0,19.035,> Cuidado Capilar > Shampoo Y Acondicionador >,acondicionador,profesional,seco_danado,https://www.farmacity.com/acondicionador-pantene-pro-v-miracles-detox-x-200-ml/p
Farmacity,229991,229991,Acondicionador Elvive Colorvive x 200 ml,Elvive,4494.0,7490.0,True,200.0,22.47,> Cuidado Capilar > Shampoo Y Acondicionador >,acondicionador,profesional,tratado,https://www.farmacity.com/acondicionador-elvive-matizador-violeta-x-200-ml/p
Farmacity,229979,229979,Acondicionador Tío Nacho Herbolaria Milenaria x 415 ml,Tío Nacho,11750.0,11750.0,True,415.0,28.3133,> Cuidado Capilar > Shampoo Y Acondicionador >,acondicionador,estandar,general,https://www.farmacity.com/acondicionador-tio-nacho-herbolaria-milenaria-x-415-ml/p
Farmacity,223268,223268,Acondicionador para Niños Johnson’s Baby Gotas de Brillo x 400 ml,Johnson's,7169.0,10241.0,True,400.0,17.9225,> Bebés > Higiene del Bebé > Baño Del Bebé >,acondicionador,estandar,bebe,https://www.farmacity.com/acondicionador-johnsons-baby-gotas-de-brillo-x-40-ml/p
Farmacity,220331,220331,Acondicionador Pantene Pro-V Solutions Restauración x 400 ml,Pantene,6137.0,10228.0,True,400.0,15.3425,> Cuidado Capilar > Shampoo Y Acondicionador >,acondicionador,profesional,general,https://www.farmacity.com/acondicionador-pantene-miracle-restauracion-x-400-ml/p
Farmacity,7842,152463,Acondicionador para Niños Johnson's Baby Gotas de Brillo x 200 ml,Johnson's,4619.0,6599.0,True,200.0,23.095,> Bebés > Higiene del Bebé > Baño Del Bebé >,acondicionador,estandar,bebe,https://www.farmacity.com/acondicionador-gotas-de-brillo-x-200-ml/p
Farmacity,6187,147255,Acondicionador Elvive Óleo Extraordinario x 200 ml,Elvive,4194.0,6990.0,True,200.0,20.97,> Cuidado Capilar > Shampoo Y Acondicionador >,acondicionador,profesional,general,https://www.farmacity.com/acondicionador-oleo-extraordinario-nutricion-universal-x-200-ml/p
Farmacity,243701,243701,Acondicionador Pantene Anti Caida x 250 ml,Pantene,6032.0,10054.0,True,250.0,24.128,> Cuidado Capilar > Shampoo Y Acondicionador >,acondicionador,estandar,general,https://www.farmacity.com/acondicionador-pantene-anti-caida-x-250-ml/p
Farmacity,240016,240016,Acondicionador Elvive Glycolic Gloss x 750 ml,Elvive,19990.0,19990.0,True,750.0,26.6533,> Cuidado Capilar > Shampoo Y Acondicionador >,acondicionador,profesional,general,https://www.farmacity.com/acondicionador-elvive-glyco-gloss-x-750-ml/p
Farmacity,239944,239944,Acondicionador Pantene Keratina x 200 ml,Pantene,3807.0,6345.0,True,200.0,19.035,> Cuidado Capilar > Shampoo Y Acondicionador >,acondicionador,estandar,tratado,https://www.farmacity.com/acondicionador-pantene-keratina-x-200-ml/p
Farmacity,238884,238884,Acondicionador Pantene Pro-V Miracles Revitalizacion x 750 ml,Pantene,16733.0,16733.0,True,750.0,22.3107,> Cuidado Capilar > Shampoo Y Acondicionador >,acondicionador,profesional,general,https://www.farmacity.com/acondicionador-pantene-pro-v-miracles-revitalizacion-x-750-ml/p
Farmacity,237263,237263,Acondicionador Capilatis Plex Reparación Absoluta x 350 ml,Capilatis,13000.0,13000.0,True,350.0,37.1429,> Cuidado Capilar > Shampoo Y Acondicionador >,acondicionador,estandar,general,https://www.farmacity.com/acondicionador-capilatis-plex-reparacion-absoluta-x-350-ml/p
Farmacity,235658,235658,Acondicionador Pantene Pro-V Miracles Detox x 400 ml,Pantene,6137.0,10228.0,True,400.0,15.3425,> Cuidado Capilar > Shampoo Y Acondicionador >,acondicionador,profesional,general,https://www.farmacity.com/acondicionador-pantene-pro-v-miracles-detox-x-400-ml/p
Farmacity,230629,230629,Acondicionador Dosificador Tresemmé Detox Capilar x 500 ml,Tresemmé,6574.0,10114.0,True,500.0,13.148,> Cuidado Capilar > Shampoo Y Acondicionador >,acondicionador,estandar,general,https://www.farmacity.com/acondicionador-dosificador-tresemme-detox-capilar-x-500-ml/p
Farmacity,219376,219376,Acondicionador Alta Moda Super Oils x 300 ml,Alta Moda,5692.0,5692.0,True,300.0,18.9733,> Cuidado Capilar > Shampoo Y Acondicionador >,acondicionador,estandar,general,https://www.farmacity.com/acondicionador-alta-moda-e-argan-therapy-x-300-ml/p
Farmacity,214534,214534,Acondicionador Head & Shoulders Protección Caída x 300 ml,Head and Shoulders,7264.0,11175.0,True,300.0,24.2133,> Cuidado Capilar > Shampoo Y Acondicionador >,acondicionador,estandar,general,https://www.farmacity.com/acondicionador-head-and-shoulders-anti-fall-x-300-ml/p
Farmacity,207428,207428,Acondicionador Ogx Brazilian Keratin Smooth x 385 ml,OGX,27154.0,27154.0,True,385.0,70.5299,> Cuidado Capilar > Shampoo Y Acondicionador >,acondicionador,estandar,general,https://www.farmacity.com/acondicionador-ogx-brazilian-keratin-smooth-x-385-ml/p
Farmacity,221687,221687,Acondicionador Head & Shoulders Crece Fuerte Desde la Raíz x 300 ml,Head and Shoulders,7264.0,11175.0,True,300.0,24.2133,> Cuidado Capilar > Shampoo Y Acondicionador >,acondicionador,estandar,general,https://www.farmacity.com/acondicionador-head-y-shoulders-crece-fuerte-desde-la-raiz-x-300-ml/p
Farmacity,221683,221683,Acondicionador Elvive Hidra Hialuronico x 750 ml,Elvive,17990.0,17990.0,True,750.0,23.9867,> Cuidado Capilar > Shampoo Y Acondicionador >,acondicionador,profesional,general,https://www.farmacity.com/acondicionador-elvive-hidra-hialuronico-x-750-ml/p
Farmacity,9588,158661,Acondicionador Elvive Óleo Extraordinario Rizos x 200 ml,Elvive,6990.0,6990.0,True,200.0,34.95,> Cuidado Capilar > Shampoo Y Acondicionador >,acondicionador,profesional,rizado,https://www.farmacity.com/acondicionador-oleo-extraordinario-rizos-definidos-x-200-ml/p
Farmacity,371,23604,Acondicionador Capilatis Ortiga con Extracto Vegetal para Caída x 410 ml,Capilatis,9700.0,9700.0,True,410.0,23.6585,> Cuidado Capilar > Shampoo Y Acondicionador >,acondicionador,estandar,general,https://www.farmacity.com/enjuague-control-caida-x-410-ml/p
Farmacity,229983,229983,Acondicionador Tío Nacho Aclarante x 415 ml,Tío Nacho,8225.0,11750.0,True,415.0,19.8193,> Cuidado Capilar > Shampoo Y Acondicionador >,acondicionador,estandar,general,https://www.farmacity.com/acondicionador-tio-nacho-aclarante-x-415-ml/p
Farmacity,225535,225535,Acondicionador Bagóvit Capilar Nutrición x 350 ml,Bagóvit,9973.0,9973.0,True,350.0,28.4943,> Cuidado Capilar > Shampoo Y Acondicionador >,acondicionador,estandar,general,https://www.farmacity.com/acondicionador-bagovit-capilar-nutricion-profunda-x-350-ml/p
Farmacity,200788,200788,Acondicionador Fructis Liso Coco x 350 ml,Fructis,7990.0,7990.0,True,350.0,22.8286,> Cuidado Capilar > Shampoo Y Acondicionador >,acondicionador,estandar,general,https://www.farmacity.com/acondicionador-fructis-liso-coco-x-350-ml/p
Farmacity,15062,34403,Acondicionador Aveno Restaurador Capilar x 250 ml,Aveno,22398.0,29864.0,True,250.0,89.592,> Cuidado Capilar > Shampoo Y Acondicionador >,acondicionador,estandar,general,https://www.farmacity.com/acondicionador-reactivo-hidratante-y-emoliente-x-250-ml/p
Farmacity,8876,156328,Acondicionador Sedal Rizos Definidos x 340 ml,Sedal,5836.0,5836.0,True,340.0,17.1647,> Cuidado Capilar > Shampoo Y Acondicionador >,acondicionador,estandar,rizado,https://www.farmacity.com/acondicionador-rizos-definidos-botella-x-340-ml/p
Farmacity,701,132367,Acondicionador Dove Nutrición + Tri-Óleos x 200 ml,Dove,5788.0,5788.0,True,200.0,28.94,> Cuidado Capilar > Shampoo Y Acondicionador >,acondicionador,estandar,general,https://www.farmacity.com/acondicionador-dove-oleo-nutricion-botella-x-200-ml/p
Farmacity,398,45397,Acondicionador para Bebé Johnson's Cabello Claro x 200 ml,Johnson's,5018.0,7168.0,True,200.0,25.09,> Bebés > Higiene del Bebé > Baño Del Bebé >,acondicionador,estandar,bebe,https://www.farmacity.com/acondicionador-para-bebe-cabello-claro-x-200-ml/p
Farmacity,244,126742,Acondicionador para Bebé Johnson's Original x 200 ml,Johnson's,5018.0,7168.0,True,200.0,25.09,> Bebés > Higiene del Bebé > Baño Del Bebé >,acondicionador,estandar,bebe,https://www.farmacity.com/acondicionardor-para-bebe-johnsons-original-x-200-ml/p
Farmacity,243573,243573,Acondicionador Sedal Luminous UV x 340 ml,Sedal,5837.0,5837.0,True,340.0,17.1676,> Cuidado Capilar > Shampoo Y Acondicionador >,acondicionador,estandar,general,https://www.farmacity.com/acondicionador-sedal-luminous-uv-x-340-ml/p
Farmacity,239424,239424,Acondicionador Tío Nacho Henna Egipcia Efecto Anti Canas x 415 ml,Tío Nacho,8225.0,11750.0,True,415.0,19.8193,> Cuidado Capilar > Shampoo Y Acondicionador >,acondicionador,estandar,general,https://www.farmacity.com/acondicionador-tio-nacho-anticanas-x-415-ml/p
Farmacity,238876,238876,Acondicionador Pantene Pro-V Miracles Volumen x 750 ml,Pantene,16733.0,16733.0,True,750.0,22.3107,> Cuidado Capilar > Shampoo Y Acondicionador >,acondicionador,profesional,general,https://www.farmacity.com/acondicionador-pantene-pro-v-miracles-volumen-x-750-ml/p
Farmacity,234284,234284,Acondicionador Pantene Pro-V Miracles Hidratante 200 ml,Pantene,3807.0,6345.0,True,200.0,19.035,> Cuidado Capilar > Shampoo Y Acondicionador >,acondicionador,profesional,seco_danado,https://www.farmacity.com/acondicionador-pantene-pro-v-miracles-hidrata-y-fortalece-x-200-ml/p
Farmacity,8873,156290,Acondicionador Sedal Ceramidas x 190 ml,Sedal,3907.0,3907.0,True,190.0,20.5632,> Cuidado Capilar > Shampoo Y Acondicionador >,acondicionador,estandar,general,https://www.farmacity.com/acondicionador-ceramidas-x-190-ml/p
Farmacity,3842,137317,Acondicionador con Keratina x 350 ml,Capilatis,9900.0,9900.0,True,350.0,28.2857,> Cuidado Capilar > Shampoo Y Acondicionador >,acondicionador,estandar,tratado,https://www.farmacity.com/acondicionador-con-keratina-x-350-ml/p
Farmacity,232723,232723,Acondicionador Capilatis Natural Nutritivo x 420 ml,Capilatis,9700.0,9700.0,True,420.0,23.0952,> Cuidado Capilar > Shampoo Y Acondicionador >,acondicionador,estandar,general,https://www.farmacity.com/acondicionador-capilatis-natural-nutritivo-x-420-ml/p
Farmacity,220327,220327,Acondicionador Pantene Brillo Extremo x 200 ml,Pantene,4697.0,4697.0,True,200.0,23.485,> Cuidado Capilar > Shampoo Y Acondicionador >,acondicionador,estandar,general,https://www.farmacity.com/acondicionador-pantene-miracle-brillo-extremo-x-200-ml/p
Farmacity,215073,215073,Acondicionador Dove Regeneración + Retinol x 200 ml,Dove,5788.0,5788.0,True,200.0,28.94,> Cuidado Capilar > Shampoo Y Acondicionador >,acondicionador,estandar,general,https://www.farmacity.com/acondicionador-dove-regeneracion-extrema-x-200-ml/p
Farmacity,8849,156327,Acondicionador Sedal Restauración Instantánea x 340 ml,Sedal,5836.0,5836.0,True,340.0,17.1647,> Cuidado Capilar > Shampoo Y Acondicionador >,acondicionador,estandar,general,https://www.farmacity.com/acondicionador-sedal-restauracion-instantanea-botella-x-340-ml/p
Farmacity,250129,250129,Acondicionador Dove Regeneración + Retinol x 650 ml,Dove,16218.0,16218.0,True,650.0,24.9508,> Cuidado Capilar > Shampoo Y Acondicionador >,acondicionador,estandar,general,https://www.farmacity.com/acondicionador-dove-regeneracion-retinol-x-650-ml/p
Farmacity,249903,249903,Acondicionador Primont Signature con Trufa Negra x 300 ml,Primont,24783.0,24783.0,True,300.0,82.61,> Cuidado Capilar > Shampoo Y Acondicionador >,acondicionador,estandar,general,https://www.farmacity.com/acondicionador-primont-signature-con-trufa-negra-x-300-ml/p
Farmacity,248331,248331,Acondicionador Ice Professional Keep My Blonde x 250 ml,Ice,17500.0,25000.0,True,250.0,70.0,> Cuidado Capilar > Shampoo Y Acondicionador >,acondicionador,profesional,general,https://www.farmacity.com/acondicionador-ice-professional-keep-my-blonde-x-250-ml/p
Farmacity,244971,244971,Acondicionador Capilatis Ortiga Mujer x 350 ml,Capilatis,13000.0,13000.0,True,350.0,37.1429,> Cuidado Capilar > Shampoo Y Acondicionador >,acondicionador,estandar,general,https://www.farmacity.com/acondicionador-ortiga-capilatis-mujer-x-350-ml/p
Farmacity,238877,238877,Acondicionador Pantene Pro-V Miracles Volumen x 200 ml,Pantene,3807.0,6345.0,True,200.0,19.035,> Cuidado Capilar > Shampoo Y Acondicionador >,acondicionador,profesional,general,https://www.farmacity.com/acondicionador-pantene-pro-v-miracles-volumen-x-200-ml/p
Farmacity,230668,230668,Acondicionador Veganis Double Trouble Ácido Hialurónico x 400 ml,Veganis,14616.0,14616.0,True,400.0,36.54,> Cuidado Capilar > Shampoo Y Acondicionador >,acondicionador,estandar,general,https://www.farmacity.com/acondicionador-veganis-double-troublea-acido-hialuronico-x-400-ml/p
Farmacity,228965,228965,Acondicionador Solido Ruh Natural x 45 g,Ruh Natural,13508.0,13508.0,True,45.0,300.1778,> Cuidado Capilar > Shampoo Y Acondicionador >,acondicionador,estandar,general,https://www.farmacity.com/acondicionador-solido-ruh-cabello-x-65-g/p
Farmacity,224527,224527,Acondicionador Anticaida Klorane x 200 ml,Klorane,28700.0,41000.0,True,200.0,143.5,> Dermocosmética > Pelo > Shampoos y Acondicionadores >,acondicionador,estandar,general,https://www.farmacity.com/balsamos-capilar-klorane-quinina-x-200-ml/p
Farmacity,221810,221810,Acondicionador Sedal Hialurónico + Vitamina A x 340 ml,Sedal,5841.0,5841.0,True,340.0,17.1794,> Cuidado Capilar > Shampoo Y Acondicionador >,acondicionador,estandar,general,https://www.farmacity.com/acondicionador-sedal-acido-hialuronico-vitamina-a-x-340-ml/p
Farmacity,219383,219383,Acondicionador Alta Moda Acqua Shine x 300 ml,Alta Moda,4301.0,8602.0,True,300.0,14.3367,> Cuidado Capilar > Shampoo Y Acondicionador >,acondicionador,estandar,general,https://www.farmacity.com/acondicionador-alta-moda-e-vegano-x-300-ml/p
Farmacity,217204,217204,Acondicionador Fructis Hair Food Banana x 300 ml,Fructis,4214.0,8428.0,True,300.0,14.0467,> Cuidado Capilar > Shampoo Y Acondicionador >,acondicionador,estandar,general,https://www.farmacity.com/acondicionador-fructis-hair-food-banana-x-300-ml/p
Farmacity,204195,204195,Acondicionador Ayurvédico Sri Sri Tattva Coco x 100 g,Sri Sri Tattva,11799.0,11799.0,True,100.0,117.99,> Cuidado Capilar > Shampoo Y Acondicionador >,acondicionador,estandar,general,https://www.farmacity.com/acondicionador-ayurvedico-hidratante-sri-sri-tattva-coco-y-almendras-x-100-g/p
Farmacity,156320,156320,Acondicionador Sedal Crema Balance Toque Seda x 340 ml,Sedal,5836.0,5836.0,True,340.0,17.1647,> Cuidado Capilar > Shampoo Y Acondicionador >,acondicionador,estandar,general,https://www.farmacity.com/acondicionador-sedal-crema-balance-x-340-ml/p
Farmacity,8867,156325,Acondicionador Sedal Liso Perfecto x 340 ml,Sedal,5836.0,5836.0,True,340.0,17.1647,> Cuidado Capilar > Shampoo Y Acondicionador >,acondicionador,estandar,general,https://www.farmacity.com/acondiciondor-liso-perfecto-x-340-ml/p
Farmacity,244692,244692,Acondicionador Elvive Dream Liso x 200 ml,Elvive,7490.0,7490.0,True,200.0,37.45,> Cuidado Capilar > Shampoo Y Acondicionador >,acondicionador,profesional,general,https://www.farmacity.com/acondicionador-elvive-dream-liso-x-200-ml/p
Farmacity,238885,238885,Acondicionador Revitalización Pro-V Miracles x 400 ml,Pantene,6137.0,10228.0,True,400.0,15.3425,> Cuidado Capilar > Shampoo Y Acondicionador >,acondicionador,profesional,general,https://www.farmacity.com/acondicionador-pantene-pro-v-miracles-revitalizacion-x-400-ml/p
Farmacity,238878,238878,Acondicionador Pantene Pro-V Miracles Liso Infinito x 750 ml,Pantene,16733.0,16733.0,True,750.0,22.3107,> Cuidado Capilar > Shampoo Y Acondicionador >,acondicionador,profesional,general,https://www.farmacity.com/acondicionador-pantene-pro-v-miracles-liso-infinito-x-750-ml/p
Farmacity,235659,235659,Acondicionador Pantene Pro-V Miracles Equilibrio Hidratante 700 ml,Pantene,10040.0,16733.0,True,700.0,14.3429,> Cuidado Capilar > Shampoo Y Acondicionador >,acondicionador,profesional,seco_danado,https://www.farmacity.com/acondicionador-pantene-pro-v-miracles-equilibrio-x-700-ml/p
Farmacity,234382,234382,Acondicionador Elvive Hialurónico Pure x 750 ml,Elvive,17990.0,17990.0,True,750.0,23.9867,> Cuidado Capilar > Shampoo Y Acondicionador >,acondicionador,profesional,general,https://www.farmacity.com/acondicionador-elvive-hialuronico-pure-x-750-ml/p
Farmacity,230618,230618,Acondicionador Tresemmé Matrizador Ultravioleta x 500 ml,Tresemmé,6574.0,10114.0,True,500.0,13.148,> Cuidado Capilar > Shampoo Y Acondicionador >,acondicionador,estandar,rizado,https://www.farmacity.com/acondicionador-tresemme-matrizador-ultravioleta-x-500-ml/p
Farmacity,133691,133691,Proavenal Avena+Asoc. Acondicionador x 300 ml,Panalab,36644.0,36644.0,True,300.0,122.1467,> Venta Bajo Receta > Dermatológico >,acondicionador,estandar,general,https://www.farmacity.com/proavenal-avena-asoc-acondicionador-x-300-ml/p
Farmacity,6717,147618,Spray Acondicionador Biferdil Vitaminado x 200 ml,Biferdil,13176.0,13176.0,True,200.0,65.88,> Cuidado Capilar > Shampoo Y Acondicionador >,acondicionador,estandar,general,https://www.farmacity.com/spray-acondicionador-vitaminado-s-enjuague-x-200ml/p
Farmacity,237565,237565,Valcatil Complex Aminoacidos + Asoc Acondicionador x 300 ml,Panalab,58812.0,58812.0,True,300.0,196.04,> Venta Bajo Receta > Sistema Digestivo y Metabolismo >,acondicionador,estandar,general,https://www.farmacity.com/valcatil-complex-aminoacidos-asoc-acondicionador-x-300-ml/p
Farmacity,232898,232898,Dermo Acondicionador Head & Shoulders Revitalización x 300 ml,Head and Shoulders,7264.0,11175.0,True,300.0,24.2133,> Cuidado Capilar > Shampoo Y Acondicionador >,acondicionador,estandar,general,https://www.farmacity.com/acondicionador-head-shoulders-argan-x-300-ml/p
Farmacity,249634,249634,Combo Vichy Dercos Acondicionador Anti-Caída Apres Energy x 2 un,Vichy,117726.0,117726.0,True,,,> Dermocosmética > Pelo > Shampoos y Acondicionadores >,acondicionador,estandar,general,https://www.farmacity.com/combo-vichy-dercos-acondicionador-anti-caida-apres-energy-x-2-un/p
Farmacity,244681,244681,"Kit Rutina Fructis Probióticos Fuerza: Shampoo, Acondicionador y Crema Para Peinar",Fructis,16429.0,23470.0,True,,,> Cuidado Capilar > Shampoo Y Acondicionador >,acondicionador,profesional,general,https://www.farmacity.com/kit-rutina-fructis-probioticos-fuerza-shampoo-acondicionador-y-crema-para-peinar/p
Farmacity,241696,241696,Kit Dove Bond Intense Repair Shampoo + Acondicionador + Máscara de Tratamiento,Dove,18120.0,36240.0,True,,,> Cuidado Capilar > Shampoo Y Acondicionador >,acondicionador,profesional,general,https://www.farmacity.com/combo-dove-bond-intense-repair-shampoo-x-400-ml-acondicionador-x-250-ml-mascara-de-tratamiento-x-250-g/p
Farmacity,234282,234282,Shampoo Pantene Pro-V Miracles Hidrata y Fortalece x 400 ml,Pantene,6137.0,10228.0,True,400.0,15.3425,> Cuidado Capilar > Shampoo Y Acondicionador >,shampoo,profesional,seco_danado,https://www.farmacity.com/shampoo-pantene-pro-v-miracles-hidrata-y-fortalece-x-400-ml/p
Farmacity,214555,214555,Máscara Vichy Dercos Kera Solutions x 200 ml,Vichy,66477.0,66477.0,True,200.0,332.385,> Dermocosmética > Pelo > Bálsamos y Tratamientos >,shampoo,estandar,general,https://www.farmacity.com/mascara-vichy-dercos-kera-solutions-x-250-ml/p
Farmacity,204156,200273,Bálsamo Reconstituyente Vichy Dercos Densi Solutions x 150 ml,Vichy,64802.0,64802.0,True,150.0,432.0133,> Dermocosmética > Pelo > Bálsamos y Tratamientos >,shampoo,estandar,general,https://www.farmacity.com/dercos-densi-solutions-balsamo-densificador-reconstituyent/p
Farmacity,9587,158662,Shampoo Elvive Óleo Extraordinario Rizos x 400 ml,Elvive,6714.0,11190.0,True,400.0,16.785,> Cuidado Capilar > Shampoo Y Acondicionador >,shampoo,profesional,rizado,https://www.farmacity.com/shampoo-oleo-extraordinario-rizos-x-400-ml/p
Farmacity,230003,230003,Shampoo Biferdil Anti Naranja x 295 ml,Biferdil,13068.0,13068.0,True,295.0,44.2983,> Cuidado Capilar > Shampoo Y Acondicionador >,shampoo,estandar,general,https://www.farmacity.com/shampoo-biferdil-anti-naranja-x-295-ml/p
Farmacity,236057,236057,Shampoo Biferdil Óleo de Argán x 200 ml,Biferdil,14256.0,14256.0,True,200.0,71.28,> Cuidado Capilar > Shampoo Y Acondicionador >,shampoo,estandar,general,https://www.farmacity.com/shampoo-biferdil-oleo-de-argan-x-200-ml/p
Farmacity,225992,225992,Shampoo Alta Moda Hydra Save x 300 ml,Alta Moda,5692.0,5692.0,True,300.0,18.9733,> Cuidado Capilar > Shampoo Y Acondicionador >,shampoo,estandar,general,https://www.farmacity.com/shampoo-alta-moda-e-hydra-nutri-x-300-g/p
Farmacity,239940,239940,Shampoo Pantene Keratina x 700 ml,Pantene,15128.0,15128.0,True,700.0,21.6114,> Cuidado Capilar > Shampoo Y Acondicionador >,shampoo,estandar,tratado,https://www.farmacity.com/shampoo-pantene-keratina-x-700-ml/p
Farmacity,241716,241716,Kit Capilar Dove Regeneración Extrema,Dove,15984.0,29062.0,True,,,> Cuidado Capilar > Shampoo Y Acondicionador >,tratamiento,estandar,general,https://www.farmacity.com/combo-capilar-dove-regeneracion-extrema/p
Farmacity,246664,246664,Shampoo Pantene Bamboo x 200 ml,Pantene,3808.0,6347.0,True,200.0,19.04,> Cuidado Capilar > Shampoo Y Acondicionador >,shampoo,estandar,general,https://www.farmacity.com/shampoo-pantene-bamboo-x-200-ml/p
Farmacity,244544,244544,Shampoo Pantene Keratina x 300 ml,Pantene,6032.0,10054.0,True,300.0,20.1067,> Cuidado Capilar > Shampoo Y Acondicionador >,shampoo,estandar,tratado,https://www.farmacity.com/shampoo-pantene-keratina-x-300-ml/p
Farmacity,230217,230217,Crema para Peinar Pantene Colágeno Nutre & Revitaliza x 300 ml,Pantene,9024.0,9024.0,True,300.0,30.08,> Cuidado Capilar > Modelado Y Peinado >,shampoo,estandar,general,https://www.farmacity.com/crema-para-peinar-pantene-colageno-x-300-ml/p
Farmacity,238887,238887,Shampoo Pantene Pro-V Miracles Revitalizacion x 750 ml,Pantene,16733.0,16733.0,True,750.0,22.3107,> Cuidado Capilar > Shampoo Y Acondicionador >,shampoo,profesional,general,https://www.farmacity.com/shampoo-pantene-pro-v-miracles-revitalizacion-x-750-ml/p
Farmacity,242679,242679,Shampoo Fructis Goodbye Daños x 350 ml,Fructis,7990.0,7990.0,True,350.0,22.8286,> Cuidado Capilar > Shampoo Y Acondicionador >,shampoo,estandar,general,https://www.farmacity.com/shampoo-fructis-goodbye-danos-x-350-ml/p
Farmacity,234032,234032,Mousse Capilar Roby x 190 ml,Roby,8108.0,10135.0,True,190.0,42.6737,> Cuidado Capilar > Modelado Y Peinado >,shampoo,estandar,general,https://www.farmacity.com/mousse-capilar-roby-x-190-ml/p
Farmacity,250351,250351,Shampoo Elvive Collagen Lifter x 750 ml,Elvive,19990.0,19990.0,True,750.0,26.6533,> Cuidado Capilar > Shampoo Y Acondicionador >,shampoo,profesional,general,https://www.farmacity.com/shampoo-elvive-colageno-lifter-x-750-ml/p
Farmacity,246636,246636,Shampoo Herbal Essences Rosemary x 400 ml,Herbal Essences,10574.0,16267.0,True,400.0,26.435,> Cuidado Capilar > Shampoo Y Acondicionador >,shampoo,estandar,general,https://www.farmacity.com/shampoo-herbal-essences-rosemary-x-400-ml/p
Farmacity,246853,246853,Shampoo Capilatis Matizador Pure Silver x 350 ml,Capilatis,15700.0,15700.0,True,350.0,44.8571,> Cuidado Capilar > Shampoo Y Acondicionador >,shampoo,estandar,general,https://www.farmacity.com/shampoo-capilatis-matizador-pure-silver-x-350-ml/p
Farmacity,250188,250188,Shampoo La Puissance Nutrition x 300 ml,La Puissance,20300.0,20300.0,True,300.0,67.6667,> Cuidado Capilar > Shampoo Y Acondicionador >,shampoo,estandar,general,https://www.farmacity.com/shampoo-la-puissance-nutrition-x-300-ml/p
Farmacity,239941,239941,Shampoo Pantene Keratina x 400 ml,Pantene,9247.0,9247.0,True,400.0,23.1175,> Cuidado Capilar > Shampoo Y Acondicionador >,shampoo,estandar,tratado,https://www.farmacity.com/shampoo-pantene-keratina-x-400-ml/p
Farmacity,204408,204408,Shampoo para Niños Johnson's Hidratación Intensa x 400 ml,Johnson's,7169.0,10242.0,True,400.0,17.9225,> Bebés > Higiene del Bebé > Baño Del Bebé >,shampoo,estandar,seco_danado,https://www.farmacity.com/shampoo-johnsons-baby-hidratacion-intensa-x-400-ml/p
Farmacity,246643,246643,Shampoo Herbal Essences Rosa Mosqueta x 240 ml,Herbal Essences,8262.0,12711.0,True,240.0,34.425,> Cuidado Capilar > Shampoo Y Acondicionador >,shampoo,estandar,general,https://www.farmacity.com/shampoo-herbal-essences-rosa-mosqueta-x-240-ml/p
Farmacity,7844,152461,Shampoo para Niños Johnson's Gotas de Brillo x 200 ml,Johnson's,4619.0,6599.0,True,200.0,23.095,> Bebés > Higiene del Bebé > Baño Del Bebé >,shampoo,estandar,bebe,https://www.farmacity.com/shampoo-gotas-de-brillo-x-200-ml/p
Farmacity,7826,152462,Shampoo para Niños Johnson's Gotas de Brillo x 400 ml,Johnson's,7169.0,10242.0,True,400.0,17.9225,> Bebés > Higiene del Bebé > Baño Del Bebé >,shampoo,estandar,bebe,https://www.farmacity.com/shampoo-gotas-de-brillo-x-400-ml/p
Farmacity,560,45401,Shampoo para Bebé Johnson's Original x 400 ml,Johnson's,8331.0,11902.0,True,400.0,20.8275,> Bebés > Higiene del Bebé > Baño Del Bebé >,shampoo,estandar,bebe,https://www.farmacity.com/shampoo-con-ph-balanceado-suave-para-ojos-y-cabello-x-400-ml/p
Farmacity,241,12715,Shampoo para Bebé Johnson's Original x 200 ml,Johnson's,5018.0,7168.0,True,200.0,25.09,> Bebés > Higiene del Bebé > Baño Del Bebé >,shampoo,estandar,bebe,https://www.farmacity.com/shampoo-con-ph-balanceado-suave-para-ojos-y-cabello-x-200-ml/p
Farmacity,223269,223269,Shampoo para Niños Johnson’s Baby Rulos de Ensueños x 200 ml,Johnson's,4540.0,6486.0,True,200.0,22.7,> Bebés > Higiene del Bebé > Baño Del Bebé >,shampoo,estandar,rizado,https://www.farmacity.com/shampoo-johnsons-baby-rulos-de-ensuenos-x-200-ml/p
Farmacity,237262,237262,Shampoo Capilatis Plex Reparación Absoluta x 350 ml,Capilatis,13000.0,13000.0,True,350.0,37.1429,> Cuidado Capilar > Shampoo Y Acondicionador >,shampoo,estandar,general,https://www.farmacity.com/shampoo-capilatis-plex-reparacion-absoluta-x-350-ml/p
Farmacity,229631,229631,Acondiconador Dove Real Fuerza + Bambú x 300 ml,Dove,3437.0,6874.0,True,300.0,11.4567,> Cuidado Capilar > Shampoo Y Acondicionador >,shampoo,estandar,general,https://www.farmacity.com/acondiconador-dove-poder-de-las-plantas-fuerza-bambu-6-un-x-300-ml/p
Farmacity,228960,228960,Shampoo Solido Ruh Natural Yellow Submarine x 65 g,Ruh Natural,13508.0,13508.0,True,65.0,207.8154,> Cuidado Capilar > Shampoo Y Acondicionador >,shampoo,estandar,general,https://www.farmacity.com/shampoo-solido-ruh-yellow-submarine-cabello-danado-x-65-g/p
Farmacity,4486,139286,Shampoo para Bebé Johnson's Cabello Claro x 200 ml,Johnson's,5018.0,7169.0,True,200.0,25.09,> Bebés > Higiene del Bebé > Baño Del Bebé >,shampoo,estandar,bebe,https://www.farmacity.com/shampoo-con-manzanilla-cabello-claro-x-200-ml/p
Farmacity,249574,249574,Shampoo Head & Shoulders Romero Anti Caida x 375 ml,Head and Shoulders,7895.0,12146.0,True,375.0,21.0533,> Cuidado Capilar > Shampoo Y Acondicionador >,shampoo,estandar,general,https://www.farmacity.com/shampoo-head---shoulders-romero-anti-caida-x-375-ml/p
Farmacity,245508,245508,Shampoo Tio Nacho Control Caspa 2 en 1 x 415 ml,Tío Nacho,11750.0,11750.0,True,415.0,28.3133,> Cuidado Capilar > Shampoo Y Acondicionador >,shampoo,estandar,anticaspa,https://www.farmacity.com/shampoo-tio-nacho-control-caspa-2-en-1-x-415-ml/p
Farmacity,221685,221685,Mascarilla Elvive Hidra Hialuronico x 300 g,Elvive,11190.0,11190.0,True,300.0,37.3,> Cuidado Capilar > Reparación Y Tratamiento >,tratamiento,profesional,general,https://www.farmacity.com/tratamiento-capilar-elvive-hidra-hialuronico-x-300-ml/p
Farmacity,6111,147253,Shampoo Elvive Óleo Extraordinario Nutrición x 400 ml,Elvive,6714.0,11190.0,True,400.0,16.785,> Cuidado Capilar > Shampoo Y Acondicionador >,shampoo,profesional,general,https://www.farmacity.com/shampoo-oleo-extraordinario-nutricion-universal-x-400-ml/p
Farmacity,231819,231819,Shampoo Elvive 2 en 1 Reparación Total 5 x 400 ml,Elvive,6714.0,11190.0,True,400.0,16.785,> Cuidado Capilar > Shampoo Y Acondicionador >,shampoo,profesional,general,https://www.farmacity.com/shampoo-elvive-reparacion-total-5-2-en-1-x-400-ml/p
Farmacity,244694,244694,Shampoo Elvive Dream Liso x 400 ml,Elvive,7494.0,12490.0,True,400.0,18.735,> Cuidado Capilar > Shampoo Y Acondicionador >,shampoo,profesional,general,https://www.farmacity.com/shampoo-elvive-dream-liso-x-400-ml/p
Farmacity,147271,147271,Mascarilla  Elvive Óleo Extraordinario Coco x 300 g,Elvive,5595.0,11190.0,True,300.0,18.65,> Cuidado Capilar > Reparación Y Tratamiento >,tratamiento,profesional,general,https://www.farmacity.com/mascarilla--elvive-oleo-extraordinario-coco-x-300-g/p
Farmacity,245460,245460,Tratamiento Garnier Fructis Hair Food Máscara Ananá x 350 ml,Fructis,13990.0,13990.0,True,350.0,39.9714,> Cuidado Capilar > Reparación Y Tratamiento >,tratamiento,estandar,general,https://www.farmacity.com/tratamiento-garnier-fructis-hair-food-mascara-anana-x-350-ml/p
Farmacity,232292,232292,Kit Rutina Completa L'Oreal Paris Elvive Óleo Extraordinario,Elvive,32136.0,53560.0,True,,,> Cuidado Capilar > Shampoo Y Acondicionador >,tratamiento,profesional,general,https://www.farmacity.com/kit-elvive-oleo-extraordinario/p
Farmacity,246478,246478,Crema Tratamiento Elvive Dream Liso 3-1 x 300 ml,Elvive,18990.0,18990.0,True,300.0,63.3,> Cuidado Capilar > Reparación Y Tratamiento >,tratamiento,profesional,general,https://www.farmacity.com/crema-tratamiento-elvive-dream-liso-3-1-x-300-ml/p
Farmacity,239939,239939,Acondicionador Pantene Keratina x 400 ml,Pantene,9247.0,9247.0,False,400.0,23.1175,> Cuidado Capilar > Shampoo Y Acondicionador >,acondicionador,estandar,tratado,https://www.farmacity.com/acondicionador-pantene-keratina-x-400-ml/p
Farmacity,230215,230215,Acondicionador Pantene 3 Minute Miracle Colágeno 170 ml,Pantene,6622.0,6622.0,False,170.0,38.9529,> Cuidado Capilar > Shampoo Y Acondicionador >,acondicionador,estandar,general,https://www.farmacity.com/acondicionador-pantene-colageno-3-minutos-x-170-ml/p
Farmacity,221808,221808,Acondicionador Sedal Colágeno + Vitamina C x 190 ml,Sedal,1691.0,3382.0,False,190.0,8.9,> Cuidado Capilar > Shampoo Y Acondicionador >,acondicionador,estandar,general,https://www.farmacity.com/acondicionador-sedal-colageno-vitamina-c-x-190-ml/p
Farmacity,219260,219260,Acondicionador John Freida Blonde Highlight x 250 ml,John Frieda,15725.0,15725.0,False,250.0,62.9,> Cuidado Capilar > Shampoo Y Acondicionador >,acondicionador,estandar,general,https://www.farmacity.com/acondicionador--john-freida-sheer-blonde-highlight-x-250-ml/p
Farmacity,219258,219258,Acondicionador John Frieda Frizz Ease  x 250 ml,John Frieda,15725.0,15725.0,False,250.0,62.9,> Cuidado Capilar > Shampoo Y Acondicionador >,acondicionador,estandar,general,https://www.farmacity.com/acondicionador-reparador-john-frieda-full-repair-x-250-ml/p
Farmacity,217236,217236,Acondicionador Tío Nacho Engrosador Recargable Doypack x 400 ml,Tío Nacho,8300.0,8300.0,False,400.0,20.75,> Cuidado Capilar > Shampoo Y Acondicionador >,acondicionador,estandar,general,https://www.farmacity.com/repuesto-economico-acondicionador-tio-nacho-engrosador-x-400-ml/p
Farmacity,205401,205401,Acondicionador Dove 1 Minuto Factor Nutrición 50 x 170 ml,Dove,4300.0,4300.0,False,170.0,25.2941,> Cuidado Capilar > Shampoo Y Acondicionador >,acondicionador,estandar,general,https://www.farmacity.com/super-acondicionador-dove-factor-50x-170-ml/p
Farmacity,205396,205396,Acondicionador Capilatis Engrosador x 410 Ml,Capilatis,9700.0,9700.0,False,410.0,23.6585,> Cuidado Capilar > Shampoo Y Acondicionador >,acondicionador,estandar,general,https://www.farmacity.com/acondicionador-capilatis-engrosador-x-410-ml/p
Farmacity,150778,150778,Acondicionador Pantene Hidratación x 750 ml,Pantene,7014.0,7014.0,False,750.0,9.352,> Cuidado Capilar > Shampoo Y Acondicionador >,acondicionador,estandar,seco_danado,https://www.farmacity.com/acondicionador-pantene-max-pro-v-hidratacion-x-750-ml/p
Farmacity,143109,143109,Acondicionador Hol Producto Cosm‚Tico Pomo x 250 ml,Ethicus,8200.0,8200.0,False,250.0,32.8,> Venta Bajo Receta > Dermatológico >,acondicionador,estandar,general,https://www.farmacity.com/acondicionador-hol-pomo-x-250-ml/p
Farmacity,248866,248866,Acondicionador Savia Vegetal Get The Look con Aloe Vera x 205 ml,Get the Look,9990.0,9990.0,False,205.0,48.7317,> Cuidado Capilar > Shampoo Y Acondicionador >,acondicionador,estandar,general,https://www.farmacity.com/acondicionador-savia-vegetal-get-the-look-con-aloe-vera-x-205-ml/p
Farmacity,241585,241585,Acondicionador Nuxe Prodigieux Brillo x 200 ml,Nuxe,51750.0,51750.0,False,200.0,258.75,> Cuidado Capilar > Shampoo Y Acondicionador >,acondicionador,estandar,general,https://www.farmacity.com/acondicionador-nuxe-prodigieux-brillo-x-200-ml/p
Farmacity,233829,233829,Acondicionador Alfaparf Smooth Semi Di Lino x 200 ml,Alfaparf Milano,55783.0,55783.0,False,200.0,278.915,> Cuidado Capilar > Shampoo Y Acondicionador >,acondicionador,estandar,general,https://www.farmacity.com/acondicionador-alfaparf-smooth-semi-di-lino-x-200-ml/p
Farmacity,230664,230664,"Acondicionador Veganis Reparador de Coco, Calendula y Oliva x 400 ml",Veganis,14616.0,14616.0,False,400.0,36.54,> Cuidado Capilar > Shampoo Y Acondicionador >,acondicionador,estandar,general,https://www.farmacity.com/acondicionador-veganis-reparador-de-coco-calendula-y-oliva-x-400-ml/p
Farmacity,230222,230222,Acondicionador Pantene Pro-V Miracles Colágeno Revitaliza 700 ml,Pantene,15128.0,15128.0,False,700.0,21.6114,> Cuidado Capilar > Shampoo Y Acondicionador >,acondicionador,profesional,general,https://www.farmacity.com/acondicionador-pantene-colageno-x-700-ml/p
Farmacity,230221,230221,Acondicionador Pantene con Colágeno x 400 ml,Pantene,9247.0,9247.0,False,400.0,23.1175,> Cuidado Capilar > Shampoo Y Acondicionador >,acondicionador,estandar,general,https://www.farmacity.com/acondicionador-pantene-con-colageno-400-ml/p
Farmacity,221806,221806,Acondicionador Sedal Hialurónico + Vitamina A x 190 ml,Sedal,3382.0,3382.0,False,190.0,17.8,> Cuidado Capilar > Shampoo Y Acondicionador >,acondicionador,estandar,general,https://www.farmacity.com/acondicionador-sedal-acido-hialuronico-vitamina-a-x-190-ml/p
Farmacity,221690,221690,Acondicionador Herbal Essences Bio Renew 6X Aloe & Mango x 250 ml,Herbal Essences,16291.0,16291.0,False,250.0,65.164,> Cuidado Capilar > Shampoo Y Acondicionador >,acondicionador,estandar,general,https://www.farmacity.com/acondicionador-herbal-essences-bio-renew-x6-aloe-y-mango-x-250-ml/p
Farmacity,218825,218825,Acondicionador Pantene Bambú Nutre y Crece x 200 ml,Pantene,3002.0,3002.0,False,200.0,15.01,> Cuidado Capilar > Shampoo Y Acondicionador >,acondicionador,estandar,general,https://www.farmacity.com/acondicionador-pantene-bambu-nutre-y-crece-x-200-ml/p
Farmacity,218824,218824,Acondicionador Pantene Bambú Nutre y Crece x 400 ml,Pantene,8083.0,8083.0,False,400.0,20.2075,> Cuidado Capilar > Shampoo Y Acondicionador >,acondicionador,estandar,general,https://www.farmacity.com/acondicionador-pantene-bambu-nutre-y-crece-x-400-ml/p
Farmacity,217238,217238,Acondicionador Tío Nacho Aclarante Recargable x 400 ml,Tío Nacho,8300.0,8300.0,False,400.0,20.75,> Cuidado Capilar > Shampoo Y Acondicionador >,acondicionador,estandar,general,https://www.farmacity.com/repuesto-economico-acondicionador-tio-nacho-aclarante-x-400-ml/p
Farmacity,217103,217103,Acondicionador Alfaparf Milano Moisture Nutritive x 200 ml,Alfaparf Milano,55783.0,55783.0,False,200.0,278.915,> Cuidado Capilar > Shampoo Y Acondicionador >,acondicionador,estandar,general,https://www.farmacity.com/acondicionador-alfaparf-milano-semi-di-lino-moisture-nutritive-x-200-ml/p
Farmacity,215080,215080,Acondicionador Dove 1 Minuto Factor Nutrición 80 x 170 ml,Dove,4300.0,4300.0,False,170.0,25.2941,> Cuidado Capilar > Shampoo Y Acondicionador >,acondicionador,estandar,general,https://www.farmacity.com/super-acondicionador-dove-factor-80-x-170-ml/p
Farmacity,214539,214539,Acondicionador Head & Shoulders Charcoal x 300 ml,Head and Shoulders,7757.0,7757.0,False,300.0,25.8567,> Cuidado Capilar > Shampoo Y Acondicionador >,acondicionador,estandar,general,https://www.farmacity.com/acondicionador-head-and-shoulders-charcoal-x-300-ml/p
Farmacity,214537,214537,Acondicionador Head & Shoulders Suave x 300 ml,Head and Shoulders,7757.0,7757.0,False,300.0,25.8567,> Cuidado Capilar > Shampoo Y Acondicionador >,acondicionador,estandar,bebe,https://www.farmacity.com/acondicionador-head-and-shoulders-suave-y-manejable-x-300-ml/p
Farmacity,208137,208137,Acondicionador Elvive Dream Long x 750 ml,Elvive,8995.0,17990.0,False,750.0,11.9933,> Cuidado Capilar > Shampoo Y Acondicionador >,acondicionador,profesional,general,https://www.farmacity.com/acondicionador-dream-long-elvive-loreal-paris-x-750-ml/p
Farmacity,205400,205400,Acondicionador Dove 1 Minuto Factor Nutrición 60 x 170 ml,Dove,4300.0,4300.0,False,170.0,25.2941,> Cuidado Capilar > Shampoo Y Acondicionador >,acondicionador,estandar,general,https://www.farmacity.com/super-acondicionador-dove-1-minuto-factor-de-nutricion-60-x-170-ml/p
Farmacity,163845,163845,Acondicionador Fructis Rizos Poderosos x 200 ml,Fructis,4590.0,4590.0,False,200.0,22.95,> Cuidado Capilar > Shampoo Y Acondicionador >,acondicionador,estandar,rizado,https://www.farmacity.com/acondicionador-fructis-rizos-poderosos-x-200ml/p
Farmacity,150777,150777,Acondicionador Pantene Pro-V Solutions x 400 ml,Pantene,8083.0,8083.0,False,400.0,20.2075,> Cuidado Capilar > Shampoo Y Acondicionador >,acondicionador,profesional,general,https://www.farmacity.com/acondicionador-pantene-max-pro-v-hidratacion-x-400-ml/p
Farmacity,147270,147270,Acondicionador Elvive Oleo Extraordinario Coco x 750 ml,Elvive,17990.0,17990.0,False,750.0,23.9867,> Cuidado Capilar > Shampoo Y Acondicionador >,acondicionador,profesional,general,https://www.farmacity.com/acondicionador-elvive-oleo-coco-x-750-ml/p
Farmacity,4692,141206,Acondicionador Elvive Keraliso Brillo y Sedosidad x 750 ml,Elvive,14299.0,14299.0,False,750.0,19.0653,> Cuidado Capilar > Shampoo Y Acondicionador >,acondicionador,profesional,general,https://www.farmacity.com/acondicionador-kera-liso-brillo-y-suavidad-x-750-ml/p
Farmacity,4213,139195,Acondicionador Elvive Kera-Liso MQ x 200 ml,Elvive,7033.0,7033.0,False,200.0,35.165,> Cuidado Capilar > Shampoo Y Acondicionador >,acondicionador,profesional,general,https://www.farmacity.com/acondicionador-kera-liso-230-x-200-ml/p
Farmacity,4168,139196,Acondicionador Elvive Kera-Liso MQ x 400 ml,Elvive,9990.0,9990.0,False,400.0,24.975,> Cuidado Capilar > Shampoo Y Acondicionador >,acondicionador,profesional,general,https://www.farmacity.com/acondicionador-kera-liso-230-400-ml/p
Farmacity,536,23731,Acondicionador Capilatis Equilibrante x 410 ml,Capilatis,9700.0,9700.0,False,410.0,23.6585,> Cuidado Capilar > Shampoo Y Acondicionador >,acondicionador,estandar,general,https://www.farmacity.com/acondicionador-equilibrante-purificante-x-410-ml/p
Farmacity,230660,230660,Bálsamo Acondicionador Il Salone Detox x 500 ml,IL SALONE,12487.0,12487.0,False,500.0,24.974,> Cuidado Capilar > Reparación Y Tratamiento >,acondicionador,estandar,general,https://www.farmacity.com/balsamo-acondicionador-il-salone-detox-x-500-ml/p
Farmacity,217093,217093,Tratamiento Acondicionador Alfaparf Milano Brillo x 3 un,Alfaparf Milano,42396.0,42396.0,False,,,> Cuidado Capilar > Shampoo Y Acondicionador >,acondicionador,estandar,general,https://www.farmacity.com/tratamiento-acondicionador-intensivo-de-brillo-alfaparf-milano-semi-di-lino-sublime-x-13-ml-x-3-un/p
Farmacity,230651,230651,Bálsamo Acondicionador Il Salone Reestructurante y Fortalecedor x 500 ml,IL SALONE,12487.0,12487.0,False,500.0,24.974,> Cuidado Capilar > Reparación Y Tratamiento >,acondicionador,estandar,general,https://www.farmacity.com/balsamo-acondicionador-il-salone-reestructurante-y-fortalecedor-x-500-ml/p
Farmacity,230657,230657,Bálsamo Acondicionador Il Salone Nutrición y Protección x 500 ml,IL SALONE,12487.0,12487.0,False,500.0,24.974,> Cuidado Capilar > Reparación Y Tratamiento >,acondicionador,estandar,general,https://www.farmacity.com/balsamo-acondicionador-il-salone-nutricion-y-proteccion-x-500-ml/p
Farmacity,230654,230654,Bálsamo Acondicionador Il Salone Brillo y Vitalidad x 500 ml,IL SALONE,12487.0,12487.0,False,500.0,24.974,> Cuidado Capilar > Reparación Y Tratamiento >,acondicionador,estandar,general,https://www.farmacity.com/balsamo-acondicionador-il-salone-brillo-y-vitalidad-x-500-ml/p
Farmacity,230648,230648,Bálsamo Acondicionador Il Salone Protección y Brillo x 500 ml,IL SALONE,12487.0,12487.0,False,500.0,24.974,> Cuidado Capilar > Reparación Y Tratamiento >,acondicionador,estandar,general,https://www.farmacity.com/balsamo-acondicionador-il-salone-proteccion-y-brillo-x-500-ml/p
Farmacity,205819,205819,Bálsamo Biferdil con Aceite de Palta x 295 ml,Biferdil,10260.0,10260.0,False,295.0,34.7797,> Cuidado Capilar > Reparación Y Tratamiento >,shampoo,estandar,general,https://www.farmacity.com/balsamo-biferdil-con-aceite-de-palta-x-295-ml/p
Farmacity,203662,203662,Bálsamo Biferdil con Ácido hialurónico x 295 ml,Biferdil,10260.0,10260.0,False,295.0,34.7797,> Cuidado Capilar > Reparación Y Tratamiento >,shampoo,estandar,general,https://www.farmacity.com/balsamo-biferdil-con-acido-hialuronico-x-295-ml/p
Farmacity,203664,203664,Bálsamo Biferdil con Aceite de Argán y Camelia x 295 ml,Biferdil,10260.0,10260.0,False,295.0,34.7797,> Cuidado Capilar > Reparación Y Tratamiento >,shampoo,estandar,general,https://www.farmacity.com/balsamo-biferdil-con-aceite-de-argan-y-camelia-x-295-ml/p
Farmacity,219256,219256,Spray John Frieda Dream Curls Daily Styling x 198 ml,John Frieda,19120.0,19120.0,False,198.0,96.5657,> Cuidado Capilar > Reparación Y Tratamiento >,shampoo,estandar,rizado,https://www.farmacity.com/spray-para-peinar-john-frieda-dream-curls-daily-styling-198-ml/p
Farmacity,237265,237265,Shampoo Capilatis Manzanilla x 420 ml,Capilatis,9700.0,9700.0,False,420.0,23.0952,> Cuidado Capilar > Shampoo Y Acondicionador >,shampoo,estandar,general,https://www.farmacity.com/shampoo-capilatis-manzanilla-x-420-ml/p
Farmacity,228559,228559,Bálsamo Capitalis pH Extra Ácido x 350 ml,Capilatis,8100.0,8100.0,False,350.0,23.1429,> Cuidado Capilar > Reparación Y Tratamiento >,shampoo,estandar,general,https://www.farmacity.com/balsamo-capitalis-ph-extra-acido-x-350-ml/p
Farmacity,228560,228560,Máscara Capitalis pH Extra Ácido x 170 ml,Capilatis,6200.0,6200.0,False,170.0,36.4706,> Cuidado Capilar > Reparación Y Tratamiento >,shampoo,estandar,general,https://www.farmacity.com/mascara-capitalis-ph-extra-acido-x-170-ml/p
Farmacity,226920,226920,Sérum Anticaida Klorane Quinina x 100 ml,Klorane,98000.0,98000.0,False,100.0,980.0,> Cuidado Capilar > Reparación Y Tratamiento >,shampoo,estandar,general,https://www.farmacity.com/serum-capilar-klorane-quinina-anti-caida-x-100-ml/p
Farmacity,14527,161089,Acodicionador Elvive Arcilla Purificante x 400 ml,Elvive,7989.0,7989.0,False,400.0,19.9725,> Cuidado Capilar > Shampoo Y Acondicionador >,shampoo,profesional,general,https://www.farmacity.com/acondicionador-arcilla-extraordinaria-x-400-ml/p
Farmacity,200316,200316,Crema para Peinar Elvive Óleo Extraordinario Coco x 250 ml,Elvive,4495.0,8990.0,False,250.0,17.98,> Cuidado Capilar > Modelado Y Peinado >,shampoo,profesional,general,https://www.farmacity.com/crema-para-peinar-elvive-oleo-coco-x-250-ml/p
Farmacity,204189,200691,Máscara De Pestañas Wonderfully Real x 11 ml,Rimmel,25948.0,25948.0,False,11.0,2358.9091,> Maquillaje > Ojos > Máscaras >,shampoo,estandar,general,https://www.farmacity.com/mascara-de-pestanas-wonderfully-real/p
Farmacity,209293,209293,Máscara de Pestañas Rimmel Wonder'Luxe x 11 ml,Rimmel,29293.0,29293.0,False,11.0,2663.0,> Maquillaje > Ojos > Máscaras >,shampoo,estandar,general,https://www.farmacity.com/mascara-de-pestanas-rimmel-wonderluxe-x-11-ml/p
Farmacity,209293,209715,Máscara de Pestañas Rimmel Wonder'Luxe x 11 ml,Rimmel,7827.0,7827.0,False,11.0,711.5455,> Maquillaje > Ojos > Máscaras >,shampoo,estandar,general,https://www.farmacity.com/mascara-de-pestanas-rimmel-wonderluxe-x-11-ml/p
Farmacity,143404,143404,Shampoo Ecohair Anticaspa Producto Cosm‚Tico x 200 ml,Garre Guevara,21000.0,21000.0,True,200.0,105.0,> Venta Bajo Receta > Dermatológico >,shampoo,estandar,anticaspa,https://www.farmacity.com/shampoo-ecohair-anticaspa-x-200-ml/p
Farmacity,1122,23602,Shampoo Capilatis Anticaspa y Control Caída x 410 ml,Capilatis,9700.0,9700.0,True,410.0,23.6585,> Cuidado Capilar > Shampoo Y Acondicionador >,shampoo,estandar,anticaspa,https://www.farmacity.com/shampoo-anticaspa-y-control-caida-x-410-ml/p
Farmacity,240154,240154,Shampoo Dove Protección Anticaspa x 400 ml,Dove,7266.0,9688.0,True,400.0,18.165,> Cuidado Capilar > Shampoo Y Acondicionador >,shampoo,estandar,anticaspa,https://www.farmacity.com/shampoo-dove-men-caspa-control-x-400-ml/p
Farmacity,7651,151685,Shampoo Vichy Dercos Anti-Caspa Cabello Normal a Graso x 200 ml,Vichy,53488.0,53488.0,True,200.0,267.44,> Dermocosmética > Pelo > Shampoos y Acondicionadores >,shampoo,estandar,anticaspa,https://www.farmacity.com/shampoo-anticaspa-para-cabello-normal-a-graso-dercos-x-200-ml/p
Farmacity,224951,224951,Shampoo Head & Shoulders Dermo Sensitive Control Caspa x 375 ml,Head and Shoulders,7895.0,12146.0,True,375.0,21.0533,> Cuidado Capilar > Shampoo Y Acondicionador >,shampoo,estandar,anticaspa,https://www.farmacity.com/shampoo-head-shoulders-dermo-sensitive-x-375-ml/p
Farmacity,224950,224950,Shampoo Head & Shoulders Dermo Sensitive Control Caspa x 180 ml,Head and Shoulders,4701.0,7233.0,True,180.0,26.1167,> Cuidado Capilar > Shampoo Y Acondicionador >,shampoo,estandar,anticaspa,https://www.farmacity.com/shampoo-head-shoulders-dermo-sensitive-x-180-ml/p
Farmacity,209966,209966,Shampoo Head & Shoulders Purificación Capilar x 375 ml,Head and Shoulders,7895.0,12146.0,True,375.0,21.0533,> Cuidado Capilar > Shampoo Y Acondicionador >,shampoo,estandar,general,https://www.farmacity.com/shampoo-head-shoulders-purificacion-capilar-375-ml/p
Farmacity,206050,206050,Shampoo Control Caspa Head & Shoulders Anti Caída x 180 ml,Head and Shoulders,4701.0,7233.0,True,180.0,26.1167,> Cuidado Capilar > Shampoo Y Acondicionador >,shampoo,estandar,anticaspa,https://www.farmacity.com/shampoo-head-shoulders-antifall-proteccion-caida-con-cafeina-180-ml/p
Farmacity,9006,156760,Shampoo Vichy Dercos Ultracalmante para Cabello Seco x 200 ml,Vichy,53488.0,53488.0,True,200.0,267.44,> Dermocosmética > Pelo > Shampoos y Acondicionadores >,shampoo,estandar,seco_danado,https://www.farmacity.com/shampoo-dercos-ultracalmante-para-cabello-seco-x-200-ml/p
Farmacity,1114,23601,Shampoo Capilatis Control Caída Pelo Seco Aloe x 410 ml,Capilatis,9700.0,9700.0,True,410.0,23.6585,> Cuidado Capilar > Shampoo Y Acondicionador >,shampoo,estandar,seco_danado,https://www.farmacity.com/shampoo-control-caida-pelo-seco-con-aloe-vera-x-410-ml/p
Farmacity,8903,156311,Shampoo Sedal Ceramidas x 340 ml,Sedal,5836.0,5836.0,True,340.0,17.1647,> Cuidado Capilar > Shampoo Y Acondicionador >,shampoo,estandar,general,https://www.farmacity.com/shampoo-ceramidas-x-340-ml/p
Farmacity,221809,221809,Shampoo Sedal Ácido Hialurónico + Vitamina A x 340 ml,Sedal,5841.0,5841.0,True,340.0,17.1794,> Cuidado Capilar > Shampoo Y Acondicionador >,shampoo,estandar,general,https://www.farmacity.com/shampoo-sedal-acido-hialuronico-vitamina-a-x-340-ml/p
Farmacity,8864,156281,Shampoo Sedal Ceramidas x 190 ml,Sedal,3907.0,3907.0,True,190.0,20.5632,> Cuidado Capilar > Shampoo Y Acondicionador >,shampoo,estandar,general,https://www.farmacity.com/shampoo-ceramidas-x-190-ml/p
Farmacity,1022,109083,Shampoo Dove Hidratación + Hialuron Vit x 400 ml,Dove,5812.0,9687.0,True,400.0,14.53,> Cuidado Capilar > Shampoo Y Acondicionador >,shampoo,estandar,seco_danado,https://www.farmacity.com/shampoo-dove-hidratacion-intensa-botella-x-400-ml/p
Farmacity,223338,223338,Shampoo Dove Nutrición + Tri-Óleos x 400 ml,Dove,5812.0,9687.0,True,400.0,14.53,> Cuidado Capilar > Shampoo Y Acondicionador >,shampoo,estandar,general,https://www.farmacity.com/shampoo-dove-oleo-nutricion-superior-x-400-ml/p
Farmacity,16483,162823,Shampoo Dove Humectación + Coco Antioxi x 400 ml,Dove,5812.0,9687.0,True,400.0,14.53,> Cuidado Capilar > Shampoo Y Acondicionador >,shampoo,estandar,general,https://www.farmacity.com/sha-dove-ritual-de-reparacion-x-400ml/p
Farmacity,1227,132365,Shampoo Dove Nutrición + Tri-Óleos x 200 ml,Dove,5788.0,5788.0,True,200.0,28.94,> Cuidado Capilar > Shampoo Y Acondicionador >,shampoo,estandar,general,https://www.farmacity.com/shampoo-dove-oleo-nutricion-botella-x-200-ml/p
Farmacity,221811,221811,Shampoo Sedal Colágeno + Vitamina C x 340 ml,Sedal,5841.0,5841.0,True,340.0,17.1794,> Cuidado Capilar > Shampoo Y Acondicionador >,shampoo,estandar,general,https://www.farmacity.com/shampoo-sedal-colageno-vitamina-c-x-340-ml/p
Farmacity,206036,206036,Shampoo Head & Shoulders Men 3 en 1 x 375 ml,Head and Shoulders,7895.0,12146.0,True,375.0,21.0533,> Cuidado Capilar > Shampoo Y Acondicionador >,shampoo,estandar,general,https://www.farmacity.com/shampoo-head-shoulders-3en1-para-hombres-375ml/p
Farmacity,239706,239706,Shampoo Fructis Hair Food Cacao x 300 ml,Fructis,7273.0,11190.0,True,300.0,24.2433,> Cuidado Capilar > Shampoo Y Acondicionador >,shampoo,estandar,general,https://www.farmacity.com/shampoo-garnier-fructis-hair-food-manteca-de-cacao-x-300-ml/p
Farmacity,696,109079,Acondicionador Dove Hidratación + Hialuron Vit x 400 ml,Dove,5812.0,9687.0,True,400.0,14.53,> Cuidado Capilar > Shampoo Y Acondicionador >,acondicionador,estandar,seco_danado,https://www.farmacity.com/acondicionador-dove-hidratacion-intensa-botella-x-400-ml/p
Farmacity,8895,156322,Acondicionador Sedal Ceramidas x 340 ml,Sedal,5836.0,5836.0,True,340.0,17.1647,> Cuidado Capilar > Shampoo Y Acondicionador >,acondicionador,estandar,general,https://www.farmacity.com/acondicionador-ceramidas-x-340-ml/p
Farmacity,8852,156291,Acondicionador Sedal Crema Balance Toque Seda x 190 ml,Sedal,3907.0,3907.0,True,190.0,20.5632,> Cuidado Capilar > Shampoo Y Acondicionador >,acondicionador,estandar,general,https://www.farmacity.com/acondicionador-crema-balance-x-190-ml/p
Farmacity,573,128787,Acondicionador Dove Regeneración + Retinol x 200 ml,Dove,5788.0,5788.0,True,200.0,28.94,> Cuidado Capilar > Shampoo Y Acondicionador >,acondicionador,estandar,general,https://www.farmacity.com/acondicionador-dove-reconstruccion-completa-botella-x-200-ml/p
Farmacity,16489,162824,Acondicionador Dove Humectación + Coco Antioxi x 200 ml,Dove,5788.0,5788.0,True,200.0,28.94,> Cuidado Capilar > Shampoo Y Acondicionador >,acondicionador,estandar,general,https://www.farmacity.com/acond-dove-ritual-de-reparacion-x-200ml/p
Farmacity,221812,221812,Acondicionador Sedal Colágeno + Vitamina C x 340 ml,Sedal,5841.0,5841.0,True,340.0,17.1794,> Cuidado Capilar > Shampoo Y Acondicionador >,acondicionador,estandar,general,https://www.farmacity.com/acondicionador-sedal-colageno-vitamina-c-x-340-ml/p
Farmacity,241004,241004,Acondicionador Dove Bond Intense Repair x 250 ml,Dove,5404.0,9006.0,True,250.0,21.616,> Cuidado Capilar > Shampoo Y Acondicionador >,acondicionador,profesional,general,https://www.farmacity.com/acondicionador-dove-bond-intense-repair-x-250-ml/p
Farmacity,16486,162825,Acondicionador Dove Humectación + Coco Antioxi  x 400 ml,Dove,5812.0,9687.0,True,400.0,14.53,> Cuidado Capilar > Shampoo Y Acondicionador >,acondicionador,estandar,general,https://www.farmacity.com/acond-dove-ritual-de-reparacion-x-400ml/p
Farmacity,231816,231816,Crema para Peinar Fructis Liso Coco x 250 ml,Fructis,7490.0,7490.0,True,250.0,29.96,> Cuidado Capilar > Modelado Y Peinado >,shampoo,estandar,general,https://www.farmacity.com/crema-para-peinar-fructis-coco-x-250-ml/p
Farmacity,230625,230625,Acondicionador Tresemmé Liso Efecto Botox x 250 ml,Tresemmé,6091.0,6091.0,True,250.0,24.364,> Cuidado Capilar > Shampoo Y Acondicionador >,acondicionador,estandar,general,https://www.farmacity.com/acondicionador-tresemme-liso-efecto-botox-x-250-ml/p
Farmacity,218826,218826,Acondicionador Pantene Bambú Nutre y Crece x 750 ml,Pantene,14467.0,14467.0,False,750.0,19.2893,> Cuidado Capilar > Shampoo Y Acondicionador >,acondicionador,estandar,general,https://www.farmacity.com/acondicionador-pantene-bambu-nutre-y-crece-x-750-ml/p
Farmacity,16825,163829,Acondicionador Garnier Fructis Goodbye Daños x 200 ml,Fructis,5490.0,5490.0,False,200.0,27.45,> Cuidado Capilar > Shampoo Y Acondicionador >,acondicionador,estandar,general,https://www.farmacity.com/aco-garnier-fructis-borrador-de-dano-x-200ml/p
Farmacity,230615,230615,Acondicionador Tresemmé Ondas Boho x 250 ml,Tresemmé,3676.0,3676.0,False,250.0,14.704,> Cuidado Capilar > Shampoo Y Acondicionador >,acondicionador,estandar,general,https://www.farmacity.com/acondicionador-tresemme-ondas-boho-x-250-ml/p
Farmacity,231535,231535,Acondicionador Tío Nacho Crecimiento Saludable x 415 ml,Tío Nacho,9947.0,9947.0,False,415.0,23.9687,> Cuidado Capilar > Shampoo Y Acondicionador >,acondicionador,estandar,general,https://www.farmacity.com/acondicionador-tio-nacho-crecimiento-saludable-x-415-ml/p
Farmacity,245065,245065,Combo Gel Fijador + Tratamiento Capilar,Issue,7936.0,7936.0,True,,,> Cuidado Capilar > Modelado Y Peinado >,tratamiento,estandar,general,https://www.farmacity.com/combo-gel-fijador-tratamiento-capilar/p
Farmacity,235834,235834,Tratamiento Capilar Farmacity Banana x 20 g,Farmacity,1020.0,1020.0,True,20.0,51.0,> Cuidado Capilar > Reparación Y Tratamiento >,tratamiento,estandar,general,https://www.farmacity.com/tratamiento-capilar-farmacity-banana-x-20-g/p
Farmacity,249901,249901,Tratamiento Capilar Primont Queration x 220 g,Primont,8294.0,8294.0,True,220.0,37.7,> Cuidado Capilar > Reparación Y Tratamiento >,tratamiento,estandar,general,https://www.farmacity.com/tratamiento-capilar-primont-queration-x-220-g/p
Farmacity,1040,17645,Tratamiento Capilar Biferdil Térmico x 245 ml,Biferdil,14904.0,14904.0,True,245.0,60.8327,> Cuidado Capilar > Reparación Y Tratamiento >,tratamiento,estandar,general,https://www.farmacity.com/tratamiento-protector-termico-x-250-ml/p
Farmacity,249888,249888,Tratamiento Capilar Natucapil Nl x 30 Caps,Natural Life,26700.0,26700.0,True,,,"> Nutrición Y Deportes > Suplementos Dietarios > Piel, Uñas Y Cabello >",tratamiento,estandar,general,https://www.farmacity.com/tratamiento-capilar-natucapil-nl-x-30-caps/p
Farmacity,238112,238112,Gorra para Tratamiento Capilar Studio 9 Aluminio,Studio 9,5166.0,8610.0,True,,,> Cuidado Personal > Higiene Personal > Jabones Y Ducha >,tratamiento,estandar,general,https://www.farmacity.com/gorra-para-tratamiento-capilar-studio-9-aluminio/p
Farmacity,212303,212303,Tratamiento Capilar Farmacity Shock Reparador x 20 g,Farmacity,1020.0,1020.0,True,20.0,51.0,> Cuidado Capilar > Reparación Y Tratamiento >,tratamiento,estandar,general,https://www.farmacity.com/tratamiento-capilar-farmacity-shock-reparador-x-20-g/p
Farmacity,235833,235833,Tratamiento Capilar Farmacity Aloe Vera x 20 g,Farmacity,1020.0,1020.0,True,20.0,51.0,> Cuidado Capilar > Reparación Y Tratamiento >,tratamiento,estandar,general,https://www.farmacity.com/tratamiento-capilar-farmacity-aloe-vera-x-20-g/p
Farmacity,227032,227032,Tratamiento Capilar Farmacity Protección Total x 20 g,Farmacity,1020.0,1020.0,True,20.0,51.0,> Cuidado Capilar > Reparación Y Tratamiento >,tratamiento,estandar,general,https://www.farmacity.com/tratamiento-capilar-farmacity-proteccion-total-x-20-g/p
Farmacity,219220,219220,Tratamiento Capilar Issue Reparación Profunda x 150 g,Issue,4300.0,4300.0,True,150.0,28.6667,> Cuidado Capilar > Reparación Y Tratamiento >,tratamiento,estandar,general,https://www.farmacity.com/tratamiento-capilar-issue-reparacion-con-eco-keratina-x-150-g/p
Farmacity,230630,230630,Tratamiento Capilar Tresemmé Oil Spray x 120 ml,Tresemmé,12381.0,12381.0,True,120.0,103.175,> Cuidado Capilar > Reparación Y Tratamiento >,tratamiento,estandar,general,https://www.farmacity.com/tratamiento-capilar-tresemme-oil-spray-x-120-ml/p
Farmacity,248894,248894,Tratamiento Capilar Antifrizz Nic Frizzmineitor x 215 ml,Nic,14290.0,14290.0,True,215.0,66.4651,> Cuidado Capilar > Reparación Y Tratamiento >,tratamiento,estandar,general,https://www.farmacity.com/tratamiento-capilar-antifrizz-nic-frizzmineitor-x-215-ml/p
Farmacity,203240,203240,Tratamiento Capilar Biferdil Beauty Box  x 20 ml,Biferdil,900.0,1800.0,True,20.0,45.0,> Cuidado Capilar > Reparación Y Tratamiento >,tratamiento,estandar,general,https://www.farmacity.com/tratamiento-capilar-biferdil-beauty-box-con-aceite-de-palta-x-20-ml/p
Farmacity,212304,212304,Tratamiento Capilar Farmacity Hidratación Extrema x 20 g,Farmacity,1020.0,1020.0,True,20.0,51.0,> Cuidado Capilar > Reparación Y Tratamiento >,tratamiento,estandar,seco_danado,https://www.farmacity.com/tratamiento-capilar-farmacity-hidratacion-extrema-x-20-g/p
Farmacity,212302,212302,Tratamiento Capilar Farmacity Brillo Total x 20 g,Farmacity,1020.0,1020.0,True,20.0,51.0,> Cuidado Capilar > Reparación Y Tratamiento >,tratamiento,estandar,general,https://www.farmacity.com/tratamiento-capilar-farmacity-brillo-total-x-20-g/p
Farmacity,14826,161133,Tratamiento Capilar Issue Brillo Extremo x 150 g,Issue,4300.0,4300.0,True,150.0,28.6667,> Cuidado Capilar > Reparación Y Tratamiento >,tratamiento,estandar,general,https://www.farmacity.com/tratamiento-capilar-issue-brillo-extremo-x-150-grs/p
Farmacity,232580,232580,Tratamiento Capilar Estereocolor Hair Food Palta x 50 ml,Estereocolor,2250.0,2250.0,True,50.0,45.0,> Cuidado Capilar > Reparación Y Tratamiento >,tratamiento,estandar,tratado,https://www.farmacity.com/tratamiento-capilar-estereo-color-hair-food-palta-x-50-ml/p
Farmacity,227030,227030,Tratamiento Capilar Farmacity Liso Total Antifrizz x 20 g,Farmacity,1020.0,1020.0,True,20.0,51.0,> Cuidado Capilar > Reparación Y Tratamiento >,tratamiento,profesional,general,https://www.farmacity.com/tratamiento-capilar-farmacity-liso-total-antifrizz-x-20-g/p
Farmacity,232725,232725,Tratamiento Capilar Capilatis Natural Anti-Daño x 200 ml,Capilatis,6210.0,6900.0,True,200.0,31.05,> Cuidado Capilar > Reparación Y Tratamiento >,tratamiento,estandar,general,https://www.farmacity.com/tratamiento-capilar-capilatis-natural-anti-dano-x-200-ml/p
Farmacity,246061,246061,Tratamiento Capilar Biferdil Protector Térmico Minitalla x 100 ml,Biferdil,8316.0,8316.0,True,100.0,83.16,> Cuidado Capilar > Reparación Y Tratamiento >,tratamiento,estandar,general,https://www.farmacity.com/tratamiento-capilar-biferdil-protector-termico-minitalla-x-100-ml/p
Farmacity,232579,232579,Tratamiento Capilar Estereocolor Hair Food Banana x 50 ml,Estereocolor,2250.0,2250.0,True,50.0,45.0,> Cuidado Capilar > Reparación Y Tratamiento >,tratamiento,estandar,tratado,https://www.farmacity.com/tratamiento-capilar-estereo-color-hair-food-banana-x-50-ml/p
Farmacity,227031,227031,Tratamiento Capilar Farmacity Intensivo 10 en 1 x 20 g,Farmacity,1020.0,1020.0,True,20.0,51.0,> Cuidado Capilar > Reparación Y Tratamiento >,tratamiento,estandar,general,https://www.farmacity.com/tratamiento-capilar-farmacity-intensivo-10-en-1-x-20-g/p
Farmacity,246864,246864,Tratamiento Capilar Estereocolor Shock Hair Food Cacao x 50 g,Estereocolor,2318.0,2318.0,True,50.0,46.36,> Cuidado Capilar > Reparación Y Tratamiento >,tratamiento,estandar,tratado,https://www.farmacity.com/tratamiento-capilar-estereocolor-shock-hair-food-cacao-x-50-g/p
Farmacity,208727,208727,Tratamiento Capilar Capilatis con Aloe Vera Puro x 170 ml,Capilatis,3400.0,6800.0,True,170.0,20.0,> Cuidado Capilar > Reparación Y Tratamiento >,tratamiento,estandar,general,https://www.farmacity.com/tratamiento-capilar-capilatis-con-aloe-vera-puro-x-170-ml/p
Farmacity,249904,249904,Tratamiento Capilar Primont Signature con Trufa Negra x 250 ml,Primont,27678.0,27678.0,True,250.0,110.712,> Cuidado Capilar > Reparación Y Tratamiento >,tratamiento,estandar,general,https://www.farmacity.com/tratamiento-capilar-primont-signature-con-trufa-negra-x-250-ml/p
Farmacity,246862,246862,Tratamiento Capilar Estereocolor Shock Hair Food Pistacho x 50 g,Estereocolor,2318.0,2318.0,True,50.0,46.36,> Cuidado Capilar > Reparación Y Tratamiento >,tratamiento,estandar,tratado,https://www.farmacity.com/tratamiento-capilar-estereocolor-shock-hair-food-pistacho-x-50-g/p
Farmacity,232581,232581,Tratamiento Capilar Estereocolor Crema de Lavado Co-wash x 50 ml,Estereocolor,1125.0,2250.0,True,50.0,22.5,> Cuidado Capilar > Reparación Y Tratamiento >,tratamiento,estandar,tratado,https://www.farmacity.com/tratamiento-capilar-estereo-color-crema-de-lavado-co-wash-x-50-ml/p
Farmacity,246863,246863,Tratamiento Capilar Estereocolor Shock Hair Food Cacao Caja x 10 un,Estereocolor,23175.0,23175.0,True,,,> Cuidado Capilar > Reparación Y Tratamiento >,tratamiento,estandar,tratado,https://www.farmacity.com/tratamiento-capilar-estereocolor-shock-hair-food-cacao-caja-x-10-un/p
Farmacity,246861,246861,Tratamiento Capilar Estereocolor Shock Hair Food Pistacho Caja x 10 un,Estereocolor,23175.0,23175.0,True,,,> Cuidado Capilar > Reparación Y Tratamiento >,tratamiento,estandar,tratado,https://www.farmacity.com/tratamiento-capilar-estereocolor-shock-hair-food-pistacho-caja-x-10-un/p
Farmacity,248329,248329,Tratamiento Capilar Ice Professional Repair My Hair Keratina x 100 ml,Ice,15400.0,22000.0,True,100.0,154.0,> Cuidado Capilar > Reparación Y Tratamiento >,tratamiento,profesional,tratado,https://www.farmacity.com/tratamiento-capilar-ice-professional-repair-my-hair-keratina-x-100-ml/p
Farmacity,228281,228281,Tratamiento Capilar en Spray Multibeneficios Nic 10 en 1 x 215 ml,Nic,13352.0,16690.0,True,215.0,62.1023,> Cuidado Capilar > Reparación Y Tratamiento >,tratamiento,estandar,general,https://www.farmacity.com/tratamiento-capilar-nic-all-you-need-is-shine-x-215-ml/p
Farmacity,865,133756,Tratamiento Capilar Vichy Dercos Aminexil Pro Homme x 12 un x 6 ml,Vichy,143134.0,143134.0,True,6.0,23855.6667,> Dermocosmética > Pelo > Bálsamos y Tratamientos >,tratamiento,estandar,general,https://www.farmacity.com/tratamiento-capilar-anticaida-dercos-aminexil-pro-para-hombres-12-un-x-6ml-c-u/p
Farmacity,245032,245032,Ampolla Tratamiento Capilar Get The Look Hidratación Profunda x 15 ml,Get the Look,4830.0,4830.0,True,15.0,322.0,> Cuidado Capilar > Reparación Y Tratamiento >,tratamiento,estandar,seco_danado,https://www.farmacity.com/ampolla-tratamiento-capilar-get-the-look-hidratacion-profunda-acido-hialuronico-y-vitamina-c-x-15-ml/p
Farmacity,245031,245031,Ampolla Tratamiento Capilar Get The Look Nutrición Profunda Palta x 15 ml,Get the Look,4830.0,4830.0,True,15.0,322.0,> Cuidado Capilar > Reparación Y Tratamiento >,tratamiento,estandar,general,https://www.farmacity.com/ampolla-tratamiento-capilar-get-the-look-nutricion-profunda-palta-x-15-ml/p
Farmacity,245029,245029,Ampolla Tratamiento Capilar Get The Look Anti Caída Niacinamida x 15 ml,Get the Look,4830.0,4830.0,True,15.0,322.0,> Cuidado Capilar > Reparación Y Tratamiento >,tratamiento,estandar,general,https://www.farmacity.com/ampolla-tratamiento-capilar-get-the-look-anti-caida-niacinamida-x-15-ml/p
Farmacity,245030,245030,Ampolla Tratamiento Capilar Get The Look Silsoft y Keratina Hidrolizada x 15 ml,Get the Look,4830.0,4830.0,True,15.0,322.0,> Cuidado Capilar > Reparación Y Tratamiento >,tratamiento,estandar,tratado,https://www.farmacity.com/ampolla-tratamiento-capilar-get-the-look-reparacion-profunda-silfoft-y-keratina-hidrolizada-x-15-ml/p
Farmacity,209164,209164,Tratamiento Estereocolor Shock Humectación x 50 ml,Estereocolor,2250.0,2250.0,True,50.0,45.0,> Cuidado Capilar > Reparación Y Tratamiento >,tratamiento,estandar,tratado,https://www.farmacity.com/tratamiento-estereo-color-shock-humectacion-intensiva-con-aceite-de-coco-x-50-ml/p
Farmacity,209165,209165,Tratamiento Estereocolor Shock Concentrado x 50 ml,Estereocolor,2250.0,2250.0,True,50.0,45.0,> Cuidado Capilar > Reparación Y Tratamiento >,tratamiento,estandar,tratado,https://www.farmacity.com/tratamiento-estereo-color-shock-concentrado-reparador-x-50-ml/p
Farmacity,220314,220314,Tratamiento Estereocolor Shock Oro 24k x 50 g,Estereocolor,2250.0,2250.0,True,50.0,45.0,> Cuidado Capilar > Reparación Y Tratamiento >,tratamiento,estandar,tratado,https://www.farmacity.com/tratamiento-estereo-color-shock-oro-24-k-x-50-g/p
Farmacity,220315,220315,Tratamiento Estereocolor Carbón Detox Activado x 50 g,Estereocolor,1125.0,2250.0,True,50.0,22.5,> Cuidado Capilar > Reparación Y Tratamiento >,tratamiento,estandar,tratado,https://www.farmacity.com/tratamiento-estereo-color-carbon-detox-activado-x-50-g/p
Farmacity,224948,224948,Tratamiento Estereocolor Shock Intensivo Silver x 50 g,Estereocolor,2250.0,2250.0,True,50.0,45.0,> Cuidado Capilar > Reparación Y Tratamiento >,tratamiento,estandar,tratado,https://www.farmacity.com/tratamiento-estereo-color-shock-intensivo-silver-x-50-g/p
Farmacity,249158,249158,Combo Get The Look Capilar Desenredante + Óleo + Ampolla Tratamiento,Get the Look,12184.0,24369.0,True,,,> Cuidado Capilar > Reparación Y Tratamiento >,tratamiento,estandar,general,https://www.farmacity.com/combo-get-the-look-capilar-desenredante-oleo-ampolla-tratamiento/p
Farmacity,241697,241697,Kit Dove Bond Intense Repair Óleo + Sérum Capilar + Máscara de Tratamiento,Dove,17141.0,34282.0,True,,,> Cuidado Capilar > Reparación Y Tratamiento >,tratamiento,profesional,general,https://www.farmacity.com/combo-dove-bond-intense-repair-oleo-serum-capilar-x-110-ml-mascara-de-tratamiento-x-250-g/p
Farmacity,214141,214141,Tratamiento Estereocolor Oleo de Argán,Estereocolor,1040.0,1040.0,True,,,> Cuidado Capilar > Reparación Y Tratamiento >,tratamiento,estandar,tratado,https://www.farmacity.com/tratamiento-estereo-color-oleo-de-argan-x-1-un/p
Farmacity,214142,214142,Tratamiento Estereocolor Aceite de Almendras,Estereocolor,1040.0,1040.0,True,,,> Cuidado Capilar > Reparación Y Tratamiento >,tratamiento,estandar,tratado,https://www.farmacity.com/tratamiento-estereo-color-aceite-de-almendras-x-40-un/p
Farmacity,244370,244370,Máscara de Tratamiento Tresemmé Keratina Antifrizz x 300 g,Tresemmé,9871.0,9871.0,True,300.0,32.9033,> Cuidado Capilar > Reparación Y Tratamiento >,tratamiento,estandar,tratado,https://www.farmacity.com/mascarilla-capilar-tresemme-keratina-blind-antifrizz-x-300-g/p
Farmacity,250127,250127,Tratamiento Leave In Dove Reconstrucción x 110 ml,Dove,9810.0,17837.0,True,110.0,89.1818,> Cuidado Capilar > Reparación Y Tratamiento >,tratamiento,estandar,general,https://www.farmacity.com/tratamiento-leave-in-dove-reconstruccion-x-110-ml/p
Farmacity,250126,250126,Tratamiento Leave In Dove Nutrición x 110 ml,Dove,9810.0,17837.0,True,110.0,89.1818,> Cuidado Capilar > Reparación Y Tratamiento >,tratamiento,estandar,general,https://www.farmacity.com/tratamiento-leave-in-dove-nutricion-x-110-ml/p
Farmacity,239872,239872,Máscara de Tratamiento Dove Hidratación + Hialuron x 300 g,Dove,9688.0,9688.0,True,300.0,32.2933,> Cuidado Capilar > Reparación Y Tratamiento >,tratamiento,estandar,seco_danado,https://www.farmacity.com/crema-tratamiento-dove-hidratacion-x-300-g/p
Farmacity,215079,215079,Máscara de Tratamiento Dove Regeneración + Retinol x 300 g,Dove,9688.0,9688.0,True,300.0,32.2933,> Cuidado Capilar > Reparación Y Tratamiento >,tratamiento,estandar,general,https://www.farmacity.com/mascara-de-tratamiento-dove-regeneracion-extrema-ultra-cuidado-x-300-g/p
Farmacity,211772,211772,Máscara de Tratamiento Dove Reconstrucción + Aminoácido x 300 g Máscara de Tratamiento Dove Reconstrucción Completa x 300 g,Dove,9688.0,9688.0,True,300.0,32.2933,> Cuidado Capilar > Reparación Y Tratamiento >,tratamiento,estandar,general,https://www.farmacity.com/crema-tratamiento-dove-1-minuto-reconstruccion-completa-x-300-g/p
Farmacity,228360,228360,Máscara de Tratamiento Dove Humectación + Coco Antioxi x 300 g,Dove,9688.0,9688.0,True,300.0,32.2933,> Cuidado Capilar > Reparación Y Tratamiento >,tratamiento,estandar,general,https://www.farmacity.com/crema-tratamiento-dove-1-minuto-ritual-de-reparacion-x-300-g/p
Farmacity,211773,211773,Máscara de Tratamiento Dove Nutrición + Tri-Óleos x 300 g,Dove,9688.0,9688.0,True,300.0,32.2933,> Cuidado Capilar > Reparación Y Tratamiento >,tratamiento,estandar,general,https://www.farmacity.com/crema-tratamiento-dove-1-minuto-oleo-nutricion-x-300-g/p
Farmacity,4165,139205,Crema Tratamiento Elvive Keraliso Brillo x 300 g,Elvive,3500.0,7000.0,True,300.0,11.6667,> Cuidado Capilar > Reparación Y Tratamiento >,tratamiento,profesional,general,https://www.farmacity.com/crema-de-tratamiento-kera-liso-x-300-ml/p
Farmacity,249154,249154,Combo Fuerza Reparación Capilar,Get the Look,19405.0,38810.0,True,,,> Cuidado Capilar > Reparación Y Tratamiento >,shampoo,estandar,general,https://www.farmacity.com/combo-fuerza-reparacion-capilar/p
Farmacity,246479,246479,Máscara de Tratamiento Dove UV Repair & Glow 250 g,Dove,16479.0,16479.0,True,250.0,65.916,> Cuidado Capilar > Reparación Y Tratamiento >,tratamiento,profesional,general,https://www.farmacity.com/mascara-capilar-dove-uv-repair-x-250-g/p
Farmacity,250356,250356,Crema Tratamiento Elvive Collagen Lifter x 300 ml,Elvive,13490.0,13490.0,True,300.0,44.9667,> Cuidado Capilar > Reparación Y Tratamiento >,tratamiento,profesional,general,https://www.farmacity.com/crema-tratamiento-elvive-colageno-lifter-x-300-ml/p
Farmacity,246062,246062,Crema Tratamiento Sedal Toque de Seda x 300 g,Sedal,5127.0,6409.0,True,300.0,17.09,> Cuidado Capilar > Reparación Y Tratamiento >,tratamiento,estandar,general,https://www.farmacity.com/crema-tratamiento-sedal-toque-de-seda-x-300-g/p
Farmacity,248890,248890,Crema Tratamiento Capilatis Natural Oil x 300 ml,Capilatis,11000.0,11000.0,True,300.0,36.6667,> Cuidado Capilar > Reparación Y Tratamiento >,tratamiento,estandar,general,https://www.farmacity.com/crema-tratamiento-capilatis-natural-oil-x-300-ml/p
Farmacity,248891,248891,Crema Tratamiento Capilatis Aloe Vera x 300 ml,Capilatis,11000.0,11000.0,True,300.0,36.6667,> Cuidado Capilar > Reparación Y Tratamiento >,tratamiento,estandar,general,https://www.farmacity.com/crema-tratamiento-capilatis-aloe-vera-x-300-ml/p
Farmacity,250189,250189,Crema Tratamiento La Puissance Nutrition x 300 ml,La Puissance,17600.0,17600.0,True,300.0,58.6667,> Cuidado Capilar > Reparación Y Tratamiento >,tratamiento,estandar,general,https://www.farmacity.com/crema-tratamiento-la-puissance-nutrition-x-300-ml/p
Farmacity,250186,250186,Crema Tratamiento La Puissance Keratine x 300 ml,La Puissance,16600.0,16600.0,True,300.0,55.3333,> Cuidado Capilar > Reparación Y Tratamiento >,tratamiento,estandar,general,https://www.farmacity.com/crema-tratamiento-la-puissance-keratine-x-300-ml/p
Farmacity,238114,238114,Caja Tratamiento Estereocolor Aceite de Coco x 40 un,Estereocolor,20800.0,41600.0,True,,,> Cuidado Capilar > Reparación Y Tratamiento >,tratamiento,estandar,tratado,https://www.farmacity.com/caja-tratamiento-estereocolor-aceite-de-coco-x-40-un/p
Farmacity,250310,250310,Crema Tratamiento Kerasys Advanced Moisture Ampoule x 300 ml,Kerasys,59000.0,59000.0,True,300.0,196.6667,> Cuidado Capilar > Reparación Y Tratamiento >,tratamiento,estandar,general,https://www.farmacity.com/crema-tratamiento-kerasys-advanced-moisture-ampoule-x-300-ml/p
Farmacity,250309,250309,Crema Tratamiento Kerasys Advance Repair Ampoule x 300 ml,Kerasys,59000.0,59000.0,True,300.0,196.6667,> Cuidado Capilar > Reparación Y Tratamiento >,tratamiento,profesional,general,https://www.farmacity.com/crema-tratamiento-kerasys-advance-repair-ampoule-x-300-ml/p
Farmacity,241005,241005,Máscara de Tratamiento Dove Bond Repair + Péptido x 250 g,Dove,16479.0,16479.0,True,250.0,65.916,> Cuidado Capilar > Reparación Y Tratamiento >,tratamiento,profesional,general,https://www.farmacity.com/mascara-de-tratamiento-dove-bond-intense-repair-x-250-g/p
Farmacity,239631,239631,Combo Capilar Tintura Permanente Excellence Triple cuidado  Tono 5U Castaño Claro + Tratamiento Elvive Óleo Extraordinario x 100 ml Combo Capilar Tintura Permanente Excellence Triple cuidado Tono 5U Castaño Claro + Tratamiento Elvive Óleo Extraordinario x 100 ml,Elvive,44980.0,44980.0,True,100.0,449.8,> Cuidado Capilar > Coloración Y Oxidantes >,tratamiento,profesional,tratado,https://www.farmacity.com/combo-capilar-tintura-permanente-excellence-triple-cuidado-sin-amoniaco-tono-5u-castano-claro-tratamiento-intensivo-elvive-oleo-extraordinario/p
Farmacity,239632,239632,Combo Capilar Tintura Permanente Excellence Triple cuidado  Tono 6U Rubio Oscuro + Tratamiento Elvive Óleo Extraordinario x 100 ml,Elvive,44980.0,44980.0,True,100.0,449.8,> Cuidado Capilar > Coloración Y Oxidantes >,tratamiento,profesional,tratado,https://www.farmacity.com/combo-capilar-tintura-permanente-excellence-triple-cuidado-sin-amoniaco-tono-6u-rubio-oscuro-tratamiento-intensivo-elvive-oleo-extraordinario/p
Farmacity,239630,239630,Combo Capilar Tintura Permanente Excellence Triple cuidado  Tono 4U Castaño + Tratamiento Elvive Óleo Extraordinario Nutrición x 100 ml,Elvive,44980.0,44980.0,True,100.0,449.8,> Cuidado Capilar > Coloración Y Oxidantes >,tratamiento,profesional,tratado,https://www.farmacity.com/combo-capilar-tintura-permanente-excellence-triple-cuidado-sin-amoniaco-tono-4u-castano-tratamiento-intensivo-elvive-oleo-extraordinario/p
Farmacity,229633,229633,Crema Tratamiento Dove Real Fuerza + Bambú x 190 g,Dove,2636.0,5273.0,True,190.0,13.8737,> Cuidado Capilar > Reparación Y Tratamiento >,tratamiento,estandar,general,https://www.farmacity.com/crema-tratamiento-dove-real-poder-de-las-plantas-fuerza-bambu-x-190-g/p
Farmacity,248883,248883,Crema Tratamiento Ogx Bond Protein Repair 1-Minuto x 200 ml,OGX,31641.0,31641.0,True,200.0,158.205,> Cuidado Capilar > Reparación Y Tratamiento >,tratamiento,profesional,general,https://www.farmacity.com/crema-tratamiento-ogx-bond-protein-repair-1-minuto-x-200-ml/p
Farmacity,250311,250311,Crema Tratamiento Kerasys Hair Clinic Heat Active x 200 ml,Kerasys,59000.0,59000.0,True,200.0,295.0,> Cuidado Capilar > Reparación Y Tratamiento >,tratamiento,estandar,general,https://www.farmacity.com/crema-tratamiento-kerasys-hair-clinic-heat-active-x-200-ml/p
Farmacity,236810,236810,Crema de Tratamiento Sedal Colágeno y Vitamina C x 300 g,Sedal,5127.0,6409.0,True,300.0,17.09,> Cuidado Capilar > Reparación Y Tratamiento >,tratamiento,estandar,general,https://www.farmacity.com/crema-de-tratamiento-sedal-colageno-y-vitamina-c-x-300-g/p
Farmacity,236811,236811,Crema de Tratamiento Sedal Ácido Hialurónico y Vitamina A x 300 g,Sedal,5127.0,6409.0,True,300.0,17.09,> Cuidado Capilar > Reparación Y Tratamiento >,tratamiento,estandar,general,https://www.farmacity.com/crema-de-tratamiento-sedal-acido-hialuronico-y-vitamina-a-x-300-g/p
Farmacity,8576,155200,Leche Capilar Argan Shock x 125 ml,Iyosei,7836.0,7836.0,True,125.0,62.688,> Cuidado Capilar > Reparación Y Tratamiento >,shampoo,estandar,general,https://www.farmacity.com/leche-capilar-argan-shock-x-125-ml/p
Farmacity,217255,217255,Sérum Capilar Ogx Coconut Milk x 118 ml,OGX,31640.0,31640.0,True,118.0,268.1356,> Cuidado Capilar > Reparación Y Tratamiento >,shampoo,estandar,general,https://www.farmacity.com/serum-capilar-ogx-coconut-milk-x-118-ml/p
Farmacity,9890,157175,Sachet de Mascarilla Capilar con Keratina x 15 Gr,Capilatis,1800.0,1800.0,True,15.0,120.0,> Cuidado Capilar > Reparación Y Tratamiento >,tratamiento,estandar,tratado,https://www.farmacity.com/sachet-de-mascarilla-capilar-con-keratina-x-15-gr/p
Farmacity,245147,245147,Óleo Capilar Get The Look x 95 ml,Get the Look,14400.0,14400.0,True,95.0,151.5789,> Cuidado Capilar > Reparación Y Tratamiento >,shampoo,estandar,general,https://www.farmacity.com/oleo-capilar-get-the-look-x-95-ml/p
Farmacity,249575,249575,Perfume Capilar Herbal Essences x 90 ml,Herbal Essences,14609.0,22475.0,True,90.0,162.3222,> Cuidado Capilar > Reparación Y Tratamiento >,shampoo,estandar,general,https://www.farmacity.com/perfume-capilar-herbal-essences-x-90-ml/p
Farmacity,236056,236056,Máscara Capilar Biferdil Óleo de Argán x 150 ml,Biferdil,14796.0,14796.0,True,150.0,98.64,> Cuidado Capilar > Reparación Y Tratamiento >,shampoo,estandar,general,https://www.farmacity.com/mascara-capilar-biferdil-oleo-de-argan-x-150-ml/p
Farmacity,15259,160431,Máscara Capilar Capilatis Ácido Hialurónico x 170 g,Capilatis,9400.0,9400.0,True,170.0,55.2941,> Cuidado Capilar > Reparación Y Tratamiento >,shampoo,estandar,general,https://www.farmacity.com/mascara-capilar-acido-hialuronico-x-170-gr/p
Farmacity,228547,228547,Máscara Capilar Biferdil Nutri Cream x 150 ml,Biferdil,10152.0,10152.0,True,150.0,67.68,> Cuidado Capilar > Reparación Y Tratamiento >,shampoo,estandar,general,https://www.farmacity.com/mascara-capilar-biferdil-nutri-cream-x-150-ml/p
Farmacity,249892,249892,Óleo Capilar Karseell  Essence x 50 ml Óleo Capilar Karseell Maca Essence x 50 ml,Karseell,29000.0,29000.0,True,50.0,580.0,> Cuidado Capilar > Reparación Y Tratamiento >,shampoo,estandar,general,https://www.farmacity.com/oleo-capilar-karseell-maca-essence-x-50-ml/p
Farmacity,243567,243567,Mascarilla Capilar Sedal Luminous UV x 300 g,Sedal,5127.0,6409.0,True,300.0,17.09,> Cuidado Capilar > Reparación Y Tratamiento >,tratamiento,estandar,general,https://www.farmacity.com/mascarilla-capilar-sedal-luminous-uv-x-300-g/p
Farmacity,250308,250308,Mascarilla Capilar Kerasys Propolis Shine x 180 ml,Kerasys,39000.0,39000.0,True,180.0,216.6667,> Cuidado Capilar > Reparación Y Tratamiento >,tratamiento,estandar,general,https://www.farmacity.com/mascarilla-capilar-kerasys-propolis-shine-x-180-ml/p
Farmacity,225544,225544,Máscara Bagóvit Capilar Reparación Intensiva x 300 ml,Bagóvit,8983.0,8983.0,True,300.0,29.9433,> Cuidado Capilar > Reparación Y Tratamiento >,shampoo,estandar,general,https://www.farmacity.com/mascara-bagovit-capilar-r-reparacion-intensiva-x-300-ml/p
Farmacity,217100,217100,Máscara Capilar Alfaparf Milano Diamond x 200 ml,Alfaparf Milano,62477.0,62477.0,True,200.0,312.385,> Cuidado Capilar > Reparación Y Tratamiento >,shampoo,estandar,general,https://www.farmacity.com/mascara-capilar-alfaparf-milano-semi-di-lino-diamond-illuminating-x-200-ml/p
Farmacity,234386,234386,Mascarilla Capilar Elvive Hialurónico Pure x 300 g,Elvive,11190.0,11190.0,True,300.0,37.3,> Cuidado Capilar > Reparación Y Tratamiento >,tratamiento,profesional,general,https://www.farmacity.com/mascarilla-capilar-elvive-hialuronico-pure-x-300-g/p
Farmacity,228545,228545,Máscara Capilar Biferdil Rosa Mosqueta Orgánica x 150 ml,Biferdil,11988.0,11988.0,True,150.0,79.92,> Cuidado Capilar > Reparación Y Tratamiento >,shampoo,estandar,general,https://www.farmacity.com/mascara-capilar-biferdil-rosa-mosqueta-organica-x-150-ml/p
Farmacity,243566,243566,Sérum Capilar Sedal Luminous UV x 110 ml,Sedal,8464.0,10580.0,True,110.0,76.9455,> Cuidado Capilar > Reparación Y Tratamiento >,shampoo,estandar,general,https://www.farmacity.com/serum-capilar-sedal-luminous-uv-x-110-ml/p
Farmacity,249891,249891,Mascarilla Capilar Karseell con Colágeno x 500 ml,Karseell,33000.0,33000.0,True,500.0,66.0,> Cuidado Capilar > Reparación Y Tratamiento >,tratamiento,estandar,general,https://www.farmacity.com/mascarilla-capilar-karseell-con-colageno-x-500-ml/p
Farmacity,244546,244546,Tónico Capilar Pantene Anti Caída x 52 ml,Pantene,25541.0,25541.0,True,52.0,491.1731,> Cuidado Capilar > Reparación Y Tratamiento >,shampoo,estandar,general,https://www.farmacity.com/tonico-capilar-pantene-anti-caida-x-52-ml/p
Farmacity,243572,243572,Mascarilla Capilar Capilatis Ácido Glicólico x 170 g,Capilatis,9400.0,9400.0,True,170.0,55.2941,> Cuidado Capilar > Reparación Y Tratamiento >,tratamiento,estandar,general,https://www.farmacity.com/mascarilla-capilar-capilatis-acido-glicolico-x-170-g/p
Farmacity,241572,241572,Mascarilla Bagóvit Capilar Plasma Vegetal x 300 ml,Bagóvit,10392.0,10392.0,True,300.0,34.64,> Cuidado Capilar > Reparación Y Tratamiento >,tratamiento,estandar,general,https://www.farmacity.com/mascarilla-bagovit-capilar-plasma-vegetal-x-300-ml/p
Farmacity,250191,250191,Óleo Capilar La Puissance Nutrition x 30 ml,La Puissance,18000.0,18000.0,True,30.0,600.0,> Cuidado Capilar > Reparación Y Tratamiento >,shampoo,estandar,general,https://www.farmacity.com/oleo-capilar-la-puissance-nutrition-x-30-ml/p
Farmacity,250190,250190,Mascarilla Capilar La Puissance Nutrition x 250 ml,La Puissance,17600.0,17600.0,True,250.0,70.4,> Cuidado Capilar > Reparación Y Tratamiento >,tratamiento,estandar,general,https://www.farmacity.com/mascarilla-capilar-la-puissance-nutrition-x-250-ml/p
Farmacity,249155,249155,Combo Get The Look Brillo y Fuerza Capilar,Get the Look,20275.0,40550.0,True,,,> Cuidado Capilar > Reparación Y Tratamiento >,shampoo,estandar,general,https://www.farmacity.com/combo-get-the-look-brillo-y-fuerza-capilar/p
Farmacity,212301,212301,Ampolla Capilar Farmacity Nutrición Intensa x 10 ml,Farmacity,3150.0,3150.0,True,10.0,315.0,> Cuidado Capilar > Reparación Y Tratamiento >,shampoo,estandar,general,https://www.farmacity.com/ampolla-capilar-farmacity-nutricion-intensa-x-10-ml/p
Farmacity,212300,212300,Ampolla Capilar Farmacity Reparación Profunda x 10 ml,Farmacity,3150.0,3150.0,True,10.0,315.0,> Cuidado Capilar > Reparación Y Tratamiento >,shampoo,estandar,general,https://www.farmacity.com/ampolla-capilar-farmacity-reparacion-profunda-x-10-ml/p
Farmacity,248878,248878,Cera Capilar Iyosei con Filtro UV x 50 g,Iyosei,9400.0,9400.0,True,50.0,188.0,> Cuidado Capilar > Reparación Y Tratamiento >,shampoo,estandar,general,https://www.farmacity.com/cera-capilar-iyosei-con-filtro-uv-x-50-g/p
Farmacity,245148,245148,Cera Capilar Get The Look x 75 g,Get the Look,7623.0,10890.0,True,75.0,101.64,> Cuidado Capilar > Modelado Y Peinado >,shampoo,estandar,general,https://www.farmacity.com/cera-capilar-get-the-look-x-75-g/p
Farmacity,250314,250314,Sérum Capilar Kerasys Keramide Extrame Damage x 70 ml,Kerasys,65000.0,65000.0,True,70.0,928.5714,> Cuidado Capilar > Reparación Y Tratamiento >,shampoo,estandar,general,https://www.farmacity.com/serum-capilar-kerasys-keramide-extrame-damage-x-70-ml/p
Farmacity,219379,219379,Máscara Capilar Alta Moda é Desamarillador Intense Blonde x 300 g,Alta Moda,10783.0,10783.0,True,300.0,35.9433,> Cuidado Capilar > Reparación Y Tratamiento >,shampoo,estandar,general,https://www.farmacity.com/mascara-alta-moda-e-desamarillador-x-300-g/p
Farmacity,241726,241726,Kit Capilar Tresemmé Liso Efecto Botox + Hidratación + Protección,Tresemmé,31192.0,51986.0,True,,,> Cuidado Capilar > Reparación Y Tratamiento >,tratamiento,estandar,seco_danado,https://www.farmacity.com/combo-capilar-tresemme-liso-efecto-botox-hidratacion-proteccion/p
Farmacity,219378,219378,Máscara Capilar Alta Moda é Argan Super Oils x 300 g,Alta Moda,7273.0,7273.0,True,300.0,24.2433,> Cuidado Capilar > Reparación Y Tratamiento >,shampoo,estandar,general,https://www.farmacity.com/mascara-alta-moda-e-argan-therapy-x-300-g/p
Farmacity,226015,226015,Máscara Capilar Alta Moda é Repair & Defense x 300 g,Alta Moda,7273.0,7273.0,True,300.0,24.2433,> Cuidado Capilar > Reparación Y Tratamiento >,shampoo,profesional,general,https://www.farmacity.com/mascara-capilar-alta-moda-e-repair-y-defense-x-300-g/p
Farmacity,245033,245033,Sérum Capilar Get The Look Ácido Hialurónico x 30 ml,Get the Look,8078.0,11540.0,True,30.0,269.2667,> Cuidado Capilar > Reparación Y Tratamiento >,shampoo,estandar,general,https://www.farmacity.com/serum-capilar-get-the-look-acido-hialuronico-x-30-ml/p
Farmacity,228733,228733,Ampolla Capilar Biferdil Caída del Cabello con Bioxidil x 10 ml,Biferdil,8800.0,8800.0,True,10.0,880.0,> Cuidado Capilar > Reparación Y Tratamiento >,shampoo,estandar,general,https://www.farmacity.com/ampolla-capilar-biferdil-caida-del-cabello-con-bioxidil-x-10-ml/p
Farmacity,245035,245035,Desenredante Capilar Get The Look Hidratación y Suavidad x 125 ml,Get the Look,5599.0,7999.0,True,125.0,44.792,> Cuidado Capilar > Reparación Y Tratamiento >,shampoo,estandar,seco_danado,https://www.farmacity.com/desenredante-capilar-get-the-look-hidratacion-y-suavidad-x-125-ml/p
Farmacity,245034,245034,Óleo Capilar Get The Look Argán y Palta x 50 ml,Get the Look,5495.0,10990.0,True,50.0,109.9,> Cuidado Capilar > Reparación Y Tratamiento >,shampoo,estandar,general,https://www.farmacity.com/oleo-capilar-get-the-look-argan-y-palta-x-50-ml/p
Farmacity,247380,247380,Sellador Capilar Get The Look Antifrizz en Spray x 210 ml,Get the Look,5395.0,10790.0,True,210.0,25.6905,> Cuidado Capilar > Reparación Y Tratamiento >,shampoo,estandar,general,https://www.farmacity.com/spray-sellador-antifrizz-get-the-look-x-210-ml/p
Farmacity,250198,250198,Sérum Capilar La Puissance Extra Cell Plex Paso 6 x 55 ml,La Puissance,33900.0,33900.0,True,55.0,616.3636,> Cuidado Capilar > Reparación Y Tratamiento >,shampoo,estandar,general,https://www.farmacity.com/serum-capilar-la-puissance-extra-cell-plex-paso-6-x-55-ml/p
Farmacity,250196,250196,Mascarilla Capilar La Puissance Extra Cell Plex Paso 3 x 250 ml,La Puissance,42600.0,42600.0,True,250.0,170.4,> Cuidado Capilar > Reparación Y Tratamiento >,tratamiento,estandar,general,https://www.farmacity.com/mascarilla-capilar-la-puissance-extra-cell-plex-paso-3-x-250-ml/p
Farmacity,246481,246481,Shampoo Dove Uv Repair & Glow x 200 ml,Dove,6418.0,6418.0,True,200.0,32.09,> Cuidado Capilar > Shampoo Y Acondicionador >,shampoo,profesional,general,https://www.farmacity.com/shampoo-dove-uv-repair-x-200-ml/p
Farmacity,215075,215075,Shampoo Dove Regeneración + Retinol x 200 ml,Dove,5788.0,5788.0,True,200.0,28.94,> Cuidado Capilar > Shampoo Y Acondicionador >,shampoo,estandar,general,https://www.farmacity.com/shampoo-dove-regeneracion-extrema-x-200-ml/p
Farmacity,230610,230610,Shampoo Tresemmé Liso Efecto Botox x 250 ml,Tresemmé,6091.0,6091.0,True,250.0,24.364,> Cuidado Capilar > Shampoo Y Acondicionador >,shampoo,estandar,general,https://www.farmacity.com/shampoo-tresemme-liso-efecto-botox-x-250-ml/p
Farmacity,247379,247379,Serum Capilar de Brillo Get The Look con Acido Glicolico y Filtro UV x 95 ml,Get the Look,7200.0,14400.0,True,95.0,75.7895,> Cuidado Capilar > Reparación Y Tratamiento >,shampoo,estandar,general,https://www.farmacity.com/serum-de-brillo-get-the-look-con-acido-glicolico-y-filtro-uv-x-95-ml/p
Farmacity,237879,237879,Shampoo Capilatis Ortiga Concentrado Graso x 420 ml,Capilatis,7575.0,10100.0,True,420.0,18.0357,> Cuidado Capilar > Shampoo Y Acondicionador >,shampoo,estandar,graso,https://www.farmacity.com/shampoo-capilatis-ortiga-concentrado-graso-x-420-ml/p
Farmacity,237881,237881,Shampoo Capilatis Ortiga Concentrado Caspa x 420 ml,Capilatis,10800.0,10800.0,True,420.0,25.7143,> Cuidado Capilar > Shampoo Y Acondicionador >,shampoo,estandar,anticaspa,https://www.farmacity.com/shampoo-capilatis-ortiga-concentrado-caspa-x-420-ml/p
Farmacity,241008,241008,Shampoo Dove Bond Repair + Péptido x 400 ml,Dove,6453.0,10755.0,True,400.0,16.1325,> Cuidado Capilar > Shampoo Y Acondicionador >,shampoo,profesional,general,https://www.farmacity.com/shampo-dove-bond-intense-repair-x-400-ml/p
Farmacity,215076,215076,Shampoo Dove Regeneración + Retinol x 400 ml,Dove,5812.0,9687.0,True,400.0,14.53,> Cuidado Capilar > Shampoo Y Acondicionador >,shampoo,estandar,general,https://www.farmacity.com/shampoo-dove-regeneracion-extrema-x-400-ml/p
Farmacity,953,128825,Shampoo Dove Reconstrucción + Aminoácido x 200 ml,Dove,5788.0,5788.0,True,200.0,28.94,> Cuidado Capilar > Shampoo Y Acondicionador >,shampoo,estandar,general,https://www.farmacity.com/shampoo-dove-reconstruccion-completa-botella-x-200-ml/p
Farmacity,224347,224347,Mascarilla Fructis Hair Food Sandia x 350 ml,Fructis,13990.0,13990.0,True,350.0,39.9714,> Cuidado Capilar > Reparación Y Tratamiento >,tratamiento,estandar,general,https://www.farmacity.com/tratamiento-capilar-garnier-fructis-hair-food-sandia-revitalizante-x-300-ml/p
Farmacity,1013,101809,Mascarilla Elvive Colorvive x 300 g,Elvive,11190.0,11190.0,True,300.0,37.3,> Cuidado Capilar > Reparación Y Tratamiento >,tratamiento,profesional,tratado,https://www.farmacity.com/colorvive-crema-de-tratamiento-x-300-ml/p
Farmacity,246400,246400,Óleo Pantene Nutritivo x 95 ml,Pantene,20179.0,20179.0,True,95.0,212.4105,> Cuidado Capilar > Reparación Y Tratamiento >,shampoo,estandar,general,https://www.farmacity.com/oleo-pantene-nutritivo-x-95-ml/p
Farmacity,250357,250357,Sérum Elvive Collagen Lifter x 100 ml,Elvive,19990.0,19990.0,True,100.0,199.9,> Cuidado Capilar > Reparación Y Tratamiento >,shampoo,profesional,general,https://www.farmacity.com/serum-elvive-colageno-lifter-x-100-ml/p
Farmacity,4747,138021,Crema para Peinar Sedal Ceramidas x 300 ml,Sedal,5684.0,5684.0,True,300.0,18.9467,> Cuidado Capilar > Modelado Y Peinado >,shampoo,estandar,general,https://www.farmacity.com/crema-para-peinar-sedal-ceramidas-pote-x-300-ml/p
Farmacity,230612,230612,Shampoo Dosificador Tresemmé Cauterización Reparadora x 500 ml,Tresemmé,6574.0,10114.0,True,500.0,13.148,> Cuidado Capilar > Shampoo Y Acondicionador >,shampoo,estandar,general,https://www.farmacity.com/shampoo-dosificador-tresemme-cauterizacion-reparadora-x-500-ml/p
Farmacity,246063,246063,Óleo Sedal Toque de Seda x 60 ml,Sedal,7914.0,9892.0,True,60.0,131.9,> Cuidado Capilar > Reparación Y Tratamiento >,shampoo,estandar,general,https://www.farmacity.com/oleo-sedal-toque-de-seda-x-60-ml/p
Farmacity,246064,246064,Sérum Sedal Toque de Seda x 100 ml,Sedal,8464.0,10580.0,True,100.0,84.64,> Cuidado Capilar > Reparación Y Tratamiento >,shampoo,estandar,general,https://www.farmacity.com/serum-sedal-toque-de-seda-x-100-ml/p
Farmacity,245027,245027,Sérum Elvive Dream Liso x 100 ml,Elvive,19990.0,19990.0,True,100.0,199.9,> Cuidado Capilar > Reparación Y Tratamiento >,shampoo,profesional,general,https://www.farmacity.com/serum-elvive-dream-liso-x-100-ml/p
Farmacity,216503,216503,Mascarilla Herbal Essences Argan Oil Of Morocco x 300 ml,Herbal Essences,10631.0,16356.0,True,300.0,35.4367,> Cuidado Capilar > Reparación Y Tratamiento >,tratamiento,estandar,general,https://www.farmacity.com/mascarilla-intensiva-herbal-essences-bio-renew-argan-oil-of-morocco-x-300-ml/p
Farmacity,216504,216504,Mascarilla Herbal Essences Bio Coconut Milk x 300 ml,Herbal Essences,16356.0,16356.0,True,300.0,54.52,> Cuidado Capilar > Reparación Y Tratamiento >,tratamiento,estandar,general,https://www.farmacity.com/mascarilla-intensiva-herbal-essences-bio-renew-coconut-milk-x-300-ml/p
Farmacity,246482,246482,Óleo + Sérum Bifásico Dove UV Repair & Glow 110 ml,Dove,17803.0,17803.0,True,110.0,161.8455,> Cuidado Capilar > Reparación Y Tratamiento >,shampoo,profesional,general,https://www.farmacity.com/oleo-dove-uv-repair-x-110-ml/p
Farmacity,250192,250192,Ampolla La Puissance Nutrition x 15 ml,La Puissance,7900.0,7900.0,True,15.0,526.6667,> Cuidado Capilar > Reparación Y Tratamiento >,shampoo,estandar,general,https://www.farmacity.com/ampolla-la-puissance-nutrition-x-15-ml/p
Farmacity,230609,230609,Shampoo Tresemmé Cauterización Reparadora x 250 ml,Tresemmé,6091.0,6091.0,True,250.0,24.364,> Cuidado Capilar > Shampoo Y Acondicionador >,shampoo,estandar,general,https://www.farmacity.com/shampoo-tresemme-cauterizacion-reparadora-x-250-ml/p
Farmacity,248882,248882,Protector Térmico Ogx Bond Protein Repair x 385 ml,OGX,31641.0,31641.0,True,385.0,82.1844,> Cuidado Capilar > Reparación Y Tratamiento >,shampoo,profesional,general,https://www.farmacity.com/protector-termico-ogx-bond-protein-repair-x-385-ml/p
Farmacity,242988,242988,Protector Térmico Capilatis Spray x 190 ml,Capilatis,14200.0,14200.0,True,190.0,74.7368,> Cuidado Capilar > Reparación Y Tratamiento >,shampoo,estandar,general,https://www.farmacity.com/protector-termico-capilatis--spray-x-190-ml/p
Farmacity,234031,234031,Protector Térmico Roby x 200 ml,Roby,10269.0,12836.0,True,200.0,51.345,> Cuidado Capilar > Reparación Y Tratamiento >,shampoo,estandar,general,https://www.farmacity.com/protector-termicospray-roby--x-200-ml/p
Farmacity,242989,242989,Sérum Capilatis Sellador de Puntas Plex x 60 ml,Capilatis,16200.0,16200.0,True,60.0,270.0,> Cuidado Capilar > Reparación Y Tratamiento >,shampoo,estandar,general,https://www.farmacity.com/serum-capilatis-sellador-de-puntas-plex-x-60-ml/p
Farmacity,250303,250303,Bruma Capilatis Ácido Hialurónico y Colágeno x 190 ml,Capilatis,14200.0,14200.0,True,190.0,74.7368,> Cuidado Capilar > Reparación Y Tratamiento >,shampoo,estandar,general,https://www.farmacity.com/bruma-capilatis-acido-hialuronico-y-colageno-x-190-ml/p
Farmacity,245036,245036,Protector Térmico Get The Look x 125 ml,Get the Look,4823.0,6890.0,True,125.0,38.584,> Cuidado Capilar > Reparación Y Tratamiento >,shampoo,estandar,general,https://www.farmacity.com/protector-termico-get-the-look-x-125-ml/p
Farmacity,249156,249156,Combo Get The Look Control Frizz y Brillo,Get the Look,16040.0,32080.0,True,,,> Cuidado Capilar > Reparación Y Tratamiento >,shampoo,estandar,general,https://www.farmacity.com/combo-get-the-look-control-frizz-y-brillo/p
Farmacity,246635,246635,Óleo Herbal Essences Argan y Aloe x 100 ml,Herbal Essences,16581.0,25509.0,True,100.0,165.81,> Cuidado Capilar > Reparación Y Tratamiento >,shampoo,estandar,general,https://www.farmacity.com/oleo-herbal-essences-argan-y-aloe-x-100-ml/p
Farmacity,239875,239875,Sérum Revitalizador Pantene Pro-V Miracles Equilibrio Raíz y Puntas x 95 ml,Pantene,23485.0,23485.0,True,95.0,247.2105,> Cuidado Capilar > Reparación Y Tratamiento >,shampoo,profesional,general,https://www.farmacity.com/serum-pantene-equilibrio-x-95-ml/p
Farmacity,250199,250199,Ampolla La Puissance Paso 5 Extra Cell Plex x 15 ml,La Puissance,9900.0,9900.0,True,15.0,660.0,> Cuidado Capilar > Reparación Y Tratamiento >,shampoo,estandar,general,https://www.farmacity.com/ampolla-la-puissance-paso-5-extra-cell-plex-x-15-ml/p
Farmacity,250197,250197,Spray La Puissance Extra Cell Plex Paso 4 x 100 ml,La Puissance,13900.0,13900.0,True,100.0,139.0,> Cuidado Capilar > Reparación Y Tratamiento >,shampoo,estandar,general,https://www.farmacity.com/spray-la-puissance-extra-cell-plex-paso-4-x-100-ml/p
Farmacity,208220,208220,Shampoo Nopucid Uso Diario x 200 ml,Nopucid,14880.0,14880.0,True,200.0,74.4,> Farmacia > Pediculosis > Shampoo Y Acondicionador >,shampoo,estandar,general,https://www.farmacity.com/shampoo-uso-diario-nopucid-x-200-ml/p
Farmacity,8856,156279,Crema para Peinar Sedal Rizos Definidos x 300 ml,Sedal,5684.0,5684.0,True,300.0,18.9467,> Cuidado Capilar > Modelado Y Peinado >,shampoo,estandar,rizado,https://www.farmacity.com/crema-p-peinar-sedal-rizos-definidos-x-300-ml/p
Farmacity,214145,214145,Crema de Peinar Estereocolor Macadamia,Estereocolor,1040.0,1040.0,True,,,> Cuidado Capilar > Reparación Y Tratamiento >,shampoo,estandar,tratado,https://www.farmacity.com/crema-de-peinar-estereo-color-macadamia-x-1-un/p
Farmacity,208217,208217,Loción con Shampoo Nopucid x 65 ml,Nopucid,19409.0,19409.0,True,65.0,298.6,"> Farmacia > Pediculosis > Lociones, Enjuagues Y Emulsiones >",shampoo,estandar,general,https://www.farmacity.com/locion-con-shampoo-nopucid-x-65-ml/p
Farmacity,825,131898,Ampollas Pantene Shot de Reconstrucción Perlas Pro-Vitaminas x 15 ml x 3 un,Pantene,7482.0,7482.0,True,15.0,498.8,> Cuidado Capilar > Reparación Y Tratamiento >,shampoo,profesional,general,https://www.farmacity.com/tratamiento-capilar-pantene-pro-v-restauracion-45-ml/p
Farmacity,221813,221813,Crema para Peinar Sedal Hialurónico y Vitamina A x 300 ml,Sedal,5684.0,5684.0,True,300.0,18.9467,> Cuidado Capilar > Modelado Y Peinado >,shampoo,estandar,general,https://www.farmacity.com/crema-para-peinar-sedal-acido-hialuronico-vitamina-a-x-300-ml/p
Farmacity,226252,226252,Shampoo Nutritivo Klorane Mango x 200 ml,Klorane,29000.0,29000.0,True,200.0,145.0,> Dermocosmética > Pelo > Shampoos y Acondicionadores >,shampoo,estandar,general,https://www.farmacity.com/shampoo-klorane-mango-x-200-ml/p
Farmacity,224730,224730,Mascarilla Intensiva Pantene Pro-V Nutrición x 270 ml,Pantene,10225.0,10225.0,True,270.0,37.8704,> Cuidado Capilar > Reparación Y Tratamiento >,tratamiento,profesional,general,https://www.farmacity.com/mascarilla-intesiva-pantene-pro-v-nutricion-x-270-ml/p
Farmacity,244369,244369,Coat Spray Tresemmé Sellado Antifrizz x 190 ml,Tresemmé,8088.0,14705.0,True,190.0,42.5684,> Cuidado Capilar > Reparación Y Tratamiento >,shampoo,estandar,general,https://www.farmacity.com/spray-tresemme-blind-antifrizz-x-190-ml/p
Farmacity,238890,238890,Acondicionador Pantene Pro-V Miracles Volumen x 400 ml,Pantene,6137.0,10228.0,True,400.0,15.3425,> Cuidado Capilar > Shampoo Y Acondicionador >,acondicionador,profesional,general,https://www.farmacity.com/acondicionador-pantene-pro-v-miracles-volumen-x-400-ml/p
Farmacity,238285,238285,Tratamiento Capilar Coony Intensivo x 500 ml,Coony,36050.0,36050.0,False,500.0,72.1,> Cuidado Capilar > Reparación Y Tratamiento >,tratamiento,estandar,general,https://www.farmacity.com/tratamiento-capilar-coony-intensivo-x-500-ml/p
Farmacity,228548,228548,Tratamiento Capilar Biferdil Anti-Frizz x 155 ml,Biferdil,12400.0,12400.0,False,155.0,80.0,> Cuidado Capilar > Reparación Y Tratamiento >,tratamiento,estandar,general,https://www.farmacity.com/tratamiento-capilar-biferdil-anti-frizz-x-155-ml/p
Farmacity,241586,241586,Tratamiento Capilar Nuxe Prodigieux Nutrición Intensa x 100 ml,Nuxe,39037.0,39037.0,False,100.0,390.37,> Cuidado Capilar > Reparación Y Tratamiento >,tratamiento,estandar,general,https://www.farmacity.com/tratamiento-capilar-nuxe-prodigieux-nutricion-intensa-x-100-ml/p
Farmacity,204154,200271,Tratamiento Capilar Vichy Dercos Densi-Solutions x 100 ml,Vichy,74630.0,74630.0,False,100.0,746.3,> Dermocosmética > Pelo > Bálsamos y Tratamientos >,tratamiento,estandar,general,https://www.farmacity.com/dercos-densi-solutions-concentrado-creador-de-masa-capilar/p
Farmacity,203231,203231,Tratamiento Capilar Capilatis Natural Oil Argán x 170 ml,Capilatis,3400.0,6800.0,False,170.0,20.0,> Cuidado Capilar > Reparación Y Tratamiento >,tratamiento,estandar,general,https://www.farmacity.com/tratamiento-capilar-capilatis-natural-oli-con-argan-x-170-ml/p
Farmacity,203241,203241,Tratamiento Capilar Biferdil Beauty Box con Coco x 20 ml,Biferdil,900.0,1800.0,False,20.0,45.0,> Cuidado Capilar > Reparación Y Tratamiento >,tratamiento,estandar,general,https://www.farmacity.com/tratamiento-capilar-biferdil-beauty-box-con-aceite-de-coco-x-20-ml/p
Farmacity,819,133755,Tratamiento Capilar Anticaída Vichy Dercos Aminexil Pro Mujer x 12 Ampollas x 6 ml,Vichy,143134.0,143134.0,False,6.0,23855.6667,> Dermocosmética > Pelo > Bálsamos y Tratamientos >,tratamiento,estandar,general,https://www.farmacity.com/tratamiento-capilar-anticaida-dercos-aminexil-pro-para-mujer-12-un-x-6ml-c-u/p
Farmacity,4153,138603,Tratamiento Intensivo Revitalizante Anticaída Eucerin DermoCapillaire x 100 ml,Eucerin,19938.0,39877.0,False,100.0,199.38,> Dermocosmética > Pelo > Bálsamos y Tratamientos >,tratamiento,estandar,general,https://www.farmacity.com/tratamiento-revitalizante-anticaida-x-100-ml/p
Farmacity,220444,220444,Tratamiento Reparador Antifrizz Nic Frizzmineitor x 200 ml,Nic,7145.0,14290.0,False,200.0,35.725,> Cuidado Capilar > Reparación Y Tratamiento >,tratamiento,estandar,general,https://www.farmacity.com/tratamiento-capilar-nic-frizzmineitor-x-200-ml/p
Farmacity,249893,249893,Crema de Tratamiento Skala 2 en 1 Mais Cachos x 1 k,Skala,6890.0,6890.0,False,,,> Cuidado Capilar > Reparación Y Tratamiento >,tratamiento,estandar,general,https://www.farmacity.com/crema-de-tratamiento-skala-2-en-1-mais-cachos-x-1-k/p
Farmacity,228361,228361,Crema Tratamiento Dove 1 Minuto Ritual de Fortalecimiento x 300 g,Dove,4715.0,4715.0,False,300.0,15.7167,> Cuidado Capilar > Reparación Y Tratamiento >,tratamiento,estandar,general,https://www.farmacity.com/crema-tratamiento-dove-1-minuto-ritual-de-fortalecimiento-x-300-g/p
Farmacity,229632,229632,Crema Tratamiento Dove Real Nutrición + Geranio x 190 g,Dove,5273.0,5273.0,False,190.0,27.7526,> Cuidado Capilar > Reparación Y Tratamiento >,tratamiento,estandar,general,https://www.farmacity.com/crema-tratamiento-dove-poder-de-las-plantas-nutricion-geranio-x-190-g/p
Farmacity,228359,228359,Crema Tratamiento Dove 1 Minuto Ritual de Crecimiento x 300 g,Dove,7692.0,7692.0,False,300.0,25.64,> Cuidado Capilar > Reparación Y Tratamiento >,tratamiento,estandar,general,https://www.farmacity.com/crema-tratamiento-dove-1-minuto-ritual-de-crecimiento-x-300-g/p
Farmacity,910,23733,Loción Capilar Capilatis Anti Piojos x 120 ml,Capilatis,6875.0,6875.0,False,120.0,57.2917,"> Farmacia > Pediculosis > Lociones, Enjuagues Y Emulsiones >",shampoo,estandar,general,https://www.farmacity.com/locion-a-base-de-palo-amargo-x-120-ml/p
Farmacity,217099,217099,Máscara Capilar Alfaparf Milano Reconstruction x 200 ml,Alfaparf Milano,62477.0,62477.0,False,200.0,312.385,> Cuidado Capilar > Reparación Y Tratamiento >,shampoo,estandar,general,https://www.farmacity.com/mascara-capilar-alfaparf-milano-semi-di-lino-reconstruction-x-200-ml/p
Farmacity,249894,249894,Crema de Tratamiento Skala 2 en 1 Bomba S.O.S x 1 k,Skala,6890.0,6890.0,False,,,> Cuidado Capilar > Reparación Y Tratamiento >,tratamiento,estandar,general,https://www.farmacity.com/crema-de-tratamiento-skala-2-en-1-bomba-s-o-s-x-1-k/p
Farmacity,228735,228735,Ampolla Capilar Biferdil 1007 Caída Leve x 20 ml,Biferdil,7300.0,7300.0,False,20.0,365.0,> Cuidado Capilar > Reparación Y Tratamiento >,shampoo,estandar,general,https://www.farmacity.com/ampolla-capilar-biferdil-1007-caida-leve-del-cabello-con-extractos-vegetales-y-oligoelementos-x-20-ml/p
Farmacity,217253,217253,Óleo Capilar Ogx Argan Oil of Morocco x 100 ml,OGX,31640.0,31640.0,False,100.0,316.4,> Cuidado Capilar > Reparación Y Tratamiento >,shampoo,estandar,general,https://www.farmacity.com/oleo-capilar-ogx-argan-oil-of-morocco-x-100-ml/p
Farmacity,236812,236812,Loción Capilar Sedal Prebióticos+Biotina x 100 ml,Sedal,6233.0,6233.0,False,100.0,62.33,> Cuidado Capilar > Reparación Y Tratamiento >,shampoo,estandar,general,https://www.farmacity.com/locion-capilar-sedal-prebioticos-biotina-x-100-ml/p
Farmacity,228734,228734,Ampolla Capilar Biferdil 1044 Cabello Graso con Keratina Hidrolizada x 20 ml,Biferdil,7300.0,7300.0,False,20.0,365.0,> Cuidado Capilar > Reparación Y Tratamiento >,shampoo,estandar,tratado,https://www.farmacity.com/ampolla-capilar-biferdil-1044-cabello-graso-con-keratina-hidrolizada-x-20-ml/p
Farmacity,238284,238284,Sérum Coony Hair Miracle x 130 ml,Coony,40689.0,40689.0,False,130.0,312.9923,> Cuidado Capilar > Reparación Y Tratamiento >,shampoo,estandar,general,https://www.farmacity.com/serum-coony-hair-miracle-x-130-ml/p
Farmacity,241587,241587,Óleo Nuxe Prodigieux Prewash x 125 ml,Nuxe,65405.0,65405.0,False,125.0,523.24,> Cuidado Capilar > Reparación Y Tratamiento >,shampoo,estandar,general,https://www.farmacity.com/oleo-nuxe-prodigieux-prewash-x-125-ml/p
Farmacity,250193,250193,Protector Térmico La Puissance x 250 ml,La Puissance,21300.0,21300.0,False,250.0,85.2,> Cuidado Capilar > Reparación Y Tratamiento >,shampoo,estandar,general,https://www.farmacity.com/protector-termico-la-puissance-x-250-ml/p
Farmacity,218823,218823,Crema de Peinar Pantene Bambú Nutre y Crece x 300 ml,Pantene,5229.0,5229.0,False,300.0,17.43,> Cuidado Capilar > Modelado Y Peinado >,shampoo,estandar,general,https://www.farmacity.com/crema-de-peinar-pantene-bambu-nutre-y-crece-x-300-ml/p
Farmacity,219384,219384,Máscara Alta Moda é Vegano x 300 g,Alta Moda,5293.0,10587.0,False,300.0,17.6433,> Cuidado Capilar > Reparación Y Tratamiento >,shampoo,estandar,general,https://www.farmacity.com/mascara-alta-moda-e-vegano-x-300-g/p
Farmacity,226253,226253,Aceite Nutritivo Klorane Mango x 100 ml,Klorane,46000.0,46000.0,False,100.0,460.0,> Dermocosmética > Pelo > Bálsamos y Tratamientos >,shampoo,estandar,general,https://www.farmacity.com/aceite-klorane-mango-x-100-ml/p
Farmacity,238676,238676,Shampoo Biferdil Kids 3 en 1 x 250 ml,Biferdil,12312.0,12312.0,True,250.0,49.248,> Bebés > Higiene del Bebé > Baño Del Bebé >,shampoo,estandar,bebe,https://www.farmacity.com/shampoo-biferdil-kids-3-en-1-x-250-ml/p
Farmacity,230608,230608,Shampoo Tresemmé Keratina AntiFrizz x 250 ml,Tresemmé,6091.0,6091.0,True,250.0,24.364,> Cuidado Capilar > Shampoo Y Acondicionador >,shampoo,estandar,tratado,https://www.farmacity.com/shampoo-tresemme-keratina-antifrizz-x-250-ml/p
Farmacity,230611,230611,Shampoo Dosificador Tresemmé Keratina AntiFrizz x 500 ml,Tresemmé,6574.0,10114.0,True,500.0,13.148,> Cuidado Capilar > Shampoo Y Acondicionador >,shampoo,estandar,tratado,https://www.farmacity.com/shampoo-dosificador-tresemme-keratina-antifrizz-x-500-ml/p
Farmacity,215038,215038,Shampoo Elvive Dream Long Liss x 400 ml,Elvive,4399.0,8799.0,True,400.0,10.9975,> Cuidado Capilar > Shampoo Y Acondicionador >,shampoo,profesional,general,https://www.farmacity.com/shampoo-elvive-dream-long-liss-x-400-ml/p
Farmacity,225903,225903,Acondicionador Dove Largos Fortalecidos x 400 ml,Dove,7694.0,7694.0,False,400.0,19.235,> Cuidado Capilar > Shampoo Y Acondicionador >,acondicionador,estandar,general,https://www.farmacity.com/acondicionador-dove-largos-fuertes-y-flexibles-x-400-ml/p
Farmacity,229630,229630,Acondicionador Dove Real Purificación + Jengibre x 300 ml,Dove,6874.0,6874.0,False,300.0,22.9133,> Cuidado Capilar > Shampoo Y Acondicionador >,acondicionador,estandar,general,https://www.farmacity.com/acondicionador-dove-plant-power-purificacion-jengibre-x-300-ml/p
Farmacity,230216,230216,Sérum Concentrado Pantene Pro-V Miracles Colágeno Nutre & Revitaliza Sellador de Puntas x 90 ml Sérum Concentrado Pantene Pro-V Miracles Colágeno Nutre & Revitaliza Sellador de Puntas 90 ml,Pantene,8408.0,8408.0,True,90.0,93.4222,> Cuidado Capilar > Reparación Y Tratamiento >,shampoo,profesional,general,https://www.farmacity.com/serum-pantene-con-colageno-x-90-ml/p
Farmacity,235654,235654,Shampoo Pantene Pro-V Miracles Detox Limpia - Purifica x 400 ml,Pantene,6137.0,10228.0,True,400.0,15.3425,> Cuidado Capilar > Shampoo Y Acondicionador >,shampoo,profesional,general,https://www.farmacity.com/shampoo-pantene-pro-v-miracles-detox-x-400-ml/p
Farmacity,244547,244547,Crema para Peinar fortalecedora Pantene Biotinamina B3 para Cabello Quebradizo x 300 ml,Pantene,9024.0,9024.0,True,300.0,30.08,> Cuidado Capilar > Modelado Y Peinado >,shampoo,estandar,seco_danado,https://www.farmacity.com/crema-para-peinar-pantene-anti-caida-x-300-ml/p
Farmacity,243702,243702,Shampoo Anticaída+Pantene Biotinamina B3 para Cabello Débil x 510 ml,Pantene,10285.0,17142.0,True,510.0,20.1667,> Cuidado Capilar > Shampoo Y Acondicionador >,shampoo,estandar,general,https://www.farmacity.com/shampoo-anticaida-pantene-biotinamina-b3-para-cabello-debil-x-510-ml/p
Farmacity,974,125487,Mascarilla Intensiva Pantene Pro-V Restauración x 270 ml,Pantene,10225.0,10225.0,True,270.0,37.8704,> Cuidado Capilar > Reparación Y Tratamiento >,tratamiento,profesional,general,https://www.farmacity.com/tratamiento-capilar-pantene-pro-v-restauracion-x-300ml/p
Farmacity,945,125486,Mascarilla Intensiva Pantene Pro-V Hidratación x 270 ml,Pantene,10225.0,10225.0,True,270.0,37.8704,> Cuidado Capilar > Reparación Y Tratamiento >,tratamiento,profesional,seco_danado,https://www.farmacity.com/mascara-de-hidratacion-intensiva-pantene-pro-v-x-300ml/p
Farmacity,245994,245994,Combo Pantene Mascarilla Intensiva Nutrición + Mascarilla Intensiva Restauración,Pantene,20450.0,20450.0,True,,,> Cuidado Capilar > Reparación Y Tratamiento >,tratamiento,estandar,general,https://www.farmacity.com/combo-pantene-mascarilla-intensiva-nutricion-mascarilla-intensiva-restauracion/p
Farmacity,244540,244540,Acondicionador Pantene Colageno x 510 ml,Pantene,10285.0,17142.0,True,510.0,20.1667,> Cuidado Capilar > Shampoo Y Acondicionador >,acondicionador,estandar,general,https://www.farmacity.com/acondicionador-pantene-colageno-x-510-ml/p
Farmacity,239943,239943,Crema para Peinar Termoprotectora Pantene Pro-V Miracles Keratina Repara y Protege x 300 ml,Pantene,9024.0,9024.0,True,300.0,30.08,> Cuidado Capilar > Modelado Y Peinado >,shampoo,profesional,tratado,https://www.farmacity.com/crema-para-peinar-pantene-keratina-x-300-ml/p
Farmacity,235661,235661,Shampoo Pantene Pro-V Miracles Equilibrio Raíz & Puntas x 400 ml,Pantene,6137.0,10228.0,True,400.0,15.3425,> Cuidado Capilar > Shampoo Y Acondicionador >,shampoo,profesional,general,https://www.farmacity.com/shampoo-pantene-pro-v-miracles-equilibrio-x-400-ml/p
Farmacity,230220,230220,Acondicionador Pantene Pro-V Miracles Colágeno Nutritivo 200 ml,Pantene,3807.0,6345.0,True,200.0,19.035,> Cuidado Capilar > Shampoo Y Acondicionador >,acondicionador,profesional,general,https://www.farmacity.com/acondicionador-pantene-colageno-x-200-ml/p
Farmacity,220338,220338,Shampoo Pantene Pro-V Solutions Restauración x 400 ml,Pantene,6137.0,10228.0,True,400.0,15.3425,> Cuidado Capilar > Shampoo Y Acondicionador >,shampoo,profesional,general,https://www.farmacity.com/shampoo-pantene-restauracion-x-400-ml/p
Farmacity,243703,243703,Shampoo Pantene Anti Caida x 300 ml,Pantene,6032.0,10054.0,True,300.0,20.1067,> Cuidado Capilar > Shampoo Y Acondicionador >,shampoo,estandar,general,https://www.farmacity.com/shampoo-pantene-anti-caida-x-300-ml/p
Farmacity,235664,235664,Shampoo Pantene Pro-V Miracles Equilibrio Raíz & Puntas 700 ml,Pantene,10040.0,16733.0,True,700.0,14.3429,> Cuidado Capilar > Shampoo Y Acondicionador >,shampoo,profesional,general,https://www.farmacity.com/shampoo-pantene-pro-v-miracles-equilibrio-x-700-ml/p
Farmacity,244545,244545,Acondicionador Pantene Keratina x 250 ml,Pantene,6032.0,10054.0,True,250.0,24.128,> Cuidado Capilar > Shampoo Y Acondicionador >,acondicionador,estandar,tratado,https://www.farmacity.com/acondicionador-pantene-keratina-x-250-ml/p
Farmacity,244541,244541,Acondicionador Pantene Colageno x 250 ml,Pantene,6032.0,10054.0,True,250.0,24.128,> Cuidado Capilar > Shampoo Y Acondicionador >,acondicionador,estandar,general,https://www.farmacity.com/acondicionador-pantene-colageno-x-250-ml/p
Farmacity,238873,238873,Shampoo Pantene Pro-V Miracles Volumen x 400 ml,Pantene,6137.0,10228.0,True,400.0,15.3425,> Cuidado Capilar > Shampoo Y Acondicionador >,shampoo,profesional,general,https://www.farmacity.com/shampoo-pantene-pro-v-miracles-volumen-x-400-ml/p
Farmacity,9162,157033,Acondicionador Pantene 3 Minute Miracle x 170 ml,Pantene,9647.0,9647.0,True,170.0,56.7471,> Cuidado Capilar > Shampoo Y Acondicionador >,acondicionador,estandar,general,https://www.farmacity.com/acondicionador-pantene-3mm-hidratacion-extrema-x-170-ml/p
Farmacity,247956,247956,Combo Óleo Pantene Nutritivo x 95 ml,Pantene,40357.0,40357.0,True,95.0,424.8105,> Cuidado Capilar > Reparación Y Tratamiento >,shampoo,estandar,general,https://www.farmacity.com/combo-oleo-pantene-nutritivo-x-95-ml/p
Farmacity,238874,238874,Shampoo Pantene Pro-V Miracles Volumen x 750 ml,Pantene,16733.0,16733.0,True,750.0,22.3107,> Cuidado Capilar > Shampoo Y Acondicionador >,shampoo,profesional,general,https://www.farmacity.com/shampoo-pantene-pro-v-miracles-volumen-x-750-ml/p
Farmacity,220328,220328,Acondicionador Pantene Brillo Extremo x 400 ml,Pantene,6855.0,6855.0,False,400.0,17.1375,> Cuidado Capilar > Shampoo Y Acondicionador >,acondicionador,estandar,general,https://www.farmacity.com/acondicionador-pantene-miracle-brillo-extremo-x-400-ml/p
Farmacity,218822,218822,Tratamiento Pantene Pro-V Miracles Pelo Débil x 300 ml,Pantene,6807.0,6807.0,False,300.0,22.69,> Cuidado Capilar > Reparación Y Tratamiento >,tratamiento,profesional,general,https://www.farmacity.com/mascara-nutritiva-pantene-bambu-nutre-y-crece-x-300-ml/p
Farmacity,161215,161215,Crema para Peinar Pantene Pro-V Repara x 300 ml,Pantene,9025.0,9025.0,False,300.0,30.0833,> Cuidado Capilar > Modelado Y Peinado >,shampoo,profesional,general,https://www.farmacity.com/nueva-crema-para-peinar-pantene-restauracion-300-ml/p
Farmacity,150775,150775,Acondicionador Pantene Hidratación x 200 ml,Pantene,4697.0,4697.0,False,200.0,23.485,> Cuidado Capilar > Shampoo Y Acondicionador >,acondicionador,estandar,seco_danado,https://www.farmacity.com/acondicionador-pantene-max-pro-v-hidratacion-x-200-ml/p
Farmacity,921,120982,Crema Para Peinar Pantene Rizos Definidos x 300 ml,Pantene,5229.0,5229.0,False,300.0,17.43,> Cuidado Capilar > Modelado Y Peinado >,shampoo,estandar,rizado,https://www.farmacity.com/crema-para-peinar-activadora-pro-v-rizos-definidos-x-300-ml/p
Farmacity,236814,236814,Shampoo Sedal Prebióticos+Biotina x 340 ml,Sedal,5837.0,5837.0,True,340.0,17.1676,> Cuidado Capilar > Shampoo Y Acondicionador >,shampoo,estandar,general,https://www.farmacity.com/shampoo-sedal-prebioticos-biotina-x-340-ml/p
Farmacity,243569,243569,Crema para Peinar Sedal Luminous UV x 300 ml,Sedal,5684.0,5684.0,True,300.0,18.9467,> Cuidado Capilar > Modelado Y Peinado >,shampoo,estandar,general,https://www.farmacity.com/crema-para-peinar-sedal-luminous-uv-x-300-ml/p
Farmacity,239705,239705,Crema de Peinar Sedal Liso Perfecto x 300 ml,Sedal,5684.0,5684.0,True,300.0,18.9467,> Cuidado Capilar > Modelado Y Peinado >,shampoo,estandar,general,https://www.farmacity.com/crema-de-peinar-sedal-liso-perfecto-x-300-ml/p
Farmacity,236813,236813,Shampoo Sedal Prebióticos+Biotina x 190 ml,Sedal,1739.0,3478.0,True,190.0,9.1526,> Cuidado Capilar > Shampoo Y Acondicionador >,shampoo,estandar,general,https://www.farmacity.com/shampoo-sedal-prebioticos-biotina-x-190-ml/p
Farmacity,215467,215467,Shampoo Head & Shoulders Aceite de Coco x 180 ml,Head and Shoulders,4701.0,7233.0,True,180.0,26.1167,> Cuidado Capilar > Shampoo Y Acondicionador >,shampoo,estandar,general,https://www.farmacity.com/shampoo-head-shouders-hidratacion-con-aceite-de-coco-x-180-ml/p
Farmacity,219597,219597,Shampoo Head & Shoulders Manzana Fresh x 180 ml,Head and Shoulders,4701.0,7233.0,True,180.0,26.1167,> Cuidado Capilar > Shampoo Y Acondicionador >,shampoo,estandar,general,https://www.farmacity.com/shampoo-head-shoulders-manzana-fresh-x-180-ml/p
Farmacity,221688,221688,Shampoo Head & Shoulders Crece Fuerte desde la Raíz x 180 ml,Head and Shoulders,4701.0,7233.0,True,180.0,26.1167,> Cuidado Capilar > Shampoo Y Acondicionador >,shampoo,estandar,general,https://www.farmacity.com/shampoo-head-y-shoulders-crece-fuerte-desde-la-raiz-x-180-ml/p
Farmacity,214532,214532,Acondicionador Head & Shoulders Moisture x 300 ml,Head and Shoulders,8688.0,8688.0,False,300.0,28.96,> Cuidado Capilar > Shampoo Y Acondicionador >,acondicionador,estandar,general,https://www.farmacity.com/acondicionador-head-and-shoulders-moisture-x-300-ml/p
Farmacity,224949,224949,Acondicionador Head & Shoulders Dermo-Sensitive x 300 ml,Head and Shoulders,7757.0,7757.0,False,300.0,25.8567,> Cuidado Capilar > Shampoo Y Acondicionador >,acondicionador,estandar,general,https://www.farmacity.com/acondicionador-head-y-shoulders-dermo-sensitive-x-300-ml/p
Farmacity,239710,239710,Crema para Peinar Fructis Hair Food Manteca de Cacao x 250 ml,Fructis,8990.0,8990.0,True,250.0,35.96,> Cuidado Capilar > Modelado Y Peinado >,shampoo,estandar,general,https://www.farmacity.com/crema-para-peinar-garnier-fructis-hair-food-manteca-de-cacao-x-250-ml/p
Farmacity,243910,243910,Crema para Peinar Fructis Probióticos Fuerza x 250 ml,Fructis,7490.0,7490.0,True,250.0,29.96,> Cuidado Capilar > Modelado Y Peinado >,shampoo,profesional,general,https://www.farmacity.com/crema-para-peinar-fructis-probioticos-fuerza-x-250-ml/p
Farmacity,231817,231817,Crema para Peinar Fructis Aloe Hidra Bomb x 250 ml,Fructis,3745.0,7490.0,True,250.0,14.98,> Cuidado Capilar > Modelado Y Peinado >,shampoo,estandar,general,https://www.farmacity.com/crema-para-peinar-garnier-aloe-hidra-liso-bond-x-250-ml/p
Farmacity,217205,217205,Shampoo Garnier Fructis Hair Food Aloe x 300 ml,Fructis,7273.0,11190.0,True,300.0,24.2433,> Cuidado Capilar > Shampoo Y Acondicionador >,shampoo,estandar,general,https://www.farmacity.com/shampoo-fructis-hair-food-aloe-vera-x-300-ml/p
Farmacity,209539,209539,Acondicionador Garnier Fructis Aloe Hidra Bomb x 200 ml,Fructis,2745.0,5490.0,True,200.0,13.725,> Cuidado Capilar > Shampoo Y Acondicionador >,acondicionador,estandar,general,https://www.farmacity.com/acondicionador-fructis-aloe-hidra-bomb-x-200-ml/p
Farmacity,231815,231815,Crema para Peinar Fructis Recarga Nutritiva x 250 ml,Fructis,7490.0,7490.0,True,250.0,29.96,> Cuidado Capilar > Modelado Y Peinado >,shampoo,estandar,general,https://www.farmacity.com/crema-para-peinar-fructis-recarga-nutritiva-x-250-ml/p
Farmacity,221257,221257,Crema para Peinar Fructis Goodbye Daños x 250 ml,Fructis,7490.0,7490.0,True,250.0,29.96,> Cuidado Capilar > Modelado Y Peinado >,shampoo,estandar,general,https://www.farmacity.com/crema-de-peinar-fructis-good-bye-dano-x-300-ml/p
Farmacity,217210,217210,Acondicionador Garnier Fructis Hair Food Palta x 300 ml,Fructis,7273.0,11190.0,True,300.0,24.2433,> Cuidado Capilar > Shampoo Y Acondicionador >,acondicionador,estandar,general,https://www.farmacity.com/acondicionador-fructis-hair-food-aguacate-x-300-ml/p
Farmacity,206404,206404,Mascarilla Fructis Hair Food Palta x 350 ml,Fructis,13990.0,13990.0,True,350.0,39.9714,> Cuidado Capilar > Reparación Y Tratamiento >,tratamiento,estandar,general,https://www.farmacity.com/mascara-capilar-fructis-nutricion-hairfood-aguacate-x-350-ml/p
Farmacity,206401,206401,Mascarilla Fructis Hair Food Coco x 350ml,Fructis,13990.0,13990.0,True,350.0,39.9714,> Cuidado Capilar > Reparación Y Tratamiento >,tratamiento,estandar,general,https://www.farmacity.com/mascara-capilar-fructis-nutricion-hairfood-coco-x-350-ml/p
Farmacity,246328,246328,Kit Fructis Hair Food Alimenta tu Pelo x 5 Mascarillas,Fructis,45467.0,69950.0,True,,,> Cuidado Capilar > Reparación Y Tratamiento >,tratamiento,estandar,general,https://www.farmacity.com/246328_kit-fructis-hair-food-5-mascarillas/p
Farmacity,239708,239708,Mascarilla Fructis Hair Food Cacao x 350 ml,Fructis,13990.0,13990.0,True,350.0,39.9714,> Cuidado Capilar > Reparación Y Tratamiento >,tratamiento,estandar,general,https://www.farmacity.com/tratamiento-garnier-fructis-hair-food-mascara-de-restauracion-manteca-de-cacao-x-350-ml/p
Farmacity,215036,215036,Mascarilla Fructis Hair Food Aloe x 350ml,Fructis,13990.0,13990.0,True,350.0,39.9714,> Cuidado Capilar > Reparación Y Tratamiento >,tratamiento,estandar,general,https://www.farmacity.com/mascara-capilar-garnier-fructis-hair-food-aloe-x-350-ml/p
Farmacity,250123,250123,Acondicionador Fructis Good Bye Daños Oil Control x 200 ml,Fructis,5490.0,5490.0,True,200.0,27.45,> Cuidado Capilar > Shampoo Y Acondicionador >,acondicionador,estandar,general,https://www.farmacity.com/acondicionador-fructis-good-bye-danos-oil-control-x-200-ml/p
Farmacity,249638,249638,Combo Garnier Fructis Mascarillas Hair Food Cacao + Palta + Ananá,Fructis,29379.0,41970.0,True,,,> Cuidado Capilar > Reparación Y Tratamiento >,tratamiento,estandar,general,https://www.farmacity.com/combo-garnier-fructis-mascarillas-hair-food-cacao-palta-anana/p
Farmacity,206403,206403,Mascarilla Fructis Hair Food Banana x 350ml,Fructis,4945.0,9890.0,True,350.0,14.1286,> Cuidado Capilar > Reparación Y Tratamiento >,tratamiento,estandar,general,https://www.farmacity.com/mascara-capilar-fructis-nutricion-hairfood-banana-x-350-ml/p
Farmacity,230631,230631,Protector Térmico Tresemmé Spray x 120 ml,Tresemmé,7880.0,9850.0,True,120.0,65.6667,> Cuidado Capilar > Reparación Y Tratamiento >,shampoo,estandar,general,https://www.farmacity.com/protector-termico-tresemme-spray-x-120-ml/p
Farmacity,246593,246593,Combo Tresemmé Óleo + Protector Térmico,Tresemmé,13133.0,21888.0,True,,,> Cuidado Capilar > Reparación Y Tratamiento >,shampoo,estandar,general,https://www.farmacity.com/combo-tresemme-oleo-protector-termico/p
Farmacity,244704,244704,"Combo Tresemmé Keratina AntiFrizz: Limpia, Nutre y Repara",Tresemmé,18059.0,30099.0,True,,,> Cuidado Capilar > Shampoo Y Acondicionador >,shampoo,estandar,tratado,https://www.farmacity.com/combo-tresemme-keratina-antifrizz-limpia-nutre-y-repara/p
Farmacity,240155,240155,Crema para Peinar Tresemme Antifrizz x 300 ml,Tresemmé,7568.0,7568.0,True,300.0,25.2267,> Cuidado Capilar > Modelado Y Peinado >,shampoo,estandar,general,https://www.farmacity.com/crema-para-peinar-tresemme-antifrizz-x-300-ml/p
Farmacity,237325,237325,Óleo Tresemmé Finisher Textura Liviana x 60 ml,Tresemmé,6621.0,12039.0,True,60.0,110.35,> Cuidado Capilar > Reparación Y Tratamiento >,shampoo,estandar,general,https://www.farmacity.com/oleo-tresemme-finisher-textura-liviana-x-60-ml/p
Farmacity,230632,230632,Mousse Tresemmé Ondas y Rizos x 200 ml,Tresemmé,12516.0,12516.0,True,200.0,62.58,> Cuidado Capilar > Modelado Y Peinado >,shampoo,estandar,rizado,https://www.farmacity.com/mousse-tresemme-ondas-y-rizos-x-200-ml/p
Farmacity,244703,244703,Combo Completo Tresemmé Keratina Blind Antifrizz,Tresemmé,26882.0,44803.0,True,,,> Cuidado Capilar > Shampoo Y Acondicionador >,shampoo,estandar,tratado,https://www.farmacity.com/combo-completo-tresemme-keratina-blind-antifrizz/p
Farmacity,237322,237322,Acondicionador Tresemmé Brillo Lamelar P x 500 ml,Tresemmé,6574.0,10114.0,True,500.0,13.148,> Cuidado Capilar > Shampoo Y Acondicionador >,acondicionador,estandar,general,https://www.farmacity.com/acondicionador-tresemme-brillo-lamelar-p-x-500-ml/p
Farmacity,246592,246592,Kit Capilar Tresemmé Mousse + Óleo + Protector Térmico,Tresemmé,20642.0,34404.0,True,,,> Cuidado Capilar > Reparación Y Tratamiento >,tratamiento,estandar,general,https://www.farmacity.com/kit-capilar-tresemme-mousse-oleo-protector-termico/p
Farmacity,240156,240156,Gel Tresemme Texturizador Define x 300 g,Tresemmé,7568.0,7568.0,True,300.0,25.2267,> Cuidado Capilar > Modelado Y Peinado >,shampoo,estandar,rizado,https://www.farmacity.com/gel-tresemme-texturizador-define-x-300-g/p
Farmacity,237324,237324,Sérum TRESemmé Brillo Lamelar x 170 ml,Tresemmé,12019.0,12019.0,True,170.0,70.7,> Cuidado Capilar > Reparación Y Tratamiento >,shampoo,estandar,general,https://www.farmacity.com/serum-tresemme-brillo-lamelar-x-170-ml/p
Farmacity,230603,230603,Shampoo Dosificador Tresemmé Matizador Ultravioleta x 500 ml,Tresemmé,6574.0,10114.0,True,500.0,13.148,> Cuidado Capilar > Shampoo Y Acondicionador >,shampoo,estandar,general,https://www.farmacity.com/shampoo-dosificador-tresemme-matrizador-ultravioleta-x-500-ml/p
Farmacity,244705,244705,"Combo Tresemmé Keratina AntiFrizz: Limpieza, Suavidad y Protección",Tresemmé,20960.0,34933.0,True,,,> Cuidado Capilar > Shampoo Y Acondicionador >,shampoo,estandar,tratado,https://www.farmacity.com/combo-tresemme-keratina-antifrizz-limpieza-suavidad-y-proteccion/p
Farmacity,230633,230633,Spray Tresemmé Ultra-Fine Hold x 367 ml,Tresemmé,12805.0,12805.0,True,367.0,34.891,> Cuidado Capilar > Modelado Y Peinado >,shampoo,estandar,general,https://www.farmacity.com/spray-tresemme-ultra-fine-hold-x-367-ml/p
Farmacity,248675,248675,Combo Tresemme Oleo + Crema Tratamiento,Tresemmé,13145.0,21909.0,True,,,> Cuidado Capilar > Reparación Y Tratamiento >,tratamiento,estandar,general,https://www.farmacity.com/combo-tresemme-oleo-crema-tratamiento/p
Farmacity,237323,237323,Acondicionador TRESemmé Brillo Lamelar x 250 ml,Tresemmé,6091.0,6091.0,True,250.0,24.364,> Cuidado Capilar > Shampoo Y Acondicionador >,acondicionador,estandar,general,https://www.farmacity.com/acondicionador-tresemme-brillo-lamelar-x-250-ml/p
Farmacity,230634,230634,Crema de Peinar Tresemmé Antifrizz x 200 ml,Tresemmé,3403.0,3403.0,False,200.0,17.015,> Cuidado Capilar > Modelado Y Peinado >,shampoo,estandar,general,https://www.farmacity.com/crema-de-peinar-tresemme-antifrizz-x-200-ml/p
Farmacity,249576,249576,Crema para Peinar Herbal Essences Rosa Mosqueta x 150 ml,Herbal Essences,4512.0,6941.0,True,150.0,30.08,> Cuidado Capilar > Modelado Y Peinado >,shampoo,estandar,general,https://www.farmacity.com/crema-para-peinar-herbal-essences-rosa-mosqueta-x-150-ml/p
Farmacity,246646,246646,Crema para Peinar Herbal Essences Rosa Mosqueta x 300 ml,Herbal Essences,7315.0,11254.0,True,300.0,24.3833,> Cuidado Capilar > Modelado Y Peinado >,shampoo,estandar,general,https://www.farmacity.com/crema-para-peinar-herbal-essences-rosa-mosqueta-x-300-ml/p
Farmacity,246645,246645,Mascarilla Capilar Herbal Essences Rosa Mosqueta x 300 ml,Herbal Essences,10631.0,16356.0,False,300.0,35.4367,> Cuidado Capilar > Reparación Y Tratamiento >,tratamiento,estandar,general,https://www.farmacity.com/mascarilla-capilar-herbal-essences-rosa-mosqueta-x-300-ml/p
Farmacity,214590,214590,Crema para Peinar Herbal Essence Coconut Milk x 300 ml,Herbal Essences,18043.0,18043.0,False,300.0,60.1433,> Cuidado Capilar > Modelado Y Peinado >,shampoo,estandar,general,https://www.farmacity.com/crema-para-peinar-herbal-essences-renew-coconut-milk-x-300-ml/p
Farmacity,214589,214589,Crema para Peinar Herbal Essences Argan Oil x 300 ml,Herbal Essences,19773.0,19773.0,False,300.0,65.91,> Cuidado Capilar > Modelado Y Peinado >,shampoo,estandar,general,https://www.farmacity.com/crema-para-peinar-herbal-essences-renew-argan-oil-morocco-x-300-ml/p
Farmacity,234381,234381,Acondicionador Elvive Hialurónico Pure x 400 ml,Elvive,6714.0,11190.0,True,400.0,16.785,> Cuidado Capilar > Shampoo Y Acondicionador >,acondicionador,profesional,general,https://www.farmacity.com/acondicionador-elvive-hialuronico-pure-x-400-ml/p
Farmacity,232262,232262,Mascarilla Elvive Oleo Extraordinario Nutrición Universal x 300 g,Elvive,11190.0,11190.0,True,300.0,37.3,> Cuidado Capilar > Reparación Y Tratamiento >,tratamiento,profesional,general,https://www.farmacity.com/mascarilla-elvive-oleo-extraordinario-nutricion-universal-x-300-g/p
Farmacity,6071,147256,Acondicionador Elvive Óleo Extraordinario x 400 ml,Elvive,6714.0,11190.0,True,400.0,16.785,> Cuidado Capilar > Shampoo Y Acondicionador >,acondicionador,profesional,general,https://www.farmacity.com/acondicionador-oleo-extraordinario-nutricion-universal-x-400-ml/p
Farmacity,240019,240019,Sérum Elvive Glycolic Gloss x 100 ml,Elvive,19990.0,19990.0,True,100.0,199.9,> Cuidado Capilar > Reparación Y Tratamiento >,shampoo,profesional,general,https://www.farmacity.com/serum-elvive-glyco-gloss-x-100-ml/p
Farmacity,240017,240017,Mascarilla Elvive Glycolic Gloss x 300 g,Elvive,12190.0,12190.0,True,300.0,40.6333,> Cuidado Capilar > Reparación Y Tratamiento >,tratamiento,profesional,general,https://www.farmacity.com/mascarilla-elvive-glycolic-gloss-x-300-g/p
Farmacity,221678,221678,Shampoo Elvive Hidra Hialuronico x 200 ml,Elvive,4194.0,6990.0,True,200.0,20.97,> Cuidado Capilar > Shampoo Y Acondicionador >,shampoo,profesional,general,https://www.farmacity.com/shampoo-elvive-hidra-hialuronico-x-200-ml/p
Farmacity,5317,143506,Shampoo Elvive Reparación Total Extreme x 400 ml,Elvive,6714.0,11190.0,True,400.0,16.785,> Cuidado Capilar > Shampoo Y Acondicionador >,shampoo,profesional,general,https://www.farmacity.com/shampoo-reparacion-total-extreme-x-400-ml/p
Farmacity,4772,140576,Mascarilla Elvive RT 5 Keratin x 300 g,Elvive,11190.0,11190.0,True,300.0,37.3,> Cuidado Capilar > Reparación Y Tratamiento >,tratamiento,profesional,general,https://www.farmacity.com/mascarilla-elvive-rt-5-keratin-x-300-g/p
Farmacity,4118,139246,Shampoo Elvive Colorvive x 400 ml,Elvive,6714.0,11190.0,True,400.0,16.785,> Cuidado Capilar > Shampoo Y Acondicionador >,shampoo,profesional,tratado,https://www.farmacity.com/shampoo-color-vive-x-400-ml/p
Farmacity,4224,139237,Acondicionador Elvive Reparación Total 5 x 200 ml,Elvive,6990.0,6990.0,True,200.0,34.95,> Cuidado Capilar > Shampoo Y Acondicionador >,acondicionador,profesional,general,https://www.farmacity.com/acondicionador-reparacion-total-5-x-200-ml-139237/p
Farmacity,234385,234385,Shampoo Elvive Hialurónico Pure x 750 ml,Elvive,17990.0,17990.0,True,750.0,23.9867,> Cuidado Capilar > Shampoo Y Acondicionador >,shampoo,profesional,general,https://www.farmacity.com/shampoo-elvive-hialuronico-pure-x-750-ml/p
Farmacity,234380,234380,Acondicionador Elvive Hialurónico Pure x 200 ml,Elvive,4194.0,6990.0,True,200.0,20.97,> Cuidado Capilar > Shampoo Y Acondicionador >,acondicionador,profesional,general,https://www.farmacity.com/acondicionador-elvive-hialuronico-pure-x-200-ml/p
Farmacity,249637,249637,Combo Elvive Oleo Extraordinario + Sérum Glycolic Gloss,Elvive,19990.0,39980.0,True,,,> Cuidado Capilar > Reparación Y Tratamiento >,shampoo,profesional,general,https://www.farmacity.com/combo-elvive-oleo-extraordinario-serum-glycolic-gloss/p
Farmacity,249636,249636,Combo Elvive Oleo Extraordinario + Sérum Dream Liso,Elvive,23988.0,39980.0,True,,,> Cuidado Capilar > Reparación Y Tratamiento >,shampoo,profesional,general,https://www.farmacity.com/combo-elvive-oleo-extraordinario-serum-dream-liso/p
Farmacity,221684,221684,Crema para Peinar Elvive Hidra Hialuronico x 250 ml,Elvive,8990.0,8990.0,True,250.0,35.96,> Cuidado Capilar > Modelado Y Peinado >,shampoo,profesional,general,https://www.farmacity.com/crema-para-peinar-elvive-hidra-hialuronico-x-250-ml/p
Farmacity,6098,147254,Shampoo Oleo Extraordinario Elvive Nutrición Universal x 750 ml,Elvive,17990.0,17990.0,True,750.0,23.9867,> Cuidado Capilar > Shampoo Y Acondicionador >,shampoo,profesional,general,https://www.farmacity.com/shampoo-oleo-extraordinario-nutricion-universal-x-750-ml/p
Farmacity,6070,147257,Acondicionador Elvive Oleo Extraordinario x 750 ml,Elvive,17990.0,17990.0,True,750.0,23.9867,> Cuidado Capilar > Shampoo Y Acondicionador >,acondicionador,profesional,general,https://www.farmacity.com/acondicionador-oleo-extraordinario-nutricion-universal-x-750-ml/p
Farmacity,4112,139248,Shampoo Elvive Colorvive x 200 ml,Elvive,6990.0,6990.0,True,200.0,34.95,> Cuidado Capilar > Shampoo Y Acondicionador >,shampoo,profesional,tratado,https://www.farmacity.com/shampoo-colorvive-x-200-ml/p
Farmacity,240018,240018,Crema para Peinar Elvive Glycolic Gloss x 250 ml,Elvive,9990.0,9990.0,True,250.0,39.96,> Cuidado Capilar > Modelado Y Peinado >,shampoo,profesional,general,https://www.farmacity.com/crema-para-peinar-elvive-glyco-gloss-x-250-ml/p
Farmacity,5342,143508,Acondicionador Elvive Reparación Total Extreme x 200 ml,Elvive,6990.0,6990.0,True,200.0,34.95,> Cuidado Capilar > Shampoo Y Acondicionador >,acondicionador,profesional,general,https://www.farmacity.com/acondicionador-reparacion-total-extreme-x-200-ml/p
Farmacity,4387,140572,Acondicionador Elvive Reparación Total 5 x 750 ml,Elvive,17990.0,17990.0,True,750.0,23.9867,> Cuidado Capilar > Shampoo Y Acondicionador >,acondicionador,profesional,general,https://www.farmacity.com/acondicionador-reparacion-total-5-x-750-ml-140572/p
Farmacity,4293,140574,Shampoo Elvive Reparación Total 5 Keratin x 750 ml,Elvive,17990.0,17990.0,True,750.0,23.9867,> Cuidado Capilar > Shampoo Y Acondicionador >,shampoo,profesional,general,https://www.farmacity.com/shampoo-reparacion-total-5-x-750-ml-140574/p
Farmacity,4163,139479,Acondicionador Elvive Colorvive x 200 ml,Elvive,6990.0,6990.0,True,200.0,34.95,> Cuidado Capilar > Shampoo Y Acondicionador >,acondicionador,profesional,tratado,https://www.farmacity.com/acondicionador-colorvive-x-200-ml/p
Farmacity,970,122408,Crema para Peinar Elvive Reparación Total 5 Keratin x 250 ml,Elvive,8990.0,8990.0,True,250.0,35.96,> Cuidado Capilar > Modelado Y Peinado >,shampoo,profesional,general,https://www.farmacity.com/crema-de-tratamiento-reparacion-total-5-x-300-ml/p
Farmacity,147259,147259,Shampoo Elvive Oleo Extraordinario Coco x 400 ml,Elvive,5595.0,11190.0,True,400.0,13.9875,> Cuidado Capilar > Shampoo Y Acondicionador >,shampoo,profesional,general,https://www.farmacity.com/shampoo-elvive-oleo-coco-x-400-ml/p
Farmacity,250355,250355,Crema para Peinar Elvive Collagen Lifter x 250 ml,Elvive,9990.0,9990.0,True,250.0,39.96,> Cuidado Capilar > Modelado Y Peinado >,shampoo,profesional,general,https://www.farmacity.com/crema-para-peinar-elvive-colageno-lifter-x-250-ml/p
Farmacity,239625,239625,Kit Excellence Color Creme Tono 6 Rubio Oscuro + Elvive Oleo Extraordinario x 100 ml,Elvive,42980.0,42980.0,True,100.0,429.8,> Cuidado Capilar > Coloración Y Oxidantes >,tratamiento,profesional,tratado,https://www.farmacity.com/kit-excellence-color-creme-tono-6-rubio-oscuro-elvive-oleo-extraordinario/p
Farmacity,147268,147268,Acondicionador Elvive Oleo Extraordinario Coco x 200 ml,Elvive,3495.0,6990.0,True,200.0,17.475,> Cuidado Capilar > Shampoo Y Acondicionador >,acondicionador,profesional,general,https://www.farmacity.com/acondicionador-elvive-oleo-coco-x-200-ml/p
Farmacity,215039,215039,Acondicionador Elvive Dream Long Liss x 200 ml,Elvive,4869.0,4869.0,False,200.0,24.345,> Cuidado Capilar > Shampoo Y Acondicionador >,acondicionador,profesional,general,https://www.farmacity.com/acondicionador-elvive-dream-long-liss-x-200-ml/p
Farmacity,208138,208138,Crema para Peinar Elvive Dream Long x 250 ml,Elvive,8990.0,8990.0,False,250.0,35.96,> Cuidado Capilar > Modelado Y Peinado >,shampoo,profesional,general,https://www.farmacity.com/crema-para-peinar-dream-long-elvive-loreal-paris-x-250-ml/p
Farmacity,4170,139197,Crema Tratamiento Elvive Kera-Liso Protección x 300 g,Elvive,4995.0,9990.0,False,300.0,16.65,> Cuidado Capilar > Reparación Y Tratamiento >,tratamiento,profesional,general,https://www.farmacity.com/mascarilla-elvive-kera-liso-mq-brillo-sedosidad-x-300-gr/p
