fuente,producto_id,sku_id,nombre,marca,precio_ars,precio_lista,disponible,volumen_ml,precio_por_ml,categoria_raw,tipo_producto,linea_tipo,tipo_cabello,url
Jumbo,405294,402229,Shampoo Fructis Hydraliss 200ml,FRUCTIS,5900.0,487603.0,True,200.0,29.5,> Perfumería > Cuidado Capilar > Shampoo >,shampoo,estandar,general,https://www.jumbo.com.ar/shampoo-fructis-hydraliss-200ml/p
Jumbo,3087475,3086698,Shampoo Pantene Restauracion 700ml,PANTENE,17250.0,1425620.0,True,700.0,24.6429,> Perfumería > Cuidado Capilar > Shampoo >,shampoo,estandar,general,https://www.jumbo.com.ar/shampoo-pantene-restauracion-700ml/p
Jumbo,400585,397923,Shampoo Elvive Colorvive 400ml,ELVIVE,11123.0,919256.0,True,400.0,27.8075,> Perfumería > Cuidado Capilar > Shampoo >,shampoo,profesional,tratado,https://www.jumbo.com.ar/shampoo-elvive-colorvive-400ml/p
Jumbo,3087378,3086599,Shampoo Dove Regeneracionretinol 650ml,DOVE,16700.0,1380165.0,True,650.0,25.6923,> Perfumería > Cuidado Capilar > Shampoo >,shampoo,estandar,general,https://www.jumbo.com.ar/shampoo-dove-regeneracionretinol-650ml/p
Jumbo,405288,402223,Shampoo Fructis Hydraliss 350ml,FRUCTIS,8600.0,710744.0,True,350.0,24.5714,> Perfumería > Cuidado Capilar > Shampoo >,shampoo,estandar,general,https://www.jumbo.com.ar/shampoo-fructis-hydraliss-350ml/p
Jumbo,3087465,3086687,Shampoo Dove Reconstaminoacido 650ml,DOVE,16700.0,1380165.0,True,650.0,25.6923,> Perfumería > Cuidado Capilar > Shampoo >,shampoo,estandar,general,https://www.jumbo.com.ar/shampoo-dove-reconstaminoacido-650ml/p
Jumbo,411249,407089,Shampoo Dove Hidratacion X400ml,DOVE,9150.0,756198.0,True,400.0,22.875,> Perfumería > Cuidado Capilar > Shampoo >,shampoo,estandar,seco_danado,https://www.jumbo.com.ar/shampoo-dove-hidratacion-x400ml/p
Jumbo,412482,408091,Shampoo Fructis Liso Coco 200ml,FRUCTIS,5900.0,487603.0,True,200.0,29.5,> Perfumería > Cuidado Capilar > Shampoo >,shampoo,estandar,general,https://www.jumbo.com.ar/shampoo-fructis-liso-coco-200ml-3/p
Jumbo,404462,401464,Shampoo Nutritivo 420 Ml Capilatis,CAPILATIS,9650.0,797521.0,True,420.0,22.9762,> Perfumería > Cuidado Capilar > Shampoo >,shampoo,estandar,general,https://www.jumbo.com.ar/shampoo-nutritivo-420-ml-capilatis/p
Jumbo,251369,250670,Shampoo Herbal Essences Rosemary 400ml,HERBAL ESSENCES,16900.0,1396694.0,True,400.0,42.25,> Perfumería > Cuidado Capilar > Shampoo >,shampoo,estandar,general,https://www.jumbo.com.ar/shampoo-herbal-essences-rosemary-400ml/p
Jumbo,412488,408096,Shampoo Fructis Regarga Nutritiva 350ml,FRUCTIS,8600.0,710744.0,True,350.0,24.5714,> Perfumería > Cuidado Capilar > Shampoo >,shampoo,estandar,general,https://www.jumbo.com.ar/shampoo-fructis-regarga-nutritiva-350ml/p
Jumbo,3087383,3086604,Shampoo Dove Nutritri Oleos 650ml,DOVE,16700.0,1380165.0,True,650.0,25.6923,> Perfumería > Cuidado Capilar > Shampoo >,shampoo,estandar,general,https://www.jumbo.com.ar/shampoo-dove-nutritri-oleos-650ml/p
Jumbo,251381,250684,Shampoo Herbal Essences Argan 400ml,HERBAL ESSENCES,16550.0,1367769.0,True,400.0,41.375,> Perfumería > Cuidado Capilar > Shampoo >,shampoo,estandar,general,https://www.jumbo.com.ar/shampoo-herbal-essences-argan-400ml/p
Jumbo,411252,407092,Shampoo Sedal Preboticos 340 Ml,DOVE,5600.0,462810.0,True,340.0,16.4706,> Perfumería > Cuidado Capilar > Shampoo >,shampoo,estandar,general,https://www.jumbo.com.ar/shampoo-sedal-preboticos-340-ml/p
Jumbo,249732,246723,Shampoo Capilatis Limpieza Prof 420ml,CAPILATIS,9650.0,797521.0,True,420.0,22.9762,> Perfumería > Cuidado Capilar > Shampoo >,shampoo,estandar,general,https://www.jumbo.com.ar/shampoo-capilatis-limpieza-prof-420ml/p
Jumbo,3079021,3078345,Shampoo Herbal Essences Manzanilla 400ml,HERBAL ESSENCES,16550.0,1367769.0,True,400.0,41.375,> Perfumería > Cuidado Capilar > Shampoo >,shampoo,estandar,general,https://www.jumbo.com.ar/shampoo-herbal-essences-manzanilla-400ml/p
Jumbo,389289,387395,Shampoo Ceramidas 190 Ml Sedal,SEDAL,3900.0,322314.0,True,190.0,20.5263,> Perfumería > Cuidado Capilar > Shampoo >,shampoo,estandar,general,https://www.jumbo.com.ar/shampoo-ceramidas-190-ml-sedal/p
Jumbo,251368,250669,Shampoo Herbal Essences Coconut 400ml,HERBAL ESSENCES,16550.0,1367769.0,True,400.0,41.375,> Perfumería > Cuidado Capilar > Shampoo >,shampoo,estandar,general,https://www.jumbo.com.ar/shampoo-herbal-essences-coconut-400ml/p
Jumbo,3087384,3086605,Shampoo Dove Humectcoco Antioxi 650ml,DOVE,16700.0,1380165.0,True,650.0,25.6923,> Perfumería > Cuidado Capilar > Shampoo >,shampoo,estandar,general,https://www.jumbo.com.ar/shampoo-dove-humectcoco-antioxi-650ml/p
Jumbo,396886,394642,Shampoo Dove Reconstrucción Completa 400 Ml,DOVE,9150.0,756198.0,True,400.0,22.875,> Perfumería > Cuidado Capilar > Shampoo >,shampoo,estandar,general,https://www.jumbo.com.ar/shampoo-dove-reconstruccion-completa-400-ml-4/p
Jumbo,394212,392218,Shampoo Dove óleo Nutrición 400 Ml,DOVE,9150.0,756198.0,True,400.0,22.875,> Perfumería > Cuidado Capilar > Shampoo >,shampoo,estandar,general,https://www.jumbo.com.ar/shampoo-dove-oleo-nutricion-400-ml-3/p
Jumbo,393556,391584,Shampoo Dove Regeneración Extrema 400 Ml,DOVE,9150.0,756198.0,True,400.0,22.875,> Perfumería > Cuidado Capilar > Shampoo >,shampoo,estandar,general,https://www.jumbo.com.ar/shampoo-dove-regeneracion-extrema-400-ml-3/p
Jumbo,3078387,3077731,Shampoo Dove Bond Uv Repair 400ml,DOVE,9695.0,801240.0,True,400.0,24.2375,> Perfumería > Cuidado Capilar > Shampoo >,shampoo,profesional,general,https://www.jumbo.com.ar/shampoo-dove-bond-uv-repair-400ml/p
Jumbo,3070279,3069872,Shampoo Keratina Antifrizz 500 Ml Tresemmé,TRESEMMÉ,10400.0,859504.0,True,500.0,20.8,> Perfumería > Cuidado Capilar > Shampoo >,shampoo,estandar,tratado,https://www.jumbo.com.ar/shampoo-keratina-antifrizz-x-500-ml-tresemme/p
Jumbo,3067580,3067444,Shampoo Luminous UV 340 Ml Sedal,SEDAL,5440.0,449587.0,True,340.0,16.0,> Perfumería > Cuidado Capilar > Shampoo >,shampoo,estandar,general,https://www.jumbo.com.ar/shampoo-luminous-uv-x-340-ml-sedal-2/p
Jumbo,384331,383820,Shampoo Largo Saludable 970 Ml Plusbelle,PLUSBELLE,6350.0,524793.0,True,970.0,6.5464,> Perfumería > Cuidado Capilar > Shampoo >,shampoo,estandar,general,https://www.jumbo.com.ar/shampoo-esencia-largo-salud-970-ml-plusbelle/p
Jumbo,3073294,3072798,Shampoo Reparación Intensiva 350 Ml Bagovit,BAGOVIT,9800.0,809917.0,True,350.0,28.0,> Perfumería > Cuidado Capilar > Shampoo >,shampoo,estandar,general,https://www.jumbo.com.ar/shampoo-reparacion-intensiva-x-350-ml-bagovit/p
Jumbo,389292,387398,Shampoo Restauración Instantánea 650 Ml Sedal,SEDAL,9400.0,776860.0,True,650.0,14.4615,> Perfumería > Cuidado Capilar > Shampoo >,shampoo,estandar,general,https://www.jumbo.com.ar/shampoo-restauracion-instantanea-650-ml-sedal/p
Jumbo,119620,118648,Shampoo Bebé Original 750 Ml Johnson's,JOHNSON BABY,20700.0,1710744.0,True,750.0,27.6,> Mundo Bebe > Higiene para el Bebe > Higiene del Bebé >,shampoo,estandar,bebe,https://www.jumbo.com.ar/toallas-femeninas-con-alas-siempre-libre-especial-x-16-un/p
Jumbo,31766,28925,Shampoo para Auto 600 Cc Silisur,SILISUR,7399.0,611488.0,True,,,> Hogar y textil > Automotor > Limpieza >,shampoo,estandar,general,https://www.jumbo.com.ar/shampoo-lava-coche-silisur-vainilla-pride-x-600cc/p
Jumbo,415146,410806,Shampoo Rizos Definidos 190 Ml Sedal,SEDAL,3900.0,322314.0,True,190.0,20.5263,> Perfumería > Cuidado Capilar > Shampoo >,shampoo,estandar,rizado,https://www.jumbo.com.ar/shampoo-rizos-definidos-190-ml-sedal/p
Jumbo,389302,387408,Shampoo Crema Balance 190 Ml Sedal,SEDAL,3900.0,322314.0,True,190.0,20.5263,> Perfumería > Cuidado Capilar > Shampoo >,shampoo,estandar,general,https://www.jumbo.com.ar/shampoo-crema-balance-190-ml-sedal/p
Jumbo,400516,397854,Shampoo Hidra Hialurónico 750 Ml Elvive,ELVIVE,19400.0,1603306.0,True,750.0,25.8667,> Perfumería > Cuidado Capilar > Shampoo >,shampoo,profesional,general,https://www.jumbo.com.ar/shampoo-elvive-hidra-hialuronico-750-ml/p
Jumbo,397624,395357,Shampoo Hialurónico Pure 200 Ml Elvive,ELVIVE,7550.0,623967.0,True,200.0,37.75,> Perfumería > Cuidado Capilar > Shampoo >,shampoo,profesional,general,https://www.jumbo.com.ar/shampoo-elvive-hialuronico-pure-200ml/p
Jumbo,396882,394638,Shampoo Crema Balance 340 Ml Sedal,SEDAL,5448.0,450248.0,True,340.0,16.0235,> Perfumería > Cuidado Capilar > Shampoo >,shampoo,estandar,general,https://www.jumbo.com.ar/shampoo-crema-balance-340-ml-sedal/p
Jumbo,389290,387396,Shampoo Sedal Ceramidas Botella 340 Ml,SEDAL,5448.0,450248.0,True,340.0,16.0235,> Perfumería > Cuidado Capilar > Shampoo >,shampoo,estandar,general,https://www.jumbo.com.ar/shampoo-sedal-ceramidas-botella-340-ml-2/p
Jumbo,3070283,3069876,Shampoo Ondas Boho 500 Ml Tresemmé,TRESEMMÉ,10400.0,859504.0,True,500.0,20.8,> Perfumería > Cuidado Capilar > Shampoo >,shampoo,estandar,general,https://www.jumbo.com.ar/shampoo-ondas-boho-x-500-ml-tresemme/p
Jumbo,3067578,3067442,Shampoo Luminous UV 650 Ml Sedal,SEDAL,9000.0,743802.0,True,650.0,13.8462,> Perfumería > Cuidado Capilar > Shampoo >,shampoo,estandar,general,https://www.jumbo.com.ar/shampoo-luminous-uv-x-650-ml-sedal/p
Jumbo,421911,407093,Shampoo Prebioticos Biotina 650 Ml Sedal,SEDAL,9400.0,776860.0,True,650.0,14.4615,> Perfumería > Cuidado Capilar > Shampoo >,shampoo,estandar,general,https://www.jumbo.com.ar/shampoo-prebioticos-biotina-650-ml-sedal/p
Jumbo,389300,387406,Shampoo Restauración Instantánea 340 Ml Sedal,SEDAL,5800.0,479339.0,True,340.0,17.0588,> Perfumería > Cuidado Capilar > Shampoo >,shampoo,estandar,general,https://www.jumbo.com.ar/shampoo-restauracion-instantanea-340-ml-sedal/p
Jumbo,384328,383817,Shampoo Esencia Restauración 970 Ml Plusbelle,PLUSBELLE,6350.0,524793.0,True,970.0,6.5464,> Perfumería > Cuidado Capilar > Shampoo >,shampoo,estandar,general,https://www.jumbo.com.ar/shampoo-esencia-restauracion-970-ml-plusbelle/p
Jumbo,413347,409228,Shampoo Keratina Antifrizz 250 Ml Tresemmé,TRESEMMÉ,6300.0,520661.0,True,250.0,25.2,> Perfumería > Cuidado Capilar > Shampoo >,shampoo,estandar,tratado,https://www.jumbo.com.ar/shampoo-tresemme-keratina-antifrizz-250-ml/p
Jumbo,397217,394958,Shampoo Fructis Goodbye Daños 200 Ml,FRUCTIS,5900.0,487603.0,True,200.0,29.5,> Perfumería > Cuidado Capilar > Shampoo >,shampoo,estandar,general,https://www.jumbo.com.ar/shampoo-fructis-goodbye-danos-200-ml/p
Jumbo,393563,391591,Shampoo Reconstrucción Completa 200 Cc Dove,DOVE,6000.0,495868.0,True,,,> Perfumería > Cuidado Capilar > Shampoo >,shampoo,estandar,general,https://www.jumbo.com.ar/shampoo-dove-reconstruccion-completa-200cc/p
Jumbo,413348,409229,Shampoo Tresemme Cauterización Reparadora 250 Ml,TRESEMMÉ,6300.0,520661.0,True,250.0,25.2,> Perfumería > Cuidado Capilar > Shampoo >,shampoo,estandar,general,https://www.jumbo.com.ar/shampoo-tresemme-cauterizacion-reparadora-250-ml/p
Jumbo,3070277,3069870,Shampoo Cauterización Reparadora 500 Ml Tresemmé,TRESEMMÉ,10400.0,859504.0,True,500.0,20.8,> Perfumería > Cuidado Capilar > Shampoo >,shampoo,estandar,general,https://www.jumbo.com.ar/shampoo-cauterizacion-reparadora-x-500-ml-tresemme/p
Jumbo,389291,387397,Shampoo Brillo Ceramidas 650 Ml Sedal,SEDAL,9400.0,776860.0,True,650.0,14.4615,> Perfumería > Cuidado Capilar > Shampoo >,shampoo,estandar,general,https://www.jumbo.com.ar/shampoo-sedal-ceramidas-botella-650-ml-2/p
Jumbo,3070170,3069775,Shampoo Liso Infinito 700 Ml Pantene,PANTENE,17600.0,1454545.0,True,700.0,25.1429,> Perfumería > Cuidado Capilar > Shampoo >,shampoo,estandar,general,https://www.jumbo.com.ar/shampoo-provmir-liso-infinito-x-700-ml-pantene/p
Jumbo,415572,411156,Shampoo Liso Infinito 400 Ml Pantene,PANTENE,10750.0,888430.0,True,400.0,26.875,> Perfumería > Cuidado Capilar > Shampoo >,shampoo,estandar,general,https://www.jumbo.com.ar/shampoo-pantene-provmir-liso-infinito-400-ml/p
Jumbo,415143,410803,Shampoo Liso Perfecto 340 Ml Sedal,SEDAL,5800.0,479339.0,True,340.0,17.0588,> Perfumería > Cuidado Capilar > Shampoo >,shampoo,estandar,general,https://www.jumbo.com.ar/shampoo-liso-perfecto-340-ml-sedal/p
Jumbo,413343,409224,Shampoo Tresemme Cauterización Reparadora 880 Ml,TRESEMMÉ,16550.0,1367769.0,True,880.0,18.8068,> Perfumería > Cuidado Capilar > Shampoo >,shampoo,estandar,general,https://www.jumbo.com.ar/shampoo-tresemme-cauterizacion-reparadora-880-ml/p
Jumbo,389301,387407,Shampoo Rizos Definidos 340 Ml Sedal,SEDAL,5800.0,479339.0,True,340.0,17.0588,> Perfumería > Cuidado Capilar > Shampoo >,shampoo,estandar,rizado,https://www.jumbo.com.ar/shampoo-rizos-definidos-340-ml-sedal/p
Jumbo,407570,403759,Shampoo Elvive Reparacion Extreme 200 Ml,ELVIVE,7400.0,611570.0,True,200.0,37.0,> Perfumería > Cuidado Capilar > Shampoo >,shampoo,profesional,general,https://www.jumbo.com.ar/shampoo-elvive-reparacion-extreme-200-ml/p
Jumbo,396887,394643,Shampoo Dove Regeneración Extrema 200 Ml,DOVE,6000.0,495868.0,True,200.0,30.0,> Perfumería > Cuidado Capilar > Shampoo >,shampoo,estandar,general,https://www.jumbo.com.ar/shampoo-dove-regeneracion-extrema-200-ml-2/p
Jumbo,394040,392064,Shampoo Dove Regeneración Extrema 750 Ml,DOVE,16450.0,1359504.0,True,750.0,21.9333,> Perfumería > Cuidado Capilar > Shampoo >,shampoo,estandar,general,https://www.jumbo.com.ar/shampoo-dove-regeneracion-extrema-750-ml-3/p
Jumbo,400553,397891,Shampoo Elvive Kera-liso Mk 400ml,ELVIVE,11123.0,919256.0,True,400.0,27.8075,> Perfumería > Cuidado Capilar > Shampoo >,shampoo,profesional,general,https://www.jumbo.com.ar/shampoo-elvive-kera-liso-mk-400ml/p
Jumbo,389299,387405,Shampoo Restauración Instantánea 190 Ml Sedal,SEDAL,3900.0,322314.0,True,190.0,20.5263,> Perfumería > Cuidado Capilar > Shampoo >,shampoo,estandar,general,https://www.jumbo.com.ar/shampoo-restauracion-instantanea-190-ml-sedal/p
Jumbo,1362367,1361615,Shampoo Dove Bond Intense Repair 400 Ml,DOVE,9695.0,801240.0,True,400.0,24.2375,> Perfumería > Cuidado Capilar > Shampoo >,shampoo,profesional,general,https://www.jumbo.com.ar/shampoo-dove-bond-intense-repair-400-ml-2/p
Jumbo,316330,315564,Shampoo Pantene Pro-v Bambú 400 Ml,PANTENE,10400.0,859504.0,True,400.0,26.0,> Perfumería > Cuidado Capilar > Shampoo >,shampoo,profesional,general,https://www.jumbo.com.ar/shampoo-pantene-pro-v-bambu-400-ml/p
Jumbo,1365009,1363957,Shampoo Anticomezón 375 Ml Head y Shoulders,HEAD & SHOULDERS,12900.0,1066116.0,True,375.0,34.4,> Perfumería > Cuidado Capilar > Shampoo >,shampoo,estandar,general,https://www.jumbo.com.ar/shampoo-anticomezon-375-ml-head-shoulders-2/p
Jumbo,1365006,1363954,Shampoo Anticomezón 650 Ml Head & Shoulders,HEAD & SHOULDERS,19950.0,1648760.0,True,650.0,30.6923,> Perfumería > Cuidado Capilar > Shampoo >,shampoo,estandar,general,https://www.jumbo.com.ar/shampoo-anticomezon-650-ml-head-shoulders-2/p
Jumbo,424110,417111,Shampoo Argan 650 Ml Head & Shoulders,HEAD & SHOULDERS,19400.0,1603306.0,True,650.0,29.8462,> Perfumería > Cuidado Capilar > Shampoo >,shampoo,estandar,general,https://www.jumbo.com.ar/shampoo-argan-650-ml-head-shoulders-2/p
Jumbo,397216,394957,Shampoo Reparador Goodbye Daños 350 Ml Fructis,FRUCTIS,8600.0,710744.0,True,350.0,24.5714,> Perfumería > Cuidado Capilar > Shampoo >,shampoo,estandar,general,https://www.jumbo.com.ar/shampoo-garnier-fructis-cabellos-danados-goodbye-danos-350-ml/p
Jumbo,3067684,3067546,Shampoo Nuhoney 375 Ml Head & Shoulders,HEAD & SHOULDERS,12900.0,1066116.0,True,375.0,34.4,> Perfumería > Cuidado Capilar > Shampoo >,shampoo,estandar,general,https://www.jumbo.com.ar/shampoo-nuhoney-375-ml-head-shoulders/p
Jumbo,332379,331536,Shampoo Kids Fuerza Natural 700 Ml Plusbelle,PLUSBELLE,7350.0,607438.0,True,700.0,10.5,> Mundo Bebe > Higiene para el Bebe > Higiene del Bebé >,shampoo,estandar,bebe,https://www.jumbo.com.ar/shampoo-kids-fuerza-natural-700-ml-plusbelle/p
Jumbo,3067581,3067445,Shampoo Luminous Uv X 190 Ml Sedal,SEDAL,3850.0,318182.0,True,190.0,20.2632,> Perfumería > Cuidado Capilar > Shampoo >,shampoo,estandar,general,https://www.jumbo.com.ar/shampoo-luminous-uv-x-190-ml-sedal-2/p
Jumbo,3067727,3067587,Shampoo Nuhoney 180 Ml Head & Shoulders,HEAD & SHOULDERS,7800.0,644628.0,True,180.0,43.3333,> Perfumería > Cuidado Capilar > Shampoo >,shampoo,estandar,general,https://www.jumbo.com.ar/shampoo-nuhoney-180-ml-head-shoulders/p
Jumbo,3070280,3069873,Shampoo Liso Efecto Profesional 500 Ml Tresemmé,TRESEMMÉ,10400.0,859504.0,True,500.0,20.8,> Perfumería > Cuidado Capilar > Shampoo >,shampoo,profesional,general,https://www.jumbo.com.ar/shampoo-liso-perfecto-profesional-x-500-ml-tresemme-2/p
Jumbo,349486,348146,Shampoo Brillo Ceramidas Perladas 1000 Ml Plusbelle,PLUSBELLE,5750.0,475207.0,True,1000.0,5.75,> Perfumería > Cuidado Capilar > Shampoo >,shampoo,estandar,general,https://www.jumbo.com.ar/shampoo-brillo-1000-ml-plusbelle/p
Jumbo,80238,77362,Shampoo Sandia Dulce 350 Ml Kids Algabo,ALGABO,3750.0,309917.0,True,350.0,10.7143,> Mundo Bebe > Higiene para el Bebe > Higiene del Bebé >,shampoo,estandar,bebe,https://www.jumbo.com.ar/shampoo-sandia-dulce-350-ml-kids-algabo/p
Jumbo,1365007,1363955,Shampoo Anticomezón 180 Ml Head y Shoulders,HEAD & SHOULDERS,7800.0,644628.0,True,180.0,43.3333,> Perfumería > Cuidado Capilar > Shampoo >,shampoo,estandar,general,https://www.jumbo.com.ar/shampoo-anticomezon-180-ml-head-shoulders-2/p
Jumbo,414733,410434,Shampoo Niños Gotas de Brillo 400 Ml Johnson's,JOHNSON BABY,10650.0,880165.0,True,400.0,26.625,> Mundo Bebe > Higiene para el Bebe > Higiene del Bebé >,shampoo,estandar,bebe,https://www.jumbo.com.ar/shampoo-para-ninos-gotas-de-brillo-400-ml-johnson-baby/p
Jumbo,388708,386820,Shampoo Nutrición Oleo Extraordinario 200 Ml Elvive,ELVIVE,7550.0,623967.0,True,200.0,37.75,> Perfumería > Cuidado Capilar > Shampoo >,shampoo,profesional,general,https://www.jumbo.com.ar/shampoo-elvive-oleo-extraordinario-nutricion-universal-200-ml/p
Jumbo,119611,118639,Shampoo para Bebé Original 400 Ml Johnson's,JOHNSON BABY,12250.0,1012397.0,True,400.0,30.625,> Mundo Bebe > Higiene para el Bebe > Higiene del Bebé >,shampoo,estandar,bebe,https://www.jumbo.com.ar/toallas-femeninas-con-alas-siempre-libre-especial-8-un/p
Jumbo,5996,3384,Shampoo Iluminador Puro Rubio 420 Ml Capilatis,CAPILATIS,9650.0,797521.0,True,420.0,22.9762,> Perfumería > Cuidado Capilar > Shampoo >,shampoo,estandar,general,https://www.jumbo.com.ar/shampoo-capilatis-iluminador-420-ml/p
Jumbo,1362366,1361614,Shampoo Bond Intense Repair 200 Ml Dove,DOVE,6750.0,557851.0,True,200.0,33.75,> Perfumería > Cuidado Capilar > Shampoo >,shampoo,profesional,general,https://www.jumbo.com.ar/shampoo-dove-bond-intense-repair-200-ml-2/p
Jumbo,389297,387403,Shampoo Hialurónico y Vitamina A 650 Ml Sedal,SEDAL,9400.0,776860.0,True,650.0,14.4615,> Perfumería > Cuidado Capilar > Shampoo >,shampoo,estandar,general,https://www.jumbo.com.ar/shampoo-sedal-hialuronico-y-vitamina-a-650-ml-2/p
Jumbo,384524,383837,Shampoo Esencia Control Frizz 970 Ml Plusbelle,PLUSBELLE,6450.0,533058.0,True,970.0,6.6495,> Perfumería > Cuidado Capilar > Shampoo >,shampoo,estandar,general,https://www.jumbo.com.ar/shampoo-plusbelle-esencia-control-frizz-970ml/p
Jumbo,275447,274743,Shampoo Antifall 180 Ml Head & Shoulders,HEAD & SHOULDERS,7800.0,644628.0,True,180.0,43.3333,> Perfumería > Cuidado Capilar > Shampoo >,shampoo,estandar,general,https://www.jumbo.com.ar/shampoo-antifall-180-ml-head-shoulders-2/p
Jumbo,3086634,3085858,Shampoo Purificante Oil Control 200 Ml Fructis Shampoo Oil Control X 200 Ml Fructis,FRUCTIS,5800.0,479339.0,True,200.0,29.0,> Perfumería > Cuidado Capilar > Shampoo >,shampoo,estandar,general,https://www.jumbo.com.ar/shampoo-oil-control-x-200-ml-fructis/p
Jumbo,389287,387393,Shampoo Hialurónico y Vita A 190 Ml Sedal,SEDAL,3850.0,318182.0,True,190.0,20.2632,> Perfumería > Cuidado Capilar > Shampoo >,shampoo,estandar,general,https://www.jumbo.com.ar/shampoo-hialuronico-y-vitamina-a-190-ml-sedal/p
Jumbo,424003,417080,Shampoo Fuerza 650 Ml Head & Shoulders,HEAD & SHOULDERS,19900.0,1644628.0,True,650.0,30.6154,> Perfumería > Cuidado Capilar > Shampoo >,shampoo,estandar,general,https://www.jumbo.com.ar/shampoo-fuerza-650-ml-head-shoulders-2/p
Jumbo,393553,391581,Shampoo Dove Ritual De Reparacion De Coco 400 Ml,DOVE,9220.0,761983.0,True,400.0,23.05,> Perfumería > Cuidado Capilar > Shampoo >,shampoo,estandar,general,https://www.jumbo.com.ar/shampoo-dove-ritual-de-reparacion-de-coco-400-ml/p
Jumbo,389288,387394,Shampoo Sedal Hialurónico Y Vitamina A 340 Ml,SEDAL,5451.0,450496.0,True,340.0,16.0324,> Perfumería > Cuidado Capilar > Shampoo >,shampoo,estandar,general,https://www.jumbo.com.ar/shampoo-sedal-hialuronico-y-vitamina-a-340-ml-2/p
Jumbo,3070236,3069839,Shampoo Detox Capilar X 500 Ml Tresemmé,TRESEMMÉ,10400.0,859504.0,True,500.0,20.8,> Perfumería > Cuidado Capilar > Shampoo >,shampoo,estandar,general,https://www.jumbo.com.ar/shampoo-detox-capilar-x-500-ml-tresemme/p
Jumbo,424000,417077,Shampoo Antifall 650 Ml Head & Shoulders,HEAD & SHOULDERS,19950.0,1648760.0,True,650.0,30.6923,> Perfumería > Cuidado Capilar > Shampoo >,shampoo,estandar,general,https://www.jumbo.com.ar/shampoo-antifall-650-ml-head-shoulders-2/p
Jumbo,409862,405948,Shampoo Hidratación Intensa Esencia 970 Ml Plusbelle,PLUSBELLE,6012.0,496860.0,True,970.0,6.1979,> Perfumería > Cuidado Capilar > Shampoo >,shampoo,estandar,seco_danado,https://www.jumbo.com.ar/shampoo-esencia-970-ml-plusbelle/p
Jumbo,3067725,3067585,Shampoo Anticaída Biotinamina B3 300 Ml Pantene,PANTENE,10250.0,847107.0,True,300.0,34.1667,> Perfumería > Cuidado Capilar > Shampoo >,shampoo,estandar,general,https://www.jumbo.com.ar/shampoo-anti-caida-300-ml-pantene/p
Jumbo,316338,315572,Shampoo Pantene Pro-v Bambú 200 Ml,PANTENE,6750.0,557851.0,True,200.0,33.75,> Perfumería > Cuidado Capilar > Shampoo >,shampoo,profesional,general,https://www.jumbo.com.ar/shampoo-pantene-pro-v-bambu-200-ml/p
Jumbo,3073302,3072807,Shampoo Plasma Vegetal Regenerador 350 Ml Bagovit,BAGOVIT,9800.0,809917.0,True,350.0,28.0,> Perfumería > Cuidado Capilar > Shampoo >,shampoo,estandar,general,https://www.jumbo.com.ar/shampoo-plasma-vegetal-regenerador-x-350-ml-bagovit/p
Jumbo,3071403,3070957,Shampoo Control Caspa 415 Ml Tio Nacho,Tio Nacho,11700.0,966942.0,True,415.0,28.1928,> Perfumería > Cuidado Capilar > Shampoo >,shampoo,estandar,anticaspa,https://www.jumbo.com.ar/shampoo-control-caspa-x-415-ml-tio-nacho-2/p
Jumbo,3067730,3067590,Shampoo Nuhoney 650 Ml Head & Shoulders,HEAD & SHOULDERS,19400.0,1603306.0,True,650.0,29.8462,> Perfumería > Cuidado Capilar > Shampoo >,shampoo,estandar,general,https://www.jumbo.com.ar/shampoo-nuhoney-650-ml-head-shoulders/p
Jumbo,414718,410419,Shampoo Baby Hidratación Intensa 400 Ml Johnson's,JOHNSON BABY,10500.0,867769.0,True,400.0,26.25,> Mundo Bebe > Higiene para el Bebe > Higiene del Bebé >,shampoo,estandar,seco_danado,https://www.jumbo.com.ar/shampoo-baby-hidratacion-intensa-400-ml-johnson-s/p
Jumbo,394837,392836,Shampoo Hidrata y Fortalece 200 Ml Pantene,PANTENE,6750.0,557851.0,True,200.0,33.75,> Perfumería > Cuidado Capilar > Shampoo >,shampoo,estandar,seco_danado,https://www.jumbo.com.ar/shampoo-pro-v-hidrata-y-fortalece-200-ml-pantene-2/p
Jumbo,413365,409242,Shampoo Liso Efecto Botox 250 Ml Tresemmé,TRESEMMÉ,6400.0,528926.0,True,250.0,25.6,> Perfumería > Cuidado Capilar > Shampoo >,shampoo,estandar,general,https://www.jumbo.com.ar/shampoo-tresemme-liso-efecto-botox-250-ml/p
Jumbo,407563,403752,Shampoo Reparación Total 5 Keratin 750 Ml Elvive,ELVIVE,19400.0,1603306.0,True,750.0,25.8667,> Perfumería > Cuidado Capilar > Shampoo >,shampoo,profesional,general,https://www.jumbo.com.ar/shampoo-elvive-reparacion-total-5-keratin-750-ml/p
Jumbo,407562,403751,Shampoo Reparación Total 5 Keratin 400 Ml Elvive,ELVIVE,11123.0,919256.0,True,400.0,27.8075,> Perfumería > Cuidado Capilar > Shampoo >,shampoo,profesional,general,https://www.jumbo.com.ar/shampoo-rt5-keratin-400-ml-elvive/p
Jumbo,3070160,3069767,Shampoo Keratina Repara y Protege 510 Ml Pantene,PANTENE,16750.0,1384298.0,True,510.0,32.8431,> Perfumería > Cuidado Capilar > Shampoo >,shampoo,estandar,tratado,https://www.jumbo.com.ar/shampoo-keratina-x-510-ml-pantene-2/p
Jumbo,1360447,1360030,Shampoo Glycolic Gloss Brillo 72H 750 Ml Elvive,ELVIVE,21350.0,1764463.0,True,750.0,28.4667,> Perfumería > Cuidado Capilar > Shampoo >,shampoo,profesional,general,https://www.jumbo.com.ar/shampoo-elvive-glyco-gloss-x-750-ml/p
Jumbo,3071026,3070599,Shampoo Dream Liso Anti Frizz 200 Ml Elvive,ELVIVE,8050.0,665289.0,True,200.0,40.25,> Perfumería > Cuidado Capilar > Shampoo >,shampoo,profesional,general,https://www.jumbo.com.ar/shampoo-dream-liso-x-200-ml-elvive/p
Jumbo,3070156,3069762,Shampoo Colágeno Nutre y Revitaliza 300 Ml Pantene,PANTENE,10250.0,847107.0,True,300.0,34.1667,> Perfumería > Cuidado Capilar > Shampoo >,shampoo,estandar,general,https://www.jumbo.com.ar/shampoo-colageno-x-300-ml-pantene-2/p
Jumbo,410403,406409,Shampoo Herbolaria Milenaria Doypack 400 Ml Tio Nacho,Tio Nacho,8100.0,669421.0,True,400.0,20.25,> Perfumería > Cuidado Capilar > Shampoo >,tratamiento,estandar,general,https://www.jumbo.com.ar/shampoo-herbolaria-milenaria-doypack-400-ml-tio-nacho/p
Jumbo,1360449,1360032,Shampoo Glyco Gloss Brillo 72h 200 Ml Elvive,ELVIVE,8050.0,665289.0,True,200.0,40.25,> Perfumería > Cuidado Capilar > Shampoo >,shampoo,profesional,general,https://www.jumbo.com.ar/shampoo-elvive-glyco-gloss-200-ml/p
Jumbo,3073297,3072802,Shampoo Pelo Largo y Sin Frizz 350 Ml Bagovit,BAGOVIT,9800.0,809917.0,True,350.0,28.0,> Perfumería > Cuidado Capilar > Shampoo >,shampoo,estandar,general,https://www.jumbo.com.ar/shampoo-pelo-largo-y-sin-frizz-x-350-ml-bagovit/p
Jumbo,19371,16579,Shampoo para Auto Siliconado Concentrado 1 Lts Revigal,REVIGAL,12749.0,1053636.0,True,,,> Hogar y textil > Automotor > Limpieza >,shampoo,estandar,general,https://www.jumbo.com.ar/lavacoche-siliconado-concentrado-x-1-l-revigal/p
Jumbo,3071027,3070597,Shampoo Dream Liso Efecto Keratina 400 Ml Elvive,ELVIVE,13350.0,1103306.0,True,400.0,33.375,> Perfumería > Cuidado Capilar > Shampoo >,shampoo,profesional,tratado,https://www.jumbo.com.ar/shampoo-dream-liso-x-400-ml-elvive/p
Jumbo,3071025,3070596,Shampoo Dream Liso Efecto Keratina 750 Ml Elvive,ELVIVE,21050.0,1739669.0,True,750.0,28.0667,> Perfumería > Cuidado Capilar > Shampoo >,shampoo,profesional,tratado,https://www.jumbo.com.ar/shampoo-dream-liso-x-750-ml-elvive/p
Jumbo,1360446,1360029,Shampoo Glycolic Gloss Brillo 72H 400 Ml Elvive,ELVIVE,13350.0,1103306.0,True,400.0,33.375,> Perfumería > Cuidado Capilar > Shampoo >,shampoo,profesional,general,https://www.jumbo.com.ar/shampoo-elvive-glyco-gloss-x-400-ml/p
Jumbo,3086635,3085859,Shampoo Goodbye Daños Oil Control 350 Ml Fructis Shampoo Fructis Oil Control 350ml,FRUCTIS,8400.0,694215.0,True,350.0,24.0,> Perfumería > Cuidado Capilar > Shampoo >,shampoo,estandar,general,https://www.jumbo.com.ar/shampoo-fructis-oil-control-350ml/p
Jumbo,3069754,3069359,Shampoo Colágeno Nutre y Revitaliza 510 Ml Pantene,PANTENE,16450.0,1359504.0,True,510.0,32.2549,> Perfumería > Cuidado Capilar > Shampoo >,shampoo,estandar,general,https://www.jumbo.com.ar/shampoo-colageno-x-510-ml-pantene-2/p
Jumbo,400519,397857,Shampoo Colorvive para Cabello Teñido 750 Ml Elvive,ELVIVE,19400.0,1603306.0,True,750.0,25.8667,> Perfumería > Cuidado Capilar > Shampoo >,shampoo,profesional,tratado,https://www.jumbo.com.ar/shampoo-elvive-colorvive-750-ml/p
Jumbo,3070176,3069776,Shampoo Keratina Repara y Protege 300 Ml Pantene,PANTENE,10250.0,847107.0,True,300.0,34.1667,> Perfumería > Cuidado Capilar > Shampoo >,shampoo,estandar,tratado,https://www.jumbo.com.ar/shampoo-keratina-x-300-ml-pantene-2/p
Jumbo,3070168,3069761,Shampoo Pro-V Miracles Revitalización 700 Ml Pantene,PANTENE,17600.0,1454545.0,True,700.0,25.1429,> Perfumería > Cuidado Capilar > Shampoo >,shampoo,profesional,general,https://www.jumbo.com.ar/shampoo-pro-v-miracles-revitalizacion-x-700-ml-pantene/p
Jumbo,424298,417178,Shampoo Nutrición Intensa Óleo de Argán 700 Ml Plusbelle,PLUSBELLE,5550.0,458678.0,True,700.0,7.9286,> Perfumería > Cuidado Capilar > Shampoo >,shampoo,estandar,general,https://www.jumbo.com.ar/shampoo-plusbelle-esen-oleo-nut-argan-700-ml/p
Jumbo,420581,414934,Shampoo Anticanas Henna Egipcia 415 Ml Tio Nacho,Tio Nacho,11700.0,966942.0,True,415.0,28.1928,> Perfumería > Cuidado Capilar > Shampoo >,shampoo,estandar,general,https://www.jumbo.com.ar/shampoo-henna-egipcia-efecto-anti-canas-415-ml-tio-nacho/p
Jumbo,410401,406407,Shampoo Engrosador Anti-caída 400 Ml Tio Nacho,Tio Nacho,8100.0,669421.0,True,400.0,20.25,> Perfumería > Cuidado Capilar > Shampoo >,shampoo,estandar,general,https://www.jumbo.com.ar/shampoo-engrosador-doypack-400-ml-tio-nacho/p
Jumbo,3086924,3086148,Shampoo Tío Nacho Herbolaria Milenaria V2 415 Ml,SUAVE,11100.0,917355.0,True,415.0,26.747,> Perfumería > Cuidado Capilar > Shampoo >,shampoo,estandar,general,https://www.jumbo.com.ar/shampoo-tio-nacho-herbolaria-milenaria-v2-415-ml-2/p
Jumbo,3078386,3077730,Shampoo UV Repair y Glow 200 Ml Dove,DOVE,6750.0,557851.0,True,200.0,33.75,> Perfumería > Cuidado Capilar > Shampoo >,shampoo,profesional,general,https://www.jumbo.com.ar/shampoo-dove-bond-uv-repair-200ml/p
Jumbo,1362514,1361762,Shampoo Elvive Reparación Total 5 Keratin 200 Ml,ELVIVE,7550.0,623967.0,True,200.0,37.75,> Perfumería > Cuidado Capilar > Shampoo >,shampoo,profesional,general,https://www.jumbo.com.ar/shampoo-elvive-reparacion-total-5-keratin-200-ml/p
Jumbo,407567,403756,Shampoo Reparación Total 5 Extreme 750 Ml Elvive,ELVIVE,19400.0,1603306.0,True,750.0,25.8667,> Perfumería > Cuidado Capilar > Shampoo >,shampoo,profesional,general,https://www.jumbo.com.ar/shampoo-elvive-reparacion-total-5-extreme-750-ml/p
Jumbo,401192,398530,Shampoo Detox Limpia y Purifica 200 Ml Pantene,PANTENE,6750.0,557851.0,True,200.0,33.75,> Perfumería > Cuidado Capilar > Shampoo >,shampoo,estandar,general,https://www.jumbo.com.ar/shampoo-detox-limpia-y-purifica-200-ml-pantene-2/p
Jumbo,389298,387404,Shampoo Colageno Y Vitamina C 190 Ml Sedal,SEDAL,3900.0,322314.0,True,190.0,20.5263,> Perfumería > Cuidado Capilar > Shampoo >,shampoo,estandar,general,https://www.jumbo.com.ar/shampoo-colageno-y-vitamina-c-190-ml-sedal/p
Jumbo,31765,28924,Shampoo Lava Coche Silisur Siliconado Manzana X 600cc,SILISUR,10099.0,834628.0,True,,,> Hogar y textil > Automotor > Limpieza >,shampoo,estandar,general,https://www.jumbo.com.ar/shampoo-lava-coche-silisur-siliconado-manzana-x-600cc/p
Jumbo,400530,397868,Shampoo Elvive Lóréal Paris Hidra Hialurónico 400 Ml,ELVIVE,11123.0,919256.0,True,400.0,27.8075,> Perfumería > Cuidado Capilar > Shampoo >,shampoo,profesional,general,https://www.jumbo.com.ar/shampoo-elvive-loreal-paris-hidra-hialuronico-400-ml/p
Jumbo,397628,395361,Shampoo Hidra Purificante Hialuronico Pure 750 Ml Elvive,ELVIVE,19400.0,1603306.0,True,750.0,25.8667,> Perfumería > Cuidado Capilar > Shampoo >,shampoo,profesional,general,https://www.jumbo.com.ar/shampoo-elvive-hialuronico-pure-750-ml/p
Jumbo,416914,412458,Shampoo Rizos Definidos Óleo Extraordinario 400 Ml Elvive,ELVIVE,12000.0,991736.0,True,400.0,30.0,> Perfumería > Cuidado Capilar > Shampoo >,shampoo,profesional,rizado,https://www.jumbo.com.ar/shampoo-elvive-extraordinario-riso-400-ml/p
Jumbo,407568,403757,Shampoo Reparación Total 5 Extreme 400 Ml Elvive,ELVIVE,11123.0,919256.0,True,400.0,27.8075,> Perfumería > Cuidado Capilar > Shampoo >,shampoo,profesional,general,https://www.jumbo.com.ar/shampoo-elvive-reparacion-total-5-extreme-400-ml/p
Jumbo,401198,398536,Shampoo Equilibrio Raíz y Puntas 700 Ml Pantene,PANTENE,17600.0,1454545.0,True,700.0,25.1429,> Perfumería > Cuidado Capilar > Shampoo >,shampoo,estandar,general,https://www.jumbo.com.ar/shampoo-equilibrante-equilibrio-raiz-y-puntas-700-ml-pantene/p
Jumbo,384041,382754,Shampoo Garnier Fructis Hair Food Coco 300 Ml,FRUCTIS,12050.0,995868.0,True,300.0,40.1667,> Perfumería > Cuidado Capilar > Shampoo >,shampoo,estandar,general,https://www.jumbo.com.ar/shampoo-garnier-fructis-hair-food-coco-300-ml/p
Jumbo,375297,374015,Shampoo Matizador Color Vive Violeta 200 Ml Elvive,ELVIVE,8050.0,665289.0,True,200.0,40.25,> Perfumería > Cuidado Capilar > Shampoo >,shampoo,profesional,tratado,https://www.jumbo.com.ar/shampoo-elvive-colorvive-200-ml/p
Jumbo,3085237,3084470,Shampoo Rizos Definidos Oleo Extraordinario 200 Ml Elvive,ELVIVE,7200.0,595041.0,True,200.0,36.0,> Perfumería > Cuidado Capilar > Shampoo >,shampoo,profesional,rizado,https://www.jumbo.com.ar/shampoo-elvive-oleo-extraordinario-x-200-ml-2/p
Jumbo,3070169,3069764,Shampoo Voluminizador Pro-V Miracles 700 Ml Pantene,PANTENE,17600.0,1454545.0,True,700.0,25.1429,> Perfumería > Cuidado Capilar > Shampoo >,shampoo,profesional,general,https://www.jumbo.com.ar/shampoo-pro-v-miracles-volumizador-x-700-ml-pantene/p
Jumbo,1360443,1360027,Shampoo Keratina Repara y Protege 200 Ml Pantene,PANTENE,6750.0,557851.0,True,200.0,33.75,> Perfumería > Cuidado Capilar > Shampoo >,shampoo,estandar,tratado,https://www.jumbo.com.ar/shampoo-keratina-200-ml-pantene/p
Jumbo,411921,407642,Tintura en Shampoo Express Rubio 25 Ml Issue,ISSUE,4950.0,409091.0,True,25.0,198.0,> Perfumería > Cuidado Capilar > Coloración >,shampoo,estandar,tratado,https://www.jumbo.com.ar/shampoo-issue-express-color-rubio-25-ml/p
Jumbo,411920,407641,Shampoo Tintura Cobertura de Canas Negro 25 Ml Issue,ISSUE,4950.0,409091.0,True,25.0,198.0,> Perfumería > Cuidado Capilar > Coloración >,shampoo,estandar,tratado,https://www.jumbo.com.ar/shampoo-issue-color-express-negro-25-ml/p
Jumbo,389286,387392,Shampoo Colageno Y Vitamina C 340 Ml Sedal,SEDAL,5800.0,479339.0,True,340.0,17.0588,> Perfumería > Cuidado Capilar > Shampoo >,shampoo,estandar,general,https://www.jumbo.com.ar/shampoo-colageno-y-vitamina-c-340-ml-sedal/p
Jumbo,349088,347751,Shampoo 3 en 1 Active Fresh 400 Ml Dove,DOVE,9505.0,785537.0,True,400.0,23.7625,> Perfumería > Cuidado Capilar > Shampoo >,shampoo,estandar,general,https://www.jumbo.com.ar/shampoo-para-hombre-dove-active-fresh-3-en-1-400-ml/p
Jumbo,275435,274731,Shampoo 3 en 1 Anti-Caspa 375 Ml Head y Shoulders,HEAD & SHOULDERS,12900.0,1066116.0,True,375.0,34.4,> Perfumería > Cuidado Capilar > Shampoo >,shampoo,estandar,anticaspa,https://www.jumbo.com.ar/shampoo-3-en-1-375-ml-head-shoulders-2/p
Jumbo,424302,417182,Shampoo Nutrición Cabello Seco Óleo de Coco 700 Ml Plusbelle,PLUSBELLE,5550.0,458678.0,True,700.0,7.9286,> Perfumería > Cuidado Capilar > Shampoo >,shampoo,estandar,seco_danado,https://www.jumbo.com.ar/shampoo-plusbelle-esen-oleo-nut-coco-700-ml/p
Jumbo,349085,347748,Shampoo 2 en 1 Fuerza Extrema 400 Ml Dove,DOVE,9505.0,785537.0,True,400.0,23.7625,> Perfumería > Cuidado Capilar > Shampoo >,shampoo,estandar,general,https://www.jumbo.com.ar/shampoo-dove-men-2en1-fuerza-extrema-400-ml/p
Jumbo,3067728,3067588,Shampoo Anticaída y Nutrición Biotinamina B3 510 Ml Pantene,PANTENE,16750.0,1384298.0,True,510.0,32.8431,> Perfumería > Cuidado Capilar > Shampoo >,shampoo,estandar,general,https://www.jumbo.com.ar/shampoo-anti-caida-510-ml-pantene-2/p
Jumbo,412484,408093,Shampoo Liso Coco con Aceite de Coco y Keratina Vegetal 350 Ml Fructis,FRUCTIS,8600.0,710744.0,True,350.0,24.5714,> Perfumería > Cuidado Capilar > Shampoo >,shampoo,estandar,tratado,https://www.jumbo.com.ar/shampoo-fructis-liso-coco-350ml-3/p
Jumbo,404463,401465,Shampoo Cabellos Grasos Menta y Lima 420 Ml Capilatis,CAPILATIS,9650.0,797521.0,True,420.0,22.9762,> Perfumería > Cuidado Capilar > Shampoo >,shampoo,estandar,graso,https://www.jumbo.com.ar/shampoo-cabellos-grasos-420-ml-capilatis/p
Jumbo,388717,386829,Shampoo Óleo Extraordinario Nutrición Cabello Seco 750 Ml Elvive,ELVIVE,19400.0,1603306.0,True,750.0,25.8667,> Perfumería > Cuidado Capilar > Shampoo >,shampoo,profesional,seco_danado,https://www.jumbo.com.ar/shampoo-elvive-oleo-extraordinario-nutricion-universal-750-ml/p
Jumbo,3083503,3082778,Shampoo Brillo Anti-residuos Glycolic Cristal 750 Ml Elvive,ELVIVE,19150.0,1582645.0,True,750.0,25.5333,> Perfumería > Cuidado Capilar > Shampoo >,shampoo,profesional,general,https://www.jumbo.com.ar/shampoo-brillo-anti-residuos-glycolic-cristal-x-750-ml-elvive/p
Jumbo,414717,410418,Shampoo Para Niños Hidratación Intensa X 200 Ml Johnson's,JOHNSON BABY,6550.0,541322.0,True,200.0,32.75,> Mundo Bebe > Higiene para el Bebe > Higiene del Bebé >,shampoo,estandar,seco_danado,https://www.jumbo.com.ar/shampoo-para-ninos-hidratacion-intensa-x-200-ml-johnson-s/p
Jumbo,275438,274734,Shampoo Anti-Caspa Anticaída 375 Ml Head y Shoulders,HEAD & SHOULDERS,12650.0,1045455.0,True,375.0,33.7333,> Perfumería > Cuidado Capilar > Shampoo >,shampoo,estandar,anticaspa,https://www.jumbo.com.ar/shampoo-antifall-375-ml-head-shoulders-2/p
Jumbo,275414,274710,Shampoo Anti-Caspa Manzana 180 Ml Head y Shoulders,HEAD & SHOULDERS,7800.0,644628.0,True,180.0,43.3333,> Perfumería > Cuidado Capilar > Shampoo >,shampoo,estandar,anticaspa,https://www.jumbo.com.ar/shampoo-apple-180-ml-head-shoulders-2/p
Jumbo,3086505,3085727,Shampoo Reparación Profunda Keratina Vegetal 415 Ml Tio Nacho Shampoo Keratina Vegetal  X 415 Ml Tio Nacho,Tio Nacho,10800.0,892562.0,True,415.0,26.0241,> Perfumería > Cuidado Capilar > Shampoo >,shampoo,estandar,tratado,https://www.jumbo.com.ar/shampoo-keratina-vegetal-x-415-ml-tio-nacho/p
Jumbo,3085748,3084976,Shampoo Anticaida Renovación Capilar X 375 Ml Head & Shoulders,HEAD & SHOULDERS,12600.0,1041322.0,True,375.0,33.6,> Perfumería > Cuidado Capilar > Shampoo >,shampoo,estandar,general,https://www.jumbo.com.ar/shampoo-anticaida-renovacion-capilar-x-375-ml-head-shoulders/p
Jumbo,3085746,3084974,Shampoo Anticaida Renovación Capilar X 650 Ml Head & Shoulders,HEAD & SHOULDERS,19450.0,1607438.0,True,650.0,29.9231,> Perfumería > Cuidado Capilar > Shampoo >,shampoo,estandar,general,https://www.jumbo.com.ar/shampoo-anticaida-renovacion-capilar-x-650-ml-head-shoulders/p
Jumbo,414723,410424,Shampoo Para Niños Fragancia Prolongada 200 Ml Johnson Baby,JOHNSON BABY,6700.0,553719.0,True,200.0,33.5,> Mundo Bebe > Higiene para el Bebe > Higiene del Bebé >,shampoo,estandar,bebe,https://www.jumbo.com.ar/shampoo-para-ninos-fragancia-prolongada-200-ml-johnson-baby/p
Jumbo,414719,410420,Shampoo Para Niños Gotas De Brillo 200 Ml Johnson Baby,JOHNSON BABY,5800.0,479339.0,True,200.0,29.0,> Mundo Bebe > Higiene para el Bebe > Higiene del Bebé >,shampoo,estandar,bebe,https://www.jumbo.com.ar/shampoo-para-ninos-gotas-de-brillo-200-ml-johnson-baby/p
Jumbo,412491,408100,Shampoo Rizos Poderosos con Óleo de Coco y Glicerina 350 Ml Fructis,FRUCTIS,8600.0,710744.0,True,350.0,24.5714,> Perfumería > Cuidado Capilar > Shampoo >,shampoo,estandar,rizado,https://www.jumbo.com.ar/shampoo-fructis-rizos-poderosos-350ml-2/p
Jumbo,3079034,3078358,Shampoo Para Bebé Original Refill X 180 Ml  Johnson's,JOHNSON BABY,5350.0,442149.0,True,180.0,29.7222,> Mundo Bebe > Higiene para el Bebe > Higiene del Bebé >,shampoo,estandar,bebe,https://www.jumbo.com.ar/shampoo-para-bebe-original-refill-x-180-ml-johnson-s/p
Jumbo,3083784,3083042,Shampoo 2 en 1 Control Caspa 415 Ml Tio Nacho,Tio Nacho,11850.0,979339.0,True,415.0,28.5542,> Perfumería > Cuidado Capilar > Shampoo >,shampoo,estandar,anticaspa,https://www.jumbo.com.ar/shampoo-acondicionador-2-en-1-control-caspa-415-ml-tio-nacho/p
Jumbo,400556,397894,Shampoo Kera-Liso para Cabello Alisado con Calor 200 Ml Elvive,ELVIVE,7550.0,623967.0,True,200.0,37.75,> Perfumería > Cuidado Capilar > Shampoo >,shampoo,profesional,tratado,https://www.jumbo.com.ar/shampoo-elvive-kera-liso-200-ml/p
Jumbo,332647,331802,Shampoo Anti Caspa Fuerza 180 Ml Head y Shoulders,HEAD & SHOULDERS,7650.0,632231.0,True,180.0,42.5,> Perfumería > Cuidado Capilar > Shampoo >,shampoo,estandar,anticaspa,https://www.jumbo.com.ar/shampoo-fuerza-180-ml-head-shoulders-2/p
Jumbo,298524,297753,Shampoo para Perros y Gatos Pulguicida/Garrapaticida 500 Ml Pet' S Class,PET' S CLASS,9600.0,793388.0,True,500.0,19.2,> Mascotas > Accesorios para Mascotas >,shampoo,estandar,general,https://www.jumbo.com.ar/shampoo-para-perro-pets-class-pulguicida-garrapata/p
Jumbo,1360921,1360329,Shampoo Men+Care Control Fortificante Anti-Caspa 400 Ml Dove,DOVE,10000.0,826446.0,True,400.0,25.0,> Perfumería > Cuidado Capilar > Shampoo >,shampoo,estandar,anticaspa,https://www.jumbo.com.ar/shampoo-dove-control-fortificante-400-ml-2/p
Jumbo,3083500,3082775,Shampoo Brillo Anti-residuos Glycolic Cristal 400 Ml Elvive,ELVIVE,11400.0,942149.0,True,400.0,28.5,> Perfumería > Cuidado Capilar > Shampoo >,shampoo,profesional,general,https://www.jumbo.com.ar/shampoo-brillo-anti-residuos-glycolic-cristal-x-400-ml-elvive/p
Jumbo,400535,397873,Shampoo Hidra Hialurónico para Cabello Deshidratado 200 Ml Elvive,ELVIVE,7550.0,623967.0,True,200.0,37.75,> Perfumería > Cuidado Capilar > Shampoo >,shampoo,profesional,seco_danado,https://www.jumbo.com.ar/shampoo-elvive-hidra-hialuronico-200-ml/p
Jumbo,424109,417110,Shampoo Anti Caspa Manzana Fresh 650 Ml Head y Shoulders,HEAD & SHOULDERS,19900.0,1644628.0,True,650.0,30.6154,> Perfumería > Cuidado Capilar > Shampoo >,shampoo,estandar,anticaspa,https://www.jumbo.com.ar/shampoo-apple-650-ml-head-shoulders-2/p
Jumbo,349492,348152,Shampoo Protección con Óleo de Coco y Karité 1000 Ml Plusbelle,PLUSBELLE,5750.0,475207.0,True,1000.0,5.75,> Perfumería > Cuidado Capilar > Shampoo >,shampoo,estandar,general,https://www.jumbo.com.ar/shampoo-proteccion-1000-ml-plusbelle/p
Jumbo,275406,274702,Shampoo Anti Caspa Apple 375 Ml Head y Shoulders,HEAD & SHOULDERS,12900.0,1066116.0,True,375.0,34.4,> Perfumería > Cuidado Capilar > Shampoo >,shampoo,estandar,anticaspa,https://www.jumbo.com.ar/shampoo-apple-375-ml-head-shoulders-2/p
Jumbo,3083499,3082774,Shampoo Brillo Anti-residuos Glycolic Cristal 200 Ml Elvive,ELVIVE,7750.0,640496.0,True,200.0,38.75,> Perfumería > Cuidado Capilar > Shampoo >,shampoo,profesional,general,https://www.jumbo.com.ar/shampoo-brillo-anti-residuos-glycolic-cristal-x-200-ml-elvive/p
Jumbo,424004,417081,Shampoo Anti-Caspa Hidratación Aceite de Coco 650 Ml Head y Shoulders,HEAD & SHOULDERS,19900.0,1644628.0,True,650.0,30.6154,> Perfumería > Cuidado Capilar > Shampoo >,shampoo,estandar,anticaspa,https://www.jumbo.com.ar/shampoo-coconut-650-ml-head-shoulders-2/p
Jumbo,414865,410565,Shampoo para Niños Rulos de Ensueño con Manteca de Karité 200 Ml Johnson's,JOHNSON BABY,6700.0,553719.0,True,200.0,33.5,> Mundo Bebe > Higiene para el Bebe > Higiene del Bebé >,shampoo,estandar,rizado,https://www.jumbo.com.ar/shampoo-para-ninos-rulos-de-ensueno-200-ml-johnson-baby/p
Jumbo,411487,407305,Shampoo Tratante Anti-Caspa Ortiga Concentrado 420 Ml Capilatis,CAPILATIS,10700.0,884298.0,True,420.0,25.4762,> Perfumería > Cuidado Capilar > Shampoo >,shampoo,estandar,anticaspa,https://www.jumbo.com.ar/shampoo-ortiga-caspa-concentrado-420-ml-capilatis/p
Jumbo,400531,397869,Shampoo Color Vive para Cabello Teñido 200 Ml Elvive,ELVIVE,7400.0,611570.0,True,200.0,37.0,> Perfumería > Cuidado Capilar > Shampoo >,shampoo,profesional,tratado,https://www.jumbo.com.ar/shampoo-elvive-colorvive-200-ml-3/p
Jumbo,3085747,3084975,Shampoo Anticaida Renovación Capilar X 180 Ml Head & Shoulders,HEAD & SHOULDERS,7550.0,623967.0,True,180.0,41.9444,> Perfumería > Cuidado Capilar > Shampoo >,shampoo,estandar,general,https://www.jumbo.com.ar/shampoo-anticaida-renovacion-capilar-x-180-ml-head-shoulders/p
Jumbo,3073298,3072803,Shampoo Brillo Sublime para Cabello Opaco 350 Ml Bagovit,BAGOVIT,9800.0,809917.0,True,350.0,28.0,> Perfumería > Cuidado Capilar > Shampoo >,shampoo,estandar,general,https://www.jumbo.com.ar/shampoo-brillo-sublime-x-350-ml-bagovit/p
Jumbo,411923,407644,Shampoo Color Express Cobertura de Canas Castaño 25 Ml Issue,ISSUE,4950.0,409091.0,True,25.0,198.0,> Perfumería > Cuidado Capilar > Coloración >,shampoo,estandar,tratado,https://www.jumbo.com.ar/shampoo-color-express-castano-25-ml-issue/p
Jumbo,346768,345443,Shampoo Nutrición Intensa Oleo Extraordinario Coco 200 Ml Elvive,ELVIVE,7550.0,623967.0,True,200.0,37.75,> Perfumería > Cuidado Capilar > Shampoo >,shampoo,profesional,general,https://www.jumbo.com.ar/shampoo-elvive-oleo-extraordinario-coco-200-ml/p
Jumbo,391923,389975,Shampoo Anti-Caspa Limpieza y Revitalización 375 Ml Head y Shoulders,HEAD & SHOULDERS,12900.0,1066116.0,True,375.0,34.4,> Perfumería > Cuidado Capilar > Shampoo >,shampoo,estandar,anticaspa,https://www.jumbo.com.ar/shampoo-limpieza-y-revitalizacion-375-ml-head-shoulders/p
Jumbo,391857,389909,Shampoo Anti-Caspa Aceite de Argán 180 Ml Head y Shoulders,HEAD & SHOULDERS,7800.0,644628.0,True,180.0,43.3333,> Perfumería > Cuidado Capilar > Shampoo >,shampoo,estandar,anticaspa,https://www.jumbo.com.ar/shampoo-aceite-de-argan-shampoo-180-ml-head-shoulders-2/p
Jumbo,384031,382752,Shampoo Hidratación Cabello Deshidratado Aloe Vera 300 Ml Fructis,FRUCTIS,12050.0,995868.0,True,300.0,40.1667,> Perfumería > Cuidado Capilar > Shampoo >,shampoo,estandar,seco_danado,https://www.jumbo.com.ar/shampoo-fructis-hair-food-aloe-300-ml/p
Jumbo,310204,309442,Shampoo Anti Caspa Hidratación Aceite de Coco 180 Ml Head y Shoulders,HEAD & SHOULDERS,7800.0,644628.0,True,180.0,43.3333,> Perfumería > Cuidado Capilar > Shampoo >,shampoo,estandar,anticaspa,https://www.jumbo.com.ar/shampoo-coconut-180-ml-head-shoulders-2/p
Jumbo,401190,398528,Shampoo Pro-v Miracles Detox Limpia y Purifica 750 Ml Pantene,PANTENE,17600.0,1454545.0,True,750.0,23.4667,> Perfumería > Cuidado Capilar > Shampoo >,shampoo,profesional,general,https://www.jumbo.com.ar/shampoo-pro-v-miracles-detox-limpia-purifica-750-ml-pantene/p
Jumbo,401186,398524,Shampoo Pro-v Miracles Equilibrio Raíz y Puntas 400 Ml Pantene,PANTENE,10750.0,888430.0,True,400.0,26.875,> Perfumería > Cuidado Capilar > Shampoo >,shampoo,profesional,general,https://www.jumbo.com.ar/shampoo-pro-v-miracles-detox-equilibrio-400-ml-pantene/p
Jumbo,412300,408002,Shampoo Aloe Hidra Clean para Cabello Deshidratado 350 Ml Fructis,FRUCTIS,5900.0,487603.0,True,350.0,16.8571,> Perfumería > Cuidado Capilar > Shampoo >,shampoo,estandar,seco_danado,https://www.jumbo.com.ar/shampoo-fructis-aloe-hidra-clean-200ml/p
Jumbo,407561,403750,Shampoo Elvive 2 En 1 Reparación Total 5 Keratin 400 Ml,ELVIVE,11123.0,919256.0,True,400.0,27.8075,> Perfumería > Cuidado Capilar > Shampoo >,shampoo,profesional,general,https://www.jumbo.com.ar/shampoo-elvive-2-en-1-reparacion-total-5-keratin-400-ml/p
Jumbo,401195,398533,Shampoo Pro-v Miracles Detox Limpia-purifica 400 Ml Pantene,PANTENE,10750.0,888430.0,True,400.0,26.875,> Perfumería > Cuidado Capilar > Shampoo >,shampoo,profesional,general,https://www.jumbo.com.ar/shampoo-pro-v-miracles-detox-limpia-purifica-400-ml-pantene/p
Jumbo,310203,309441,Shampoo Anti-Caspa Hidratación Aceite de Coco 375 Ml Head y Shoulders,HEAD & SHOULDERS,12900.0,1066116.0,True,375.0,34.4,> Perfumería > Cuidado Capilar > Shampoo >,shampoo,estandar,anticaspa,https://www.jumbo.com.ar/shampoo-coconut-375-ml-head-shoulders-2/p
Jumbo,275424,274720,Shampoo 3 En 1 180 Ml Head & Shoulders,HEAD & SHOULDERS,7800.0,644628.0,True,180.0,43.3333,> Perfumería > Cuidado Capilar > Shampoo >,shampoo,estandar,general,https://www.jumbo.com.ar/shampoo-3-en-1-180-ml-head-shoulders-2/p
Jumbo,275420,274716,Shampoo Anti-Caspa Old Spice 180 Ml Head y Shoulders,HEAD & SHOULDERS,7800.0,644628.0,True,180.0,43.3333,> Perfumería > Cuidado Capilar > Shampoo >,shampoo,estandar,anticaspa,https://www.jumbo.com.ar/shampoo-old-spice-180-ml-head-shoulders-2/p
Jumbo,3074195,3073691,Shampoo Hair Food Anti-quiebre Ananá 300 Ml Fructis,FRUCTIS,12050.0,995868.0,True,300.0,40.1667,> Perfumería > Cuidado Capilar > Shampoo >,shampoo,estandar,general,https://www.jumbo.com.ar/shampoo-fructis-pina-300ml/p
Jumbo,414731,410432,Shampoo Para Bebé Cabello Claro 750 Ml Johnson Baby,JOHNSON BABY,20850.0,1723141.0,True,750.0,27.8,> Mundo Bebe > Higiene para el Bebe > Higiene del Bebé >,shampoo,estandar,bebe,https://www.jumbo.com.ar/shampoo-para-bebe-cabello-claro-750-ml-johnson-baby/p
Jumbo,346825,345500,Shampoo Nutrición Intensa Oleo Extraordinario Coco 750 Ml Elvive,ELVIVE,19400.0,1603306.0,True,750.0,25.8667,> Perfumería > Cuidado Capilar > Shampoo >,shampoo,profesional,general,https://www.jumbo.com.ar/shampoo-elvive-oleo-extraordinario-coco-750-ml/p
Jumbo,3073296,3072801,Shampoo Nutrición Profunda para Cabello Seco 350 Ml Bagovit,BAGOVIT,9800.0,809917.0,True,350.0,28.0,> Perfumería > Cuidado Capilar > Shampoo >,shampoo,estandar,seco_danado,https://www.jumbo.com.ar/shampoo-nutricion-profunda-x-350-ml-bagovit/p
Jumbo,394821,392820,Shampoo Pantene Pro-v Miracles Hidrata Y Fortalece 400 Ml,PANTENE,10750.0,888430.0,True,400.0,26.875,> Perfumería > Cuidado Capilar > Shampoo >,shampoo,profesional,seco_danado,https://www.jumbo.com.ar/shampoo-pantene-pro-v-miracles-hidrata-y-fortalece-400-ml/p
Jumbo,394213,392219,Shampoo Óleo Nutrición para Cabello Seco 200 Ml Dove,DOVE,6000.0,495868.0,True,200.0,30.0,> Perfumería > Cuidado Capilar > Shampoo >,shampoo,estandar,seco_danado,https://www.jumbo.com.ar/shampoo-dove-oleo-nutricion-200-ml/p
Jumbo,334661,333783,Shampoo Anti Caspa Crece Fuerte desde la Raíz 375 Ml Head y Shoulders,HEAD & SHOULDERS,12900.0,1066116.0,True,375.0,34.4,> Perfumería > Cuidado Capilar > Shampoo >,shampoo,estandar,anticaspa,https://www.jumbo.com.ar/shampoo-crece-fuerte-desde-la-raiz-375-ml-head-shoulders/p
Jumbo,414737,410438,Shampoo para Bebé Cabello Claro Manzanilla 400 Ml Johnson Baby,JOHNSON BABY,12300.0,1016529.0,True,400.0,30.75,> Mundo Bebe > Higiene para el Bebe > Higiene del Bebé >,shampoo,estandar,bebe,https://www.jumbo.com.ar/shampoo-para-bebe-cabello-claro-400-ml-johnson-baby/p
Jumbo,414732,410433,Shampoo Para Bebé Cabello Claro 200 Ml Johnson Baby,JOHNSON BABY,7400.0,611570.0,True,200.0,37.0,> Mundo Bebe > Higiene para el Bebe > Higiene del Bebé >,shampoo,estandar,bebe,https://www.jumbo.com.ar/shampoo-para-bebe-cabello-claro-200-ml-johnson-baby/p
Jumbo,3073295,3072800,Shampoo Color Radiante para Cabello Tinturado 350 Ml Bagovit,BAGOVIT,9800.0,809917.0,True,350.0,28.0,> Perfumería > Cuidado Capilar > Shampoo >,shampoo,estandar,tratado,https://www.jumbo.com.ar/shampoo-color-radiante-x-350-ml-bagovit/p
Jumbo,410392,406398,Shampoo Aclarante y Anticaída con Jalea Real y Manzanilla 400 Ml Tio Nacho,Tio Nacho,8100.0,669421.0,True,400.0,20.25,> Perfumería > Cuidado Capilar > Shampoo >,shampoo,estandar,general,https://www.jumbo.com.ar/sshampoo-aclarante-doypack-400-ml-tio-nacho/p
Jumbo,401196,398534,Shampoo Pro-v Miracles Detox Equilibrio 200 Ml Pantene,PANTENE,6500.0,537190.0,True,200.0,32.5,> Perfumería > Cuidado Capilar > Shampoo >,shampoo,profesional,general,https://www.jumbo.com.ar/shampoo-pro-v-miracles-detox-equilibrio-200-ml-pantene-2/p
Jumbo,3086846,3086065,Set Perfume Corporal Y Shampoo Hello Kitty X 200 Ml Algabo,ALGABO,13100.0,1082645.0,True,200.0,65.5,> Perfumería > Cuidado Personal > Cepillos y Esponjas >,tratamiento,estandar,general,https://www.jumbo.com.ar/set-perfume-corporal-y-shampoo-hello-kitty-x-200-ml-algabo/p
Jumbo,414725,410426,Acondicionador Baby Hidratacion Intensa 200 Ml Johnson's,JOHNSON´S,6700.0,553719.0,True,200.0,33.5,> Mundo Bebe > Higiene para el Bebe > Higiene del Bebé >,acondicionador,estandar,seco_danado,https://www.jumbo.com.ar/acondicionador-baby-hidratacion-intensa-200-ml-johnson-s/p
Jumbo,17290,14416,Spray Para Peinar Niños Gotas De Brillo  200 Ml Johnson Baby,JOHNSON BABY,7450.0,615702.0,True,200.0,37.25,> Mundo Bebe > Higiene para el Bebe > Higiene del Bebé >,shampoo,estandar,bebe,https://www.jumbo.com.ar/spray-para-peinar-ninos-gotas-de-brillo-200-ml-johnson-baby/p
Jumbo,414728,410429,Acondicionador Para Bebé Original 400 Ml Johnson´s,JOHNSON´S,12300.0,1016529.0,True,400.0,30.75,> Mundo Bebe > Higiene para el Bebe > Higiene del Bebé >,acondicionador,estandar,bebe,https://www.jumbo.com.ar/acondicionador-para-bebe-original-400-ml-johnson-s/p
Jumbo,414730,410431,Acondicionador Para Bebé Cabello Claro 200 Ml Johnson´s,JOHNSON´S,7400.0,611570.0,True,200.0,37.0,> Mundo Bebe > Higiene para el Bebe > Higiene del Bebé >,acondicionador,estandar,bebe,https://www.jumbo.com.ar/acondicionador-para-bebe-cabello-claro-200-ml-johnson-s/p
Jumbo,393568,391596,Acondicionador Dove Ritual De Reparación Coco 200 Ml,DOVE,6000.0,495868.0,True,200.0,30.0,> Perfumería > Cuidado Capilar > Acondicionador >,acondicionador,estandar,general,https://www.jumbo.com.ar/acondicionador-dove-ritual-de-reparacion-coco-200-ml/p
Jumbo,415583,411167,Sahmpoo Pro-v Miracles Volumen 400 Ml Pantene,PANTENE,10750.0,888430.0,True,400.0,26.875,> Perfumería > Cuidado Capilar > Shampoo >,shampoo,profesional,general,https://www.jumbo.com.ar/sahmpoo-pro-v-miracles-volumen-400-ml-pantene-2/p
Jumbo,400523,397861,Mascarilla Elvive Hidra Hialuronico 300 Gr Mascarilla Elvive Hialuronico 300g,ELVIVE,12050.0,995868.0,True,300.0,40.1667,> Perfumería > Cuidado Capilar > Shampoo >,tratamiento,profesional,general,https://www.jumbo.com.ar/mascarilla-elvive-hialuronico-300g/p
Jumbo,392748,390800,Set Juguete Perro Hueso Colores Pets Fun Hueso De Juguete Pets Para Perro Rosa 1 U,PET'S FUN,6150.0,508264.0,True,,,> Mascotas > Accesorios para Mascotas >,shampoo,estandar,tratado,https://www.jumbo.com.ar/set-juguete-perro-hueso-colores-pets-fun/p
Jumbo,392748,390821,Set Juguete Perro Hueso Colores Pets Fun Hueso De Juguete Pets Para Perro Amarillo 1 U,PET'S FUN,6780.0,560331.0,True,,,> Mascotas > Accesorios para Mascotas >,shampoo,estandar,tratado,https://www.jumbo.com.ar/set-juguete-perro-hueso-colores-pets-fun/p
Jumbo,392748,390832,Set Juguete Perro Hueso Colores Pets Fun Hueso De Juguete Pets Para Perro Azul 1 U,PET'S FUN,6190.0,511570.0,True,,,> Mascotas > Accesorios para Mascotas >,shampoo,estandar,tratado,https://www.jumbo.com.ar/set-juguete-perro-hueso-colores-pets-fun/p
Jumbo,353408,352040,Shampoo Dove Real Poder De Las Plantas Fuerza + Bambú 300 Ml,DOVE,6600.0,545455.0,False,300.0,22.0,> Perfumería > Cuidado Capilar > Shampoo >,shampoo,estandar,general,https://www.jumbo.com.ar/shampoo-dove-real-poder-de-las-plantas-fuerza-bambu-300-ml/p
Jumbo,353404,352036,Acondicionador Dove Purificación  Jengibre 300 Ml,DOVE,7150.0,590909.0,False,300.0,23.8333,> Perfumería > Cuidado Capilar > Acondicionador >,acondicionador,estandar,general,https://www.jumbo.com.ar/acondicionador-dove-purificacion-jengibre-300-ml/p
Jumbo,353405,352037,Acondicionador Dove Real Poder De Las Plantas Fuerza + Bambú 300 Ml,DOVE,7150.0,590909.0,False,300.0,23.8333,> Perfumería > Cuidado Capilar > Acondicionador >,acondicionador,estandar,general,https://www.jumbo.com.ar/acondicionador-dove-real-poder-de-las-plantas-fuerza-bambu-300-ml/p
Jumbo,353407,352039,Máscara De Tratamiento Dove Nutrición  Geranio 190 Ml,DOVE,5050.0,417355.0,False,190.0,26.5789,> Perfumería > Cuidado Capilar > Reparación y Tratamientos >,tratamiento,estandar,general,https://www.jumbo.com.ar/mascara-de-tratamiento-dove-nutricion-geranio-190-ml/p
Jumbo,353397,352029,Shampoo Nutrición y Geranio Real Poder de las Plantas 300 Ml Dove Shampoo Dove Real Poder De Las Plantas Nutrición + Geranio 300 Ml,DOVE,6600.0,545455.0,False,300.0,22.0,> Perfumería > Cuidado Capilar > Shampoo >,shampoo,estandar,general,https://www.jumbo.com.ar/shampoo-dove-real-poder-de-las-plantas-nutricion-geranio-300-ml/p
Jumbo,353395,352027,Shampoo Dove Purificación  Jengibre 300 Ml,DOVE,6600.0,545455.0,False,300.0,22.0,> Perfumería > Cuidado Capilar > Shampoo >,shampoo,estandar,general,https://www.jumbo.com.ar/shampoo-dove-purificacion-jengibre-300-ml/p
Jumbo,353399,352031,Acondicionador Dove Nutrición  Geranio 300 Ml,DOVE,6950.0,574380.0,False,300.0,23.1667,> Perfumería > Cuidado Capilar > Acondicionador >,acondicionador,estandar,general,https://www.jumbo.com.ar/acondicionador-dove-nutricion-geranio-300-ml/p
Jumbo,353392,352024,Máscara De Tratamiento Dove Fuerza  Bambú 190 Ml,DOVE,5300.0,438017.0,False,190.0,27.8947,> Perfumería > Cuidado Capilar > Reparación y Tratamientos >,tratamiento,estandar,general,https://www.jumbo.com.ar/mascara-de-tratamiento-dove-fuerza-bambu-190-ml/p
Jumbo,345131,343816,Shampoo Pantene Prov Essentials Restauración 400ml,PANTENE,1400.0,115702.0,False,400.0,3.5,> Perfumería > Cuidado Capilar > Shampoo >,shampoo,profesional,general,https://www.jumbo.com.ar/shampoo-pantene-prov-essentials-restauracion-400ml/p
Jumbo,345292,343977,Shampoo Pantene Prov Essentials Bambu 400ml,PANTENE,858.79,70974.0,False,400.0,2.147,> Perfumería > Cuidado Capilar > Shampoo >,shampoo,profesional,general,https://www.jumbo.com.ar/shampoo-pantene-prov-essentials-bambu-400ml-2/p
Jumbo,345283,343968,Shampoo Pantene Prov Essentials Hidratación Extrema 400ml,PANTENE,806.35,66641.0,False,400.0,2.0159,> Perfumería > Cuidado Capilar > Shampoo >,shampoo,profesional,seco_danado,https://www.jumbo.com.ar/shampoo-pantene-prov-essentials-hidratacion-extrema-400ml/p
Jumbo,345133,343818,Shampoo Pantene Prov Essentials Restauración 750ml,PANTENE,1544.85,127674.0,False,750.0,2.0598,> Perfumería > Cuidado Capilar > Shampoo >,shampoo,profesional,general,https://www.jumbo.com.ar/shampoo-pantene-prov-essentials-restauracion-750ml/p
Jumbo,46962,44126,Shampoo Pantene Pro-v Brillo Extremo 400 Ml,PANTENE,189.89,15693.0,False,400.0,0.4747,> Perfumería > Cuidado Capilar > Shampoo >,shampoo,profesional,general,https://www.jumbo.com.ar/shampoo-pantene-pro-v-brillo-extremo-400-ml/p
Jumbo,31622,28781,Shampoo Elvive Reparacion Total 5 400ml,ELVIVE,533.79,44115.0,False,400.0,1.3345,> Perfumería > Cuidado Capilar > Shampoo >,shampoo,profesional,general,https://www.jumbo.com.ar/shampoo-elvive-reparacion-total-5-400ml/p
Jumbo,262650,261939,Shampoo Pantene Pro-v Micelar 400 Ml,PANTENE,189.89,15693.0,False,400.0,0.4747,> Perfumería > Cuidado Capilar > Shampoo >,shampoo,profesional,general,https://www.jumbo.com.ar/shampoo-pantene-pro-v-micelar-400-ml/p
Jumbo,47599,44764,Shampoo Pantene Pro-v Restauración 400 Ml,PANTENE,189.89,15693.0,False,400.0,0.4747,> Perfumería > Cuidado Capilar > Shampoo >,shampoo,profesional,general,https://www.jumbo.com.ar/shampoo-pantene-pro-v-restauracion-400-ml/p
Jumbo,47348,44513,Shampoo Pantene Pro-v Liso Extremo 400 Ml,PANTENE,189.89,15693.0,False,400.0,0.4747,> Perfumería > Cuidado Capilar > Shampoo >,shampoo,profesional,general,https://www.jumbo.com.ar/shampoo-pantene-pro-v-liso-extremo-400-ml/p
Jumbo,308600,307837,Shampoo Elvive Dream Long Liss 400ml,ELVIVE,8800.0,727273.0,False,400.0,22.0,> Perfumería > Cuidado Capilar > Shampoo >,shampoo,profesional,general,https://www.jumbo.com.ar/shampoo-elvive-dream-long-liss-400ml/p
Jumbo,20043,17214,Shampoo Dove Ritual De Fortalecimiento Palta 400 Ml,DOVE,244.89,20239.0,False,400.0,0.6122,> Perfumería > Cuidado Capilar > Shampoo >,shampoo,estandar,general,https://www.jumbo.com.ar/shampoo-dove-ritual-de-fortalecimiento-palta-400-ml/p
Jumbo,20041,17212,Shampoo Dove Ritual De Reparación Coco Y Cúrcuma 400 Ml,DOVE,244.89,20239.0,False,400.0,0.6122,> Perfumería > Cuidado Capilar > Shampoo >,shampoo,estandar,general,https://www.jumbo.com.ar/shampoo-dove-ritual-de-reparacion-coco-y-curcuma-400-ml/p
Jumbo,184357,208546,Shampoo Sedal,SEDAL,20.75,20.75,False,,,> Perfumería > Cuidado Capilar > Shampoo >,shampoo,estandar,general,https://www.jumbo.com.ar/shampoo-sedal-58-288667/p
Jumbo,152501,150073,Shampoo Dove óleo Nutrición 400 Ml,DOVE,244.89,20239.0,False,400.0,0.6122,> Perfumería > Cuidado Capilar > Shampoo >,shampoo,estandar,general,https://www.jumbo.com.ar/shampoo-dove-24-2/p
Jumbo,122281,121300,Shampoo Pantene Liso Extremo 750 Ml,PANTENE,74.37,6146.0,False,750.0,0.0992,> Perfumería > Cuidado Capilar > Shampoo >,shampoo,estandar,general,https://www.jumbo.com.ar/shampoo-pantene-19-2/p
Jumbo,122152,121171,Shampoo Capilatisx420ml,CAPILATIS,33.79,2793.0,False,420.0,0.0805,> Perfumería > Cuidado Capilar > Shampoo >,shampoo,estandar,general,https://www.jumbo.com.ar/shampoo-capilatis-8/p
Jumbo,115983,115027,Shampoo Pantene Hidratación 750 Ml,PANTENE,74.37,6146.0,False,750.0,0.0992,> Perfumería > Cuidado Capilar > Shampoo >,shampoo,estandar,seco_danado,https://www.jumbo.com.ar/shampoo-pantene-20/p
Jumbo,115222,114268,Shampoo Tresemmé Liso Y Sin Frizz X 900 Ml,TRESEMMÉ,28.39,2346.0,False,900.0,0.0315,> Perfumería > Cuidado Capilar > Shampoo >,shampoo,estandar,general,https://www.jumbo.com.ar/shampoo-tresemme-10-2/p
Jumbo,115109,114155,Shampoo Tresemmé Rizos Definidos X 900 Ml,TRESEMMÉ,38.49,3181.0,False,900.0,0.0428,> Perfumería > Cuidado Capilar > Shampoo >,shampoo,estandar,rizado,https://www.jumbo.com.ar/shampoo-tresemme-10/p
Jumbo,114726,113774,Shampoo Porta Shampoo Resaltador De Color Porta 500 Cc,PORTA,59.85,59.85,False,,,> Mascotas > Accesorios para Mascotas >,shampoo,estandar,tratado,https://www.jumbo.com.ar/shampoo-porta-6/p
Jumbo,107314,104582,Shampoo Suave Palta Y Oliva Pvc 930 Ml,SUAVE,7.39,7.39,False,930.0,0.0079,> Perfumería > Cuidado Capilar > Shampoo >,shampoo,estandar,bebe,https://www.jumbo.com.ar/shampoo-suave-2/p
Jumbo,90086,87414,Shampoo Capilatis-anti-age Hair Therapy-uva Roja-pvc-ml.-350,CAPILATIS,80.39,6644.0,False,,,> Perfumería > Cuidado Capilar > Shampoo >,shampoo,estandar,general,https://www.jumbo.com.ar/shampoo-capilatis-11/p
Jumbo,77313,74440,Shampoo Pantene Liso Y Sedoso 200 Ml,PANTENE,21.33,1763.0,False,200.0,0.1066,> Perfumería > Cuidado Capilar > Shampoo >,shampoo,estandar,general,https://www.jumbo.com.ar/shampoo-pantene-16/p
Jumbo,77288,74415,Shampoo Pantene Rizos Definidos 200ml,PANTENE,21.33,1763.0,False,200.0,0.1066,> Perfumería > Cuidado Capilar > Shampoo >,shampoo,estandar,rizado,https://www.jumbo.com.ar/shampoo-pantene-15-5/p
Jumbo,72262,69397,Shampoo Pantene Renovación Profunda X 750 Ml,PANTENE,427.67,427.67,False,750.0,0.5702,> Perfumería > Cuidado Capilar > Shampoo >,shampoo,estandar,general,https://www.jumbo.com.ar/shampoo-pantene-25/p
Jumbo,72120,69255,Shampoo Dove Hidrotherapy + Spray Para Peinar 215 Ml,DOVE,20.39,20.39,False,215.0,0.0948,> Perfumería > Cuidado Capilar > Shampoo >,shampoo,estandar,general,https://www.jumbo.com.ar/shampoo-dove-9/p
Jumbo,67613,64753,Shampoo Vo5,VO5,6.39,528.0,False,,,> Perfumería > Cuidado Capilar > Shampoo >,shampoo,estandar,general,https://www.jumbo.com.ar/shampoo-vo5-3/p
Jumbo,18735,15817,Shampoo Porta Shampoo Pulguicida Porta 500 Cc,PORTA,88.39,88.39,False,,,> Mascotas > Accesorios para Mascotas >,shampoo,estandar,general,https://www.jumbo.com.ar/shampoo-porta-3/p
Jumbo,212300,236957,Shampoo Sedal,SEDAL,6.09,6.09,False,,,> Perfumería > Cuidado Capilar > Shampoo >,shampoo,estandar,general,https://www.jumbo.com.ar/shampoo-sedal-41/p
Jumbo,184395,208659,Shampoo Sedal,SEDAL,21.85,21.85,False,,,> Perfumería > Cuidado Capilar > Shampoo >,shampoo,estandar,general,https://www.jumbo.com.ar/shampoo-sedal-59-288661/p
Jumbo,142649,139561,Shampoo Capilatis Protector Presentacion Protector Sin Atributo Sin Atributo,CAPILATIS,381.67,31543.0,False,,,> Perfumería > Cuidado Capilar > Shampoo >,shampoo,estandar,general,https://www.jumbo.com.ar/shampoo-capilatis-5-2/p
Jumbo,137341,134254,Shampoo Suave-caspa Control-control-pvc-ml.-750,SUAVE,10.55,872.0,False,,,> Perfumería > Cuidado Capilar > Shampoo >,shampoo,estandar,anticaspa,https://www.jumbo.com.ar/shampoo-suave-3/p
Jumbo,130770,127699,Shampoo Dove Reconstrucción Completa 200 Ml,DOVE,135.75,11219.0,False,200.0,0.6787,> Perfumería > Cuidado Capilar > Shampoo >,shampoo,estandar,general,https://www.jumbo.com.ar/shampoo-dove-23/p
Jumbo,127207,109996,Shampoo Pantene,PANTENE,10.01,10.01,False,,,> Perfumería > Cuidado Capilar > Shampoo >,shampoo,estandar,general,https://www.jumbo.com.ar/shampoo-pantene-62/p
Jumbo,122346,121365,Shampoo Capilatisx420ml Cabello Teñidos  Pvc 420 Ml.,CAPILATIS,32.49,2685.0,False,420.0,0.0774,> Perfumería > Cuidado Capilar > Shampoo >,shampoo,estandar,tratado,https://www.jumbo.com.ar/shampoo-capilatis-7/p
Jumbo,116360,115401,Shampoo Pantene Brillo Extremo 400 Ml,PANTENE,48.79,4032.0,False,400.0,0.122,> Perfumería > Cuidado Capilar > Shampoo >,shampoo,estandar,general,https://www.jumbo.com.ar/shampoo-pantene-21/p
Jumbo,116129,115173,Shampoo Capilatis Puro Castaño X 420ml Puro Castaño  Pvc 420 Ml.,CAPILATIS,19.09,1578.0,False,420.0,0.0455,> Perfumería > Cuidado Capilar > Shampoo >,shampoo,estandar,general,https://www.jumbo.com.ar/shampoo-capilatis-9/p
Jumbo,115893,114936,Shampoo Pantene Frizz Control X750ml,PANTENE,51.07,4221.0,False,750.0,0.0681,> Perfumería > Cuidado Capilar > Shampoo >,shampoo,estandar,general,https://www.jumbo.com.ar/shampoo-pantene-19/p
Jumbo,107895,105162,Shampoo Suave Miel Y Almendras X 930 Ml C/u,SUAVE,15.19,1255.0,False,930.0,0.0163,> Perfumería > Cuidado Capilar > Shampoo >,shampoo,estandar,bebe,https://www.jumbo.com.ar/shampoo-suave-2-4/p
Jumbo,107878,105148,Shampoo Suave Coco Y Leche X 930 Ml C/u,SUAVE,15.19,1255.0,False,930.0,0.0163,> Perfumería > Cuidado Capilar > Shampoo >,shampoo,estandar,bebe,https://www.jumbo.com.ar/shampoo-suave-2-3/p
Jumbo,93418,90746,Shampoo Capilatis-reactivador De Rulos-pvc-ml.-350,CAPILATIS,35.99,2974.0,False,,,> Perfumería > Cuidado Capilar > Shampoo >,shampoo,estandar,rizado,https://www.jumbo.com.ar/shampoo-capilatis-12/p
Jumbo,90306,87634,Shampoo Match Tipo Siliconado Sin Atributo Sin Atributo,MATCH,2.95,244.0,False,,,> Hogar y textil > Automotor > Limpieza >,shampoo,estandar,general,https://www.jumbo.com.ar/shampoo-match/p
Jumbo,77289,74416,Shampoo Pantene Pro V X 200 Ml Frizz Control  Pvc 200 Ml.,PANTENE,173.39,173.39,False,200.0,0.8669,> Perfumería > Cuidado Capilar > Shampoo >,shampoo,profesional,general,https://www.jumbo.com.ar/shampoo-pantene-15-3/p
Jumbo,77277,74404,Shampoo Pantene Liso Extremo 200 Ml,PANTENE,21.33,1763.0,False,200.0,0.1066,> Perfumería > Cuidado Capilar > Shampoo >,shampoo,estandar,general,https://www.jumbo.com.ar/shampoo-pantene-15-4/p
Jumbo,77274,74401,Shampoo Pantene Cuidado Clásico 200 Ml,PANTENE,21.33,1763.0,False,200.0,0.1066,> Perfumería > Cuidado Capilar > Shampoo >,shampoo,estandar,general,https://www.jumbo.com.ar/shampoo-pantene-15-2/p
Jumbo,77249,74377,Shampoo Pantene Hidratación 200 Ml,PANTENE,21.33,1763.0,False,200.0,0.1066,> Perfumería > Cuidado Capilar > Shampoo >,shampoo,estandar,seco_danado,https://www.jumbo.com.ar/shampoo-pantene-15-6/p
Jumbo,77152,74280,Shampoo Pantene Pro V X 200 Ml Volumen Y Cuerpo  Pvc 200 Ml.,PANTENE,173.39,173.39,False,200.0,0.8669,> Perfumería > Cuidado Capilar > Shampoo >,shampoo,profesional,general,https://www.jumbo.com.ar/shampoo-pantene-14/p
Jumbo,72651,69787,Shampoo Pantene Renovación Profunda X 200 Ml,PANTENE,17.45,1442.0,False,200.0,0.0872,> Perfumería > Cuidado Capilar > Shampoo >,shampoo,estandar,general,https://www.jumbo.com.ar/shampoo-pantene-23-2/p
Jumbo,30162,27323,Shampoo Pantene Pro-v Expert Collection Advanced Keratin Repair 300 Ml,PANTENE,262.01,21654.0,False,300.0,0.8734,> Perfumería > Cuidado Capilar > Shampoo >,shampoo,profesional,general,https://www.jumbo.com.ar/shampoo-pantene-30/p
Jumbo,18730,15809,Shampoo Porta Shampoo Desodorante Porta 500 Cc,PORTA,97.49,97.49,False,,,> Mascotas > Accesorios para Mascotas >,shampoo,estandar,general,https://www.jumbo.com.ar/shampoo-porta-4/p
Jumbo,18681,15761,Shampoo Porta Shampoo Resaltador De Color Porta 500 Cc,PORTA,59.85,59.85,False,,,> Mascotas > Accesorios para Mascotas >,shampoo,estandar,tratado,https://www.jumbo.com.ar/shampoo-porta-5/p
Jumbo,180914,200331,Shampoo Sedal,SEDAL,17.99,17.99,False,,,> Perfumería > Cuidado Capilar > Shampoo >,shampoo,estandar,general,https://www.jumbo.com.ar/shampoo-sedal-9/p
Jumbo,152475,150048,Shampoo Dove óleo Nutrición 200 Ml,DOVE,135.75,11219.0,False,200.0,0.6787,> Perfumería > Cuidado Capilar > Shampoo >,shampoo,estandar,general,https://www.jumbo.com.ar/shampoo-dove-24/p
Jumbo,138948,135859,Shampoo Dove-daño Acumulado Therapy-+ac Daño Acumulado X 400 Al 50%-pck-un.-2,DOVE,23.57,1948.0,False,,,> Perfumería > Cuidado Capilar > Shampoo >,shampoo,estandar,general,https://www.jumbo.com.ar/shampoo-dove-10/p
Jumbo,124169,123171,Shampoo Prunelle Familiar Agregados +acondic. Sin Atributo Sin Atributo,PRUNELLE,26.35,26.35,False,,,> Perfumería > Cuidado Capilar > Shampoo >,shampoo,estandar,general,https://www.jumbo.com.ar/shampoo-prunelle-2/p
Jumbo,122202,121220,Shampoo Pantene Control Caída 750ml,PANTENE,74.37,6146.0,False,750.0,0.0992,> Perfumería > Cuidado Capilar > Shampoo >,shampoo,estandar,general,https://www.jumbo.com.ar/shampoo-pantene-17-2/p
Jumbo,122197,121216,Shampoo Pantene Rizos Definidos 750 Ml,PANTENE,64.35,5318.0,False,750.0,0.0858,> Perfumería > Cuidado Capilar > Shampoo >,shampoo,estandar,rizado,https://www.jumbo.com.ar/shampoo-pantene-18/p
Jumbo,122186,121205,Shampoo Capilatis X500ml,CAPILATIS,32.49,2685.0,False,500.0,0.065,> Perfumería > Cuidado Capilar > Shampoo >,shampoo,estandar,general,https://www.jumbo.com.ar/shampoo-capilatis-6/p
Jumbo,122012,121031,Shampoo Pantene Liso Y Sedoso 750 Ml,PANTENE,51.07,4221.0,False,750.0,0.0681,> Perfumería > Cuidado Capilar > Shampoo >,shampoo,estandar,general,https://www.jumbo.com.ar/shampoo-pantene-17/p
Jumbo,115058,114104,Shampoo Suave Multivitamina E Y B X 930 Ml,SUAVE,7.39,7.39,False,930.0,0.0079,> Perfumería > Cuidado Capilar > Shampoo >,shampoo,estandar,bebe,https://www.jumbo.com.ar/shampoo-suave-2-5/p
Jumbo,107856,105123,Shampoo Suave Vainilla Y Canela Pvc 930 Ml,SUAVE,8.69,718.0,False,930.0,0.0093,> Perfumería > Cuidado Capilar > Shampoo >,shampoo,estandar,bebe,https://www.jumbo.com.ar/shampoo-suave-2-2/p
Jumbo,77268,74395,Shampoo Pantene Control Caída 200 Ml,PANTENE,21.33,1763.0,False,200.0,0.1066,> Perfumería > Cuidado Capilar > Shampoo >,shampoo,estandar,general,https://www.jumbo.com.ar/shampoo-pantene-13/p
Jumbo,77239,74367,Shampoo Pantene Color Radiante 200ml,PANTENE,21.33,1763.0,False,200.0,0.1066,> Perfumería > Cuidado Capilar > Shampoo >,shampoo,estandar,tratado,https://www.jumbo.com.ar/shampoo-pantene-15/p
Jumbo,77023,74151,Shampoo Tresemmé Anti-quiebre,TRESEMMÉ,51.87,4287.0,False,,,> Perfumería > Cuidado Capilar > Shampoo >,shampoo,estandar,general,https://www.jumbo.com.ar/shampoo-tresemme-8/p
Jumbo,73429,70560,Shampoo Dove Rizos Therapy X 250 Ml,DOVE,9.5,9.5,False,250.0,0.038,> Perfumería > Cuidado Capilar > Shampoo >,shampoo,estandar,rizado,https://www.jumbo.com.ar/shampoo-dove-27/p
Jumbo,73393,70524,Shampoo Dove Lisos Therapy X 250 Ml,DOVE,9.19,9.19,False,250.0,0.0368,> Perfumería > Cuidado Capilar > Shampoo >,shampoo,estandar,general,https://www.jumbo.com.ar/shampoo-dove/p
Jumbo,73277,70409,Shampoo Pantene Hidratación 400 Ml,PANTENE,48.79,4032.0,False,400.0,0.122,> Perfumería > Cuidado Capilar > Shampoo >,shampoo,estandar,seco_danado,https://www.jumbo.com.ar/shampoo-pantene-12/p
Jumbo,72432,69568,Shampoo Pantene Renovación Profunda X 400 Ml,PANTENE,103.39,103.39,False,400.0,0.2585,> Perfumería > Cuidado Capilar > Shampoo >,shampoo,estandar,general,https://www.jumbo.com.ar/shampoo-pantene-23/p
Jumbo,70445,67580,Shampoo Dove Control Caida + Tratamiento + Hebilla,DOVE,31.79,31.79,False,,,> Perfumería > Cuidado Capilar > Shampoo >,tratamiento,estandar,general,https://www.jumbo.com.ar/shampoo-dove-6/p
Jumbo,70253,67390,Shampoo Capilatis Cosm.anticaspa Presentacion Anti-caspa Sin Atributo Sin Atributo,CAPILATIS,53.79,4445.0,False,,,> Perfumería > Cuidado Capilar > Shampoo >,shampoo,estandar,anticaspa,https://www.jumbo.com.ar/shampoo-capilatis-10-2/p
Jumbo,64176,61325,Shampoo Tresemmé,TRESEMMÉ,11.55,11.55,False,,,> Perfumería > Cuidado Capilar > Shampoo >,shampoo,estandar,general,https://www.jumbo.com.ar/shampoo-tresemme-5-2/p
Jumbo,63990,61138,Shampoo Elvive,ELVIVE,22.85,22.85,False,,,> Perfumería > Cuidado Capilar > Shampoo >,shampoo,profesional,general,https://www.jumbo.com.ar/shampoo-elvive-2/p
Jumbo,30161,27322,Shampoo Pantene Pro-v Expert Collection Age Defy 300 Ml,PANTENE,312.53,25829.0,False,300.0,1.0418,> Perfumería > Cuidado Capilar > Shampoo >,shampoo,profesional,general,https://www.jumbo.com.ar/shampoo-pantene-29/p
Jumbo,20239,17411,Shampoo Capilatis Cosmetico Equilibrio Presentacion Equilibrio Tipo Cabello Normal,CAPILATIS,77.39,6396.0,False,,,> Perfumería > Cuidado Capilar > Shampoo >,shampoo,estandar,general,https://www.jumbo.com.ar/shampoo-capilatis-10/p
Jumbo,179064,197032,Shampoo Capilatis Ortiga-aloe Shampoo Más Loción Cja 2 Un.,CAPILATIS,17.16,17.16,False,,,> Perfumería > Cuidado Capilar > Shampoo >,shampoo,estandar,general,https://www.jumbo.com.ar/shampoo-capilatis-34-169278/p
Jumbo,363112,361855,Shampoo Alternativa Natural Pvc 500 Cc,ALTERNATIVA NATURAL,12.89,1065.0,False,,,> Mascotas > Accesorios para Mascotas >,shampoo,estandar,general,https://www.jumbo.com.ar/shampoo-alternativa-natural/p
Jumbo,339227,337912,Shampoo Botikpuro Romero,BOTIK PURO,983.25,81260.0,False,,,> Perfumería > Cuidado Capilar > Shampoo >,shampoo,estandar,general,https://www.jumbo.com.ar/shampoo-botikpuro-romero-2/p
Jumbo,263644,263364,Shampoo Suave Manzanilla,SUAVE,103.84,8582.0,False,,,> Perfumería > Cuidado Capilar > Shampoo >,shampoo,estandar,bebe,https://www.jumbo.com.ar/shampoo-suave-manzanilla/p
Jumbo,134492,131402,Shampoo Sedal Sos-+ Aconcidionador X 200ml-reconstruccion Estructural X 350ml.-bli-un.-2,SEDAL SOS,25.47,2105.0,False,200.0,0.1273,> Perfumería > Cuidado Capilar > Shampoo >,shampoo,estandar,general,https://www.jumbo.com.ar/shampoo-sedal-sos-13/p
Jumbo,128499,111278,Shampoo Anticaspa Clear-+ Deo Dove X 175 Ml-bli-un.-2,CLEAR,17.79,1470.0,False,175.0,0.1017,> Perfumería > Cuidado Capilar > Shampoo >,shampoo,estandar,anticaspa,https://www.jumbo.com.ar/shampoo-anticaspa-clear-2/p
Jumbo,127217,110006,Shampoo Elvive Cosmetico,ELVIVE,16.67,16.67,False,,,> Perfumería > Cuidado Capilar > Shampoo >,shampoo,profesional,general,https://www.jumbo.com.ar/shampoo-elvive-cosmetico-95/p
Jumbo,114810,113858,Shampoo Plusbelle Familiar,PLUSBELLE,6.05,6.05,False,,,> Perfumería > Cuidado Capilar > Shampoo >,shampoo,estandar,general,https://www.jumbo.com.ar/shampoo-plusbelle-familiar-14/p
Jumbo,107163,104430,Shampoo Sedal Sos Reparación + Crema Tratamiento Reparación,SEDAL SOS,12.39,12.39,False,,,> Perfumería > Cuidado Capilar > Shampoo >,tratamiento,estandar,general,https://www.jumbo.com.ar/shampoo-sedal-sos-9/p
Jumbo,102116,99421,Shampoo Elvive  Cosmetico,ELVIVE,12.65,12.65,False,,,> Perfumería > Cuidado Capilar > Shampoo >,shampoo,profesional,general,https://www.jumbo.com.ar/shampoo-elvive-cosmetico-29/p
Jumbo,72518,69654,Shampoo Plusbelle Familiar Creme Hidro Pro Pvc 1 Lt.,PLUSBELLE,16.23,1341.0,False,,,> Perfumería > Cuidado Capilar > Shampoo >,shampoo,estandar,general,https://www.jumbo.com.ar/shampoo-plusbelle-familiar/p
Jumbo,72516,69652,Shampoo Plusbelle Familiar,PLUSBELLE,10.13,10.13,False,,,> Perfumería > Cuidado Capilar > Shampoo >,shampoo,estandar,general,https://www.jumbo.com.ar/shampoo-plusbelle-familiar-2/p
Jumbo,68653,65791,Shampoo Elvive Cosmetico,ELVIVE,7.97,7.97,False,,,> Perfumería > Cuidado Capilar > Shampoo >,shampoo,profesional,general,https://www.jumbo.com.ar/shampoo-elvive-cosmetico-2/p
Jumbo,67967,65105,Shampoo Elvive Cosmetico Shampoo Elvive Nutri Gloss X 400 Ml,ELVIVE,91.65,7574.0,False,400.0,0.2291,> Perfumería > Cuidado Capilar > Shampoo >,shampoo,profesional,general,https://www.jumbo.com.ar/shampoo-elvive-cosmetico-10-2/p
Jumbo,67934,65072,Shampoo Elvive Cosmetico Shampoo Elvive Anti Quiebre X 400 Ml,ELVIVE,16.52,16.52,False,400.0,0.0413,> Perfumería > Cuidado Capilar > Shampoo >,shampoo,profesional,general,https://www.jumbo.com.ar/shampoo-elvive-cosmetico-10/p
Jumbo,64005,61153,Shampoo Elvive Set,ELVIVE,18.79,18.79,False,,,> Perfumería > Cuidado Capilar > Shampoo >,shampoo,profesional,general,https://www.jumbo.com.ar/shampoo-elvive-set-6/p
Jumbo,29621,26783,Shampoo Herbal Essences Hidradisíaco 300 Ml,HERBAL ESSENCES,162.43,13424.0,False,300.0,0.5414,> Perfumería > Cuidado Capilar > Shampoo >,shampoo,estandar,general,https://www.jumbo.com.ar/shampoo-herbal-essences-7/p
Jumbo,127602,110386,Shampoo Elvive Cosmetico,ELVIVE,91.65,7574.0,False,,,> Perfumería > Cuidado Capilar > Shampoo >,shampoo,profesional,general,https://www.jumbo.com.ar/shampoo-elvive-cosmetico-97/p
Jumbo,122254,121273,Shampoo Capilatisx300ml,CAPILATIS,15.0,15.0,False,300.0,0.05,> Perfumería > Cuidado Capilar > Shampoo >,shampoo,estandar,general,https://www.jumbo.com.ar/shampoo-capilatisx300ml/p
Jumbo,114886,113933,Shampoo Elvive Cosmetico 2 En 1 Anti Quiebre Pet 250 Ml,ELVIVE,7.97,7.97,False,250.0,0.0319,> Perfumería > Cuidado Capilar > Shampoo >,shampoo,profesional,general,https://www.jumbo.com.ar/shampoo-elvive-cosmetico-5/p
Jumbo,111930,78749,Shampoo Plusbelle Familiar Algas Marinas Hidro Pro Pvc 1 Lt.,PLUSBELLE,16.23,1341.0,False,,,> Perfumería > Cuidado Capilar > Shampoo >,shampoo,estandar,general,https://www.jumbo.com.ar/shampoo-plusbelle-familiar-5/p
Jumbo,72557,69693,Shampoo Plusbelle Familiar,PLUSBELLE,11.59,11.59,False,,,> Perfumería > Cuidado Capilar > Shampoo >,shampoo,estandar,general,https://www.jumbo.com.ar/shampoo-plusbelle-familiar-6/p
Jumbo,71153,68287,Shampoo Elvive Cosmetico,ELVIVE,61.83,61.83,False,,,> Perfumería > Cuidado Capilar > Shampoo >,shampoo,profesional,general,https://www.jumbo.com.ar/shampoo-elvive-cosmetico/p
Jumbo,70103,67240,Shampoo Elvive Cosmetico,ELVIVE,10.45,10.45,False,,,> Perfumería > Cuidado Capilar > Shampoo >,shampoo,profesional,general,https://www.jumbo.com.ar/shampoo-elvive-cosmetico-31/p
Jumbo,69780,66917,Shampoo Nenin Familiar,NENNIN NATURESSENCE,5.35,5.35,False,,,> Perfumería > Cuidado Capilar > Shampoo >,shampoo,estandar,general,https://www.jumbo.com.ar/shampoo-nenin-familiar-2/p
Jumbo,69778,66915,Shampoo Nenin Familiar,NENNIN NATURESSENCE,5.35,5.35,False,,,> Perfumería > Cuidado Capilar > Shampoo >,shampoo,estandar,general,https://www.jumbo.com.ar/shampoo-nenin-familiar-4/p
Jumbo,68668,65806,Shampoo Elvive Cosmetico Volumen Control  Pvc 400 Ml.,ELVIVE,91.65,7574.0,False,400.0,0.2291,> Perfumería > Cuidado Capilar > Shampoo >,shampoo,profesional,general,https://www.jumbo.com.ar/shampoo-elvive-cosmetico-13/p
Jumbo,67961,65099,Shampoo Elvive Cosmetico Shampoo Elvive Colorvive X 400 Ml,ELVIVE,91.65,7574.0,False,400.0,0.2291,> Perfumería > Cuidado Capilar > Shampoo >,shampoo,profesional,tratado,https://www.jumbo.com.ar/shampoo-elvive-cosmetico-9-2/p
Jumbo,67948,65086,Shampoo Elvive Cosmetico Shampoo Elvive Citrus X 400 Ml,ELVIVE,61.83,61.83,False,400.0,0.1546,> Perfumería > Cuidado Capilar > Shampoo >,shampoo,profesional,general,https://www.jumbo.com.ar/shampoo-elvive-cosmetico-12/p
Jumbo,67351,64489,Shampoo Plusbelle Evolution,PLUSBELLE EVOLUTION,6.15,6.15,False,,,> Perfumería > Cuidado Capilar > Shampoo >,shampoo,estandar,general,https://www.jumbo.com.ar/shampoo-plusbelle-evolution-2/p
Jumbo,53664,50826,Shampoo Elvive Cosmetico. Shampoo Elvive Cosmetico Volumen Control  Pvc 750 Ml.,ELVIVE,146.95,12145.0,False,750.0,0.1959,> Perfumería > Cuidado Capilar > Shampoo >,shampoo,profesional,general,https://www.jumbo.com.ar/shampoo-elvive-cosmetico-14/p
Jumbo,38425,35582,Shampoo Siliconado Autopolish,AUTOPOLISH,400.69,33115.0,False,,,> Hogar y textil > Automotor > Limpieza >,shampoo,estandar,general,https://www.jumbo.com.ar/shampoo-siliconado-autopolish/p
Jumbo,30961,28120,Shampoo Johnson Baby Shampoo Para Bebé Johnson's® Cabello Claro X 750 Ml,JOHNSON BABY,492.99,40743.0,False,750.0,0.6573,> Mundo Bebe > Higiene para el Bebe > Higiene del Bebé >,shampoo,estandar,bebe,https://www.jumbo.com.ar/shampoo-johnson-baby-13-2/p
Jumbo,29696,26858,Shampoo Johnson Baby Shampoo Para Niños Johnson's® Fragancia Prolongada X 200 Ml,JOHNSON BABY,248.89,20569.0,False,200.0,1.2444,> Mundo Bebe > Higiene para el Bebe > Higiene del Bebé >,shampoo,estandar,bebe,https://www.jumbo.com.ar/shampoo-johnson-baby-12/p
Jumbo,3092,247745,Shampoo Johnson Baby Shampoo Para Bebé Johnson's® Protección Uv X 200 Ml,JOHNSON BABY,213.39,17636.0,False,200.0,1.0669,> Mundo Bebe > Higiene para el Bebe > Higiene del Bebé >,shampoo,estandar,bebe,https://www.jumbo.com.ar/shampoo-johnson-baby-9/p
Jumbo,297871,297101,Minions Shampoo 200ml,ALGABO,133.52,133.52,False,200.0,0.6676,> Mundo Bebe > Higiene para el Bebe > Higiene del Bebé >,shampoo,estandar,general,https://www.jumbo.com.ar/minions-shampoo-200ml/p
Jumbo,297863,297093,Frozen Shampoo 200ml,ALGABO,129.0,129.0,False,200.0,0.645,> Mundo Bebe > Higiene para el Bebe > Higiene del Bebé >,shampoo,estandar,general,https://www.jumbo.com.ar/frozen-shampoo-200ml/p
Jumbo,232064,207383,Shampoo Plusbelle Familiar,PLUSBELLE,5.09,5.09,False,,,> Perfumería > Cuidado Capilar > Shampoo >,shampoo,estandar,general,https://www.jumbo.com.ar/shampoo-plusbelle-familiar-21/p
Jumbo,134500,131412,Shampoo Sedal Sos-+ Acondicionador Sedal X 200 Ml-clima Resist-bli-un.-2,SEDAL SOS,20.99,1735.0,False,200.0,0.1049,> Perfumería > Cuidado Capilar > Shampoo >,acondicionador,estandar,general,https://www.jumbo.com.ar/shampoo-sedal-sos-12/p
Jumbo,127969,110748,Shampoo Anticaspa Clear-+ Deo Dove X 175 Ml-brillo-bli-un.-2,CLEAR,19.83,1639.0,False,175.0,0.1133,> Perfumería > Cuidado Capilar > Shampoo >,shampoo,estandar,anticaspa,https://www.jumbo.com.ar/shampoo-anticaspa-clear/p
Jumbo,127334,110123,Shampoo Elvive Cosmetico,ELVIVE,13.57,13.57,False,,,> Perfumería > Cuidado Capilar > Shampoo >,shampoo,profesional,general,https://www.jumbo.com.ar/shampoo-elvive-cosmetico-96/p
Jumbo,116087,115131,Shampoo Anticaspa Triatop Shampoo Triatop Tratamiento Intensivo X 240 Ml,TRIATOP,23.07,23.07,False,240.0,0.0961,> Perfumería > Cuidado Capilar > Shampoo >,tratamiento,estandar,anticaspa,https://www.jumbo.com.ar/shampoo-anticaspa-triatop-2/p
Jumbo,72606,69741,Shampoo Plusbelle Familiar,PLUSBELLE,10.13,10.13,False,,,> Perfumería > Cuidado Capilar > Shampoo >,shampoo,estandar,general,https://www.jumbo.com.ar/shampoo-plusbelle-familiar-7/p
Jumbo,72523,69659,Shampoo Plusbelle Familiar Extra  Brillo  Pvc 1 Lt,PLUSBELLE,11.59,11.59,False,,,> Perfumería > Cuidado Capilar > Shampoo >,shampoo,estandar,general,https://www.jumbo.com.ar/shampoo-plusbelle-familiar-3/p
Jumbo,69783,66920,Shampoo Nenin Familiar,NENNIN NATURESSENCE,5.35,5.35,False,,,> Perfumería > Cuidado Capilar > Shampoo >,shampoo,estandar,general,https://www.jumbo.com.ar/shampoo-nenin-familiar/p
Jumbo,69199,66334,Shampoo Anticaspa Elvive X 400 Ml,ELVIVE,17.2,17.2,False,400.0,0.043,> Perfumería > Cuidado Capilar > Shampoo >,shampoo,profesional,anticaspa,https://www.jumbo.com.ar/shampoo-anticaspa-elvive-3/p
Jumbo,68903,66040,Shampoo Anticaspa Elvive X 400 Ml,ELVIVE,25.49,2107.0,False,400.0,0.0637,> Perfumería > Cuidado Capilar > Shampoo >,shampoo,profesional,anticaspa,https://www.jumbo.com.ar/shampoo-anticaspa-elvive/p
Jumbo,67981,65119,Shampoo Elvive Cosmetico Shampoo Elvive Hydra Curl X 400 Ml,ELVIVE,91.65,7574.0,False,400.0,0.2291,> Perfumería > Cuidado Capilar > Shampoo >,shampoo,profesional,rizado,https://www.jumbo.com.ar/shampoo-elvive-cosmetico-11-2/p
Jumbo,67949,65087,Shampoo Elvive Cosmetico Shampoo Elvive Liss Intense X 400 Ml,ELVIVE,91.65,7574.0,False,400.0,0.2291,> Perfumería > Cuidado Capilar > Shampoo >,shampoo,profesional,general,https://www.jumbo.com.ar/shampoo-elvive-cosmetico-9/p
Jumbo,52076,49242,Shampoo Suave Kids,SUAVE,682.57,56411.0,False,,,> Mundo Bebe > Higiene para el Bebe > Higiene del Bebé >,shampoo,estandar,bebe,https://www.jumbo.com.ar/shampoo-suave-kids-2/p
Jumbo,42166,39336,Shampoo Herbal Essences Delirio De Control 300 Ml,HERBAL ESSENCES,157.69,13032.0,False,300.0,0.5256,> Perfumería > Cuidado Capilar > Shampoo >,shampoo,estandar,general,https://www.jumbo.com.ar/shampoo-herbal-essences-2/p
Jumbo,30954,28113,Shampoo Johnson Baby Shampoo Para Bebé Johnson's® Cabello Claro X 400 Ml,JOHNSON BABY,274.97,22725.0,False,400.0,0.6874,> Mundo Bebe > Higiene para el Bebe > Higiene del Bebé >,shampoo,estandar,bebe,https://www.jumbo.com.ar/shampoo-johnson-baby-13/p
Jumbo,157946,155505,Shampoo Johnson Baby Manzanilla Shampoo 400ml+acond 200ml Pck 2 Un.,JOHNSON BABY,17.69,17.69,False,400.0,0.0442,> Mundo Bebe > Higiene para el Bebe > Higiene del Bebé >,shampoo,estandar,general,https://www.jumbo.com.ar/shampoo-johnson-baby-manzanilla-shampoo-400ml-acond-200ml-pck-2-un/p
Jumbo,1369603,1367902,Shampoo Tio Nachito 400ml,TIO NACHITO,10500.0,867769.0,False,400.0,26.25,> Perfumería > Cuidado Capilar > Shampoo >,shampoo,estandar,general,https://www.jumbo.com.ar/shampoo-tio-nachito-400ml/p
Jumbo,394684,392683,Shampoo Ogx Biotin 385ml,OGX,9896.09,817859.0,False,385.0,25.7041,> Perfumería > Cuidado Capilar > Shampoo >,shampoo,estandar,general,https://www.jumbo.com.ar/shampoo-ogx-biotin-385ml/p
Jumbo,375609,374327,Shampoo Suave Antifrizz 930ml,SUAVE,659.55,54508.0,False,930.0,0.7092,> Perfumería > Cuidado Capilar > Shampoo >,shampoo,estandar,bebe,https://www.jumbo.com.ar/shampoo-suave-antifrizz-930ml/p
Jumbo,375600,374318,Shampoo Suave Manzana 930ml,SUAVE,2181.29,180272.0,False,930.0,2.3455,> Perfumería > Cuidado Capilar > Shampoo >,shampoo,estandar,bebe,https://www.jumbo.com.ar/shampoo-suave-manzana-930ml/p
Jumbo,375599,374317,Shampoo Suave Rubios 930ml,SUAVE,569.69,47082.0,False,930.0,0.6126,> Perfumería > Cuidado Capilar > Shampoo >,shampoo,estandar,bebe,https://www.jumbo.com.ar/shampoo-suave-rubios-930ml/p
Jumbo,337423,336526,Shampoo Dove Reconstruccion 400ml,DOVE,603.09,49842.0,False,400.0,1.5077,> Perfumería > Cuidado Capilar > Shampoo >,shampoo,estandar,general,https://www.jumbo.com.ar/shampoo-dove-reconstruccion-400ml-2/p
Jumbo,336045,335154,Shampoo Sedal Coco 650ml,SEDAL,457.87,37841.0,False,650.0,0.7044,> Perfumería > Cuidado Capilar > Shampoo >,shampoo,estandar,general,https://www.jumbo.com.ar/shampoo-sedal-coco-650ml/p
Jumbo,332168,331326,Shampoo Plusbelle Detox 1lt,PLUSBELLE,454.55,37566.0,False,,,> Perfumería > Cuidado Capilar > Shampoo >,shampoo,estandar,general,https://www.jumbo.com.ar/shampoo-plusbelle-detox-1lt/p
Jumbo,332166,331324,Shampoo Plusbelle Balance 1lt,PLUSBELLE,454.55,37566.0,False,,,> Perfumería > Cuidado Capilar > Shampoo >,shampoo,estandar,general,https://www.jumbo.com.ar/shampoo-plusbelle-balance-1lt/p
Jumbo,332159,331317,Shampoo Plusbelle Restructuracion 970ml,PLUSBELLE,545.45,45079.0,False,970.0,0.5623,> Perfumería > Cuidado Capilar > Shampoo >,shampoo,estandar,general,https://www.jumbo.com.ar/shampoo-plusbelle-restructuracion-970ml/p
Jumbo,331677,330835,Shampoo Plusbelle Antioxidante 1lt,PLUSBELLE,454.55,37566.0,False,,,> Perfumería > Cuidado Capilar > Shampoo >,shampoo,estandar,general,https://www.jumbo.com.ar/shampoo-plusbelle-antioxidante-1lt/p
Jumbo,317286,316532,Shampoo Sedal Carbon 190ml,SEDAL,219.53,18143.0,False,190.0,1.1554,> Perfumería > Cuidado Capilar > Shampoo >,shampoo,estandar,general,https://www.jumbo.com.ar/shampoo-sedal-carbon-190ml/p
Jumbo,317280,316526,Shampoo Sedal Carbon 340ml,SEDAL,286.27,23659.0,False,340.0,0.842,> Perfumería > Cuidado Capilar > Shampoo >,shampoo,estandar,general,https://www.jumbo.com.ar/shampoo-sedal-carbon-340ml/p
Jumbo,312934,312172,Shampoo Biferdil Keratina 400ml,BIFERDIL,10413.85,860649.0,False,400.0,26.0346,> Perfumería > Cuidado Capilar > Shampoo >,shampoo,estandar,tratado,https://www.jumbo.com.ar/shampoo-biferdil-keratina-400ml/p
Jumbo,311249,310484,Shampoo Docilidad 1 L,PLUSBELLE,213.19,17619.0,False,1000.0,0.2132,> Perfumería > Cuidado Capilar > Shampoo >,shampoo,estandar,general,https://www.jumbo.com.ar/shampoo-docilidad-1-l/p
Jumbo,307900,307138,Shampoo Polyana Nutricion 300ml,POLYANA,300.0,24793.0,False,300.0,1.0,> Perfumería > Cuidado Capilar > Shampoo >,shampoo,estandar,general,https://www.jumbo.com.ar/shampoo-polyana-nutricion-300ml/p
Jumbo,288718,287965,Shampoo Elvive Reconstructor 200ml,ELVIVE,290.85,24037.0,False,200.0,1.4543,> Perfumería > Cuidado Capilar > Shampoo >,shampoo,profesional,general,https://www.jumbo.com.ar/shampoo-elvive-reconstructor-200ml/p
Jumbo,272972,272233,Shampoo Roby Lacio Sedoso,ROBY,58.99,4875.0,False,,,> Perfumería > Cuidado Capilar > Shampoo >,shampoo,estandar,tratado,https://www.jumbo.com.ar/shampoo-roby-lacio-sedoso/p
Jumbo,263624,263344,Shampoo Dove Hidratacion 400ml,DOVE,244.89,20239.0,False,400.0,0.6122,> Perfumería > Cuidado Capilar > Shampoo >,shampoo,estandar,seco_danado,https://www.jumbo.com.ar/shampoo-dove-hidratacion-400ml/p
Jumbo,113221,112270,Shampoo Elvive Cosmetico  250,ELVIVE,7.97,7.97,False,,,> Perfumería > Cuidado Capilar > Shampoo >,shampoo,profesional,general,https://www.jumbo.com.ar/shampoo-elvive-cosmetico-250/p
Jumbo,92548,89876,Shampoo Babelito-pvc-ml.-500,BABELITO,31.99,31.99,False,,,> Mundo Bebe > Higiene para el Bebe > Higiene del Bebé >,shampoo,estandar,general,https://www.jumbo.com.ar/shampoo-babelito-pvc-ml-500/p
Jumbo,47311,44476,Shampoo Pantene Restauracion 200ml,PANTENE,173.39,14330.0,False,200.0,0.8669,> Perfumería > Cuidado Capilar > Shampoo >,shampoo,estandar,general,https://www.jumbo.com.ar/shampoo-pantene-restauracion-200ml/p
Jumbo,41536,38701,Shampoo Fructis Brillo 350ml,FRUCTIS,536.89,44371.0,False,350.0,1.534,> Perfumería > Cuidado Capilar > Shampoo >,shampoo,estandar,general,https://www.jumbo.com.ar/shampoo-fructis-brillo-350ml-2/p
Jumbo,36883,34042,Shampoo Johnson Baby 400ml Shampoo Johnson Baby 400 Ml,JOHNSON BABY,274.97,22725.0,False,400.0,0.6874,> Mundo Bebe > Higiene para el Bebe > Higiene del Bebé >,shampoo,estandar,general,https://www.jumbo.com.ar/shampoo-johnson-baby-400ml/p
Jumbo,36862,34021,Shampoo Johnson Baby 200ml Shampoo Johnson Baby 200 Ml,JOHNSON BABY,213.39,17636.0,False,200.0,1.0669,> Mundo Bebe > Higiene para el Bebe > Higiene del Bebé >,shampoo,estandar,general,https://www.jumbo.com.ar/shampoo-johnson-baby-200ml/p
Jumbo,19666,16830,Shampoo Sedal Liso 650ml,SEDAL,246.25,20351.0,False,650.0,0.3788,> Perfumería > Cuidado Capilar > Shampoo >,shampoo,estandar,general,https://www.jumbo.com.ar/shampoo-sedal-liso-650ml/p
Jumbo,19536,16692,Shampoo Tresemme 750 Ml,TRESEMMÉ,447.75,37004.0,False,750.0,0.597,> Perfumería > Cuidado Capilar > Shampoo >,shampoo,estandar,general,https://www.jumbo.com.ar/shampoo-tresemme-750-ml-2/p
Jumbo,19533,16688,Shampoo Tresemme Keratina750ml Shampoo Tresemme Liso Keratina 750 Ml,TRESEMMÉ,814.35,67302.0,False,750.0,1.0858,> Perfumería > Cuidado Capilar > Shampoo >,shampoo,estandar,tratado,https://www.jumbo.com.ar/shampoo-tresemme-keratina750ml/p
Jumbo,19523,16677,Shampoo Tresemmé Despeinado Perfecto Shampoo Tresemme Despeinado Perfecto 400 Ml,TRESEMMÉ,283.29,23412.0,False,400.0,0.7082,> Perfumería > Cuidado Capilar > Shampoo >,shampoo,estandar,general,https://www.jumbo.com.ar/shampoo-tresemme-despeinado-perfecto/p
Jumbo,19522,16676,Shampoo Tresemme Hidratacion 400ml Shampoo Tresemme Hidratación Profunda 400 Ml,TRESEMMÉ,472.75,39070.0,False,400.0,1.1819,> Perfumería > Cuidado Capilar > Shampoo >,shampoo,estandar,seco_danado,https://www.jumbo.com.ar/shampoo-tresemme-hidratacion-400ml/p
Jumbo,12037,9297,Shampoo Elvive Fibralogy 400ml,ELVIVE,430.95,35616.0,False,400.0,1.0774,> Perfumería > Cuidado Capilar > Shampoo >,shampoo,profesional,general,https://www.jumbo.com.ar/shampoo-elvive-fibralogy-400ml/p
Jumbo,7407,4736,Shampoo Pantene Rizos 750ml,PANTENE,494.89,40900.0,False,750.0,0.6599,> Perfumería > Cuidado Capilar > Shampoo >,shampoo,estandar,rizado,https://www.jumbo.com.ar/shampoo-pantene-rizos-750ml/p
Jumbo,3448,248545,Shampoo Elvive Citrus 200ml,ELVIVE,290.85,24037.0,False,200.0,1.4543,> Perfumería > Cuidado Capilar > Shampoo >,shampoo,profesional,general,https://www.jumbo.com.ar/shampoo-elvive-citrus-200ml/p
Jumbo,3427,248527,Pantene Shampoo Hidrocauterizacion 750ml,PANTENE,74.37,6146.0,False,750.0,0.0992,> Perfumería > Cuidado Capilar > Shampoo >,shampoo,estandar,general,https://www.jumbo.com.ar/shampoo-pantene-2/p
Jumbo,272456,271757,Shampoo Para Niños Johnson's® Shampoo Fuerza Y Vitamina X 200 Ml,JOHNSON BABY,88.49,7313.0,False,200.0,0.4424,> Mundo Bebe > Higiene para el Bebe > Higiene del Bebé >,shampoo,estandar,bebe,https://www.jumbo.com.ar/shampoo-para-ninos-johnson-s-shampoo-fuerza-y-vitamina-x-200-ml/p
Jumbo,272455,271759,Shampoo Para Niños Johnson's® Shampoo Fuerza Y Vitamina X 400 Ml,JOHNSON BABY,239.65,19806.0,False,400.0,0.5991,> Mundo Bebe > Higiene para el Bebe > Higiene del Bebé >,shampoo,estandar,bebe,https://www.jumbo.com.ar/shampoo-para-ninos-johnson-s-shampoo-fuerza-y-vitamina-x-400-ml/p
Jumbo,410229,406235,Shampoo Polyana Hidratacion 900ml,PLUSBELLE,607.99,50247.0,False,900.0,0.6755,> Perfumería > Cuidado Capilar > Shampoo >,shampoo,estandar,seco_danado,https://www.jumbo.com.ar/shampoo-polyana-hidratacion-900ml/p
Jumbo,375608,374326,Shampoo Suave Coco 930ml,SUAVE,2400.0,198347.0,False,930.0,2.5806,> Perfumería > Cuidado Capilar > Shampoo >,shampoo,estandar,bebe,https://www.jumbo.com.ar/shampoo-suave-coco-930ml/p
Jumbo,349497,348157,Shampoo Plusbelle Reparacion 1000ml,PLUSBELLE,1214.29,100355.0,False,1000.0,1.2143,> Perfumería > Cuidado Capilar > Shampoo >,shampoo,estandar,general,https://www.jumbo.com.ar/shampoo-plusbelle-reparacion-1000ml-2/p
Jumbo,349495,348155,Shampoo Plusbelle Docilidad 1000ml,PLUSBELLE,941.27,77791.0,False,1000.0,0.9413,> Perfumería > Cuidado Capilar > Shampoo >,shampoo,estandar,general,https://www.jumbo.com.ar/shampoo-plusbelle-docilidad-1000ml-2/p
Jumbo,349490,348150,Shampoo Plusbelle Suavidad 1000ml,PLUSBELLE,5100.0,421488.0,False,1000.0,5.1,> Perfumería > Cuidado Capilar > Shampoo >,shampoo,estandar,general,https://www.jumbo.com.ar/shampoo-plusbelle-suavidad-1000ml-2/p
Jumbo,339246,337931,Shampoo Botikpuro Calendula Manzanilla,BOTIK PURO,1202.89,99412.0,False,,,> Perfumería > Cuidado Capilar > Shampoo >,shampoo,estandar,general,https://www.jumbo.com.ar/shampoo-botikpuro-calendula-manzanilla-2/p
Jumbo,338990,316523,Shampoo Suave Manzanilla 930ml Shampoo Suave Manzanilla Rubios 930 Ml,SUAVE,339.05,28021.0,False,930.0,0.3646,> Perfumería > Cuidado Capilar > Shampoo >,shampoo,estandar,bebe,https://www.jumbo.com.ar/shampoo-suave-manzanilla-930ml/p
Jumbo,337418,336521,Shampoo Dove Reconstruccion 200ml,DOVE,450.0,37190.0,False,200.0,2.25,> Perfumería > Cuidado Capilar > Shampoo >,shampoo,estandar,general,https://www.jumbo.com.ar/shampoo-dove-reconstruccion-200ml-2/p
Jumbo,332177,331335,Shampoo Plusbelle Suavidad 1lt,PLUSBELLE,454.55,37566.0,False,,,> Perfumería > Cuidado Capilar > Shampoo >,shampoo,estandar,general,https://www.jumbo.com.ar/shampoo-plusbelle-suavidad-1lt/p
Jumbo,332165,331323,Shampoo Plusbelle Frescura 1lt,PLUSBELLE,454.55,37566.0,False,,,> Perfumería > Cuidado Capilar > Shampoo >,shampoo,estandar,general,https://www.jumbo.com.ar/shampoo-plusbelle-frescura-1lt/p
Jumbo,297874,297104,Avengers Spiderman Shampoo 200ml,ALGABO,129.0,129.0,False,200.0,0.645,> Mundo Bebe > Higiene para el Bebe > Higiene del Bebé >,shampoo,estandar,general,https://www.jumbo.com.ar/avengers-spiderman-shampoo-200ml/p
Jumbo,294912,294143,Shampoo Plusbelle Proteccion Natural,PLUSBELLE,155.65,12864.0,False,,,> Perfumería > Cuidado Capilar > Shampoo >,shampoo,estandar,general,https://www.jumbo.com.ar/shampoo-plusbelle-proteccion-natural/p
Jumbo,277404,276690,Shampoo Capilatis Pure Silver,CAPILATIS,808.0,808.0,False,,,> Perfumería > Cuidado Capilar > Shampoo >,shampoo,estandar,general,https://www.jumbo.com.ar/shampoo-capilatis-pure-silver/p
Jumbo,272969,272236,Shampoo Roby Rulos Hidratados,ROBY,58.99,4875.0,False,,,> Perfumería > Cuidado Capilar > Shampoo >,shampoo,estandar,rizado,https://www.jumbo.com.ar/shampoo-roby-rulos-hidratados/p
Jumbo,271706,271185,Shampoo Sedal Restauracion 300ml,SEDAL,196.89,16272.0,False,300.0,0.6563,> Perfumería > Cuidado Capilar > Shampoo >,shampoo,estandar,general,https://www.jumbo.com.ar/shampoo-sedal-restauracion-300ml/p
Jumbo,137977,134888,Pantene Shampoo Summer 400ml,PANTENE,48.79,4032.0,False,400.0,0.122,> Perfumería > Cuidado Capilar > Shampoo >,shampoo,estandar,general,https://www.jumbo.com.ar/pantene-shampoo-summer-400ml-2/p
Jumbo,132229,129145,Pantene Shampoo Restauración 400ml,PANTENE,48.79,4032.0,False,400.0,0.122,> Perfumería > Cuidado Capilar > Shampoo >,shampoo,estandar,general,https://www.jumbo.com.ar/pantene-shampoo-restauracion-400ml/p
Jumbo,116062,115107,Shampoo Suave X350ml Protección Del Color  Pvc 350 Ml.,SUAVE,3.25,3.25,False,350.0,0.0093,> Perfumería > Cuidado Capilar > Shampoo >,shampoo,estandar,tratado,https://www.jumbo.com.ar/shampoo-suave-x350ml/p
Jumbo,113691,112741,Shampoo L´oreal Kids,L´OREAL KIDS,11.23,11.23,False,,,> Mundo Bebe > Higiene para el Bebe > Higiene del Bebé >,shampoo,estandar,bebe,https://www.jumbo.com.ar/shampoo-l-oreal-kids-5/p
Jumbo,111862,78683,Shampoo Plusbelle Hidratacion 1lt,PLUSBELLE,203.69,16834.0,False,,,> Perfumería > Cuidado Capilar > Shampoo >,shampoo,estandar,seco_danado,https://www.jumbo.com.ar/shampoo-plusbelle-hidratacion-1lt-2/p
Jumbo,111841,78662,Shampoo Elvive Renutricion 400ml,ELVIVE,430.95,35616.0,False,400.0,1.0774,> Perfumería > Cuidado Capilar > Shampoo >,shampoo,profesional,general,https://www.jumbo.com.ar/shampoo-elvive-renutricion-400ml/p
Jumbo,42013,39177,Shampoo Fructis Brillo 200ml,FRUCTIS,233.45,19293.0,False,200.0,1.1672,> Perfumería > Cuidado Capilar > Shampoo >,shampoo,estandar,general,https://www.jumbo.com.ar/shampoo-fructis-brillo-200ml-2/p
Jumbo,41645,38810,Shampoo Fructis Control 200ml,FRUCTIS,213.99,17685.0,False,200.0,1.0699,> Perfumería > Cuidado Capilar > Shampoo >,shampoo,estandar,general,https://www.jumbo.com.ar/shampoo-fructis-control-200ml-2/p
Jumbo,19650,16812,Shampoo Sedal Rizos 340ml,SEDAL,155.69,12867.0,False,340.0,0.4579,> Perfumería > Cuidado Capilar > Shampoo >,shampoo,estandar,rizado,https://www.jumbo.com.ar/shampoo-sedal-rizos-340ml/p
Jumbo,19649,16811,Shampoo Sedal Liso 340ml,SEDAL,450.0,37190.0,False,340.0,1.3235,> Perfumería > Cuidado Capilar > Shampoo >,shampoo,estandar,general,https://www.jumbo.com.ar/shampoo-sedal-liso-340ml/p
Jumbo,19551,16708,Shampoo Sedal Ceramidas 190ml,SEDAL SOS,166.17,13733.0,False,190.0,0.8746,> Perfumería > Cuidado Capilar > Shampoo >,shampoo,estandar,general,https://www.jumbo.com.ar/shampoo-sedal-ceramidas-190ml/p
Jumbo,19535,16691,Shampoo Tresemme Hidratacion 750ml,TRESEMMÉ,814.35,67302.0,False,750.0,1.0858,> Perfumería > Cuidado Capilar > Shampoo >,shampoo,estandar,seco_danado,https://www.jumbo.com.ar/shampoo-tresemme-hidratacion-750ml/p
Jumbo,17781,14900,Shampoo Triatop Intenso 400ml,TRIATOP,603.37,49865.0,False,400.0,1.5084,> Perfumería > Cuidado Capilar > Shampoo >,shampoo,estandar,general,https://www.jumbo.com.ar/shampoo-triatop-intenso-400ml/p
Jumbo,14381,11564,Shampoo Capilatis Caida 350ml,CAPILATIS,1403.55,115996.0,False,350.0,4.0101,> Perfumería > Cuidado Capilar > Shampoo >,shampoo,estandar,general,https://www.jumbo.com.ar/shampoo-capilatis-caida-350ml/p
Jumbo,8108,5434,Shampoo Plusbelle Hydro-reparacion Shampoo Plusbelle Hydro Reparación 650 Ml,PLUSBELLE,71.67,5923.0,False,650.0,0.1103,> Perfumería > Cuidado Capilar > Shampoo >,shampoo,estandar,general,https://www.jumbo.com.ar/shampoo-plusbelle-hydro-reparacion/p
Jumbo,7346,4678,Shampoo Pantene Rizos 200ml,PANTENE,173.39,14330.0,False,200.0,0.8669,> Perfumería > Cuidado Capilar > Shampoo >,shampoo,estandar,rizado,https://www.jumbo.com.ar/shampoo-pantene-rizos-200ml/p
Jumbo,3068435,3068185,Shampoo Con Palo Amargo Capilatis,CAPILATIS,9250.0,764463.0,False,,,> Perfumería > Cuidado Capilar > Shampoo >,shampoo,estandar,general,https://www.jumbo.com.ar/shampoo-con-palo-amargo-capilatis/p
Jumbo,415575,411159,Shampoo Revilitacion 400 Ml Pantene,PANTENE,10000.0,826446.0,False,400.0,25.0,> Perfumería > Cuidado Capilar > Shampoo >,shampoo,estandar,general,https://www.jumbo.com.ar/shampoo-revilitacion-400-ml-pantene/p
Jumbo,415574,411158,Shampoo Pantene  Revilitacion 750 Ml,PANTENE,12550.0,1037190.0,False,750.0,16.7333,> Perfumería > Cuidado Capilar > Shampoo >,shampoo,estandar,general,https://www.jumbo.com.ar/shampoo-pantene-revilitacion-750-ml/p
Jumbo,410232,406236,Shampoo Swing Hidratacion Prof 600ml,SWING,916.89,75776.0,False,600.0,1.5281,> Perfumería > Cuidado Capilar > Shampoo >,shampoo,estandar,seco_danado,https://www.jumbo.com.ar/shampoo-swing-hidratacion-prof-600ml/p
Jumbo,397687,395421,Shampoo Dove Cuidado Delicad 400ml,DOVE,1211.79,100148.0,False,400.0,3.0295,> Perfumería > Cuidado Capilar > Shampoo >,shampoo,estandar,general,https://www.jumbo.com.ar/shampoo-dove-cuidado-delicad-400ml/p
Jumbo,394677,392676,Shampoo Ogx Coconut Miracle 385ml,OGX,9896.09,817859.0,False,385.0,25.7041,> Perfumería > Cuidado Capilar > Shampoo >,shampoo,estandar,general,https://www.jumbo.com.ar/shampoo-ogx-coconut-miracle-385ml/p
Jumbo,394354,392360,Shampoo Dove Hidratacion Intensa 400ml,DOVE,1211.79,100148.0,False,400.0,3.0295,> Perfumería > Cuidado Capilar > Shampoo >,shampoo,estandar,seco_danado,https://www.jumbo.com.ar/shampoo-dove-hidratacion-intensa-400ml/p
Jumbo,391974,390026,Shampoo Plusbelle Restauracion Dp 300ml,PLUSBELLE,1081.75,89401.0,False,300.0,3.6058,> Perfumería > Cuidado Capilar > Shampoo >,shampoo,estandar,general,https://www.jumbo.com.ar/shampoo-plusbelle-restauracion-dp-300ml/p
Jumbo,391512,339969,Tío Nacho Shampoo Purificación 415ml,Tio Nacho,785.29,64900.0,False,415.0,1.8923,> Perfumería > Cuidado Capilar > Shampoo >,shampoo,estandar,general,https://www.jumbo.com.ar/tio-nacho-shampoo-purificacion-415ml/p
Jumbo,390201,388292,Shampoo Pantene Hidratación 400 Ml,PANTENE,1292.77,106841.0,False,400.0,3.2319,> Perfumería > Cuidado Capilar > Shampoo >,shampoo,estandar,seco_danado,https://www.jumbo.com.ar/shampoo-pantene-hidratacion-400-ml-2/p
Jumbo,386637,384916,Shampoo Head&shoulders Fuerza 180ml,HEAD & SHOULDERS,742.87,61394.0,False,180.0,4.1271,> Perfumería > Cuidado Capilar > Shampoo >,shampoo,estandar,general,https://www.jumbo.com.ar/shampoo-head-shoulders-fuerza-180ml/p
Jumbo,386635,384914,Shampoo Head&shoulders Limpieza 375ml,HEAD & SHOULDERS,1199.29,99115.0,False,375.0,3.1981,> Perfumería > Cuidado Capilar > Shampoo >,shampoo,estandar,general,https://www.jumbo.com.ar/shampoo-head-shoulders-limpieza-375ml/p
Jumbo,386632,384911,Shampoo Head&shoulders Fuerza 375ml,HEAD & SHOULDERS,910.13,75217.0,False,375.0,2.427,> Perfumería > Cuidado Capilar > Shampoo >,shampoo,estandar,general,https://www.jumbo.com.ar/shampoo-head-shoulders-fuerza-375ml/p
Jumbo,386630,384909,Shampoo Head And Shoulders Suave,HEAD & SHOULDERS,707.49,58470.0,False,,,> Perfumería > Cuidado Capilar > Shampoo >,shampoo,estandar,bebe,https://www.jumbo.com.ar/shampoo-head-and-shoulders-suave/p
Jumbo,386629,384908,Shampoo Head&shoulders Purificación 375ml,HEAD & SHOULDERS,1176.95,97269.0,False,375.0,3.1385,> Perfumería > Cuidado Capilar > Shampoo >,shampoo,estandar,general,https://www.jumbo.com.ar/shampoo-head-shoulders-purificacion-375ml/p
Jumbo,386611,384890,Shampoo Head&shoulders Humecta 375ml,HEAD & SHOULDERS,1280.39,105817.0,False,375.0,3.4144,> Perfumería > Cuidado Capilar > Shampoo >,shampoo,estandar,general,https://www.jumbo.com.ar/shampoo-head-shoulders-humecta-375ml/p
Jumbo,386606,384885,Shampoo Head&shoulders Detox 375ml,HEAD & SHOULDERS,1199.29,99115.0,False,375.0,3.1981,> Perfumería > Cuidado Capilar > Shampoo >,shampoo,estandar,general,https://www.jumbo.com.ar/shampoo-head-shoulders-detox-375ml/p
Jumbo,384232,382917,Shampoo Tresemme Cauterización Reparación 500ml,TRESEMMÉ,1650.0,136364.0,False,500.0,3.3,> Perfumería > Cuidado Capilar > Shampoo >,shampoo,estandar,general,https://www.jumbo.com.ar/shampoo-tresemme-cauterizacion-reparacion-500ml/p
Jumbo,375233,373951,Shampoo Fructis Liso Coco 350ml,FRUCTIS,1322.59,109305.0,False,350.0,3.7788,> Perfumería > Cuidado Capilar > Shampoo >,shampoo,estandar,general,https://www.jumbo.com.ar/shampoo-fructis-liso-coco-350ml-2/p
Jumbo,375232,373950,Shampoo Fructis Liso Coco 200ml,FRUCTIS,947.35,78293.0,False,200.0,4.7367,> Perfumería > Cuidado Capilar > Shampoo >,shampoo,estandar,general,https://www.jumbo.com.ar/shampoo-fructis-liso-coco-200ml-2/p
Jumbo,349501,348161,Shampoo Plusbelle Reactivación Hidratante 1000,PLUSBELLE,676.27,55890.0,False,,,> Perfumería > Cuidado Capilar > Shampoo >,shampoo,estandar,seco_danado,https://www.jumbo.com.ar/shampoo-plusbelle-reactivacion-hidratante-1000/p
Jumbo,349057,347720,Shampoo Dove Regeneración Extrema 750ml.,DOVE,2100.0,173554.0,False,750.0,2.8,> Perfumería > Cuidado Capilar > Shampoo >,shampoo,estandar,general,https://www.jumbo.com.ar/shampoo-dove-regeneracion-extrema-750ml/p
Jumbo,347671,346344,Shampoo  Sedal  Ceramidas  340 Ml,SEDAL,469.67,38816.0,False,340.0,1.3814,> Perfumería > Cuidado Capilar > Shampoo >,shampoo,estandar,general,https://www.jumbo.com.ar/shampoo-sedal-ceramidas-340-ml/p
Jumbo,346763,345438,Shampoo Elvive Extreme Reconstructor 200ml,ELVIVE,784.49,64834.0,False,200.0,3.9224,> Perfumería > Cuidado Capilar > Shampoo >,shampoo,profesional,general,https://www.jumbo.com.ar/shampoo-elvive-extreme-reconstructor-200ml-2/p
Jumbo,346761,345436,Shampoo Elvive Arcilla Purificante 200ml,ELVIVE,5750.0,475207.0,False,200.0,28.75,> Perfumería > Cuidado Capilar > Shampoo >,shampoo,profesional,general,https://www.jumbo.com.ar/shampoo-elvive-arcilla-purificante-200ml/p
Jumbo,343815,342499,Shampoo Sedal Bomba Nutricion 650ml,SEDAL,615.19,50842.0,False,650.0,0.9464,> Perfumería > Cuidado Capilar > Shampoo >,shampoo,estandar,general,https://www.jumbo.com.ar/shampoo-sedal-bomba-nutricion-650ml-2/p
Jumbo,342072,340767,Shampoo Sedal Crema Balance 340ml,SEDAL,231.46,19129.0,False,340.0,0.6808,> Perfumería > Cuidado Capilar > Shampoo >,shampoo,estandar,general,https://www.jumbo.com.ar/shampoo-sedal-crema-balance-340ml-2-2/p
Jumbo,341267,339956,Tío Nacho Shampoo Purificación 200ml,Tio Nacho,457.87,37841.0,False,200.0,2.2894,> Perfumería > Cuidado Capilar > Shampoo >,shampoo,estandar,general,https://www.jumbo.com.ar/tio-nacho-shampoo-purificacion-200ml-2/p
Jumbo,339396,338087,Shampoo Fructis Recarga Nutritiva 350ml,FRUCTIS,635.19,52495.0,False,350.0,1.8148,> Perfumería > Cuidado Capilar > Shampoo >,shampoo,estandar,general,https://www.jumbo.com.ar/shampoo-fructis-recarga-nutritiva-350ml-3/p
Jumbo,339394,338085,Shampoo Fructis Recarga Nutritiva 200ml,FRUCTIS,436.19,36049.0,False,200.0,2.181,> Perfumería > Cuidado Capilar > Shampoo >,shampoo,estandar,general,https://www.jumbo.com.ar/shampoo-fructis-recarga-nutritiva-200ml-2/p
Jumbo,338980,316509,Shampoo Suave Lacio Antifrizz 930ml Shampoo Suave Lacio Antifrizz 930 Ml,SUAVE,322.89,26685.0,False,930.0,0.3472,> Perfumería > Cuidado Capilar > Shampoo >,shampoo,estandar,tratado,https://www.jumbo.com.ar/shampoo-suave-lacio-antifrizz-930ml/p
Jumbo,337421,336524,Shampoo Dove Oleo Nutricion 200ml,DOVE,398.39,32925.0,False,200.0,1.9919,> Perfumería > Cuidado Capilar > Shampoo >,shampoo,estandar,general,https://www.jumbo.com.ar/shampoo-dove-oleo-nutricion-200ml-2/p
Jumbo,337420,336523,Shampoo Dove Regeneracion Extrema 400ml,DOVE,603.09,49842.0,False,400.0,1.5077,> Perfumería > Cuidado Capilar > Shampoo >,shampoo,estandar,general,https://www.jumbo.com.ar/shampoo-dove-regeneracion-extrema-400ml-2/p
Jumbo,336804,335906,Shampoo Sedal Bomba Argan 340ml,SEDAL,286.27,23659.0,False,340.0,0.842,> Perfumería > Cuidado Capilar > Shampoo >,shampoo,estandar,general,https://www.jumbo.com.ar/shampoo-sedal-bomba-argan-340ml/p
Jumbo,336802,335904,Shampoo Sedal Bomba Nutricion 340ml,SEDAL,286.27,23659.0,False,340.0,0.842,> Perfumería > Cuidado Capilar > Shampoo >,shampoo,estandar,general,https://www.jumbo.com.ar/shampoo-sedal-bomba-nutricion-340ml/p
Jumbo,336043,335152,Shampoo Sedal Bomba Detox 340ml,SEDAL,235.29,19445.0,False,340.0,0.692,> Perfumería > Cuidado Capilar > Shampoo >,shampoo,estandar,general,https://www.jumbo.com.ar/shampoo-sedal-bomba-detox-340ml/p
Jumbo,336033,335142,Shampoo Sedal Bomba Argan 190ml,SEDAL,180.39,14908.0,False,190.0,0.9494,> Perfumería > Cuidado Capilar > Shampoo >,shampoo,estandar,general,https://www.jumbo.com.ar/shampoo-sedal-bomba-argan-190ml/p
Jumbo,336031,335140,Shampoo Sedal Bomba Nutricion 190ml,SEDAL,180.39,14908.0,False,190.0,0.9494,> Perfumería > Cuidado Capilar > Shampoo >,shampoo,estandar,general,https://www.jumbo.com.ar/shampoo-sedal-bomba-nutricion-190ml/p
Jumbo,332082,331243,Shampoo Dove Reparacion Coco 200ml,DOVE,306.47,25328.0,False,200.0,1.5324,> Perfumería > Cuidado Capilar > Shampoo >,shampoo,estandar,general,https://www.jumbo.com.ar/shampoo-dove-reparacion-coco-200ml/p
Jumbo,312935,312173,Shampoo Biferdil 1007 400 Ml,BIFERDIL,12500.0,1033058.0,False,400.0,31.25,> Perfumería > Cuidado Capilar > Shampoo >,shampoo,estandar,general,https://www.jumbo.com.ar/shampoo-biferdil-1007-400-ml/p
Jumbo,263343,263128,Shampoo Capilatis Platinum X 370ml,CAPILATIS,403.84,33375.0,False,370.0,1.0915,> Perfumería > Cuidado Capilar > Shampoo >,shampoo,estandar,general,https://www.jumbo.com.ar/shampoo-capilatis-platinum-x-370ml/p
Jumbo,262714,262003,Shampoo Marc Anthony Argan 250ml,MARC ANTHONY,822.69,67991.0,False,250.0,3.2908,> Perfumería > Cuidado Capilar > Shampoo >,shampoo,estandar,general,https://www.jumbo.com.ar/shampoo-marc-anthony-argan-250ml/p
Jumbo,256894,256188,Shampoo Il Salone Mythic 500ml,IL SALONE,799.99,66115.0,False,500.0,1.6,> Perfumería > Cuidado Capilar > Shampoo >,shampoo,estandar,general,https://www.jumbo.com.ar/shampoo-il-salone-mythic-500ml/p
Jumbo,215573,232192,Shampoo Elvive Cosmetico  2 U,ELVIVE,13.67,13.67,False,,,> Perfumería > Cuidado Capilar > Shampoo >,shampoo,profesional,general,https://www.jumbo.com.ar/shampoo-elvive-cosmetico-2-u-3-248138/p
Jumbo,179059,197021,Shampoo Capilatis Cosmético + Loción,CAPILATIS,18.09,18.09,False,,,> Perfumería > Cuidado Capilar > Shampoo >,shampoo,estandar,general,https://www.jumbo.com.ar/shampoo-capilatis-33-169275/p
Jumbo,178543,196164,Shampoo Capilatis Cosmético + Loción,CAPILATIS,17.15,17.15,False,,,> Perfumería > Cuidado Capilar > Shampoo >,shampoo,estandar,general,https://www.jumbo.com.ar/shampoo-capilatis-32-169281/p
Jumbo,146567,143476,Shampoo Herbal Ess Hidrasiaco 700ml Shampoo Herbal Essences Hidradisíaco 700 Ml,HERBAL ESSENCES,297.99,24627.0,False,700.0,0.4257,> Perfumería > Cuidado Capilar > Shampoo >,shampoo,estandar,general,https://www.jumbo.com.ar/shampoo-herbal-ess-hidrasiaco-700ml/p
Jumbo,119034,118064,Shampoo Flex X 250 Ml,FLEX,5.95,5.95,False,250.0,0.0238,> Perfumería > Cuidado Capilar > Shampoo >,shampoo,estandar,general,https://www.jumbo.com.ar/shampoo-flex-x-250-ml-4/p
Jumbo,115218,114264,Shampoo Dove X 3 Un Shampoo Dove Lisos Therapy X 400 Ml + Acondicionador X 250 Ml + Hebilla,DOVE,22.27,22.27,False,400.0,0.0557,> Perfumería > Cuidado Capilar > Shampoo >,acondicionador,estandar,general,https://www.jumbo.com.ar/shampoo-dove-x-3-un/p
Jumbo,111280,108521,Shampoo Hidrolavado Autopolish-cja-un.-1,AUTOPOLISH,73.95,6112.0,False,,,> Hogar y textil > Automotor > Limpieza >,shampoo,estandar,general,https://www.jumbo.com.ar/shampoo-hidrolavado-autopolish-cja-un-1/p
Jumbo,107118,104385,Shampoo Nenin Familiar X 930ml Almendras Y Coco  Pvc 930 Ml.,NENNIN NATURESSENCE,4.13,4.13,False,930.0,0.0044,> Perfumería > Cuidado Capilar > Shampoo >,shampoo,estandar,general,https://www.jumbo.com.ar/shampoo-nenin-familiar-x-930ml/p
Jumbo,96702,94019,Shampoo Babelito-manzana-pvc-ml.-500,BABELITO,33.13,33.13,False,,,> Mundo Bebe > Higiene para el Bebe > Higiene del Bebé >,shampoo,estandar,general,https://www.jumbo.com.ar/shampoo-babelito-manzana-pvc-ml-500/p
Jumbo,83576,80914,Shampoo Flex X 250 Ml,FLEX,6.59,6.59,False,250.0,0.0264,> Perfumería > Cuidado Capilar > Shampoo >,shampoo,estandar,general,https://www.jumbo.com.ar/shampoo-flex-x-250-ml-2/p
Jumbo,70802,67936,Shampoo Anticaspa Head & Shoulders,HEAD & SHOULDERS,24.05,24.05,False,,,> Perfumería > Cuidado Capilar > Shampoo >,shampoo,estandar,anticaspa,https://www.jumbo.com.ar/shampoo-anticaspa-head-shoulders-19/p
Jumbo,44459,41630,Shampoo Elvive Oleo Extraordinario 750ml,ELVIVE,745.65,61624.0,False,750.0,0.9942,> Perfumería > Cuidado Capilar > Shampoo >,shampoo,profesional,general,https://www.jumbo.com.ar/shampoo-elvive-oleo-extraordinario-750ml-2/p
Jumbo,41776,38940,Shampoo Fructis Oil Repair 350ml,FRUCTIS,262.17,21667.0,False,350.0,0.7491,> Perfumería > Cuidado Capilar > Shampoo >,shampoo,profesional,general,https://www.jumbo.com.ar/shampoo-fructis-oil-repair-350ml-2/p
Jumbo,41764,38928,Shampoo Fructis Oil Repair 200ml,FRUCTIS,213.99,17685.0,False,200.0,1.0699,> Perfumería > Cuidado Capilar > Shampoo >,shampoo,profesional,general,https://www.jumbo.com.ar/shampoo-fructis-oil-repair-200ml-2/p
Jumbo,40468,37633,Shampoo Elvive Arcilla Extra 400ml,ELVIVE,533.79,44115.0,False,400.0,1.3345,> Perfumería > Cuidado Capilar > Shampoo >,shampoo,profesional,general,https://www.jumbo.com.ar/shampoo-elvive-arcilla-extra-400ml-2/p
Jumbo,40237,37403,Shampoo Elvive Arcilla Extra 200ml,ELVIVE,290.85,24037.0,False,200.0,1.4543,> Perfumería > Cuidado Capilar > Shampoo >,shampoo,profesional,general,https://www.jumbo.com.ar/shampoo-elvive-arcilla-extra-200ml/p
Jumbo,40225,37391,Shampoo Elvive Arcilla Extra 75400ml,ELVIVE,745.65,61624.0,False,75400.0,0.0099,> Perfumería > Cuidado Capilar > Shampoo >,shampoo,profesional,general,https://www.jumbo.com.ar/shampoo-elvive-arcilla-extra-75400ml/p
Jumbo,35722,32880,Shampoo Capilatis Nutritivo 420 Ml,CAPILATIS,381.67,31543.0,False,420.0,0.9087,> Perfumería > Cuidado Capilar > Shampoo >,shampoo,estandar,general,https://www.jumbo.com.ar/shampoo-capilatis-nutritivo-420-ml/p
Jumbo,34311,31469,Shampoo Aloe Vera 1 Lt,SIN MARCA,123.15,123.15,False,,,> Mascotas > Accesorios para Mascotas >,shampoo,estandar,general,https://www.jumbo.com.ar/shampoo-aloe-vera-1-lt/p
Jumbo,33886,31044,Pediculicida Capilatis Shampoo 500 Ml,CAPILATIS,1800.0,148760.0,False,500.0,3.6,> Perfumería > Cuidado Capilar > Pediculosis >,shampoo,estandar,general,https://www.jumbo.com.ar/pediculicida-capilatis-shampoo-500-ml/p
Jumbo,31684,28843,Shampoo Elvive Color Vive 750ml,ELVIVE,683.47,56485.0,False,750.0,0.9113,> Perfumería > Cuidado Capilar > Shampoo >,shampoo,profesional,tratado,https://www.jumbo.com.ar/shampoo-elvive-color-vive-750ml/p
Jumbo,31256,28415,Shampoo Elvive Kera Liso 400ml,ELVIVE,533.79,44115.0,False,400.0,1.3345,> Perfumería > Cuidado Capilar > Shampoo >,shampoo,profesional,general,https://www.jumbo.com.ar/shampoo-elvive-kera-liso-400ml/p
Jumbo,29625,26787,Shampoo Herbal Essences 300 Ml,HERBAL ESSENCES,157.69,13032.0,False,300.0,0.5256,> Perfumería > Cuidado Capilar > Shampoo >,shampoo,estandar,general,https://www.jumbo.com.ar/shampoo-herbal-essences-3/p
Jumbo,29434,26597,Shampoo Familiar Ceramidas 1 L,PLUSBELLE,61.39,5074.0,False,1000.0,0.0614,> Perfumería > Cuidado Capilar > Shampoo >,shampoo,estandar,general,https://www.jumbo.com.ar/shampoo-familiar/p
Jumbo,19672,16837,Shampoo Sedal Pureza Detox 650ml,SEDAL,246.25,20351.0,False,650.0,0.3788,> Perfumería > Cuidado Capilar > Shampoo >,shampoo,estandar,general,https://www.jumbo.com.ar/shampoo-sedal-pureza-detox-650ml/p
Jumbo,13523,10720,Shampoo Capilatis-fortificado-pet-ml.-400,CAPILATIS,488.77,40394.0,False,,,> Perfumería > Cuidado Capilar > Shampoo >,shampoo,estandar,general,https://www.jumbo.com.ar/shampoo-capilatis-14/p
Jumbo,8039,5365,Shampoo Capilatis Manzanilla 500 Ml,CAPILATIS,632.73,52292.0,False,500.0,1.2655,> Perfumería > Cuidado Capilar > Shampoo >,shampoo,estandar,general,https://www.jumbo.com.ar/shampoo-capilatis-manzanilla-500-ml/p
Jumbo,8033,5359,Shampoo Capilatis Equilibrance 410 Cc,CAPILATIS,1952.87,161394.0,False,,,> Perfumería > Cuidado Capilar > Shampoo >,shampoo,estandar,general,https://www.jumbo.com.ar/shampoo-capilatis-equilibrance-410-cc/p
Jumbo,7736,5060,Pantene Shampoo Control Caida 750ml,PANTENE,74.37,6146.0,False,750.0,0.0992,> Perfumería > Cuidado Capilar > Shampoo >,shampoo,estandar,general,https://www.jumbo.com.ar/shampoo-pantene-7/p
Jumbo,7689,5015,Shampoo Elvive Rt Extreme 400ml,ELVIVE,470.17,38857.0,False,400.0,1.1754,> Perfumería > Cuidado Capilar > Shampoo >,shampoo,profesional,general,https://www.jumbo.com.ar/shampoo-elvive-rt-extreme-400ml/p
Jumbo,7686,5012,Shampoo Elvive Rt Extreme 750ml,ELVIVE,745.65,61624.0,False,750.0,0.9942,> Perfumería > Cuidado Capilar > Shampoo >,shampoo,profesional,general,https://www.jumbo.com.ar/shampoo-elvive-rt-extreme-750ml/p
Jumbo,5941,3330,Shampoo Engrosador 410 Ml Capilatis,CAPILATIS,9250.0,764463.0,False,410.0,22.561,> Perfumería > Cuidado Capilar > Shampoo >,shampoo,estandar,general,https://www.jumbo.com.ar/shampoo-capilatis-engrosador-410-ml/p
Jumbo,4496,26235,Shampoo Babelito Manzana 200 Ml,BABELITO,58.19,58.19,False,200.0,0.2909,> Mundo Bebe > Higiene para el Bebe > Higiene del Bebé >,shampoo,estandar,general,https://www.jumbo.com.ar/shampoo-babelito/p
Jumbo,3087947,3087175,Shampoo Elvive Lifter Colageno 750ml,ELVIVE,21000.0,1735537.0,False,750.0,28.0,> Perfumería > Cuidado Capilar > Shampoo >,shampoo,profesional,general,https://www.jumbo.com.ar/shampoo-elvive-lifter-colageno-750ml/p
Jumbo,1360436,1360021,Shampoo Pantene Keratina 400 Ml,PANTENE,10000.0,826446.0,False,400.0,25.0,> Perfumería > Cuidado Capilar > Shampoo >,shampoo,estandar,tratado,https://www.jumbo.com.ar/shampoo-pantene-keratina-400-ml/p
Jumbo,412040,407755,Shampoo Fuerza 1000 Ml Plusbelle,PLUSBELLE,5600.0,462810.0,False,1000.0,5.6,> Perfumería > Cuidado Capilar > Shampoo >,shampoo,estandar,general,https://www.jumbo.com.ar/shampoo-antioxidante-1000-ml-plusbelle/p
Jumbo,411477,407295,Shampoo Capilatis Manzanilla 420 Ml,CAPILATIS,8809.47,728055.0,False,420.0,20.9749,> Perfumería > Cuidado Capilar > Shampoo >,shampoo,estandar,general,https://www.jumbo.com.ar/shampoo-capilatis-manzanilla-420-ml/p
Jumbo,411250,407090,Shampoo Dove Brillo 400 Ml,DOVE,9605.87,793874.0,False,400.0,24.0147,> Perfumería > Cuidado Capilar > Shampoo >,shampoo,estandar,general,https://www.jumbo.com.ar/shampoo-dove-brillo-400-ml/p
Jumbo,390230,388321,Shampoo Pantene Hidratación 750 Ml,PANTENE,2201.77,181964.0,False,750.0,2.9357,> Perfumería > Cuidado Capilar > Shampoo >,shampoo,estandar,seco_danado,https://www.jumbo.com.ar/shampoo-pantene-hidratacion-750-ml/p
Jumbo,386643,384922,Shampoo Head&shoulders Fuerza 700ml,HEAD & SHOULDERS,2017.73,166755.0,False,700.0,2.8825,> Perfumería > Cuidado Capilar > Shampoo >,shampoo,estandar,general,https://www.jumbo.com.ar/shampoo-head-shoulders-fuerza-700ml/p
Jumbo,386639,384918,Shampoo Head&shoulders Men 180ml,HEAD & SHOULDERS,728.99,60247.0,False,180.0,4.0499,> Perfumería > Cuidado Capilar > Shampoo >,shampoo,estandar,general,https://www.jumbo.com.ar/shampoo-head-shoulders-men-180ml/p
Jumbo,386638,384917,Shampoo Head&shoulders Suave 180ml,HEAD & SHOULDERS,1199.29,99115.0,False,180.0,6.6627,> Perfumería > Cuidado Capilar > Shampoo >,shampoo,estandar,bebe,https://www.jumbo.com.ar/shampoo-head-shoulders-suave-180ml/p
Jumbo,386631,384910,Shampoo Head&shoulders Manzana 700ml,HEAD & SHOULDERS,9729.99,804131.0,False,700.0,13.9,> Perfumería > Cuidado Capilar > Shampoo >,shampoo,estandar,general,https://www.jumbo.com.ar/shampoo-head-shoulders-manzana-700ml/p
Jumbo,384233,382918,Shampoo Tresemme Kera Antifrizz 500ml,TRESEMMÉ,1600.0,132231.0,False,500.0,3.2,> Perfumería > Cuidado Capilar > Shampoo >,shampoo,estandar,general,https://www.jumbo.com.ar/shampoo-tresemme-kera-antifrizz-500ml/p
Jumbo,384192,382893,Shampoo Tresemme Kera Antifrizz 250ml,TRESEMMÉ,1000.0,82645.0,False,250.0,4.0,> Perfumería > Cuidado Capilar > Shampoo >,shampoo,estandar,general,https://www.jumbo.com.ar/shampoo-tresemme-kera-antifrizz-250ml/p
Jumbo,383679,382394,Shampoo Colageno 700 Ml Pantene,PANTENE,15200.0,1256198.0,False,700.0,21.7143,> Perfumería > Cuidado Capilar > Shampoo >,shampoo,estandar,general,https://www.jumbo.com.ar/shampoo-colageno-700-ml-pantene-2/p
Jumbo,375602,374320,Shampoo Suave Brillo Ceramidas 930ml,SUAVE,302.49,24999.0,False,930.0,0.3253,> Perfumería > Cuidado Capilar > Shampoo >,shampoo,estandar,bebe,https://www.jumbo.com.ar/shampoo-suave-brillo-ceramidas-930ml/p
Jumbo,364122,362865,Shampoo St Tropez Manzana 930ml,ST TROPEZ,3840.0,317355.0,False,930.0,4.129,> Perfumería > Cuidado Capilar > Shampoo >,shampoo,estandar,general,https://www.jumbo.com.ar/shampoo-st-tropez-manzana-930ml/p
Jumbo,347670,346343,Shampoo  Sedal  Ceramidas  190 Ml,SEDAL,359.35,29698.0,False,190.0,1.8913,> Perfumería > Cuidado Capilar > Shampoo >,shampoo,estandar,general,https://www.jumbo.com.ar/shampoo-sedal-ceramidas-190-ml/p
Jumbo,346757,345432,Shampoo Elvive Extreme Reconstructor 750ml..,ELVIVE,2013.63,166416.0,False,750.0,2.6848,> Perfumería > Cuidado Capilar > Shampoo >,shampoo,profesional,general,https://www.jumbo.com.ar/shampoo-elvive-extreme-reconstructor-750ml/p
Jumbo,346749,345424,Shampoo Elvive Extreme Reconstructor 400ml,ELVIVE,1151.55,95169.0,False,400.0,2.8789,> Perfumería > Cuidado Capilar > Shampoo >,shampoo,profesional,general,https://www.jumbo.com.ar/shampoo-elvive-extreme-reconstructor-400ml-2/p
Jumbo,344021,342706,Shampoo Sedal Bomba Nutricion 340ml...,SEDAL,850.0,70248.0,False,340.0,2.5,> Perfumería > Cuidado Capilar > Shampoo >,shampoo,estandar,general,https://www.jumbo.com.ar/shampoo-sedal-bomba-nutricion-340ml-2/p
Jumbo,338991,316524,Shampoo Suave Suavidad Cuidado 930ml Shampoo Suave Suavidad Cuidado 930 Ml,SUAVE,178.37,14741.0,False,930.0,0.1918,> Perfumería > Cuidado Capilar > Shampoo >,shampoo,estandar,bebe,https://www.jumbo.com.ar/shampoo-suave-suavidad-cuidado-930ml/p
Jumbo,338989,316522,Shampoo Suave Crema Nutricion 930ml Shampoo Suave Crema Nutrición 930 Ml,SUAVE,276.19,22826.0,False,930.0,0.297,> Perfumería > Cuidado Capilar > Shampoo >,shampoo,estandar,bebe,https://www.jumbo.com.ar/shampoo-suave-crema-nutricion-930ml/p
Jumbo,338988,316521,Shampoo Suave Brillo Ceramidas 930ml. Shampoo Suave Brillo Ceramidas 930 Ml,SUAVE,238.55,19715.0,False,930.0,0.2565,> Perfumería > Cuidado Capilar > Shampoo >,shampoo,estandar,bebe,https://www.jumbo.com.ar/shampoo-suave-brillo-ceramidas-930ml-2/p
Jumbo,333481,332611,Shampoo Fructis Goodbye Daños 650ml,FRUCTIS,743.79,61470.0,False,650.0,1.1443,> Perfumería > Cuidado Capilar > Shampoo >,shampoo,estandar,general,https://www.jumbo.com.ar/shampoo-fructis-goodbye-danos-650ml/p
Jumbo,332162,331320,Shampoo Plusbelle Control Frizz 970ml,PLUSBELLE,545.45,45079.0,False,970.0,0.5623,> Perfumería > Cuidado Capilar > Shampoo >,shampoo,estandar,general,https://www.jumbo.com.ar/shampoo-plusbelle-control-frizz-970ml/p
Jumbo,332160,331318,Shampoo Plusbelle Largo Saludable 970ml,PLUSBELLE,545.45,45079.0,False,970.0,0.5623,> Perfumería > Cuidado Capilar > Shampoo >,shampoo,estandar,general,https://www.jumbo.com.ar/shampoo-plusbelle-largo-saludable-970ml/p
Jumbo,331661,330819,Shampoo Hidra Hialurónico Elvive 400ml,ELVIVE,1188.09,98189.0,False,400.0,2.9702,> Perfumería > Cuidado Capilar > Shampoo >,shampoo,profesional,general,https://www.jumbo.com.ar/shampoo-hidra-hialuronico-elvive-400ml/p
Jumbo,331658,330816,Elvive Shampoo Hidra Hialuronico 200ml,ELVIVE,770.85,63707.0,False,200.0,3.8542,> Perfumería > Cuidado Capilar > Shampoo >,shampoo,profesional,general,https://www.jumbo.com.ar/elvive-shampoo-hidra-hialuronico-200ml/p
Jumbo,295449,294678,Shampoo Plusbelle Esencia Restauracion 1l,PLUSBELLE,239.47,19791.0,False,1000.0,0.2395,> Perfumería > Cuidado Capilar > Shampoo >,shampoo,estandar,general,https://www.jumbo.com.ar/shampoo-plusbelle-esencia-restauracion-1l/p
Jumbo,288721,287968,Shampoo Elvive Dream Long 400ml,ELVIVE,470.17,38857.0,False,400.0,1.1754,> Perfumería > Cuidado Capilar > Shampoo >,shampoo,profesional,general,https://www.jumbo.com.ar/shampoo-elvive-dream-long-400ml/p
Jumbo,273580,272866,Shampoo Herbal Essences Grapefruit 400ml,HERBAL ESSENCES,15700.0,1297521.0,False,400.0,39.25,> Perfumería > Cuidado Capilar > Shampoo >,shampoo,estandar,general,https://www.jumbo.com.ar/shampoo-herbal-essences-grapefruit-400ml/p
Jumbo,271687,271166,Shampoo Sedal Crema Balance 300ml,SEDAL,196.89,16272.0,False,300.0,0.6563,> Perfumería > Cuidado Capilar > Shampoo >,shampoo,estandar,general,https://www.jumbo.com.ar/shampoo-sedal-crema-balance-300ml/p
Jumbo,261488,260779,Shampoo Plusbelle Fuerza X1lt,PLUSBELLE,135.15,11169.0,False,,,> Perfumería > Cuidado Capilar > Shampoo >,shampoo,estandar,general,https://www.jumbo.com.ar/shampoo-plusbelle-fuerza-x1lt/p
Jumbo,260115,259409,Shampoo Alta Moda Detox 300ml,ALTA MODA,184.89,15280.0,False,300.0,0.6163,> Perfumería > Cuidado Capilar > Shampoo >,shampoo,estandar,general,https://www.jumbo.com.ar/shampoo-alta-moda-detox-300ml/p
Jumbo,256896,256190,Shampoo Il Salone Glorious 500ml,IL SALONE,799.99,66115.0,False,500.0,1.6,> Perfumería > Cuidado Capilar > Shampoo >,shampoo,estandar,general,https://www.jumbo.com.ar/shampoo-il-salone-glorious-500ml/p
Jumbo,254983,254277,Shampoo Fructis Liso Coco 350ml,FRUCTIS,320.67,26502.0,False,350.0,0.9162,> Perfumería > Cuidado Capilar > Shampoo >,shampoo,estandar,general,https://www.jumbo.com.ar/shampoo-fructis-liso-coco-350ml/p
Jumbo,215557,232212,Shampoo Elvive Cosmetico  2 U,ELVIVE,13.67,13.67,False,,,> Perfumería > Cuidado Capilar > Shampoo >,shampoo,profesional,general,https://www.jumbo.com.ar/shampoo-elvive-cosmetico-2-u-248136/p
Jumbo,150890,147801,Shampoo Dove X 200 Ml-color Duradero-+ Aco 200 + Cream De Tratamiento Al 50%-bli-un.-3,DOVE,32.53,2688.0,False,200.0,0.1627,> Perfumería > Cuidado Capilar > Shampoo >,tratamiento,estandar,tratado,https://www.jumbo.com.ar/shampoo-dove-x-200-ml-2/p
Jumbo,141010,137921,Shampoo Vo5-manzanilla-pck-un.-2,VO5,9.99,9.99,False,,,> Perfumería > Cuidado Capilar > Shampoo >,shampoo,estandar,general,https://www.jumbo.com.ar/shampoo-vo5-manzanilla-pck-un-2-2/p
Jumbo,132314,129230,Pantene Shampoo Rizos Definidos 200ml,PANTENE,24.67,2039.0,False,200.0,0.1234,> Perfumería > Cuidado Capilar > Shampoo >,shampoo,estandar,rizado,https://www.jumbo.com.ar/pantene-shampoo-rizos-definidos-200ml/p
Jumbo,132298,129213,Shampoo Pantene Hidratación 400 Ml,PANTENE,48.79,4032.0,False,400.0,0.122,> Perfumería > Cuidado Capilar > Shampoo >,shampoo,estandar,seco_danado,https://www.jumbo.com.ar/shampoo-pantene-hidratacion-400-ml/p
Jumbo,132291,129207,Pantene Shampoo Cuidado Clásico 400ml,PANTENE,48.79,4032.0,False,400.0,0.122,> Perfumería > Cuidado Capilar > Shampoo >,shampoo,estandar,general,https://www.jumbo.com.ar/pantene-shampoo-cuidado-clasico-400ml/p
Jumbo,119120,118150,Shampoo Flex X 250 Ml,FLEX,5.95,5.95,False,250.0,0.0238,> Perfumería > Cuidado Capilar > Shampoo >,shampoo,estandar,general,https://www.jumbo.com.ar/shampoo-flex-x-250-ml-5/p
Jumbo,113260,112311,Shampoo Porta X 1 Un Shampoo Porta Bot 500 Cc. Seco (sin Agua),PORTA,10.37,10.37,False,,,> Mascotas > Accesorios para Mascotas >,shampoo,estandar,seco_danado,https://www.jumbo.com.ar/shampoo-porta-x-1-un-2/p
Jumbo,98031,95346,Shampoo Herbal Ess Prolongalo 300ml Shampoo Herbal Essences Prolóngalos 300 Ml,HERBAL ESSENCES,162.43,13424.0,False,300.0,0.5414,> Perfumería > Cuidado Capilar > Shampoo >,shampoo,estandar,general,https://www.jumbo.com.ar/shampoo-herbal-ess-prolongalo-300ml/p
Jumbo,49377,46540,Shampoo Capilatis Ortiga Cardo 350ml,CAPILATIS,1096.49,90619.0,False,350.0,3.1328,> Perfumería > Cuidado Capilar > Shampoo >,shampoo,estandar,general,https://www.jumbo.com.ar/shampoo-capilatis-ortiga-cardo-350ml-2/p
Jumbo,44614,41785,Shampoo Elvive Oleo Extraordinario 200ml,ELVIVE,550.0,45455.0,False,200.0,2.75,> Perfumería > Cuidado Capilar > Shampoo >,shampoo,profesional,general,https://www.jumbo.com.ar/shampoo-elvive-oleo-extraordinario-200ml-2/p
Jumbo,154469,152040,Shampoo Elvive Set-shampoo Liss Intense X400ml +leche Para Peinar-bli-un.-2,ELVIVE,41.53,3432.0,False,400.0,0.1038,> Perfumería > Cuidado Capilar > Shampoo >,shampoo,profesional,general,https://www.jumbo.com.ar/shampoo-elvive-set-shampoo-liss-intense-x400ml-leche-para-peinar-bli-un-2-2/p
Jumbo,3087946,3087174,Shampoo Elvive Lifter Colageno 400ml,ELVIVE,13150.0,1086777.0,False,400.0,32.875,> Perfumería > Cuidado Capilar > Shampoo >,shampoo,profesional,general,https://www.jumbo.com.ar/shampoo-elvive-lifter-colageno-400ml/p
Jumbo,3085472,308079,Shampoo Bic Flex 3 Hybrid,BIC,11850.0,979339.0,False,,,> Perfumería > Cuidado Personal > Productos Para Afeitarse >,shampoo,estandar,general,https://www.jumbo.com.ar/shampoo-bic-flex-3-hybrid-3/p
Jumbo,404466,401468,Shampoo Anticaspa 260 Ml Capilatis Shampoo Capilatis Anticaspa 260 Ml,CAPILATIS,15250.0,1260331.0,False,260.0,58.6538,> Perfumería > Cuidado Capilar > Shampoo >,shampoo,estandar,anticaspa,https://www.jumbo.com.ar/shampoo-capilatis-anticaspa-260-ml/p
Jumbo,394679,392678,Shampoo Ogx Anti-breakage 385ml,OGX,9896.09,817859.0,False,385.0,25.7041,> Perfumería > Cuidado Capilar > Shampoo >,shampoo,estandar,general,https://www.jumbo.com.ar/shampoo-ogx-anti-breakage-385ml/p
Jumbo,390234,388325,Shampoo Pantene Restauración 750 Ml,PANTENE,8500.0,702479.0,False,750.0,11.3333,> Perfumería > Cuidado Capilar > Shampoo >,shampoo,estandar,general,https://www.jumbo.com.ar/shampoo-pantene-restauracion-750-ml/p
Jumbo,390229,388320,Shampoo Pantene Prov Bambu 700ml,PANTENE,2137.67,176667.0,False,700.0,3.0538,> Perfumería > Cuidado Capilar > Shampoo >,shampoo,profesional,general,https://www.jumbo.com.ar/shampoo-pantene-prov-bambu-700ml/p
Jumbo,386641,384920,Shampoo Head&shoulders Purificación 180ml,HEAD & SHOULDERS,694.29,57379.0,False,180.0,3.8572,> Perfumería > Cuidado Capilar > Shampoo >,shampoo,estandar,general,https://www.jumbo.com.ar/shampoo-head-shoulders-purificacion-180ml/p
Jumbo,386634,384913,Shampoo Head&shoulders Men 375ml,HEAD & SHOULDERS,1176.95,97269.0,False,375.0,3.1385,> Perfumería > Cuidado Capilar > Shampoo >,shampoo,estandar,general,https://www.jumbo.com.ar/shampoo-head-shoulders-men-375ml/p
Jumbo,386627,384906,Shampoo Head&shoulders Manzana 180ml,HEAD & SHOULDERS,5100.0,421488.0,False,180.0,28.3333,> Perfumería > Cuidado Capilar > Shampoo >,shampoo,estandar,general,https://www.jumbo.com.ar/shampoo-head-shoulders-manzana-180ml/p
Jumbo,386620,384899,Shampoo Head&shoulders Hidratación 700ml,HEAD & SHOULDERS,10540.85,871145.0,False,700.0,15.0584,> Perfumería > Cuidado Capilar > Shampoo >,shampoo,estandar,seco_danado,https://www.jumbo.com.ar/shampoo-head-shoulders-hidratacion-700ml/p
Jumbo,384235,382919,Shampoo Tresemme Matiz Ultravioleta 250ml,TRESEMMÉ,506.29,41842.0,False,250.0,2.0252,> Perfumería > Cuidado Capilar > Shampoo >,shampoo,estandar,general,https://www.jumbo.com.ar/shampoo-tresemme-matiz-ultravioleta-250ml/p
Jumbo,384222,382911,Shampoo Tresemme Ondas Boho 500ml,TRESEMMÉ,1463.69,120966.0,False,500.0,2.9274,> Perfumería > Cuidado Capilar > Shampoo >,shampoo,estandar,general,https://www.jumbo.com.ar/shampoo-tresemme-ondas-boho-500ml/p
Jumbo,384194,382895,Shampoo Tresemme Kera Antifrizz 880ml,TRESEMMÉ,2684.29,221842.0,False,880.0,3.0503,> Perfumería > Cuidado Capilar > Shampoo >,shampoo,estandar,general,https://www.jumbo.com.ar/shampoo-tresemme-kera-antifrizz-880ml/p
Jumbo,384190,382891,Shampoo Tresemme Cauterización Reparación 880ml,TRESEMMÉ,2556.45,211277.0,False,880.0,2.9051,> Perfumería > Cuidado Capilar > Shampoo >,shampoo,estandar,general,https://www.jumbo.com.ar/shampoo-tresemme-cauterizacion-reparacion-880ml/p
Jumbo,375248,373966,Shampoo Fructis Recarga Nutritiva 350ml,FRUCTIS,1259.63,104102.0,False,350.0,3.5989,> Perfumería > Cuidado Capilar > Shampoo >,shampoo,estandar,general,https://www.jumbo.com.ar/shampoo-fructis-recarga-nutritiva-350ml-2/p
Jumbo,375235,373953,Shampoo Fructis Rizos Poderosos 350ml,FRUCTIS,1388.75,114773.0,False,350.0,3.9679,> Perfumería > Cuidado Capilar > Shampoo >,shampoo,estandar,rizado,https://www.jumbo.com.ar/shampoo-fructis-rizos-poderosos-350ml-4/p
Jumbo,375231,373949,Shampoo Fructis Rizo Manejable 200ml,FRUCTIS,947.35,78293.0,False,200.0,4.7367,> Perfumería > Cuidado Capilar > Shampoo >,shampoo,estandar,general,https://www.jumbo.com.ar/shampoo-fructis-rizo-manejable-200ml/p
Jumbo,349047,347710,Shampoo Dove Oleo Nutricion 750ml,DOVE,1352.37,111766.0,False,750.0,1.8032,> Perfumería > Cuidado Capilar > Shampoo >,shampoo,estandar,general,https://www.jumbo.com.ar/shampoo-dove-oleo-nutricion-750ml-2/p
Jumbo,347699,346374,Shampoo Sedal Restauracion Instantanea 300ml,SEDAL,420.05,34715.0,False,300.0,1.4002,> Perfumería > Cuidado Capilar > Shampoo >,shampoo,estandar,general,https://www.jumbo.com.ar/shampoo-sedal-restauracion-instantanea-300ml-2/p
Jumbo,347678,346351,Shampoo  Sedal  Ceramidas  650 Ml,SEDAL,880.05,72731.0,False,650.0,1.3539,> Perfumería > Cuidado Capilar > Shampoo >,shampoo,estandar,general,https://www.jumbo.com.ar/shampoo-sedal-ceramidas-650-ml/p
Jumbo,346831,345506,Shampoo Elvive Caida Resist 400ml,ELVIVE,1077.33,89036.0,False,400.0,2.6933,> Perfumería > Cuidado Capilar > Shampoo >,shampoo,profesional,general,https://www.jumbo.com.ar/shampoo-elvive-caida-resist-400ml/p
Jumbo,346767,345442,Shampoo Elvive Arcilla Purificante 750ml,ELVIVE,1604.37,132593.0,False,750.0,2.1392,> Perfumería > Cuidado Capilar > Shampoo >,shampoo,profesional,general,https://www.jumbo.com.ar/shampoo-elvive-arcilla-purificante-750ml/p
Jumbo,344034,342719,Shampoo Sedal Bomba Argan 190ml...,SEDAL,359.35,29698.0,False,190.0,1.8913,> Perfumería > Cuidado Capilar > Shampoo >,shampoo,estandar,general,https://www.jumbo.com.ar/shampoo-sedal-bomba-argan-190ml-3/p
Jumbo,341810,340497,Shampoo Head&shoulders Sensitive 700ml,HEAD & SHOULDERS,1115.39,92181.0,False,700.0,1.5934,> Perfumería > Cuidado Capilar > Shampoo >,shampoo,estandar,general,https://www.jumbo.com.ar/shampoo-head-shoulders-sensitive-700ml-2/p
Jumbo,339248,337933,Shampoo Botikpuro Extra Suave Eco,BOTIK PURO,5376.67,444353.0,False,,,> Perfumería > Cuidado Capilar > Shampoo >,shampoo,estandar,bebe,https://www.jumbo.com.ar/shampoo-botikpuro-extra-suave-eco-2/p
Jumbo,338992,316525,Shampoo Suave Aloe Detox 930ml Shampoo Suave Aloe Detox 930 Ml,SUAVE,322.89,26685.0,False,930.0,0.3472,> Perfumería > Cuidado Capilar > Shampoo >,shampoo,estandar,bebe,https://www.jumbo.com.ar/shampoo-suave-aloe-detox-930ml/p
Jumbo,338987,316520,Shampoo Suave Fuerza Nutritiva 930ml,SUAVE,339.05,28021.0,False,930.0,0.3646,> Perfumería > Cuidado Capilar > Shampoo >,shampoo,estandar,bebe,https://www.jumbo.com.ar/shampoo-suave-fuerza-nutritiva-930ml/p
Jumbo,337419,336522,Shampoo Dove Regeneracion Extrema 200ml,DOVE,398.39,32925.0,False,200.0,1.9919,> Perfumería > Cuidado Capilar > Shampoo >,shampoo,estandar,general,https://www.jumbo.com.ar/shampoo-dove-regeneracion-extrema-200ml-2/p
Jumbo,331660,330818,Elvive Shampoo Hidra Hialuronico 750ml,ELVIVE,6900.0,570248.0,False,750.0,9.2,> Perfumería > Cuidado Capilar > Shampoo >,shampoo,profesional,general,https://www.jumbo.com.ar/elvive-shampoo-hidra-hialuronico-750ml/p
Jumbo,330753,329501,Shampoo Johnson Baby Original 750,JOHNSON BABY,1719.49,142107.0,False,,,> Mundo Bebe > Higiene para el Bebe > Higiene del Bebé >,shampoo,estandar,general,https://www.jumbo.com.ar/shampoo-johnson-baby-original-750/p
Jumbo,330726,329474,Shampoo Johnson Baby Manzanilla 200,JOHNSON BABY,593.19,49024.0,False,,,> Mundo Bebe > Higiene para el Bebe > Higiene del Bebé >,shampoo,estandar,general,https://www.jumbo.com.ar/shampoo-johnson-baby-manzanilla-200/p
Jumbo,330716,329464,Shampoo Johnson Baby Manzanilla 750,JOHNSON BABY,1658.49,137065.0,False,,,> Mundo Bebe > Higiene para el Bebe > Higiene del Bebé >,shampoo,estandar,general,https://www.jumbo.com.ar/shampoo-johnson-baby-manzanilla-750/p
Jumbo,313290,312528,Shampoo Biferdil Alisado 300 Ml,BIFERDIL,18550.0,1533058.0,False,300.0,61.8333,> Perfumería > Cuidado Capilar > Shampoo >,shampoo,estandar,tratado,https://www.jumbo.com.ar/shampoo-biferdil-alisado-300-ml/p
Jumbo,312933,312171,Shampoo Biferdil Bioxidil 250 Ml,BIFERDIL,23650.0,1954545.0,False,250.0,94.6,> Perfumería > Cuidado Capilar > Shampoo >,shampoo,estandar,general,https://www.jumbo.com.ar/shampoo-biferdil-bioxidil-250-ml/p
Jumbo,309884,309121,Shampoo Swing Reparintens 200 Ml,SWING,63.05,5211.0,False,200.0,0.3152,> Perfumería > Cuidado Capilar > Shampoo >,shampoo,estandar,general,https://www.jumbo.com.ar/shampoo-swing-reparintens-200-ml/p
Jumbo,300154,299372,Shampoo Dove Fuerza Vital 400ml,DOVE,244.89,20239.0,False,400.0,0.6122,> Perfumería > Cuidado Capilar > Shampoo >,shampoo,estandar,general,https://www.jumbo.com.ar/shampoo-dove-fuerza-vital-400ml/p
Jumbo,263631,263351,Shampoo Dove Oleo Micelar 400ml,DOVE,244.89,20239.0,False,400.0,0.6122,> Perfumería > Cuidado Capilar > Shampoo >,shampoo,estandar,general,https://www.jumbo.com.ar/shampoo-dove-oleo-micelar-400ml/p
Jumbo,254987,254281,Shampoo Fructis Liso Coco 200ml,FRUCTIS,261.69,21627.0,False,200.0,1.3084,> Perfumería > Cuidado Capilar > Shampoo >,shampoo,estandar,general,https://www.jumbo.com.ar/shampoo-fructis-liso-coco-200ml/p
Jumbo,247602,244280,Shampoo Tresemme Bajo Poo 400ml,TRESEMMÉ,283.29,23412.0,False,400.0,0.7082,> Perfumería > Cuidado Capilar > Shampoo >,shampoo,estandar,general,https://www.jumbo.com.ar/shampoo-tresemme-bajo-poo-400ml/p
Jumbo,215565,232203,Shampoo Elvive Cosmetico  2 U,ELVIVE,15.05,15.05,False,,,> Perfumería > Cuidado Capilar > Shampoo >,shampoo,profesional,general,https://www.jumbo.com.ar/shampoo-elvive-cosmetico-2-u-2-248126/p
Jumbo,155217,152787,Shampoo Plusbelle Familiar-pvc-ml.-200,PLUSBELLE,8.53,705.0,False,,,> Perfumería > Cuidado Capilar > Shampoo >,shampoo,estandar,general,https://www.jumbo.com.ar/shampoo-plusbelle-familiar-pvc-ml-200-2/p
Jumbo,141000,137910,Shampoo Vo5-equilibrante-paq-un.-2,VO5,12.49,12.49,False,,,> Perfumería > Cuidado Capilar > Shampoo >,shampoo,estandar,general,https://www.jumbo.com.ar/shampoo-vo5-equilibrante-paq-un-2-2/p
Jumbo,132224,129140,Pantene Shampoo Hidratacion Balanceada 200ml,PANTENE,24.67,2039.0,False,200.0,0.1234,> Perfumería > Cuidado Capilar > Shampoo >,shampoo,estandar,seco_danado,https://www.jumbo.com.ar/pantene-shampoo-hidratacion-balanceada-200ml/p
Jumbo,130621,127550,Shampoo Pantene Fusión Naturaleza 200 Ml,PANTENE,24.67,2039.0,False,200.0,0.1234,> Perfumería > Cuidado Capilar > Shampoo >,shampoo,estandar,general,https://www.jumbo.com.ar/shampoo-pantene-fusion-naturaleza-200-ml-2/p
Jumbo,117746,116784,Shampoo Dove X 200 Ml Shampoo Dove Advanced Therapy Control Quiebre X 200 Ml,DOVE,15.09,15.09,False,200.0,0.0755,> Perfumería > Cuidado Capilar > Shampoo >,shampoo,estandar,general,https://www.jumbo.com.ar/shampoo-dove-x-200-ml/p
Jumbo,115906,114950,Shampoo Anticaspa Head & Shoulders Head & Shoulders Shampoo Citrusfresh 700ml,HEAD & SHOULDERS,135.89,11231.0,False,700.0,0.1941,> Perfumería > Cuidado Capilar > Shampoo >,shampoo,estandar,anticaspa,https://www.jumbo.com.ar/shampoo-anticaspa-head-shoulders-3-2/p
Jumbo,62550,59699,Shampoo Flex X 250 Ml,FLEX,6.09,6.09,False,250.0,0.0244,> Perfumería > Cuidado Capilar > Shampoo >,shampoo,estandar,general,https://www.jumbo.com.ar/shampoo-flex-x-250-ml-3/p
Jumbo,57735,54892,Shampoo Sedal Pvc 350 Ml,SEDAL,8.39,693.0,False,350.0,0.024,> Perfumería > Cuidado Capilar > Shampoo >,shampoo,estandar,general,https://www.jumbo.com.ar/shampoo-sedal-pvc-350-ml/p
Jumbo,55312,52472,Shampoo Suave Pvc 350 Ml,SUAVE,3.25,3.25,False,350.0,0.0093,> Perfumería > Cuidado Capilar > Shampoo >,shampoo,estandar,bebe,https://www.jumbo.com.ar/shampoo-suave-pvc-350-ml-4/p
Jumbo,44248,41421,Shampoo Elvive Oleo Extraordinario 400ml,ELVIVE,470.17,38857.0,False,400.0,1.1754,> Perfumería > Cuidado Capilar > Shampoo >,shampoo,profesional,general,https://www.jumbo.com.ar/shampoo-elvive-oleo-extraordinario-400ml-2/p
Jumbo,43768,40939,Shampoo Life Quality Algas 950ml,LIFE QUALITY,1150.0,95041.0,False,950.0,1.2105,> Perfumería > Cuidado Capilar > Shampoo >,shampoo,estandar,general,https://www.jumbo.com.ar/shampoo-life-quality-algas-950ml/p
Jumbo,43263,40434,Shampoo Suave Lavanda 930 Ml,SUAVE,37.17,3072.0,False,930.0,0.04,> Perfumería > Cuidado Capilar > Shampoo >,shampoo,estandar,bebe,https://www.jumbo.com.ar/shampoo-suave-lavanda-930-ml/p
Jumbo,41561,38726,Shampoo Fructis Goodbye Daños 200ml,FRUCTIS,397.25,32831.0,False,200.0,1.9863,> Perfumería > Cuidado Capilar > Shampoo >,shampoo,estandar,general,https://www.jumbo.com.ar/shampoo-fructis-goodbye-danos-200ml/p
Jumbo,31471,28630,Shampoo Elvive Color Vive 200ml,ELVIVE,330.19,27288.0,False,200.0,1.6509,> Perfumería > Cuidado Capilar > Shampoo >,shampoo,profesional,tratado,https://www.jumbo.com.ar/shampoo-elvive-color-vive-200ml/p
Jumbo,31248,28407,Shampoo Elvive Kera Liso750ml,ELVIVE,683.47,56485.0,False,750.0,0.9113,> Perfumería > Cuidado Capilar > Shampoo >,shampoo,profesional,general,https://www.jumbo.com.ar/shampoo-elvive-kera-liso750ml/p
Jumbo,31007,28166,Shampoo Elvive Caida Resist 200ml,ELVIVE,266.59,22032.0,False,200.0,1.3329,> Perfumería > Cuidado Capilar > Shampoo >,shampoo,profesional,general,https://www.jumbo.com.ar/shampoo-elvive-caida-resist-200ml/p
Jumbo,29637,26799,Shampoo Herbal Ess Alborotalo 300ml Shampoo Herbal Essences Alborótalos 300 Ml,HERBAL ESSENCES,162.43,13424.0,False,300.0,0.5414,> Perfumería > Cuidado Capilar > Shampoo >,shampoo,estandar,general,https://www.jumbo.com.ar/shampoo-herbal-ess-alborotalo-300ml/p
Jumbo,22427,19589,Shampoo Elvive Rizos Hidratados 400ml,ELVIVE,470.17,38857.0,False,400.0,1.1754,> Perfumería > Cuidado Capilar > Shampoo >,shampoo,profesional,rizado,https://www.jumbo.com.ar/shampoo-elvive-rizos-hidratados-400ml/p
Jumbo,19654,16817,Shampoo Sedal Bomba De Nutrición 340ml,SEDAL,155.69,12867.0,False,340.0,0.4579,> Perfumería > Cuidado Capilar > Shampoo >,shampoo,estandar,general,https://www.jumbo.com.ar/shampoo-sedal-bomba-de-nutricion-340ml/p
Jumbo,15778,12920,Shampoo Porta X 1 Un Shampoo Desodorante Porta 500 Cc,PORTA,84.99,84.99,False,,,> Mascotas > Accesorios para Mascotas >,shampoo,estandar,general,https://www.jumbo.com.ar/shampoo-porta-x-1-un/p
Jumbo,7679,5005,Shampoo Elvive Rt Extreme 200ml,ELVIVE,290.85,24037.0,False,200.0,1.4543,> Perfumería > Cuidado Capilar > Shampoo >,shampoo,profesional,general,https://www.jumbo.com.ar/shampoo-elvive-rt-extreme-200ml/p
Jumbo,7418,4746,Shampoo Pantene Cuidado Clasico 400ml,PANTENE,201.27,16634.0,False,400.0,0.5032,> Perfumería > Cuidado Capilar > Shampoo >,shampoo,estandar,general,https://www.jumbo.com.ar/shampoo-pantene-cuidado-clasico-400ml-3/p
Jumbo,7325,4659,Shampoo Pantene Control Caida 400ml,PANTENE,201.27,16634.0,False,400.0,0.5032,> Perfumería > Cuidado Capilar > Shampoo >,shampoo,estandar,general,https://www.jumbo.com.ar/shampoo-pantene-control-caida-400ml/p
Jumbo,3418,248541,Shampoo Pantene Hidrocauterización 400 Ml,PANTENE,48.79,4032.0,False,400.0,0.122,> Perfumería > Cuidado Capilar > Shampoo >,shampoo,estandar,general,https://www.jumbo.com.ar/shampoo-pantene/p
Jumbo,2853,246021,Shampoo Capilatis Fuerza 420 Ml,CAPILATIS,306.93,25366.0,False,420.0,0.7308,> Perfumería > Cuidado Capilar > Shampoo >,shampoo,estandar,general,https://www.jumbo.com.ar/shampoo-capilatis-fuerza-420-ml/p
Jumbo,3088130,3087355,Shampoo Neutro Muffler Pro 12n 500cc,MUFFLER,11561.55,955500.0,False,,,> Hogar y textil > Automotor > Limpieza >,shampoo,estandar,general,https://www.jumbo.com.ar/shampoo-neutro-muffler-pro-12n-500cc/p
Jumbo,3086914,3086138,Shampoo Tío Nacho Purificación 200 Ml,SUAVE,5500.0,454545.0,False,200.0,27.5,> Perfumería > Cuidado Capilar > Shampoo >,shampoo,estandar,general,https://www.jumbo.com.ar/shampoo-tio-nacho-purificacion-200-ml-2/p
Jumbo,3070275,3069868,Shampoo Brillo Lamelar 500 Ml Tresemmé,TRESEMMÉ,9650.0,797521.0,False,500.0,19.3,> Perfumería > Cuidado Capilar > Shampoo >,shampoo,estandar,general,https://www.jumbo.com.ar/shampoo-brillo-lamelar-x-500-ml-tresemme/p
Jumbo,413368,409245,Shampoo Tresemme Brillo Lamelar 500 Ml,TRESEMMÉ,6850.0,566116.0,False,500.0,13.7,> Perfumería > Cuidado Capilar > Shampoo >,shampoo,estandar,general,https://www.jumbo.com.ar/shampoo-tresemme-brillo-lamelar-500-ml/p
Jumbo,413342,409223,Shampoo Keratina Antifrizz 880 Ml Tresemmé,TRESEMMÉ,15050.0,1243802.0,False,880.0,17.1023,> Perfumería > Cuidado Capilar > Shampoo >,shampoo,estandar,tratado,https://www.jumbo.com.ar/shampoo-tresemme-keratina-antifrizz-880-ml/p
Jumbo,413338,409219,Shampoo Detox Capilar 500 Ml Tresemmé Shampoo Tresemme Detox Capilar 500 Ml,TRESEMMÉ,7100.0,586777.0,False,500.0,14.2,> Perfumería > Cuidado Capilar > Shampoo >,shampoo,estandar,general,https://www.jumbo.com.ar/shampoo-tresemme-detox-capilar-500-ml/p
Jumbo,411476,407294,Shampoo Capilatis Reparación Absoluta 350 Ml,CAPILATIS,12650.0,1045455.0,False,350.0,36.1429,> Perfumería > Cuidado Capilar > Shampoo >,shampoo,estandar,general,https://www.jumbo.com.ar/shampoo-capilatis-reparacion-absoluta-350-ml/p
Jumbo,397683,395416,Shampoo Dove Nutr Oleo Mic 400ml,DOVE,1211.79,100148.0,False,400.0,3.0295,> Perfumería > Cuidado Capilar > Shampoo >,shampoo,estandar,general,https://www.jumbo.com.ar/shampoo-dove-nutr-oleo-mic-400ml/p
Jumbo,396883,394639,Shampoo Restauración Instantánea 300 Ml Sedal,SEDAL,3800.0,314050.0,False,300.0,12.6667,> Perfumería > Cuidado Capilar > Shampoo >,shampoo,estandar,general,https://www.jumbo.com.ar/shampoo-sedal-restauracion-instantanea-300ml/p
Jumbo,393380,391408,Shampoo Dove Ritual De Crecimiento 400 Ml,DOVE,8650.0,714876.0,False,400.0,21.625,> Perfumería > Cuidado Capilar > Shampoo >,shampoo,estandar,general,https://www.jumbo.com.ar/shampoo-dove-ritual-de-crecimiento-400-ml/p
Jumbo,393376,391404,Shampoo Óleo Nutrición 750 Ml Dove,DOVE,14550.0,1202479.0,False,750.0,19.4,> Perfumería > Cuidado Capilar > Shampoo >,shampoo,estandar,general,https://www.jumbo.com.ar/shampoo-dove-oleo-nutricion-750-ml-4/p
Jumbo,391961,390013,Shampoo Algabo Kids Piojos 500 Ml,ALGABO,1750.0,144628.0,False,500.0,3.5,> Mundo Bebe > Higiene para el Bebe > Higiene del Bebé >,shampoo,estandar,bebe,https://www.jumbo.com.ar/shampoo-algabo-kids-piojos-500-ml/p
Jumbo,384196,382897,Shampoo Tresemme Liso Efecto Botox 500ml,TRESEMMÉ,1463.73,120969.0,False,500.0,2.9275,> Perfumería > Cuidado Capilar > Shampoo >,shampoo,estandar,general,https://www.jumbo.com.ar/shampoo-tresemme-liso-efecto-botox-500ml/p
Jumbo,384195,382896,Shampoo Tresemme Ondas Boho 250 Ml,TRESEMMÉ,823.35,68045.0,False,250.0,3.2934,> Perfumería > Cuidado Capilar > Shampoo >,shampoo,estandar,general,https://www.jumbo.com.ar/shampoo-tresemme-ondas-boho-250-ml-2/p
Jumbo,384189,382890,Shampoo Tresemme Cauterización Reparación 250 Ml,TRESEMMÉ,1050.0,86777.0,False,250.0,4.2,> Perfumería > Cuidado Capilar > Shampoo >,shampoo,estandar,general,https://www.jumbo.com.ar/shampoo-tresemme-cauterizacion-reparacion-250-ml/p
Jumbo,384062,382759,Shampoo Fructis Hair Food Banana 300ml,FRUCTIS,9750.0,805785.0,False,300.0,32.5,> Perfumería > Cuidado Capilar > Shampoo >,shampoo,estandar,general,https://www.jumbo.com.ar/shampoo-fructis-hair-food-banana-300ml-3/p
Jumbo,354056,352687,Shampoo Elvive Color Vive Protector 750ml,ELVIVE,2450.0,202479.0,False,750.0,3.2667,> Perfumería > Cuidado Capilar > Shampoo >,shampoo,profesional,tratado,https://www.jumbo.com.ar/shampoo-elvive-color-vive-protector-750ml/p
Jumbo,353889,352520,Shampoo Plusbelle Esencia Reconstrucción 700 Ml,PLUSBELLE,2650.0,219008.0,False,700.0,3.7857,> Perfumería > Cuidado Capilar > Shampoo >,shampoo,estandar,general,https://www.jumbo.com.ar/shampoo-plusbelle-esencia-reconstruccion-700-ml/p
Jumbo,353872,352503,Shampoo Plusbelle Esencia Protección 700 Ml,PLUSBELLE,2650.0,219008.0,False,700.0,3.7857,> Perfumería > Cuidado Capilar > Shampoo >,shampoo,estandar,general,https://www.jumbo.com.ar/shampoo-plusbelle-esencia-proteccion-700-ml/p
Jumbo,352449,351085,Shampoo  Avocado Solido 60 Gr Fructis Shampoo Fructis Avocado Solido 60g,FRUCTIS,2800.0,231405.0,False,60.0,46.6667,> Perfumería > Cuidado Capilar > Shampoo >,shampoo,estandar,general,https://www.jumbo.com.ar/shampoo-fructis-avocado-solido-60g-2/p
Jumbo,349496,348156,Shampoo Vitalidad Renovadora 1000 Ml Plusbelle,PLUSBELLE,3650.0,301653.0,False,1000.0,3.65,> Perfumería > Cuidado Capilar > Shampoo >,shampoo,estandar,general,https://www.jumbo.com.ar/shampoo-vitalidad-renovadora-1000-ml-plusbelle/p
Jumbo,348057,346732,Shampoo Algabo Brillo Eco-pack 930ml,ELVIVE,221.47,18303.0,False,930.0,0.2381,> Perfumería > Cuidado Capilar > Shampoo >,tratamiento,profesional,general,https://www.jumbo.com.ar/shampoo-algabo-brillo-eco-pack-930ml-2/p
Jumbo,347680,346353,Shampoo  Sedal  Liso Perfecto  650 Ml,SEDAL,880.05,72731.0,False,650.0,1.3539,> Perfumería > Cuidado Capilar > Shampoo >,shampoo,estandar,general,https://www.jumbo.com.ar/shampoo-sedal-liso-perfecto-650-ml/p
Jumbo,347679,346352,Shampoo  Sedal  Crema Balance  650 Ml,SEDAL,880.05,72731.0,False,650.0,1.3539,> Perfumería > Cuidado Capilar > Shampoo >,shampoo,estandar,general,https://www.jumbo.com.ar/shampoo-sedal-crema-balance-650-ml/p
Jumbo,347677,346350,Shampoo  Sedal  Restauración Instantánea  340 Ml,SEDAL,900.0,74380.0,False,340.0,2.6471,> Perfumería > Cuidado Capilar > Shampoo >,shampoo,estandar,general,https://www.jumbo.com.ar/shampoo-sedal-restauracion-instantanea-340-ml-2/p
Jumbo,347676,346349,Shampoo  Sedal  Rizos Definidos  340 Ml,SEDAL,469.67,38816.0,False,340.0,1.3814,> Perfumería > Cuidado Capilar > Shampoo >,shampoo,estandar,rizado,https://www.jumbo.com.ar/shampoo-sedal-rizos-definidos-340-ml/p
Jumbo,347653,346326,Shampoo  Dove  Hidratación Intensa  200 Ml,DOVE,584.29,48288.0,False,200.0,2.9214,> Perfumería > Cuidado Capilar > Shampoo >,shampoo,estandar,seco_danado,https://www.jumbo.com.ar/shampoo-dove-hidratacion-intensa-200-ml-2/p
Jumbo,346765,345440,Shampoo Arcilla Extraordinaria 400 Ml Elvive,ELVIVE,9550.0,789256.0,False,400.0,23.875,> Perfumería > Cuidado Capilar > Shampoo >,shampoo,profesional,general,https://www.jumbo.com.ar/shampoo-elvive-arcilla-purificante-400-ml/p
Jumbo,345294,343979,Shampoo Pantene Essentials Rizos Definidos 400ml,PANTENE,806.35,66641.0,False,400.0,2.0159,> Perfumería > Cuidado Capilar > Shampoo >,shampoo,estandar,rizado,https://www.jumbo.com.ar/shampoo-pantene-essentials-rizos-definidos-400ml/p
Jumbo,345285,343970,Shampoo Pantene Porv Essent 2en1 400ml,PANTENE,399.49,33016.0,False,400.0,0.9987,> Perfumería > Cuidado Capilar > Shampoo >,shampoo,estandar,general,https://www.jumbo.com.ar/shampoo-pantene-porv-essent-2en1-400ml/p
Jumbo,345110,343795,Shampoo Pantene Prov Essentials Brillo 750ml..,PANTENE,1496.95,123715.0,False,750.0,1.9959,> Perfumería > Cuidado Capilar > Shampoo >,shampoo,profesional,general,https://www.jumbo.com.ar/shampoo-pantene-prov-essentials-brillo-750ml-2/p
Jumbo,345108,343793,Shampoo Pantene Prov Essentials Brillo 400ml,PANTENE,858.79,70974.0,False,400.0,2.147,> Perfumería > Cuidado Capilar > Shampoo >,shampoo,profesional,general,https://www.jumbo.com.ar/shampoo-pantene-prov-essentials-brillo-400ml-2/p
Jumbo,345055,343740,Shampoo Pantene Prov Essentials Hidrat 200ml,PANTENE,346.63,28647.0,False,200.0,1.7331,> Perfumería > Cuidado Capilar > Shampoo >,shampoo,profesional,seco_danado,https://www.jumbo.com.ar/shampoo-pantene-prov-essentials-hidrat-200ml-2/p
Jumbo,345054,343739,Shampoo Pantene Prov Essentials Hidratacion 400ml,PANTENE,858.79,70974.0,False,400.0,2.147,> Perfumería > Cuidado Capilar > Shampoo >,shampoo,profesional,seco_danado,https://www.jumbo.com.ar/shampoo-pantene-prov-essentials-hidratacion-400ml/p
Jumbo,337366,336469,Shampoo Dove Regeneración Extrema 750 Ml,DOVE,1031.19,85222.0,False,750.0,1.3749,> Perfumería > Cuidado Capilar > Shampoo >,shampoo,estandar,general,https://www.jumbo.com.ar/shampoo-dove-regeneracion-extrema-750-ml-2/p
Jumbo,333068,332216,Shampoo Hidratación Intensa 400ml Johnson Baby,JOHNSON BABY,906.99,74958.0,False,400.0,2.2675,> Mundo Bebe > Higiene para el Bebe > Higiene del Bebé >,shampoo,estandar,seco_danado,https://www.jumbo.com.ar/shampoo-hidratacion-intensa-400ml-johnson-baby/p
Jumbo,332080,331241,Shampoo Dove Ritual Detox 400 Ml,DOVE,397.79,32875.0,False,400.0,0.9945,> Perfumería > Cuidado Capilar > Shampoo >,shampoo,estandar,general,https://www.jumbo.com.ar/shampoo-dove-ritual-detox-400-ml/p
Jumbo,313257,312495,Shampoo Fructis Hair Food Coco 300ml,FRUCTIS,643.67,53196.0,False,300.0,2.1456,> Perfumería > Cuidado Capilar > Shampoo >,shampoo,estandar,general,https://www.jumbo.com.ar/shampoo-fructis-hair-food-coco-300ml/p
Jumbo,312953,312191,Shampoo Aclarante Manzanilla 400 Ml Biferdil,BIFERDIL,11950.0,987603.0,False,400.0,29.875,> Perfumería > Cuidado Capilar > Shampoo >,shampoo,estandar,general,https://www.jumbo.com.ar/shampoo-manzanilla-400-ml-biferdil/p
Jumbo,309895,309132,Shampoo Swing Brillo Radiante 200 Ml,SWING,63.89,5280.0,False,200.0,0.3195,> Perfumería > Cuidado Capilar > Shampoo >,shampoo,estandar,general,https://www.jumbo.com.ar/shampoo-swing-brillo-radiante-200-ml/p
Jumbo,309888,309125,Shampoo Swing Brillo Radiante 400 Ml,SWING,800.0,66116.0,False,400.0,2.0,> Perfumería > Cuidado Capilar > Shampoo >,shampoo,estandar,general,https://www.jumbo.com.ar/shampoo-swing-brillo-radiante-400-ml/p
Jumbo,308634,307871,Shampoo Elvive Dream Long Liss 750ml,ELVIVE,14500.0,1198347.0,False,750.0,19.3333,> Perfumería > Cuidado Capilar > Shampoo >,shampoo,profesional,general,https://www.jumbo.com.ar/shampoo-elvive-dream-long-liss-750ml/p
Jumbo,307898,307136,Shampoo Polyana Ceramidas Doypack 300 Ml,POLYANA,106.99,8842.0,False,300.0,0.3566,> Perfumería > Cuidado Capilar > Shampoo >,tratamiento,estandar,general,https://www.jumbo.com.ar/shampoo-polyana-ceramidas-doypack-300-ml/p
Jumbo,295748,294978,Shampoo Anticaspa Clear Men Scalpfoods Detox,CLEAR,230.63,19060.0,False,,,> Perfumería > Cuidado Capilar > Shampoo >,shampoo,estandar,anticaspa,https://www.jumbo.com.ar/shampoo-anticaspa-clear-men-scalpfoods-detox/p
Jumbo,295745,294975,Shampoo Anticaspa Clear Men Scalpfoods Detox,CLEAR,134.69,11131.0,False,,,> Perfumería > Cuidado Capilar > Shampoo >,shampoo,estandar,anticaspa,https://www.jumbo.com.ar/shampoo-anticaspa-clear-men-scalpfoods-detox-3/p
Jumbo,295167,294496,Shampoo Fructis Aloe Hidra Bomb 350ml,FRUCTIS,3300.0,272727.0,False,350.0,9.4286,> Perfumería > Cuidado Capilar > Shampoo >,shampoo,estandar,general,https://www.jumbo.com.ar/shampoo-fructis-aloe-hidra-bomb-350ml/p
Jumbo,295009,294240,Shampoo Sedal Bomba Coco 190 Ml,SEDAL,166.17,13733.0,False,190.0,0.8746,> Perfumería > Cuidado Capilar > Shampoo >,shampoo,estandar,general,https://www.jumbo.com.ar/shampoo-sedal-bomba-coco-190-ml/p
Jumbo,269213,268719,Shampoo Il Salone  Keratina 500 Ml,IL SALONE,467.07,38601.0,False,500.0,0.9341,> Perfumería > Cuidado Capilar > Shampoo >,shampoo,estandar,tratado,https://www.jumbo.com.ar/shampoo-il-salone-keratina-500-ml/p
Jumbo,263638,263358,Shampoo Suave Palta Y Argan 930ml,SUAVE,103.84,8582.0,False,930.0,0.1117,> Perfumería > Cuidado Capilar > Shampoo >,shampoo,estandar,bebe,https://www.jumbo.com.ar/shampoo-suave-palta-y-argan-930ml/p
Jumbo,249724,246715,Tío Nacho Ultrahidratante Shampoo 415 Ml,Tio Nacho,1550.0,128099.0,False,415.0,3.7349,> Perfumería > Cuidado Capilar > Shampoo >,shampoo,estandar,seco_danado,https://www.jumbo.com.ar/tio-nacho-ultrahidratante-shampoo-415-ml/p
Jumbo,248619,245601,Shampoo Sedal Bomba Argán 190 Ml,SEDAL,166.17,13733.0,False,190.0,0.8746,> Perfumería > Cuidado Capilar > Shampoo >,shampoo,estandar,general,https://www.jumbo.com.ar/shampoo-sedal-bomba-argan-190-ml-2/p
Jumbo,248618,245600,Shampoo Sedal Bomba Argán 650 Ml,SEDAL,246.25,20351.0,False,650.0,0.3788,> Perfumería > Cuidado Capilar > Shampoo >,shampoo,estandar,general,https://www.jumbo.com.ar/shampoo-sedal-bomba-argan-650-ml/p
Jumbo,246759,243671,Shampoo Vo5 Lacio Luminoso X 790ml,VO5,59.73,59.73,False,790.0,0.0756,> Perfumería > Cuidado Capilar > Shampoo >,shampoo,estandar,tratado,https://www.jumbo.com.ar/shampoo-vo5-lacio-luminoso-x-790ml/p
Jumbo,190033,232578,Shampoo Folicure Original + Ampolla Folicure,FOLICURE,19.99,19.99,False,,,> Perfumería > Cuidado Capilar > Shampoo >,shampoo,estandar,general,https://www.jumbo.com.ar/shampoo-folicure-5-349482/p
Jumbo,167196,165022,Shampoo Tresemmé-limpieza Profunda-pvc-ml.-750,TRESEMMÉ,55.29,4569.0,False,,,> Perfumería > Cuidado Capilar > Shampoo >,shampoo,estandar,general,https://www.jumbo.com.ar/shampoo-tresemme-limpieza-profunda-pvc-ml-750/p
Jumbo,25406,22566,Acondicionador Diario Pro-v Hidratación Extrema 170 Ml Pantene,PANTENE,10000.0,826446.0,True,170.0,58.8235,> Perfumería > Cuidado Capilar > Acondicionador >,acondicionador,profesional,seco_danado,https://www.jumbo.com.ar/acondicionador-diario-pro-v-hidratacion-extrema-170-ml-pantene/p
Jumbo,3087374,3086595,Acondicionador Dove Reconstaminoacido 650ml,DOVE,16700.0,1380165.0,True,650.0,25.6923,> Perfumería > Cuidado Capilar > Acondicionador >,acondicionador,estandar,general,https://www.jumbo.com.ar/acondicionador-dove-reconstaminoacido-650ml/p
Jumbo,3087382,3086603,Acondicionador Dove Regeneracionretinol 650ml,DOVE,16700.0,1380165.0,True,650.0,25.6923,> Perfumería > Cuidado Capilar > Acondicionador >,acondicionador,estandar,general,https://www.jumbo.com.ar/acondicionador-dove-regeneracionretinol-650ml/p
Jumbo,411246,407086,Acondicionador Dove Hidratacion 400 Ml,DOVE,9150.0,756198.0,True,400.0,22.875,> Perfumería > Cuidado Capilar > Acondicionador >,acondicionador,estandar,seco_danado,https://www.jumbo.com.ar/acondicionador-dove-hidratacion-400-ml/p
Jumbo,396962,394718,Acondicionador Restauración 970 Ml Plusbelle,PLUSBELLE,6350.0,524793.0,True,970.0,6.5464,> Perfumería > Cuidado Capilar > Acondicionador >,acondicionador,estandar,general,https://www.jumbo.com.ar/acondicionador-esencia-restauracion-970-ml-plusbelle/p
Jumbo,251373,250674,Acondicionador Herbal Essences Coconut 400ml,HERBAL ESSENCES,16800.0,1388430.0,True,400.0,42.0,> Perfumería > Cuidado Capilar > Acondicionador >,acondicionador,estandar,general,https://www.jumbo.com.ar/acondicionador-herbal-essences-coconut-400ml/p
Jumbo,3068263,3068091,Acondicionador Probiotics 200 Ml Fructis,FRUCTIS,5900.0,487603.0,True,200.0,29.5,> Perfumería > Cuidado Capilar > Acondicionador >,acondicionador,estandar,general,https://www.jumbo.com.ar/acondicionador-probiotics-x-200-ml-fructis-2/p
Jumbo,394353,392359,Acondicionador Ceramidas 190 Ml Sedal,SEDAL,3900.0,322314.0,True,190.0,20.5263,> Perfumería > Cuidado Capilar > Acondicionador >,acondicionador,estandar,general,https://www.jumbo.com.ar/acondicionador-ceramidas-190-ml-sedal/p
Jumbo,251370,250672,Acondicionador Herbal Essences Argan400ml,HERBAL ESSENCES,16800.0,1388430.0,True,400.0,42.0,> Perfumería > Cuidado Capilar > Acondicionador >,acondicionador,estandar,general,https://www.jumbo.com.ar/acondicionador-herbal-essences-argan400ml/p
Jumbo,3070282,3069875,Acondicionador Keratina Antifrizz 500 Ml Tresemmé,TRESEMMÉ,10700.0,884298.0,True,500.0,21.4,> Perfumería > Cuidado Capilar > Acondicionador >,acondicionador,estandar,tratado,https://www.jumbo.com.ar/acondicionador-keratina-antifrizz-x-500-ml-tresemme-2/p
Jumbo,393559,391587,Acondicionador Dove óleo Nutrición 400 Ml,DOVE,9150.0,756198.0,True,400.0,22.875,> Perfumería > Cuidado Capilar > Acondicionador >,acondicionador,estandar,general,https://www.jumbo.com.ar/acondicionador-dove-oleo-nutricion-400-ml-3/p
Jumbo,3070159,3069766,Acondicionador Keratina X 510 Ml Pantene,PANTENE,16400.0,1355372.0,True,510.0,32.1569,> Perfumería > Cuidado Capilar > Acondicionador >,acondicionador,estandar,tratado,https://www.jumbo.com.ar/acondicionador-keratina-x-510-ml-pantene/p
Jumbo,3070158,3069763,Acondicionador Colágeno Hidratación 510 Ml Pantene,PANTENE,16400.0,1355372.0,True,510.0,32.1569,> Perfumería > Cuidado Capilar > Acondicionador >,acondicionador,estandar,seco_danado,https://www.jumbo.com.ar/acondicionador-colageno-x-510-ml-pantene-2/p
Jumbo,3066238,3066154,Acondicionador Luminous UV 650 Ml Sedal,SEDAL,9400.0,776860.0,True,650.0,14.4615,> Perfumería > Cuidado Capilar > Acondicionador >,acondicionador,estandar,general,https://www.jumbo.com.ar/acondicionador-luminous-uv-x-650-ml-sedal-2/p
Jumbo,401188,398526,Acondicionador Hidratante Equilibrio 700 Ml Pantene,PANTENE,17250.0,1425620.0,True,700.0,24.6429,> Perfumería > Cuidado Capilar > Acondicionador >,acondicionador,estandar,seco_danado,https://www.jumbo.com.ar/acondicionador-hidratante-equilibrio-700-ml-pantene/p
Jumbo,397929,395664,Acondicionador Crema Balance 340 Ml Sedal,SEDAL,5450.0,450413.0,True,340.0,16.0294,> Perfumería > Cuidado Capilar > Acondicionador >,acondicionador,estandar,general,https://www.jumbo.com.ar/acondicionador-crema-balance-340-ml-sedal/p
Jumbo,397197,394938,Acondicionador Goodbye Daños 350 Ml Fructis,FRUCTIS,8450.0,698347.0,True,350.0,24.1429,> Perfumería > Cuidado Capilar > Acondicionador >,acondicionador,estandar,general,https://www.jumbo.com.ar/enjuague-cabello-danado-goodbye-danos-x350-fructis-garnier/p
Jumbo,393381,391409,Acondicionador Rizos Definidos 340 Ml Sedal,SEDAL,5450.0,450413.0,True,340.0,16.0294,> Perfumería > Cuidado Capilar > Acondicionador >,acondicionador,estandar,rizado,https://www.jumbo.com.ar/acondicionador-rizos-definidos-340-ml-sedal/p
Jumbo,339398,338089,Acondicionador Recarga Nutritiva 650 Ml Fructis,FRUCTIS,12950.0,1070248.0,True,650.0,19.9231,> Perfumería > Cuidado Capilar > Acondicionador >,acondicionador,estandar,general,https://www.jumbo.com.ar/acondicionador-recarga-nutritiva-650-ml-fructis/p
Jumbo,3065222,3065221,Acondicionador Liso Infinito 700 Ml Pantene,PANTENE,17250.0,1425620.0,True,700.0,24.6429,> Perfumería > Cuidado Capilar > Acondicionador >,acondicionador,estandar,general,https://www.jumbo.com.ar/acondicionador-pro-v-miracles-liso-finito-700-ml-pantene-2/p
Jumbo,396960,394716,Acondicionador Largo Saludable 970 Ml Plusbelle,PLUSBELLE,6350.0,524793.0,True,970.0,6.5464,> Perfumería > Cuidado Capilar > Acondicionador >,acondicionador,estandar,general,https://www.jumbo.com.ar/acondicionador-largo-saludable-970-ml-plusbelle/p
Jumbo,393577,391605,Acondicionador Reconstrucción Completa 200 Ml Dove,DOVE,6000.0,495868.0,True,200.0,30.0,> Perfumería > Cuidado Capilar > Acondicionador >,acondicionador,estandar,general,https://www.jumbo.com.ar/acondicionador-dove-reconstruccion-completa-200-ml-2/p
Jumbo,412481,408090,Acondicionador Liso Coco 200 Ml Fructis,FRUCTIS,5900.0,487603.0,True,200.0,29.5,> Perfumería > Cuidado Capilar > Acondicionador >,acondicionador,estandar,general,https://www.jumbo.com.ar/acondicionador-fructis-liso-coco-200ml-2/p
Jumbo,3066243,3066159,Acondicionador Luminous UV 190 Ml Sedal,SEDAL,3900.0,322314.0,True,190.0,20.5263,> Perfumería > Cuidado Capilar > Acondicionador >,acondicionador,estandar,general,https://www.jumbo.com.ar/acondicionador-luminous-uv-x-190-ml-sedal-2/p
Jumbo,397907,395642,Acondicionador Restauracion Instantanea 650 Ml Sedal,SEDAL,9350.0,772727.0,True,650.0,14.3846,> Perfumería > Cuidado Capilar > Acondicionador >,acondicionador,estandar,general,https://www.jumbo.com.ar/acondicionador-restauracion-instantanea-650-ml-sedal/p
Jumbo,413326,409131,Acondicionador Cauterización Reparadora 250 Ml Tresemmé,TRESEMMÉ,6200.0,512397.0,True,250.0,24.8,> Perfumería > Cuidado Capilar > Acondicionador >,acondicionador,estandar,general,https://www.jumbo.com.ar/acondicionador-tresemme-cauterizacion-reparadora-250-ml/p
Jumbo,397925,395660,Acondicionador Crema Balance 650 Ml Sedal,SEDAL,9350.0,772727.0,True,650.0,14.3846,> Perfumería > Cuidado Capilar > Acondicionador >,acondicionador,estandar,general,https://www.jumbo.com.ar/acondicionador-sedal-crema-balance-650-ml-3/p
Jumbo,393378,391406,Acondicionador Crema Balance 190 Ml Sedal,SEDAL,3900.0,322314.0,True,190.0,20.5263,> Perfumería > Cuidado Capilar > Acondicionador >,acondicionador,estandar,general,https://www.jumbo.com.ar/acondicionador-crema-balance-190-ml-sedal/p
Jumbo,393569,391597,Acondicionador Dove Reconstrucción Completa 400 Ml,DOVE,9150.0,756198.0,True,400.0,22.875,> Perfumería > Cuidado Capilar > Acondicionador >,acondicionador,estandar,general,https://www.jumbo.com.ar/acondicionador-dove-reconstruccion-completa-400-ml-3/p
Jumbo,400612,397950,Acondicionador Hidra Hialurónico 400 Ml Elvive,ELVIVE,12050.0,995868.0,True,400.0,30.125,> Perfumería > Cuidado Capilar > Acondicionador >,acondicionador,profesional,general,https://www.jumbo.com.ar/acondicionador-elvive-loreal-paris-hidra-hialuronico-400-ml/p
Jumbo,407565,403754,Acondicionador Elvive Reparación Total 400 Ml,ELVIVE,12050.0,995868.0,True,400.0,30.125,> Perfumería > Cuidado Capilar > Acondicionador >,acondicionador,profesional,general,https://www.jumbo.com.ar/acondicionador-elvive-reparacion-total-400-ml/p
Jumbo,397623,395356,Acondicionador Hialurónico Pure 400 Ml Elvive,ELVIVE,12050.0,995868.0,True,400.0,30.125,> Perfumería > Cuidado Capilar > Acondicionador >,acondicionador,profesional,general,https://www.jumbo.com.ar/acondicionador-elvive-hialuronico-pure-400-ml/p
Jumbo,3078384,3077728,Acondicionador Dove Bond Uv Repair 250ml,DOVE,9450.0,780992.0,True,250.0,37.8,> Perfumería > Cuidado Capilar > Acondicionador >,acondicionador,profesional,general,https://www.jumbo.com.ar/acondicionador-dove-bond-uv-repair-250ml/p
Jumbo,411255,407095,Acondicionador Prebioticos Biotina 650 Ml Sedal,SEDAL,9350.0,772727.0,True,650.0,14.3846,> Perfumería > Cuidado Capilar > Acondicionador >,acondicionador,estandar,general,https://www.jumbo.com.ar/acondicionador-prebioticos-biotina-650-ml-sedal/p
Jumbo,411254,407094,Acondicionador Prebióticos Biotina 340 Ml Sedal,SEDAL,5600.0,462810.0,True,340.0,16.4706,> Perfumería > Cuidado Capilar > Acondicionador >,acondicionador,estandar,general,https://www.jumbo.com.ar/acondicionador-prebioticos-biotina-340-ml-sedal/p
Jumbo,397629,395362,Acondicionador Elvive Hialuronico Pure 200 Ml,ELVIVE,7450.0,615702.0,True,200.0,37.25,> Perfumería > Cuidado Capilar > Acondicionador >,acondicionador,profesional,general,https://www.jumbo.com.ar/acondicionador-elvive-hialuronico-pure-200-ml/p
Jumbo,3079031,3078355,Acondicionador Herbal Essences Rosa Mosqueta 240ml,HERBAL ESSENCES,13100.0,1082645.0,True,240.0,54.5833,> Perfumería > Cuidado Capilar > Acondicionador >,acondicionador,estandar,general,https://www.jumbo.com.ar/acondicionador-herbal-essences-rosa-mosqueta-240ml/p
Jumbo,413356,409215,Acondicionador Keratina Antifrizz 250 Ml Tresemmé,TRESEMMÉ,6200.0,512397.0,True,250.0,24.8,> Perfumería > Cuidado Capilar > Acondicionador >,acondicionador,estandar,tratado,https://www.jumbo.com.ar/acondicionador-keratina-antifrizz-x-250-ml-tresemme/p
Jumbo,397908,395643,Acondicionador Restauración Instantánea 340 Ml Sedal,SEDAL,5450.0,450413.0,True,340.0,16.0294,> Perfumería > Cuidado Capilar > Acondicionador >,acondicionador,estandar,general,https://www.jumbo.com.ar/acondicionador-restauracion-instantanea-340-ml-sedal/p
Jumbo,416917,412461,Acondicionador Rizos Definidos 190 Ml Sedal,SEDAL,3900.0,322314.0,True,190.0,20.5263,> Perfumería > Cuidado Capilar > Acondicionador >,acondicionador,estandar,rizado,https://www.jumbo.com.ar/acondicioandor-rizos-definidos-190-ml-sedal/p
Jumbo,393565,391593,Acondicionador Dove Regeneración Extrema 400 Ml,DOVE,9150.0,756198.0,True,400.0,22.875,> Perfumería > Cuidado Capilar > Acondicionador >,acondicionador,estandar,general,https://www.jumbo.com.ar/acondicionador-dove-regeneracion-extrema-400-ml-3/p
Jumbo,3070281,3069874,Acondicionador Detox Capilar 500 Ml Tresemmé,TRESEMMÉ,10700.0,884298.0,True,500.0,21.4,> Perfumería > Cuidado Capilar > Acondicionador >,acondicionador,estandar,general,https://www.jumbo.com.ar/acondicionador-detox-capilar-x-500-ml-tresemme-2/p
Jumbo,3070278,3069871,Acondicionador Cauterización Reparadora 500 Ml Tresemmé,TRESEMMÉ,10700.0,884298.0,True,500.0,21.4,> Perfumería > Cuidado Capilar > Acondicionador >,acondicionador,estandar,general,https://www.jumbo.com.ar/acondicionador-cauterizacion-reparadora-x-500-ml-tresemme/p
Jumbo,3066239,3066155,Acondicionador Luminous UV 340 Ml Sedal,SEDAL,5457.0,450992.0,True,340.0,16.05,> Perfumería > Cuidado Capilar > Acondicionador >,acondicionador,estandar,general,https://www.jumbo.com.ar/acondicionador-luminous-uv-x-340-ml-sedal-2/p
Jumbo,415569,411153,Acondicionador Liso Infinito 400 Ml Pantene,PANTENE,10300.0,851240.0,True,400.0,25.75,> Perfumería > Cuidado Capilar > Acondicionador >,acondicionador,estandar,general,https://www.jumbo.com.ar/acondicionador-pro-v-miracles-liso-infinito-400-ml-pantene/p
Jumbo,400517,397855,Acondicionador Hidra Hialurónico 200 Ml Elvive,ELVIVE,7250.0,599174.0,True,200.0,36.25,> Perfumería > Cuidado Capilar > Acondicionador >,acondicionador,profesional,general,https://www.jumbo.com.ar/acodicionador-elvive-hidra-hialuronico-200-ml/p
Jumbo,397916,395651,Acondicionador Liso Perfecto 340 Ml Sedal,SEDAL,5450.0,450413.0,True,340.0,16.0294,> Perfumería > Cuidado Capilar > Acondicionador >,acondicionador,estandar,general,https://www.jumbo.com.ar/acondicionador-liso-perfecto-340-ml-sedal/p
Jumbo,416913,412457,Acondicionador Elvive Extraordinario Rizos 400 Ml,ELVIVE,11550.0,954545.0,True,400.0,28.875,> Perfumería > Cuidado Capilar > Acondicionador >,acondicionador,profesional,rizado,https://www.jumbo.com.ar/acondicionador-elvive-extraordinario-rizos-400-ml/p
Jumbo,397911,395646,Acondicionador Sedal Ceramidas Botella 650 Ml,SEDAL,8850.0,731405.0,True,650.0,13.6154,> Perfumería > Cuidado Capilar > Acondicionador >,acondicionador,estandar,general,https://www.jumbo.com.ar/acondicionador-sedal-ceramidas-botella-650-ml-2/p
Jumbo,397159,394900,Acondicionador Sedal Ceramidas Botella 340 Ml,SEDAL,5450.0,450413.0,True,340.0,16.0294,> Perfumería > Cuidado Capilar > Acondicionador >,acondicionador,estandar,general,https://www.jumbo.com.ar/acondicionador-sedal-ceramidas-botella-340-ml-2/p
Jumbo,407572,403761,Acondicionador Reparación Total Extreme 400 Ml Elvive,ELVIVE,12050.0,995868.0,True,400.0,30.125,> Perfumería > Cuidado Capilar > Acondicionador >,acondicionador,profesional,general,https://www.jumbo.com.ar/acondicionador-elvive-reparacion-total-extreme-400-ml/p
Jumbo,394816,392815,Acondicionador Hidrata y Fortalece 400 Ml Pantene,PANTENE,10300.0,851240.0,True,400.0,25.75,> Perfumería > Cuidado Capilar > Acondicionador >,acondicionador,estandar,seco_danado,https://www.jumbo.com.ar/acondicionador-pantene-hidrata-y-fortalece-400-ml/p
Jumbo,393746,391774,Acondicionador Óleo Extraordinario Nutrición 400 Ml Elvive,ELVIVE,12050.0,995868.0,True,400.0,30.125,> Perfumería > Cuidado Capilar > Acondicionador >,acondicionador,profesional,general,https://www.jumbo.com.ar/acondicionador-elvive-loreal-oleo-extraordinario-nutricion-400-ml/p
Jumbo,349498,348158,Acondicionador Brillo Ceramidas Perladas 1000 Ml Plusbelle,PLUSBELLE,5650.0,466942.0,True,1000.0,5.65,> Perfumería > Cuidado Capilar > Acondicionador >,acondicionador,estandar,general,https://www.jumbo.com.ar/acondicionador-brillo-1000-ml-plusbelle/p
Jumbo,409856,405942,Acondicionador Hidratación Intensa Esencia 970 Ml Plusbelle,PLUSBELLE,6350.0,524793.0,True,970.0,6.5464,> Perfumería > Cuidado Capilar > Acondicionador >,acondicionador,estandar,seco_danado,https://www.jumbo.com.ar/acondicionador-esencia-970-ml-plusbelle/p
Jumbo,332408,331565,Acondicionador Kids Ph Balanceado 350 Ml Plusbelle,PLUSBELLE,4650.0,384298.0,True,350.0,13.2857,> Mundo Bebe > Higiene para el Bebe > Higiene del Bebé >,acondicionador,estandar,bebe,https://www.jumbo.com.ar/acondicionador-kids-ph-balanceado-350-ml-plusbelle/p
Jumbo,3086921,3086145,Acondicionador Aclarante Manzanilla 415 Ml Tío Nacho,SUAVE,11350.0,938017.0,True,415.0,27.3494,> Perfumería > Cuidado Capilar > Acondicionador >,acondicionador,estandar,general,https://www.jumbo.com.ar/acondicionador-tio-nacho-aclarante-v2-415-ml-2/p
Jumbo,298538,297767,Acondicionador Para Perro Pets Class X500cm3,PET' S CLASS,7900.0,652893.0,True,,,> Mascotas > Accesorios para Mascotas >,acondicionador,estandar,general,https://www.jumbo.com.ar/acondicionador-para-perro-pets-class-x500cm3/p
Jumbo,29576,26738,Acondicionador Keratina Hair Therapy 350 Ml Capilatis,CAPILATIS,9550.0,789256.0,True,350.0,27.2857,> Perfumería > Cuidado Capilar > Acondicionador >,acondicionador,estandar,tratado,https://www.jumbo.com.ar/acondicionador-keratina-hair-therapy-350-ml-capilatis/p
Jumbo,413330,409135,Acondicionador Tresemme Liso Efecto Botox 250 Ml,TRESEMMÉ,6150.0,508264.0,True,250.0,24.6,> Perfumería > Cuidado Capilar > Acondicionador >,acondicionador,estandar,general,https://www.jumbo.com.ar/acondicionador-tresemme-liso-efecto-botox-250-ml/p
Jumbo,332409,331566,Acondicionador Kids Protección Natural 350 Ml Plusbelle,PLUSBELLE,4650.0,384298.0,True,350.0,13.2857,> Mundo Bebe > Higiene para el Bebe > Higiene del Bebé >,acondicionador,estandar,bebe,https://www.jumbo.com.ar/acondicionador-kids-proteccion-natural-350-ml-plusbelle/p
Jumbo,1363724,1362814,Acondicionador Bond Intense Repair 250 Ml Dove,DOVE,9300.0,768595.0,True,250.0,37.2,> Perfumería > Cuidado Capilar > Acondicionador >,acondicionador,profesional,general,https://www.jumbo.com.ar/acondicionador-dove-bond-intense-repair-250-ml-2/p
Jumbo,414735,410436,Acondicionador Kids Gotas de Brillo 200 Ml Johnson's,JOHNSON´S,5900.0,487603.0,True,200.0,29.5,> Mundo Bebe > Higiene para el Bebe > Higiene del Bebé >,acondicionador,estandar,bebe,https://www.jumbo.com.ar/acondicionador-para-ninos-gotas-de-brillo-200-ml-johnson-s/p
Jumbo,407574,403763,Acondicionador Reparación Total Extreme 750 Ml Elvive,ELVIVE,18600.0,1537190.0,True,750.0,24.8,> Perfumería > Cuidado Capilar > Acondicionador >,acondicionador,profesional,general,https://www.jumbo.com.ar/acondicionador-elvive-rt5-extreme-750ml-3/p
Jumbo,3071028,3070598,Acondicionador Dream Liso X 200 Ml Elvive,ELVIVE,8050.0,665289.0,True,200.0,40.25,> Perfumería > Cuidado Capilar > Acondicionador >,acondicionador,profesional,general,https://www.jumbo.com.ar/acondicionador-dream-liso-x-200-ml-elvive/p
Jumbo,424299,417179,Acondicionador Nutrición Óleo de Coco 700 Ml Plusbelle,PLUSBELLE,5350.0,442149.0,True,700.0,7.6429,> Perfumería > Cuidado Capilar > Acondicionador >,acondicionador,estandar,general,https://www.jumbo.com.ar/acondicionador-plusbelle-esen-oleo-nut-coco-70-2/p
Jumbo,397902,395637,Acondicionador Sedal Hialurónico Y Vitamina A 340 Ml,SEDAL,5434.0,449091.0,True,340.0,15.9824,> Perfumería > Cuidado Capilar > Acondicionador >,acondicionador,estandar,general,https://www.jumbo.com.ar/acondicionador-sedal-hialuronico-y-vitamina-a-340-ml-2/p
Jumbo,3066020,3065977,Acondicionador Anti Caida X 510 Ml Pantene,PANTENE,16400.0,1355372.0,True,510.0,32.1569,> Perfumería > Cuidado Capilar > Acondicionador >,acondicionador,estandar,general,https://www.jumbo.com.ar/acondicionador-anti-caida-x-510-ml-pantene-2/p
Jumbo,414736,410437,Acondicionador para Bebé Original 200 Ml Johnson's,JOHNSON´S,7300.0,603306.0,True,200.0,36.5,> Mundo Bebe > Higiene para el Bebe > Higiene del Bebé >,acondicionador,estandar,bebe,https://www.jumbo.com.ar/acondicionador-para-bebe-original-200-ml-johnson-s/p
Jumbo,407566,403755,Acondicionador Reparación Total Extreme 200 Ml Elvive,ELVIVE,7450.0,615702.0,True,200.0,37.25,> Perfumería > Cuidado Capilar > Acondicionador >,acondicionador,profesional,general,https://www.jumbo.com.ar/acondicionador-elvive-rt5-extreme-200-ml/p
Jumbo,397914,395649,Acondicionador Hialuronico Y Vitamina A 190 Ml Sedal,SEDAL,3900.0,322314.0,True,190.0,20.5263,> Perfumería > Cuidado Capilar > Acondicionador >,acondicionador,estandar,general,https://www.jumbo.com.ar/acondicionador-hialuronico-y-vitamina-a-190-ml-sedal/p
Jumbo,3086639,3085863,Acondicionador Oil Control X 200 Ml Fructis,FRUCTIS,5800.0,479339.0,True,200.0,29.0,> Perfumería > Cuidado Capilar > Acondicionador >,acondicionador,estandar,general,https://www.jumbo.com.ar/acondicionador-oil-control-x-200-ml-fructis/p
Jumbo,414509,410232,Acondicionador Prebióticos + Biotina 190 Ml Sedal,SEDAL,3900.0,322314.0,True,190.0,20.5263,> Perfumería > Cuidado Capilar > Acondicionador >,acondicionador,estandar,general,https://www.jumbo.com.ar/acondicionador-prebioticos-biotina-190-ml-sedal/p
Jumbo,398318,396051,Acondicionador Revitalización 300 Ml  Head & Shoulders Acondicionador Head & Shoulders Revitalización 300 Ml,HEAD & SHOULDERS,12200.0,1008264.0,True,300.0,40.6667,> Perfumería > Cuidado Capilar > Acondicionador >,acondicionador,estandar,general,https://www.jumbo.com.ar/acondicionador-head-shoulders-aceite-de-argan-300-ml/p
Jumbo,397917,395652,Acondicionador Sedal Hialurónico Y Vitamina A 650 Ml,SEDAL,9350.0,772727.0,True,650.0,14.3846,> Perfumería > Cuidado Capilar > Acondicionador >,acondicionador,estandar,general,https://www.jumbo.com.ar/acondicionador-sedal-hialuronico-y-vitamina-a-650-ml-2/p
Jumbo,3087376,3086597,Acondicionador Nutrición Tri-Óleos 650 Ml Dove Acondicionador Dove Nutritri Oleos 650ml,DOVE,16700.0,1380165.0,True,650.0,25.6923,> Perfumería > Cuidado Capilar > Acondicionador >,acondicionador,estandar,general,https://www.jumbo.com.ar/acondicionador-dove-nutritri-oleos-650ml/p
Jumbo,393767,391788,Acondicionador Óleo Extraordinario Nutrición 200 Ml Elvive,ELVIVE,7450.0,615702.0,True,200.0,37.25,> Perfumería > Cuidado Capilar > Acondicionador >,acondicionador,profesional,general,https://www.jumbo.com.ar/acondicionador-oleo-extraordinario-nutricion-universal-200ml/p
Jumbo,3086920,3086144,Tío Nacho Acondicionador Engrosador V2 415 Ml,SUAVE,11350.0,938017.0,True,415.0,27.3494,> Perfumería > Cuidado Capilar > Acondicionador >,acondicionador,estandar,general,https://www.jumbo.com.ar/tio-nacho-acondicionador-engrosador-v2-415-ml-2/p
Jumbo,3071024,3070595,Acondicionador Dream Liso Anti-frizz 750 Ml Elvive,ELVIVE,21050.0,1739669.0,True,750.0,28.0667,> Perfumería > Cuidado Capilar > Acondicionador >,acondicionador,profesional,general,https://www.jumbo.com.ar/acondicionador-dream-liso-x-750-ml-elvive/p
Jumbo,1360441,1360025,Acondicionador 3 Minute Miracle Nutrición 170 Ml Pantene,PANTENE,9850.0,814050.0,True,170.0,57.9412,> Perfumería > Cuidado Capilar > Reparación y Tratamientos >,acondicionador,estandar,general,https://www.jumbo.com.ar/acondicionador-3-minute-miracle-nutricion-170-ml-pantene-2/p
Jumbo,416912,412456,Acondicionador Óleo Extraordinario Rizos Definidos 200 Ml Elvive,ELVIVE,7450.0,615702.0,True,200.0,37.25,> Perfumería > Cuidado Capilar > Acondicionador >,acondicionador,profesional,rizado,https://www.jumbo.com.ar/acondicionador-elvive-extraordinario-riso-200-ml/p
Jumbo,3079026,3078350,Acondicionador Nutre y Crece Bambú 250 Ml Pantene,PANTENE,10300.0,851240.0,True,250.0,41.2,> Perfumería > Cuidado Capilar > Acondicionador >,acondicionador,estandar,general,https://www.jumbo.com.ar/acondicionador-pantene-bamboo-250ml/p
Jumbo,3066019,3065976,Acondicionador Anti-Caída Biotinamina B3 250 Ml Pantene,PANTENE,10250.0,847107.0,True,250.0,41.0,> Perfumería > Cuidado Capilar > Acondicionador >,acondicionador,estandar,general,https://www.jumbo.com.ar/acondicionador-anti-caida-x-250-ml-pantene/p
Jumbo,1361140,1360545,Acondicionador Keratina Repara y Protege 200 Ml Pantene,PANTENE,6600.0,545455.0,True,200.0,33.0,> Perfumería > Cuidado Capilar > Acondicionador >,acondicionador,estandar,tratado,https://www.jumbo.com.ar/acondicionador-keratina-200-ml-pantene/p
Jumbo,1360448,1360031,Acondicionador Glycolic Gloss Sellador de Brillo 200 Ml Elvive,ELVIVE,8050.0,665289.0,True,200.0,40.25,> Perfumería > Cuidado Capilar > Acondicionador >,acondicionador,profesional,general,https://www.jumbo.com.ar/acondicionador-elvive-glyco-gloss-200ml/p
Jumbo,3083504,3082779,Acondicionador Brillo Cristalino Glycolic Cristal 200 Ml Elvive,ELVIVE,8450.0,698347.0,True,200.0,42.25,> Perfumería > Cuidado Capilar > Acondicionador >,acondicionador,profesional,general,https://www.jumbo.com.ar/acondicionador-brillo-cristalino-glycolic-cristal-x-200-ml-elvive/p
Jumbo,1360450,1360033,Acondicionador Glycolic Gloss Sellador de Brillo 400 Ml Elvive,ELVIVE,13350.0,1103306.0,True,400.0,33.375,> Perfumería > Cuidado Capilar > Acondicionador >,acondicionador,profesional,general,https://www.jumbo.com.ar/acondicionador-elvive-glyco-gloss-400ml/p
Jumbo,407560,403749,Acondicionador Reparación Total 5 Keratin 750 Ml Elvive,ELVIVE,18600.0,1537190.0,True,750.0,24.8,> Perfumería > Cuidado Capilar > Acondicionador >,acondicionador,profesional,general,https://www.jumbo.com.ar/acondicionador-elvive-rt5-keratin-750ml/p
Jumbo,1360452,1360035,Acondicionador Glyco Gloss Sellador de Brillo 750 Ml Elvive,ELVIVE,21350.0,1764463.0,True,750.0,28.4667,> Perfumería > Cuidado Capilar > Acondicionador >,acondicionador,profesional,general,https://www.jumbo.com.ar/acondicionador-elvive-glyco-gloss-750ml/p
Jumbo,415585,411169,Acondicionador Revitalización Repara y Hidrata 400 Ml Pantene,PANTENE,10300.0,851240.0,True,400.0,25.75,> Perfumería > Cuidado Capilar > Acondicionador >,acondicionador,estandar,seco_danado,https://www.jumbo.com.ar/acondicionador-revitalizacion-400-ml-pantene/p
Jumbo,401191,398529,Acondicionador Detox Limpia y Purifica 700 Ml Pantene,PANTENE,17500.0,1446281.0,True,700.0,25.0,> Perfumería > Cuidado Capilar > Acondicionador >,acondicionador,estandar,general,https://www.jumbo.com.ar/acondicionador-detox-limpia-purifica-700-ml-pantene-2/p
Jumbo,3070161,3069768,Acondicionador Keratina Repara y Protege 250 Ml Pantene,PANTENE,10250.0,847107.0,True,250.0,41.0,> Perfumería > Cuidado Capilar > Acondicionador >,acondicionador,estandar,tratado,https://www.jumbo.com.ar/acondicionador-keratina-x-250-ml-pantene-2/p
Jumbo,397622,395355,Acondicionador Hidra Equilibrante Hialuronico Pure 750 Ml Elvive,ELVIVE,18600.0,1537190.0,True,750.0,24.8,> Perfumería > Cuidado Capilar > Acondicionador >,acondicionador,profesional,general,https://www.jumbo.com.ar/acondicionador-elvive-hialuronico-pure-750-ml/p
Jumbo,3087375,3086596,Acondicionador Humectación y Coco Antioxi 650 Ml Dove Acondicionador Dove Humectcoco Antioxi 650ml,DOVE,16700.0,1380165.0,True,650.0,25.6923,> Perfumería > Cuidado Capilar > Acondicionador >,acondicionador,estandar,general,https://www.jumbo.com.ar/acondicionador-dove-humectcoco-antioxi-650ml/p
Jumbo,3086640,3085864,Acondicionador Goodbye Daños Oil Control 350 Ml Fructis Acondicionador Oil Control X 350 Ml Fructis,FRUCTIS,8550.0,706612.0,True,350.0,24.4286,> Perfumería > Cuidado Capilar > Acondicionador >,acondicionador,estandar,general,https://www.jumbo.com.ar/acondicionador-oil-control-x-350-ml-fructis/p
Jumbo,3065220,3065219,Acondicionador Pro-v Miracles Hidrata 700 Ml Pantene,PANTENE,17250.0,1425620.0,True,700.0,24.6429,> Perfumería > Cuidado Capilar > Acondicionador >,acondicionador,profesional,seco_danado,https://www.jumbo.com.ar/acondicionador-pro-v-miracles-hidrata-700-ml-pantene-2/p
Jumbo,1371393,1369515,Acondicionador Aloe Hidra Clean Hidratación 350 Ml Fructis,FRUCTIS,8250.0,681818.0,True,350.0,23.5714,> Perfumería > Cuidado Capilar > Acondicionador >,acondicionador,estandar,seco_danado,https://www.jumbo.com.ar/acondicionador-fructis-aloe-water-350-ml-2/p
Jumbo,1362524,1361772,Acondicionador Reparación Total 5 Keratin 200 Ml Elvive,ELVIVE,7450.0,615702.0,True,200.0,37.25,> Perfumería > Cuidado Capilar > Acondicionador >,acondicionador,profesional,general,https://www.jumbo.com.ar/acondicionador-elvive-reparacion-total-5-keratin-200-ml/p
Jumbo,405287,402222,Acondicionador Hydraliss Hidratación y Frizz 350 Ml Fructis,FRUCTIS,8250.0,681818.0,True,350.0,23.5714,> Perfumería > Cuidado Capilar > Acondicionador >,acondicionador,estandar,seco_danado,https://www.jumbo.com.ar/acondicionador-fructis-hydraliss-350ml/p
Jumbo,3086925,3086149,Acondicionador Tío Nacho Herbolaria Milenaria V2 415 Ml,SUAVE,11350.0,938017.0,True,415.0,27.3494,> Perfumería > Cuidado Capilar > Acondicionador >,acondicionador,estandar,general,https://www.jumbo.com.ar/acondicionador-tio-nacho-herbolaria-milenaria-v2-415-ml-2/p
Jumbo,412483,408092,Acondicionador Liso Coco Hidratación Intensa 350 Ml Fructis,FRUCTIS,8250.0,681818.0,True,350.0,23.5714,> Perfumería > Cuidado Capilar > Acondicionador >,acondicionador,estandar,seco_danado,https://www.jumbo.com.ar/acondicionador-fructis-liso-coco-350-ml/p
Jumbo,3083498,3082773,Acondicionador Brillo Cristalino Glycolic Cristal 750 Ml Elvive,ELVIVE,22350.0,1847107.0,True,750.0,29.8,> Perfumería > Cuidado Capilar > Acondicionador >,acondicionador,profesional,general,https://www.jumbo.com.ar/acondicionador-brillo-cristalino-glycolic-cristal-x-750-ml-elvive/p
Jumbo,3070986,3070556,Acondicionador Sellador Liso Dream Liso 400 Ml Elvive,ELVIVE,13350.0,1103306.0,True,400.0,33.375,> Perfumería > Cuidado Capilar > Acondicionador >,acondicionador,profesional,general,https://www.jumbo.com.ar/acondicionador-dream-liso-x-400-ml-elvive/p
Jumbo,3068265,3068093,Acondicionador Probiotics para Cabello Frágil 350 Ml Fructis,FRUCTIS,8250.0,681818.0,True,350.0,23.5714,> Perfumería > Cuidado Capilar > Acondicionador >,acondicionador,estandar,general,https://www.jumbo.com.ar/acondicionador-probiotics-x-350-ml-fructis-2/p
Jumbo,414729,410430,Acondicionador para Bebé Cabello Claro 400 Ml Johnson's,JOHNSON´S,12300.0,1016529.0,True,400.0,30.75,> Mundo Bebe > Higiene para el Bebe > Higiene del Bebé >,acondicionador,estandar,bebe,https://www.jumbo.com.ar/acondicionador-para-bebe-cabello-claro-400-ml-johnson-s/p
Jumbo,414726,410427,Acondicionador para Niños Fragancia Prolongada 200 Ml Johnson's,JOHNSON´S,6550.0,541322.0,True,200.0,32.75,> Mundo Bebe > Higiene para el Bebe > Higiene del Bebé >,acondicionador,estandar,bebe,https://www.jumbo.com.ar/acondicionador-para-ninos-fragancia-prolongada-200-ml-johnson-s/p
Jumbo,375298,374016,Acondicionador Color Vive Violeta Matizador 200 Ml Elvive,ELVIVE,7650.0,632231.0,True,200.0,38.25,> Perfumería > Cuidado Capilar > Acondicionador >,acondicionador,profesional,tratado,https://www.jumbo.com.ar/acondicionador-elvive-colorvive-violeta-matizador-200-ml/p
Jumbo,3073306,3072811,Acondicionador Pelo Largo y sin Frizz 350 Ml Bagovit,BAGOVIT,9800.0,809917.0,True,350.0,28.0,> Perfumería > Cuidado Capilar > Acondicionador >,acondicionador,estandar,general,https://www.jumbo.com.ar/acondicionador-pelo-largo-y-sin-frizz-x-350-ml-bagovit/p
Jumbo,3070157,3069765,Acondicionador Colágeno Nutre y Revitaliza 250 Ml Pantene,PANTENE,10550.0,871901.0,True,250.0,42.2,> Perfumería > Cuidado Capilar > Acondicionador >,acondicionador,estandar,general,https://www.jumbo.com.ar/acondicionador-colageno-x-250-ml-pantene-2/p
Jumbo,415581,411165,Acondicionador Pro-V Miracles Volumen 400 Ml Pantene,PANTENE,10300.0,851240.0,True,400.0,25.75,> Perfumería > Cuidado Capilar > Acondicionador >,acondicionador,profesional,general,https://www.jumbo.com.ar/acondicionador-pro-v-miracles-volumen-400-ml-pantene/p
Jumbo,397915,395650,Acondicionador Colageno Y Vitamina C 650 Ml Sedal,SEDAL,9350.0,772727.0,True,650.0,14.3846,> Perfumería > Cuidado Capilar > Acondicionador >,acondicionador,estandar,general,https://www.jumbo.com.ar/acondicionador-colageno-y-vitamina-c-650-ml-sedal/p
Jumbo,384081,382764,Acondicionador Hair Food Revitalizante Sandía 300 Ml Fructis,FRUCTIS,12050.0,995868.0,True,300.0,40.1667,> Perfumería > Cuidado Capilar > Acondicionador >,acondicionador,estandar,general,https://www.jumbo.com.ar/acondicionador-fructis-hair-food-sandia-300-ml/p
Jumbo,25079,22240,Acondicionador 3 Minute Miracle Restauración 170 Ml Pantene,PANTENE,10000.0,826446.0,True,170.0,58.8235,> Perfumería > Cuidado Capilar > Acondicionador >,acondicionador,estandar,general,https://www.jumbo.com.ar/acondicionador-diario-pantene-pro-v-3-minute-miracle-restauracion-170-ml/p
Jumbo,397905,395640,Acondicionador Colágeno y Vitamina C 340 Ml Sedal,SEDAL,5800.0,479339.0,True,340.0,17.0588,> Perfumería > Cuidado Capilar > Acondicionador >,acondicionador,estandar,general,https://www.jumbo.com.ar/acondicionador-colageno-y-vitamina-c-340-ml-sedal/p
Jumbo,393560,391588,Acondicionador Colageno Y Vitamina C 190 Ml Sedal,SEDAL,3900.0,322314.0,True,190.0,20.5263,> Perfumería > Cuidado Capilar > Acondicionador >,acondicionador,estandar,general,https://www.jumbo.com.ar/acondicionador-colageno-y-vitamina-c-190-ml-sedal/p
Jumbo,401199,398537,Acondicionador Pro-v Miracles Con Detox 400 Ml Pantene,PANTENE,10300.0,851240.0,True,400.0,25.75,> Perfumería > Cuidado Capilar > Acondicionador >,acondicionador,profesional,general,https://www.jumbo.com.ar/acondicionador-pro-v-miracles-con-detox-400-ml-pantene-2/p
Jumbo,400534,397872,Acondicionador Color Vive para Cabello Teñido 750 Ml Elvive,ELVIVE,18600.0,1537190.0,True,750.0,24.8,> Perfumería > Cuidado Capilar > Acondicionador >,acondicionador,profesional,tratado,https://www.jumbo.com.ar/acondicionador-elvive-color-vive-750-ml/p
Jumbo,400533,397871,Acondicionador Color Vive para Cabello Teñido 400 Ml Elvive,ELVIVE,12050.0,995868.0,True,400.0,30.125,> Perfumería > Cuidado Capilar > Acondicionador >,acondicionador,profesional,tratado,https://www.jumbo.com.ar/acondicionador-elvive-color-vive-400-ml/p
Jumbo,346771,345446,Acondicionador Oleo Extraordinario Nutrición Intensa Coco 200 Ml Elvive,ELVIVE,7250.0,599174.0,True,200.0,36.25,> Perfumería > Cuidado Capilar > Acondicionador >,acondicionador,profesional,general,https://www.jumbo.com.ar/acondicionador-elvive-oleo-extraordinario-coco-200-ml/p
Jumbo,400521,397859,Acondicionador Color Vive para Cabello Teñido 200 Ml Elvive,ELVIVE,7250.0,599174.0,True,200.0,36.25,> Perfumería > Cuidado Capilar > Acondicionador >,acondicionador,profesional,tratado,https://www.jumbo.com.ar/acondicionador-elvive-color-vive-200-ml/p
Jumbo,3074194,3073690,Acondicionador Hair Food Anti-quiebre Ananá 300 Ml Fructis,FRUCTIS,12050.0,995868.0,True,300.0,40.1667,> Perfumería > Cuidado Capilar > Acondicionador >,acondicionador,estandar,general,https://www.jumbo.com.ar/acondicionador-fructis-pina-300ml/p
Jumbo,307401,306638,Acondicionador Dermo Protección Caída 300 Ml Head y Shoulders,HEAD & SHOULDERS,12200.0,1008264.0,True,300.0,40.6667,> Perfumería > Cuidado Capilar > Acondicionador >,acondicionador,estandar,general,https://www.jumbo.com.ar/acondicionador-dermo-proteccion-caida-300-ml-head-shoulders/p
Jumbo,410396,406402,Acondicionador Anti-caída Herbolaria Milenaria 400 Ml Tio Nacho,Tio Nacho,8100.0,669421.0,True,400.0,20.25,> Perfumería > Cuidado Capilar > Acondicionador >,acondicionador,estandar,general,https://www.jumbo.com.ar/acondicionador-herbolaria-400-ml-tio-nacho/p
Jumbo,3083501,3082776,Acondicionador Brillo Cristalino Glycolic Cristal X 400 Ml Elvive,ELVIVE,12750.0,1053719.0,True,400.0,31.875,> Perfumería > Cuidado Capilar > Acondicionador >,acondicionador,profesional,general,https://www.jumbo.com.ar/acondicionador-brillo-cristalino-glycolic-cristal-x-400-ml-elvive/p
Jumbo,3086507,3085729,Acondicionador Reparación Profunda Keratina Vegetal 415 Ml Tio Nacho Acondicionador Keratina Vegetal X 415 Ml Tio Nacho,Tio Nacho,10800.0,892562.0,True,415.0,26.0241,> Perfumería > Cuidado Capilar > Acondicionador >,acondicionador,estandar,tratado,https://www.jumbo.com.ar/acondicionador-keratina-vegetal-x-415-ml-tio-nacho/p
Jumbo,412487,408095,Acondicionador Recarga Nutritiva para Cabello Seco 350 Ml Fructis,FRUCTIS,5900.0,487603.0,True,350.0,16.8571,> Perfumería > Cuidado Capilar > Acondicionador >,acondicionador,estandar,seco_danado,https://www.jumbo.com.ar/acondicionador-fructis-recarga-nutritiva-200-ml/p
Jumbo,3068434,3068184,Acondicionador Ácido Glicólico para Cabellos Teñidos 350 Ml Capilatis,CAPILATIS,12650.0,1045455.0,True,350.0,36.1429,> Perfumería > Cuidado Capilar > Acondicionador >,acondicionador,estandar,tratado,https://www.jumbo.com.ar/acondicionador-con-acido-glicolico-capilatis/p
Jumbo,349469,348129,Acondicionador Protección con Óleo de Coco y Karité 1000 Ml Plusbelle,PLUSBELLE,5650.0,466942.0,True,1000.0,5.65,> Perfumería > Cuidado Capilar > Acondicionador >,acondicionador,estandar,general,https://www.jumbo.com.ar/acondicionador-proteccion-1000-ml-plusbelle/p
Jumbo,331399,330571,Acondicionador Anti-Caspa Crece Fuerte 300 Ml Head y Shoulders,HEAD & SHOULDERS,12200.0,1008264.0,True,300.0,40.6667,> Perfumería > Cuidado Capilar > Acondicionador >,acondicionador,estandar,anticaspa,https://www.jumbo.com.ar/acondicionador-crece-fuerte-300-ml-head-shoulders/p
Jumbo,349467,348127,Acondicionador Nutrición con Óleo de Argán y Macadamia 1000 Ml Plusbelle,PLUSBELLE,5600.0,462810.0,True,1000.0,5.6,> Perfumería > Cuidado Capilar > Acondicionador >,acondicionador,estandar,general,https://www.jumbo.com.ar/acondicionador-nutricion-1000-ml-plusbelle/p
Jumbo,410394,406400,Acondicionador Engrosador Anti-caída con Jalea Real y Extracto de Ortiga 400 Ml Tio Nacho,Tio Nacho,8100.0,669421.0,True,400.0,20.25,> Perfumería > Cuidado Capilar > Acondicionador >,acondicionador,estandar,general,https://www.jumbo.com.ar/acondicionador-engrosador-doypack-400-ml-tio-nacho/p
Jumbo,346772,345447,Acondicionador Oleo Extraordinario Nutrición Intensa con Óleo de Coco 400 Ml Elvive,ELVIVE,12050.0,995868.0,True,400.0,30.125,> Perfumería > Cuidado Capilar > Acondicionador >,acondicionador,profesional,general,https://www.jumbo.com.ar/acondicionador-elvive-oleo-extraordinario-oleo-de-coco-400-ml/p
Jumbo,412489,408097,Acondicionador Recarga Nutritiva Oil Repair 3 con Óleos de Aguacate Coco y Argán 350 Ml Fructis,FRUCTIS,8450.0,698347.0,True,350.0,24.1429,> Perfumería > Cuidado Capilar > Acondicionador >,acondicionador,profesional,general,https://www.jumbo.com.ar/fru-or-recarga-nutri-arg-aco-350ml/p
Jumbo,310206,309444,Acondicionador Anti Caspa Hidratación Aceite de Coco 300 Ml Head y Shoulders,HEAD & SHOULDERS,12200.0,1008264.0,True,300.0,40.6667,> Perfumería > Cuidado Capilar > Acondicionador >,acondicionador,estandar,anticaspa,https://www.jumbo.com.ar/acondicionador-hidratacion-aceite-de-coco-300-ml-head-shoulders/p
Jumbo,307403,306640,Acondicionador Anti Caspa Dermo Manzana Fresh 300 Ml Head y Shoulders,HEAD & SHOULDERS,12200.0,1008264.0,True,300.0,40.6667,> Perfumería > Cuidado Capilar > Acondicionador >,acondicionador,estandar,anticaspa,https://www.jumbo.com.ar/acondicionador-dermo-manzana-fresh-300-ml-head-shoulders/p
Jumbo,3087477,3086703,Acondicionadorpantene Restauracion 700ml,PANTENE,17250.0,1425620.0,True,700.0,24.6429,> Perfumería > Cuidado Capilar > Acondicionador >,acondicionador,estandar,general,https://www.jumbo.com.ar/acondicionadorpantene-restauracion-700ml/p
Jumbo,392754,390804,Juguete Perro Frisbee Verde Pets Fun,PET'S FUN,5000.0,413223.0,True,,,> Mascotas > Accesorios para Mascotas >,shampoo,estandar,general,https://www.jumbo.com.ar/juguete-perro-frisbee-verde-pets-fun/p
Jumbo,392763,390838,Set Juguete Perro Frisbee Pets Fun,PET'S FUN,5000.0,413223.0,True,,,> Mascotas > Accesorios para Mascotas >,shampoo,estandar,general,https://www.jumbo.com.ar/set-juguete-perro-frisbee-pets-fun/p
Jumbo,345290,343975,Acondicionador Pantene Prov Essentials Hidratación Extrema 400ml,PANTENE,858.79,70974.0,False,400.0,2.147,> Perfumería > Cuidado Capilar > Acondicionador >,acondicionador,profesional,seco_danado,https://www.jumbo.com.ar/acondicionador-pantene-prov-essentials-hidratacion-extrema-400ml/p
Jumbo,345298,343983,Acondicionador Panetene Prov Essentials Bambu 400ml,PANTENE,832.15,68773.0,False,400.0,2.0804,> Perfumería > Cuidado Capilar > Acondicionador >,acondicionador,estandar,general,https://www.jumbo.com.ar/acondicionador-panetene-prov-essentials-bambu-400ml/p
Jumbo,345100,343785,Acondicionador Prov Essentials Restauración 750ml,PANTENE,1450.49,119875.0,False,750.0,1.934,> Perfumería > Cuidado Capilar > Acondicionador >,acondicionador,estandar,general,https://www.jumbo.com.ar/acondicionador-prov-essentials-restauracion-750ml/p
Jumbo,308646,307883,Acondicionador Dream Long Liss 400 Ml Elvive,ELVIVE,9550.0,789256.0,False,400.0,23.875,> Perfumería > Cuidado Capilar > Acondicionador >,acondicionador,profesional,general,https://www.jumbo.com.ar/acondicionador-elvive-dream-long-liss-400ml/p
Jumbo,47403,44569,Acondicionador Pantene Pro-v Brillo Extremo 400 Ml,PANTENE,315.75,26095.0,False,400.0,0.7894,> Perfumería > Cuidado Capilar > Acondicionador >,acondicionador,profesional,general,https://www.jumbo.com.ar/acondicionador-pantene-pro-v-brillo-extremo-400-ml/p
Jumbo,47650,44815,Acondicionador Pantene Restaura 400ml,PANTENE,315.75,26095.0,False,400.0,0.7894,> Perfumería > Cuidado Capilar > Acondicionador >,acondicionador,estandar,general,https://www.jumbo.com.ar/acondicionador-pantene-restaura-400ml-2/p
Jumbo,31586,28745,Acondicionador Elvive Rep Total 5 400ml Acondicionador Elvive Reparación Total 5 400ml,ELVIVE,1000.0,82645.0,False,400.0,2.5,> Perfumería > Cuidado Capilar > Acondicionador >,acondicionador,profesional,general,https://www.jumbo.com.ar/acondicionador-elvive-rep-total-5-400ml/p
Jumbo,262652,261941,Acondicionador Pantene Pro-v Micelar 400 Ml,PANTENE,315.75,26095.0,False,400.0,0.7894,> Perfumería > Cuidado Capilar > Acondicionador >,acondicionador,profesional,general,https://www.jumbo.com.ar/acondicionador-pantene-pro-v-micelar-400-ml/p
Jumbo,43818,40989,Acondicionador Elvive Oleo Extra 400ml,ELVIVE,644.15,53236.0,False,400.0,1.6104,> Perfumería > Cuidado Capilar > Acondicionador >,acondicionador,profesional,general,https://www.jumbo.com.ar/acondicionador-elvive-oleo-extra-400ml-2/p
Jumbo,152068,149638,Acondicionador Dove óleo Nutrición 400 Ml,DOVE,477.49,39462.0,False,400.0,1.1937,> Perfumería > Cuidado Capilar > Acondicionador >,acondicionador,estandar,general,https://www.jumbo.com.ar/acondicionador-dove-21/p
Jumbo,20045,17216,Acondicionador Dove Ritual De Reparación Coco Y Cúrcuma 400 Ml,DOVE,477.49,39462.0,False,400.0,1.1937,> Perfumería > Cuidado Capilar > Acondicionador >,acondicionador,estandar,general,https://www.jumbo.com.ar/acondicionador-dove-ritual-de-reparacion-coco-y-curcuma-400-ml/p
Jumbo,20046,17217,Acondicionador Ritual De Dove Fortalecimiento Palta 400 Ml,DOVE,477.49,39462.0,False,400.0,1.1937,> Perfumería > Cuidado Capilar > Acondicionador >,acondicionador,estandar,general,https://www.jumbo.com.ar/acondicionador-ritual-de-dove-fortalecimiento-palta-400-ml/p
Jumbo,130627,127556,Acondicionador Dove Recontrucción Completa 200 Ml,DOVE,135.75,11219.0,False,200.0,0.6787,> Perfumería > Cuidado Capilar > Acondicionador >,acondicionador,estandar,general,https://www.jumbo.com.ar/acondicionador-dove-20/p
Jumbo,122257,121276,Acondicionador Capilatis Puro Castaño  Pvcx 420 Ml.,CAPILATIS,18.73,18.73,False,420.0,0.0446,> Perfumería > Cuidado Capilar > Acondicionador >,acondicionador,estandar,general,https://www.jumbo.com.ar/acondicionador-capilatis-3/p
Jumbo,122091,121110,Acondicionador Pantene Control Caída 750 Ml,PANTENE,284.77,23535.0,False,750.0,0.3797,> Perfumería > Cuidado Capilar > Acondicionador >,acondicionador,estandar,general,https://www.jumbo.com.ar/acondicionador-pantene-20/p
Jumbo,115151,114197,Acondicionador Tresemmé Rizos Definidos X 900 Ml,TRESEMMÉ,28.39,2346.0,False,900.0,0.0315,> Perfumería > Cuidado Capilar > Acondicionador >,acondicionador,estandar,rizado,https://www.jumbo.com.ar/acondicionador-tresemme-10-2/p
Jumbo,77399,74526,Acondicionador Pantene Pro V Frizz Control  Pvc 200 Ml,PANTENE,17.45,1442.0,False,200.0,0.0872,> Perfumería > Cuidado Capilar > Acondicionador >,acondicionador,profesional,general,https://www.jumbo.com.ar/acondicionador-pantene-15-2/p
Jumbo,77299,74426,Acondicionador Pantene Hidratación 200 Ml,PANTENE,22.79,1883.0,False,200.0,0.1139,> Perfumería > Cuidado Capilar > Acondicionador >,acondicionador,estandar,seco_danado,https://www.jumbo.com.ar/acondicionador-pantene-16-2/p
Jumbo,77292,74419,Acondicionador Pantene Control Caída 200 Ml,PANTENE,22.79,1883.0,False,200.0,0.1139,> Perfumería > Cuidado Capilar > Acondicionador >,acondicionador,estandar,general,https://www.jumbo.com.ar/acondicionador-pantene-16/p
Jumbo,73407,70538,Acondicionador Dove Liso Y Natural X 250 Ml,DOVE,9.67,9.67,False,250.0,0.0387,> Perfumería > Cuidado Capilar > Acondicionador >,acondicionador,estandar,general,https://www.jumbo.com.ar/acondicionador-dove-3/p
Jumbo,33609,30768,Acondicionador Porta 500 Cc,PORTA,16.79,16.79,False,,,> Mascotas > Accesorios para Mascotas >,acondicionador,estandar,general,https://www.jumbo.com.ar/acondicionador-porta/p
Jumbo,28971,26132,Acondicionador Dove Dove Acondicionador Control Caida X 400 Ml,DOVE,84.89,7016.0,False,400.0,0.2122,> Perfumería > Cuidado Capilar > Acondicionador >,acondicionador,estandar,general,https://www.jumbo.com.ar/acondicionador-dove-6/p
Jumbo,19539,16696,Acondicionador Tresemmé Acondicionador Tresemme Hidratación Profunda 750 Ml,TRESEMMÉ,898.65,74269.0,False,750.0,1.1982,> Perfumería > Cuidado Capilar > Acondicionador >,acondicionador,estandar,seco_danado,https://www.jumbo.com.ar/acondicionador-tresemme-24/p
Jumbo,122128,121147,Acondicionador Pantene Rizos Definidos 750 Ml,PANTENE,64.35,5318.0,False,750.0,0.0858,> Perfumería > Cuidado Capilar > Acondicionador >,acondicionador,estandar,rizado,https://www.jumbo.com.ar/acondicionador-pantene-17-2/p
Jumbo,121968,120991,Acondicionador Pantene Acondic Pantene Liso Y Sedoso 750 Ml,PANTENE,457.59,457.59,False,750.0,0.6101,> Perfumería > Cuidado Capilar > Acondicionador >,acondicionador,estandar,general,https://www.jumbo.com.ar/acondicionador-pantene-17/p
Jumbo,121924,120945,Acondicionador Pantene Liso Extremo 750 Ml,PANTENE,284.77,23535.0,False,750.0,0.3797,> Perfumería > Cuidado Capilar > Acondicionador >,acondicionador,estandar,general,https://www.jumbo.com.ar/acondicionador-pantene-19/p
Jumbo,114858,113905,Acondicionador Pantene Brillo Extremo 750 Ml,PANTENE,74.37,6146.0,False,750.0,0.0992,> Perfumería > Cuidado Capilar > Acondicionador >,acondicionador,estandar,general,https://www.jumbo.com.ar/acondicionador-pantene-23/p
Jumbo,77395,74522,Acondicionador Pantene Rizos Definidos 200ml,PANTENE,22.79,1883.0,False,200.0,0.1139,> Perfumería > Cuidado Capilar > Acondicionador >,acondicionador,estandar,rizado,https://www.jumbo.com.ar/acondicionador-pantene-15-4/p
Jumbo,77388,74515,Acondicionador Pantene Liso Y Sedoso 200 Ml,PANTENE,22.79,1883.0,False,200.0,0.1139,> Perfumería > Cuidado Capilar > Acondicionador >,acondicionador,estandar,general,https://www.jumbo.com.ar/acondicionador-pantene-15-3/p
Jumbo,77301,74428,Acondicionador Pantene Liso Extremo 200 Ml,PANTENE,22.79,1883.0,False,200.0,0.1139,> Perfumería > Cuidado Capilar > Acondicionador >,acondicionador,estandar,general,https://www.jumbo.com.ar/acondicionador-pantene-15/p
Jumbo,73013,70145,Acondicionador Dove Liso Y Natural X 400 Ml,DOVE,49.05,49.05,False,400.0,0.1226,> Perfumería > Cuidado Capilar > Acondicionador >,acondicionador,estandar,general,https://www.jumbo.com.ar/acondicionador-dove/p
Jumbo,72658,69794,Acondicionador Pantene Renovación Profunda X 750 Ml,PANTENE,457.59,457.59,False,750.0,0.6101,> Perfumería > Cuidado Capilar > Acondicionador >,acondicionador,estandar,general,https://www.jumbo.com.ar/acondicionador-pantene-26/p
Jumbo,72436,69572,Acondicionador Pantene Renovavión Profunda X 200 Ml,PANTENE,173.39,173.39,False,200.0,0.8669,> Perfumería > Cuidado Capilar > Acondicionador >,acondicionador,estandar,general,https://www.jumbo.com.ar/acondicionador-pantene-25-2/p
Jumbo,57850,55004,Acondicionador Sedal,SEDAL,8.35,8.35,False,,,> Perfumería > Cuidado Capilar > Acondicionador >,acondicionador,estandar,general,https://www.jumbo.com.ar/acondicionador-sedal-34/p
Jumbo,30163,27324,Acondicionador Pantene Pro-v Expert Collection Advanced Keratin Repair 250 Ml,PANTENE,291.93,24126.0,False,250.0,1.1677,> Perfumería > Cuidado Capilar > Acondicionador >,acondicionador,profesional,general,https://www.jumbo.com.ar/acondicionador-pantene-32/p
Jumbo,152072,149645,Acondicionador Dove óleo Nutrición 200 Ml,DOVE,333.73,27581.0,False,200.0,1.6687,> Perfumería > Cuidado Capilar > Acondicionador >,acondicionador,estandar,general,https://www.jumbo.com.ar/acondicionador-dove-21-2/p
Jumbo,122332,121351,Acondicionador Pantene Color Radiante 750ml,PANTENE,27.65,27.65,False,750.0,0.0369,> Perfumería > Cuidado Capilar > Acondicionador >,acondicionador,estandar,tratado,https://www.jumbo.com.ar/acondicionador-pantene-18-2/p
Jumbo,121951,120972,Acondicionador Pantenex750ml Frizz Control  Pvc 750 Ml.,PANTENE,457.59,457.59,False,750.0,0.6101,> Perfumería > Cuidado Capilar > Acondicionador >,acondicionador,estandar,general,https://www.jumbo.com.ar/acondicionador-pantene-18/p
Jumbo,117758,116797,Acondicionador Dove Acond Dove Advanced Therapy Anti-frizz,DOVE,15.29,15.29,False,,,> Perfumería > Cuidado Capilar > Acondicionador >,acondicionador,estandar,general,https://www.jumbo.com.ar/acondicionador-dove-4-2/p
Jumbo,116559,115599,Acondicionador Pantene Brillo Extremo 200 Ml,PANTENE,22.79,1883.0,False,200.0,0.1139,> Perfumería > Cuidado Capilar > Acondicionador >,acondicionador,estandar,general,https://www.jumbo.com.ar/acondicionador-pantene-22/p
Jumbo,116320,115362,Acondicionador Pantene Brillo Extremo 400 Ml,PANTENE,48.79,4032.0,False,400.0,0.122,> Perfumería > Cuidado Capilar > Acondicionador >,acondicionador,estandar,general,https://www.jumbo.com.ar/acondicionador-pantene-21/p
Jumbo,115907,114951,Acondicionador Flex Cosmetico X 250ml,FLEX,5.95,5.95,False,250.0,0.0238,> Perfumería > Cuidado Capilar > Acondicionador >,acondicionador,estandar,general,https://www.jumbo.com.ar/acondicionador-flex-2/p
Jumbo,89555,86883,Acondicionador Sedal,SEDAL,5.45,5.45,False,,,> Perfumería > Cuidado Capilar > Acondicionador >,acondicionador,estandar,general,https://www.jumbo.com.ar/acondicionador-sedal-29/p
Jumbo,73433,70564,Acondicionador Pantene Hidratación 400 Ml,PANTENE,48.79,4032.0,False,400.0,0.122,> Perfumería > Cuidado Capilar > Acondicionador >,acondicionador,estandar,seco_danado,https://www.jumbo.com.ar/acondicionador-pantene-14/p
Jumbo,73361,70492,Acondicionador Dove Rizos Therapy X 400 Ml,DOVE,14.69,14.69,False,400.0,0.0367,> Perfumería > Cuidado Capilar > Acondicionador >,acondicionador,estandar,rizado,https://www.jumbo.com.ar/acondicionador-dove-23/p
Jumbo,72289,69424,Acondicionador Pantene Renovación Profunda X 400 Ml,PANTENE,16.47,1361.0,False,400.0,0.0412,> Perfumería > Cuidado Capilar > Acondicionador >,acondicionador,estandar,general,https://www.jumbo.com.ar/acondicionador-pantene-25/p
Jumbo,69301,66436,Acondicionador Dove Dove Acondicionador Control Caida X 250 Ml,DOVE,10.29,10.29,False,250.0,0.0412,> Perfumería > Cuidado Capilar > Acondicionador >,acondicionador,estandar,general,https://www.jumbo.com.ar/acondicionador-dove-7/p
Jumbo,19528,16683,Acondicionador Tresemmé Acondicionador Tresemme Hidratación Profunda 400 Ml,TRESEMMÉ,433.69,35842.0,False,400.0,1.0842,> Perfumería > Cuidado Capilar > Acondicionador >,acondicionador,estandar,seco_danado,https://www.jumbo.com.ar/acondicionador-tresemme-8/p
Jumbo,6047,3433,Acondicionador Pantene Hidratación 750 Ml,PANTENE,284.77,23535.0,False,750.0,0.3797,> Perfumería > Cuidado Capilar > Acondicionador >,acondicionador,estandar,seco_danado,https://www.jumbo.com.ar/acondicionador-pantene-4/p
Jumbo,127524,110307,Acondicionador Comfort 900ml Acondicionador Comfort Con Siliconas 900 Ml,COMFORT,8.87,8.87,False,900.0,0.0099,> Limpieza > Cuidado Para La Ropa > Suavizantes >,acondicionador,estandar,general,https://www.jumbo.com.ar/acondicionador-comfort-900ml-2/p
Jumbo,67452,64591,Acondicionador Plusbelle Evolution,PLUSBELLE EVOLUTION,6.0,6.0,False,,,> Perfumería > Cuidado Capilar > Acondicionador >,acondicionador,estandar,general,https://www.jumbo.com.ar/acondicionador-plusbelle-evolution-7/p
Jumbo,67448,64587,Acondicionador Plusbelle Evolution,PLUSBELLE EVOLUTION,6.0,6.0,False,,,> Perfumería > Cuidado Capilar > Acondicionador >,acondicionador,estandar,general,https://www.jumbo.com.ar/acondicionador-plusbelle-evolution-6/p
Jumbo,67415,64553,Acondicionador Plusbelle Evolution,PLUSBELLE EVOLUTION,6.0,6.0,False,,,> Perfumería > Cuidado Capilar > Acondicionador >,acondicionador,estandar,general,https://www.jumbo.com.ar/acondicionador-plusbelle-evolution-5/p
Jumbo,42993,40164,Acondicionador Head&shoulder Acondicionador Head & Shoulders Humecta 400 Ml,HEAD & SHOULDERS,90.07,7444.0,False,400.0,0.2252,> Perfumería > Cuidado Capilar > Acondicionador >,acondicionador,estandar,general,https://www.jumbo.com.ar/acondicionador-head-shoulder-5-2/p
Jumbo,67728,64865,Acondicionador V05 Cosmetico,VO5,5.73,5.73,False,,,> Perfumería > Cuidado Capilar > Acondicionador >,acondicionador,estandar,general,https://www.jumbo.com.ar/acondicionador-v05-cosmetico-3/p
Jumbo,67727,64866,Acondicionador Plusbelle Evolution,PLUSBELLE EVOLUTION,6.0,6.0,False,,,> Perfumería > Cuidado Capilar > Acondicionador >,acondicionador,estandar,general,https://www.jumbo.com.ar/acondicionador-plusbelle-evolution-8/p
Jumbo,34919,32078,Acondicionador Herbal Essences Hidradisíaco 300 Ml,HERBAL ESSENCES,157.69,13032.0,False,300.0,0.5256,> Perfumería > Cuidado Capilar > Acondicionador >,acondicionador,estandar,general,https://www.jumbo.com.ar/acondicionador-herbal-essences-7-2/p
Jumbo,127035,109823,Acondicionador Comfort 900ml Acondicionador Comfort Clasico Con Siliconas X 900 Ml,COMFORT,7.19,7.19,False,900.0,0.008,> Limpieza > Cuidado Para La Ropa > Suavizantes >,acondicionador,estandar,general,https://www.jumbo.com.ar/acondicionador-comfort-900ml/p
Jumbo,122170,121189,Acondicionador Capilatisx420ml Puro Rojo  Pvc X 420 Ml.,CAPILATIS,11.34,11.34,False,420.0,0.027,> Perfumería > Cuidado Capilar > Acondicionador >,acondicionador,estandar,general,https://www.jumbo.com.ar/acondicionador-capilatisx420ml/p
Jumbo,67726,64864,Acondicionador V05 Cosmetico,VO5,6.15,508.0,False,,,> Perfumería > Cuidado Capilar > Acondicionador >,acondicionador,estandar,general,https://www.jumbo.com.ar/acondicionador-v05-cosmetico-2/p
Jumbo,67411,64550,Acondicionador Plusbelle Evolution,PLUSBELLE EVOLUTION,5.05,417.0,False,,,> Perfumería > Cuidado Capilar > Acondicionador >,acondicionador,estandar,general,https://www.jumbo.com.ar/acondicionador-plusbelle-evolution-4/p
Jumbo,34510,31669,Acondicionador Herbal Essences Alborótalos 300 Ml,HERBAL ESSENCES,157.69,13032.0,False,300.0,0.5256,> Perfumería > Cuidado Capilar > Acondicionador >,acondicionador,estandar,general,https://www.jumbo.com.ar/acondicionador-herbal-essences-7/p
Jumbo,1361144,1360549,Acondicionador Pantene Keratin 400ml,PANTENE,10000.0,826446.0,False,400.0,25.0,> Perfumería > Cuidado Capilar > Acondicionador >,acondicionador,estandar,general,https://www.jumbo.com.ar/acondicionador-pantene-keratin-400ml/p
Jumbo,394685,392684,Acondicionador Ogx Biotin 385ml,OGX,9896.09,817859.0,False,385.0,25.7041,> Perfumería > Cuidado Capilar > Acondicionador >,acondicionador,estandar,general,https://www.jumbo.com.ar/acondicionador-ogx-biotin-385ml/p
Jumbo,375613,374331,Acondicionador Suave Antifrizz 930ml,SUAVE,750.0,61983.0,False,930.0,0.8065,> Perfumería > Cuidado Capilar > Acondicionador >,acondicionador,estandar,bebe,https://www.jumbo.com.ar/acondicionador-suave-antifrizz-930ml/p
Jumbo,375605,374323,Acondicionador Suave Manzana 930ml,SUAVE,692.53,57234.0,False,930.0,0.7447,> Perfumería > Cuidado Capilar > Acondicionador >,acondicionador,estandar,bebe,https://www.jumbo.com.ar/acondicionador-suave-manzana-930ml/p
Jumbo,350046,348706,Acondicionador Plusbelle Reconexion 1000ml,PLUSBELLE,450.0,37190.0,False,1000.0,0.45,> Perfumería > Cuidado Capilar > Acondicionador >,acondicionador,estandar,general,https://www.jumbo.com.ar/acondicionador-plusbelle-reconexion-1000ml-2/p
Jumbo,339232,337917,Acondicionador Botikpuro Rosa Mosqueta,BOTIK PURO,7850.0,648760.0,False,,,> Perfumería > Cuidado Capilar > Acondicionador >,acondicionador,estandar,general,https://www.jumbo.com.ar/acondicionador-botikpuro-rosa-mosqueta-2/p
Jumbo,338983,316516,Acondicionador Suave Suavidad Cuidado 930 Ml,SUAVE,178.37,14741.0,False,930.0,0.1918,> Perfumería > Cuidado Capilar > Acondicionador >,acondicionador,estandar,bebe,https://www.jumbo.com.ar/acondicionador-suave-suavidad-cuidado/p
Jumbo,338981,316514,Acondicionador Suave Manzanilla 930ml Acondicionador Suave Manzanilla Rubios 930 Ml,SUAVE,322.89,26685.0,False,930.0,0.3472,> Perfumería > Cuidado Capilar > Acondicionador >,acondicionador,estandar,bebe,https://www.jumbo.com.ar/acondicionador-suave-manzanilla-930ml/p
Jumbo,337414,336517,Acondicionador Dove Nutricion 750ml,DOVE,1350.0,111570.0,False,750.0,1.8,> Perfumería > Cuidado Capilar > Acondicionador >,acondicionador,estandar,general,https://www.jumbo.com.ar/acondicionador-dove-nutricion-750ml-2/p
Jumbo,337410,336513,Acondicionador Dove Reconstruccion 400ml,DOVE,6400.0,528926.0,False,400.0,16.0,> Perfumería > Cuidado Capilar > Acondicionador >,acondicionador,estandar,general,https://www.jumbo.com.ar/acondicionador-dove-reconstruccion-400ml-2/p
Jumbo,337409,336512,Acondicionador Dove Regeneracion 200ml,DOVE,398.39,32925.0,False,200.0,1.9919,> Perfumería > Cuidado Capilar > Acondicionador >,acondicionador,estandar,general,https://www.jumbo.com.ar/acondicionador-dove-regeneracion-200ml-2/p
Jumbo,336805,335907,Acondicionador Sedal Antifrizz 340ml,SEDAL,286.27,23659.0,False,340.0,0.842,> Perfumería > Cuidado Capilar > Acondicionador >,acondicionador,estandar,general,https://www.jumbo.com.ar/acondicionador-sedal-antifrizz-340ml/p
Jumbo,336046,335155,Acondicionador Sedal Coco 650ml,SEDAL,457.87,37841.0,False,650.0,0.7044,> Perfumería > Cuidado Capilar > Acondicionador >,acondicionador,estandar,general,https://www.jumbo.com.ar/acondicionador-sedal-coco-650ml/p
Jumbo,332174,331332,Acondicionador Plusbelle Nutricion 1lt,PLUSBELLE,454.55,37566.0,False,,,> Perfumería > Cuidado Capilar > Acondicionador >,acondicionador,estandar,general,https://www.jumbo.com.ar/acondicionador-plusbelle-nutricion-1lt/p
Jumbo,332163,331321,Acondicionador Plusbelle Frizz 970ml,PLUSBELLE,545.47,45080.0,False,970.0,0.5623,> Perfumería > Cuidado Capilar > Acondicionador >,acondicionador,estandar,general,https://www.jumbo.com.ar/acondicionador-plusbelle-frizz-970ml/p
Jumbo,332161,331319,Acondicionador Plusbelle Restructu 970ml,PLUSBELLE,545.47,45080.0,False,970.0,0.5623,> Perfumería > Cuidado Capilar > Acondicionador >,acondicionador,estandar,general,https://www.jumbo.com.ar/acondicionador-plusbelle-restructu-970ml/p
Jumbo,331450,330622,Acondicionador Fructis Goodbye 650ml,FRUCTIS,743.79,61470.0,False,650.0,1.1443,> Perfumería > Cuidado Capilar > Acondicionador >,acondicionador,estandar,general,https://www.jumbo.com.ar/acondicionador-fructis-goodbye-650ml/p
Jumbo,331204,330376,Acondicionador Plusbelle Fuerza 970ml,PLUSBELLE,545.47,45080.0,False,970.0,0.5623,> Perfumería > Cuidado Capilar > Acondicionador >,acondicionador,estandar,general,https://www.jumbo.com.ar/acondicionador-plusbelle-fuerza-970ml/p
Jumbo,288736,287983,Acondicionador Elvive Desenredante 750ml,ELVIVE,745.65,61624.0,False,750.0,0.9942,> Perfumería > Cuidado Capilar > Acondicionador >,acondicionador,profesional,general,https://www.jumbo.com.ar/acondicionador-elvive-desenredante-750ml/p
Jumbo,79294,76421,Acondicionador Para Pisos Echo Pvc 1 Lt,ECHO,5.53,5.53,False,,,> Limpieza > Limpieza de Pisos y Muebles > Ceras y Autobrillos >,acondicionador,estandar,general,https://www.jumbo.com.ar/acondicionador-para-pisos-echo-6/p
Jumbo,70072,67208,Acondicionador Para Pisos Polycera Lavanda  Pvc 750 Cc.,POLYCERA,4.58,4.58,False,,,> Limpieza > Limpieza de Pisos y Muebles > Ceras y Autobrillos >,acondicionador,estandar,general,https://www.jumbo.com.ar/acondicionador-para-pisos-polycera/p
Jumbo,47652,44817,Acondicionador Pantene Restaura 200ml,PANTENE,173.39,14330.0,False,200.0,0.8669,> Perfumería > Cuidado Capilar > Acondicionador >,acondicionador,estandar,general,https://www.jumbo.com.ar/acondicionador-pantene-restaura-200ml/p
Jumbo,42367,39537,Acondicionador Plusbelle Hidratacion 1lt,PLUSBELLE,164.99,13636.0,False,,,> Perfumería > Cuidado Capilar > Acondicionador >,acondicionador,estandar,seco_danado,https://www.jumbo.com.ar/acondicionador-plusbelle-hidratacion-1lt-2/p
Jumbo,42008,39172,Acondicionador Babelito Manzanilla 400ml,BABELITO,97.47,97.47,False,400.0,0.2437,> Mundo Bebe > Higiene para el Bebe > Higiene del Bebé >,acondicionador,estandar,general,https://www.jumbo.com.ar/acondicionador-babelito-manzanilla-400ml/p
Jumbo,41879,39043,Acondicionador Fructis Brillo 350ml,FRUCTIS,339.97,28097.0,False,350.0,0.9713,> Perfumería > Cuidado Capilar > Acondicionador >,acondicionador,estandar,general,https://www.jumbo.com.ar/acondicionador-fructis-brillo-350ml-2/p
Jumbo,41864,39028,Acondicionador Fructis Brillo 200ml,FRUCTIS,233.45,19293.0,False,200.0,1.1672,> Perfumería > Cuidado Capilar > Acondicionador >,acondicionador,estandar,general,https://www.jumbo.com.ar/acondicionador-fructis-brillo-200ml-2/p
Jumbo,41720,38884,Acondicionador Fructis Control 350ml,FRUCTIS,403.25,33326.0,False,350.0,1.1521,> Perfumería > Cuidado Capilar > Acondicionador >,acondicionador,estandar,general,https://www.jumbo.com.ar/acondicionador-fructis-control-350ml-2/p
Jumbo,41692,38856,Acondicionador Fructis Control 200ml,FRUCTIS,233.45,19293.0,False,200.0,1.1672,> Perfumería > Cuidado Capilar > Acondicionador >,acondicionador,estandar,general,https://www.jumbo.com.ar/acondicionador-fructis-control-200ml-2/p
Jumbo,41574,38739,Acondicionador Fructis Brillo 650ml,FRUCTIS,415.89,34371.0,False,650.0,0.6398,> Perfumería > Cuidado Capilar > Acondicionador >,acondicionador,estandar,general,https://www.jumbo.com.ar/acondicionador-fructis-brillo-650ml-2/p
Jumbo,39468,36634,Acondicionador Capilatis Lifting 350ml,CAPILATIS,1868.39,154412.0,False,350.0,5.3383,> Perfumería > Cuidado Capilar > Acondicionador >,acondicionador,estandar,general,https://www.jumbo.com.ar/acondicionador-capilatis-lifting-350ml/p
Jumbo,35198,32356,Acondicionador Caspa 340 Ml,SEDAL SOS,89.99,7437.0,False,340.0,0.2647,> Perfumería > Cuidado Capilar > Acondicionador >,acondicionador,estandar,anticaspa,https://www.jumbo.com.ar/acondicionador-sedal-sos-2/p
Jumbo,20017,17188,Acondicionador Dove Recuperacion Extrema Acondicionador Dove Recuperación Extrema 200 Ml,DOVE,108.53,8969.0,False,200.0,0.5426,> Perfumería > Cuidado Capilar > Acondicionador >,acondicionador,estandar,general,https://www.jumbo.com.ar/acondicionador-dove-recuperacion-extrema/p
Jumbo,19537,16693,Acondicionador Tresemme Keratina 750ml Acondicionador Tresemme Liso Keratina 750 Ml,TRESEMMÉ,979.55,80955.0,False,750.0,1.3061,> Perfumería > Cuidado Capilar > Acondicionador >,acondicionador,estandar,tratado,https://www.jumbo.com.ar/acondicionador-tresemme-keratina-750ml/p
Jumbo,8107,5433,Acondicionador Plusbelle Hydro-reparaci Acondicionador Plusbelle Hydro Reparación 650 Ml,PLUSBELLE,71.65,5921.0,False,650.0,0.1102,> Perfumería > Cuidado Capilar > Acondicionador >,acondicionador,estandar,general,https://www.jumbo.com.ar/acondicionador-plusbelle-hydro-reparaci/p
Jumbo,7428,4755,Acondicionador Pantene Clasico 400ml,PANTENE,334.69,27660.0,False,400.0,0.8367,> Perfumería > Cuidado Capilar > Acondicionador >,acondicionador,estandar,general,https://www.jumbo.com.ar/acondicionador-pantene-clasico-400ml/p
Jumbo,7396,4725,Acondicionador Pantene Rizos 400ml,PANTENE,334.67,27659.0,False,400.0,0.8367,> Perfumería > Cuidado Capilar > Acondicionador >,acondicionador,estandar,rizado,https://www.jumbo.com.ar/acondicionador-pantene-rizos-400ml/p
Jumbo,4495,26027,Acondicionador Babelito 200 Ml,BABELITO,58.95,58.95,False,200.0,0.2948,> Mundo Bebe > Higiene para el Bebe > Higiene del Bebé >,acondicionador,estandar,general,https://www.jumbo.com.ar/acondicionador-p-cabello-babelito/p
Jumbo,410228,406234,Acondicionador Polyana Ceramidas 900ml,POLYANA,607.99,50247.0,False,900.0,0.6755,> Perfumería > Cuidado Capilar > Acondicionador >,acondicionador,estandar,general,https://www.jumbo.com.ar/acondicionador-polyana-ceramidas-900ml/p
Jumbo,375614,374332,Acondicionador Suave Ceramidas 930ml,SUAVE,302.49,24999.0,False,930.0,0.3253,> Perfumería > Cuidado Capilar > Acondicionador >,acondicionador,estandar,bebe,https://www.jumbo.com.ar/acondicionador-suave-ceramidas-930ml/p
Jumbo,349997,348657,Acondicionador Elvive Pvc 400ml Acondicionador Elvive 400ml,ELVIVE,1366.09,112900.0,False,400.0,3.4152,> Perfumería > Cuidado Capilar > Acondicionador >,acondicionador,profesional,general,https://www.jumbo.com.ar/acondicionador-elvive-pvc-400ml/p
Jumbo,338984,316517,Acondicionador Suave Fuerza Nutritiva 930 Ml,SUAVE,339.05,28021.0,False,930.0,0.3646,> Perfumería > Cuidado Capilar > Acondicionador >,acondicionador,estandar,bebe,https://www.jumbo.com.ar/acondicionador-suave-fuerza-nutritiva/p
Jumbo,338982,316515,Acondicionador Suave Brillo Ceramidas 930 Ml,SUAVE,229.29,18950.0,False,930.0,0.2465,> Perfumería > Cuidado Capilar > Acondicionador >,acondicionador,estandar,bebe,https://www.jumbo.com.ar/acondicionador-suave-brillo-ceramidas/p
Jumbo,337416,336519,Acondicionador Dove Reconstruccion 750ml,DOVE,1031.19,85222.0,False,750.0,1.3749,> Perfumería > Cuidado Capilar > Acondicionador >,acondicionador,estandar,general,https://www.jumbo.com.ar/acondicionador-dove-reconstruccion-750ml-2/p
Jumbo,337415,336518,Acondicionador Dove Nutricion 400ml,DOVE,603.09,49842.0,False,400.0,1.5077,> Perfumería > Cuidado Capilar > Acondicionador >,acondicionador,estandar,general,https://www.jumbo.com.ar/acondicionador-dove-nutricion-400ml-2/p
Jumbo,332179,331337,Acondicionador Plusbelle Brillo 1lt,PLUSBELLE,454.55,37566.0,False,,,> Perfumería > Cuidado Capilar > Acondicionador >,acondicionador,estandar,general,https://www.jumbo.com.ar/acondicionador-plusbelle-brillo-1lt/p
Jumbo,332173,331331,Acondicionador Plusbelle Balance 1lt,PLUSBELLE,600.0,49587.0,False,,,> Perfumería > Cuidado Capilar > Acondicionador >,acondicionador,estandar,general,https://www.jumbo.com.ar/acondicionador-plusbelle-balance-1lt/p
Jumbo,332172,331330,Acondicionador Plusbelle Largo 970ml,PLUSBELLE,545.47,45080.0,False,970.0,0.5623,> Perfumería > Cuidado Capilar > Acondicionador >,acondicionador,estandar,general,https://www.jumbo.com.ar/acondicionador-plusbelle-largo-970ml/p
Jumbo,332170,331328,Acondicionador Plusbelle Docilidad 1lt,PLUSBELLE,454.53,37564.0,False,,,> Perfumería > Cuidado Capilar > Acondicionador >,acondicionador,estandar,general,https://www.jumbo.com.ar/acondicionador-plusbelle-docilidad-1lt/p
Jumbo,332167,331325,Acondicionador Plusbelle Frescura 1lt,PLUSBELLE,454.55,37566.0,False,,,> Perfumería > Cuidado Capilar > Acondicionador >,acondicionador,estandar,general,https://www.jumbo.com.ar/acondicionador-plusbelle-frescura-1lt/p
Jumbo,317285,316531,Acondicionador Sedal Carbon 650ml,SEDAL,557.07,46039.0,False,650.0,0.857,> Perfumería > Cuidado Capilar > Acondicionador >,acondicionador,estandar,general,https://www.jumbo.com.ar/acondicionador-sedal-carbon-650ml/p
Jumbo,307906,307144,Acondicionador Polyana Nutricion 300ml,POLYANA,116.65,9641.0,False,300.0,0.3888,> Perfumería > Cuidado Capilar > Acondicionador >,acondicionador,estandar,general,https://www.jumbo.com.ar/acondicionador-polyana-nutricion-300ml/p
Jumbo,307901,307139,Acondicionador Polyana Balance 300ml,POLYANA,250.0,20661.0,False,300.0,0.8333,> Perfumería > Cuidado Capilar > Acondicionador >,acondicionador,estandar,general,https://www.jumbo.com.ar/acondicionador-polyana-balance-300ml/p
Jumbo,307880,307118,Acondicionador Algabo Manzanilla 930ml,ALGABO,113.09,9346.0,False,930.0,0.1216,> Perfumería > Cuidado Capilar > Acondicionador >,acondicionador,estandar,general,https://www.jumbo.com.ar/acondicionador-algabo-manzanilla-930ml/p
Jumbo,288747,287994,Acondicionador Elvive Desenredante 400ml,ELVIVE,470.23,38862.0,False,400.0,1.1756,> Perfumería > Cuidado Capilar > Acondicionador >,acondicionador,profesional,general,https://www.jumbo.com.ar/acondicionador-elvive-desenredante-400ml/p
Jumbo,271685,271164,Acondicionador Sedal Hidratacion Micelar,SEDAL,130.65,10798.0,False,,,> Perfumería > Cuidado Capilar > Acondicionador >,acondicionador,estandar,seco_danado,https://www.jumbo.com.ar/acondicionador-sedal-hidratacion-micelar-2/p
Jumbo,271678,271157,Acondicionador Sedal Hidratacion Micelar.,SEDAL,227.35,18789.0,False,,,> Perfumería > Cuidado Capilar > Acondicionador >,acondicionador,estandar,seco_danado,https://www.jumbo.com.ar/acondicionador-sedal-hidratacion-micelar/p
Jumbo,254985,254279,Acondicionador Fructis Coco 350ml,FRUCTIS,385.97,31898.0,False,350.0,1.1028,> Perfumería > Cuidado Capilar > Acondicionador >,acondicionador,estandar,general,https://www.jumbo.com.ar/acondicionador-fructis-coco-350ml/p
Jumbo,254984,254278,Acondicionador Fructis Coco 200ml,FRUCTIS,600.0,49587.0,False,200.0,3.0,> Perfumería > Cuidado Capilar > Acondicionador >,acondicionador,estandar,general,https://www.jumbo.com.ar/acondicionador-fructis-coco-200ml/p
Jumbo,167570,165109,Pantene Acondicionador Hidrocauterizacion 200ml,PANTENE,24.67,2039.0,False,200.0,0.1234,> Perfumería > Cuidado Capilar > Acondicionador >,acondicionador,estandar,general,https://www.jumbo.com.ar/pantene-acondicionador-hidrocauterizacion-200ml/p
Jumbo,137974,134885,Pantene Acondicionador Summer 400ml,PANTENE,97.29,8041.0,False,400.0,0.2432,> Perfumería > Cuidado Capilar > Acondicionador >,acondicionador,estandar,general,https://www.jumbo.com.ar/pantene-acondicionador-summer-400ml-2/p
Jumbo,132340,129256,Pantene Acondicionador Brilloextremo 750ml,PANTENE,284.77,23535.0,False,750.0,0.3797,> Perfumería > Cuidado Capilar > Acondicionador >,acondicionador,estandar,general,https://www.jumbo.com.ar/pantene-acondicionador-brilloextremo-750ml/p
Jumbo,132238,129154,Pantene Acondicionador Restauracion 400ml,PANTENE,97.29,8041.0,False,400.0,0.2432,> Perfumería > Cuidado Capilar > Acondicionador >,acondicionador,estandar,general,https://www.jumbo.com.ar/pantene-acondicionador-restauracion-400ml/p
Jumbo,59393,56544,Acondicionador Sedal  750 Ml,SEDAL,9.28,9.28,False,750.0,0.0124,> Perfumería > Cuidado Capilar > Acondicionador >,acondicionador,estandar,general,https://www.jumbo.com.ar/acondicionador-sedal-750-ml-2/p
Jumbo,46116,43290,Acondicionador Head & Shoulders Apple Fresh 400 Ml,HEAD & SHOULDERS,134.83,11143.0,False,400.0,0.3371,> Perfumería > Cuidado Capilar > Acondicionador >,acondicionador,estandar,general,https://www.jumbo.com.ar/acondicionador-head-shoulders-11/p
Jumbo,31760,28919,Acondicionador Sedal Liso 650ml Acondicionador Sedal Liso Perfecto 650 Ml,SEDAL,296.07,24469.0,False,650.0,0.4555,> Perfumería > Cuidado Capilar > Acondicionador >,acondicionador,estandar,general,https://www.jumbo.com.ar/acondicionador-sedal-liso-650ml/p
Jumbo,31097,28256,Acondicionador Sedal Rizos 650ml,SEDAL,370.17,30593.0,False,650.0,0.5695,> Perfumería > Cuidado Capilar > Acondicionador >,acondicionador,estandar,rizado,https://www.jumbo.com.ar/acondicionador-sedal-rizos-650ml/p
Jumbo,31006,28165,Acondicionador Elvive Renutricion 400ml,ELVIVE,430.99,35619.0,False,400.0,1.0775,> Perfumería > Cuidado Capilar > Acondicionador >,acondicionador,profesional,general,https://www.jumbo.com.ar/acondicionador-elvive-renutricion-400ml/p
Jumbo,19660,16823,Acondicionador Sedal Ceramidas 340ml,SEDAL SOS,176.59,14594.0,False,340.0,0.5194,> Perfumería > Cuidado Capilar > Acondicionador >,acondicionador,estandar,general,https://www.jumbo.com.ar/acondicionador-sedal-ceramidas-340ml/p
Jumbo,19659,16822,Acondicionador Sedal Rizos 340ml,SEDAL,155.69,12867.0,False,340.0,0.4579,> Perfumería > Cuidado Capilar > Acondicionador >,acondicionador,estandar,rizado,https://www.jumbo.com.ar/acondicionador-sedal-rizos-340ml/p
Jumbo,19658,16821,Acondicionador Sedal Liso 340ml,SEDAL,400.0,33058.0,False,340.0,1.1765,> Perfumería > Cuidado Capilar > Acondicionador >,acondicionador,estandar,general,https://www.jumbo.com.ar/acondicionador-sedal-liso-340ml/p
Jumbo,19517,16663,Acondicionador Tresemme 200 Ml,TRESEMMÉ,123.69,10222.0,False,200.0,0.6184,> Perfumería > Cuidado Capilar > Acondicionador >,acondicionador,estandar,general,https://www.jumbo.com.ar/acondicionador-tresemme-200-ml/p
Jumbo,14383,11566,Acondicionador Capilatis Ortiga 350ml,CAPILATIS,941.23,77788.0,False,350.0,2.6892,> Perfumería > Cuidado Capilar > Acondicionador >,acondicionador,estandar,general,https://www.jumbo.com.ar/acondicionador-capilatis-ortiga-350ml/p
Jumbo,1361142,1360547,Acondicionador Keratina 700 Ml Pantene,PANTENE,14500.0,1198347.0,False,700.0,20.7143,> Perfumería > Cuidado Capilar > Acondicionador >,acondicionador,estandar,tratado,https://www.jumbo.com.ar/acondicionador-keratina-700-ml-pantene/p
Jumbo,415584,411168,Acondicionador Pantene  Revilitacion 750 Ml,PANTENE,15650.0,1293388.0,False,750.0,20.8667,> Perfumería > Cuidado Capilar > Acondicionador >,acondicionador,estandar,general,https://www.jumbo.com.ar/acondicionador-pantene-revilitacion-750-ml/p
Jumbo,394680,392679,Acondicionador Pantene Bamboo 235 Ml,PANTENE,14050.0,1161157.0,False,235.0,59.7872,> Perfumería > Cuidado Capilar > Acondicionador >,acondicionador,estandar,general,https://www.jumbo.com.ar/acondicionador-pantene-bamboo-235-ml/p
Jumbo,384224,382913,Acondicionador Tresemme Cauterización Repa 880ml,TRESEMMÉ,2750.0,227273.0,False,880.0,3.125,> Perfumería > Cuidado Capilar > Acondicionador >,acondicionador,estandar,general,https://www.jumbo.com.ar/acondicionador-tresemme-cauterizacion-repa-880ml/p
Jumbo,384217,382907,Acondicionador Tresemme Matiz Ultravioleta 250ml,TRESEMMÉ,506.29,41842.0,False,250.0,2.0252,> Perfumería > Cuidado Capilar > Acondicionador >,acondicionador,estandar,general,https://www.jumbo.com.ar/acondicionador-tresemme-matiz-ultravioleta-250ml/p
Jumbo,393662,391690,Acondicionador Pantene Restauración 750 Ml,PANTENE,3082.47,254750.0,False,750.0,4.11,> Perfumería > Cuidado Capilar > Acondicionador >,acondicionador,estandar,general,https://www.jumbo.com.ar/acondicionador-pantene-restauracion-750-ml/p
Jumbo,393611,391639,Acondicionador Pantene Hidratación 400 Ml,PANTENE,10000.0,826446.0,False,400.0,25.0,> Perfumería > Cuidado Capilar > Acondicionador >,acondicionador,estandar,seco_danado,https://www.jumbo.com.ar/acondicionador-pantene-hidratacion-400-ml/p
Jumbo,375236,373954,Acondicionador Fructis Rizos Poderosos 350ml,FRUCTIS,1233.85,101971.0,False,350.0,3.5253,> Perfumería > Cuidado Capilar > Acondicionador >,acondicionador,estandar,rizado,https://www.jumbo.com.ar/acondicionador-fructis-rizos-poderosos-350ml/p
Jumbo,375230,373948,Acondicionador Fructis Rizo Manejable 200ml,FRUCTIS,801.59,66247.0,False,200.0,4.008,> Perfumería > Cuidado Capilar > Acondicionador >,acondicionador,estandar,general,https://www.jumbo.com.ar/acondicionador-fructis-rizo-manejable-200ml/p
Jumbo,349471,348131,Acondicionador Plusbelle Docilidad 1000 Ml,PLUSBELLE,1050.0,86777.0,False,1000.0,1.05,> Perfumería > Cuidado Capilar > Acondicionador >,acondicionador,estandar,general,https://www.jumbo.com.ar/acondicionador-plusbelle-docilidad-1000-ml/p
Jumbo,349470,348130,Acondicionador Plusbelle Reparación 1000 Ml,PLUSBELLE,1214.29,100355.0,False,1000.0,1.2143,> Perfumería > Cuidado Capilar > Acondicionador >,acondicionador,estandar,general,https://www.jumbo.com.ar/acondicionador-plusbelle-reparacion-1000-ml/p
Jumbo,346762,345437,Acondicionador Elvive Extreme Reconstructor 200ml,ELVIVE,850.0,70248.0,False,200.0,4.25,> Perfumería > Cuidado Capilar > Acondicionador >,acondicionador,profesional,general,https://www.jumbo.com.ar/acondicionador-elvive-extreme-reconstructor-200ml/p
Jumbo,341814,340501,Acondicionador Head&shoulders Sensitive 300ml,HEAD & SHOULDERS,8150.0,673554.0,False,300.0,27.1667,> Perfumería > Cuidado Capilar > Acondicionador >,acondicionador,estandar,general,https://www.jumbo.com.ar/acondicionador-head-shoulders-sensitive-300ml-2/p
Jumbo,341264,339953,Tío Nacho Acondicionador Purificación 415ml,Tio Nacho,785.29,64900.0,False,415.0,1.8923,> Perfumería > Cuidado Capilar > Acondicionador >,acondicionador,estandar,general,https://www.jumbo.com.ar/tio-nacho-acondicionador-purificacion-415ml/p
Jumbo,339395,338086,Acondicionador Fructis Recarga Nut 350ml,FRUCTIS,635.19,52495.0,False,350.0,1.8148,> Perfumería > Cuidado Capilar > Acondicionador >,acondicionador,estandar,general,https://www.jumbo.com.ar/acondicionador-fructis-recarga-nut-350ml-2/p
Jumbo,338985,316518,Acondicionador Suave Aloe Detox 930ml Acondicionador Suave Aloe Detox 930 Ml,SUAVE,307.55,25417.0,False,930.0,0.3307,> Perfumería > Cuidado Capilar > Acondicionador >,acondicionador,estandar,bebe,https://www.jumbo.com.ar/acondicionador-suave-aloe-detox-930ml/p
Jumbo,333072,332220,Jabon Acondicionador Fragancia Prolongada 200ml,JOHNSON BABY,1050.0,86777.0,False,200.0,5.25,> Mundo Bebe > Higiene para el Bebe > Higiene del Bebé >,acondicionador,estandar,general,https://www.jumbo.com.ar/jabon-acondicionador-fragancia-prolongada-200ml/p
Jumbo,331659,330817,Elvive Acondicionador Hidra Hialuronico 200ml,ELVIVE,770.85,63707.0,False,200.0,3.8542,> Perfumería > Cuidado Capilar > Acondicionador >,acondicionador,profesional,general,https://www.jumbo.com.ar/elvive-acondicionador-hidra-hialuronico-200ml/p
Jumbo,313254,312492,Acondicionador Fructis Food Aloe 300ml,FRUCTIS,557.25,46054.0,False,300.0,1.8575,> Perfumería > Cuidado Capilar > Acondicionador >,acondicionador,estandar,general,https://www.jumbo.com.ar/acondicionador-fructis-food-aloe-300ml/p
Jumbo,307902,307140,Acondicionador Polyana Ceramidas 300 Ml,POLYANA,300.0,24793.0,False,300.0,1.0,> Perfumería > Cuidado Capilar > Acondicionador >,acondicionador,estandar,general,https://www.jumbo.com.ar/acondicionador-polyana-ceramidas-300-ml/p
Jumbo,300067,299284,Acondicionador Suave Naturals Detox Refrescant,SUAVE,128.59,10627.0,False,,,> Perfumería > Cuidado Capilar > Acondicionador >,acondicionador,estandar,bebe,https://www.jumbo.com.ar/acondicionador-suave-naturals-detox-refrescant/p
Jumbo,300056,299273,Acondicionador Dove Fuerza Vital 400ml,DOVE,549.95,45450.0,False,400.0,1.3749,> Perfumería > Cuidado Capilar > Acondicionador >,acondicionador,estandar,general,https://www.jumbo.com.ar/acondicionador-dove-fuerza-vital-400ml/p
Jumbo,294860,294091,Acondicionador Fructis Hidra Bomb 350ml,FRUCTIS,917.79,75850.0,False,350.0,2.6223,> Perfumería > Cuidado Capilar > Acondicionador >,acondicionador,estandar,general,https://www.jumbo.com.ar/acondicionador-fructis-hidra-bomb-350ml/p
Jumbo,263625,263345,Acondicionador Suave Manzanilla 930 Ml,SUAVE,103.84,8582.0,False,930.0,0.1117,> Perfumería > Cuidado Capilar > Acondicionador >,acondicionador,estandar,bebe,https://www.jumbo.com.ar/acondicionador-suave-manzanilla-930-ml/p
Jumbo,262727,262016,Acondicionador Marc Anthony Argan 250ml,MARC ANTHONY,880.29,72751.0,False,250.0,3.5212,> Perfumería > Cuidado Capilar > Acondicionador >,acondicionador,estandar,general,https://www.jumbo.com.ar/acondicionador-marc-anthony-argan-250ml/p
Jumbo,262725,262014,Acondicionador Marc Anthony Coco 250ml,MARC ANTHONY,880.29,72751.0,False,250.0,3.5212,> Perfumería > Cuidado Capilar > Acondicionador >,acondicionador,estandar,general,https://www.jumbo.com.ar/acondicionador-marc-anthony-coco-250ml/p
Jumbo,247593,244274,Acondicionador Tresemme Bajo Poo 400ml,TRESEMMÉ,283.29,23412.0,False,400.0,0.7082,> Perfumería > Cuidado Capilar > Acondicionador >,acondicionador,estandar,general,https://www.jumbo.com.ar/acondicionador-tresemme-bajo-poo-400ml/p
Jumbo,134227,131137,Acondicionador Comfort-original-paq-un.-2,COMFORT,15.75,15.75,False,,,> Limpieza > Cuidado Para La Ropa > Suavizantes >,acondicionador,estandar,general,https://www.jumbo.com.ar/acondicionador-comfort-original-paq-un-2/p
Jumbo,130575,127504,Acondicionador Pantene Fusión Naturaleza 400ml,PANTENE,40.15,3318.0,False,400.0,0.1004,> Perfumería > Cuidado Capilar > Acondicionador >,acondicionador,estandar,general,https://www.jumbo.com.ar/acondicionador-pantene-fusion-naturaleza-400ml/p
Jumbo,115493,114539,Acondicionador Comfort X 2 Un Suavizante Comfort Clasico + Suavizante Comfort Creme Almendras Pack 2u,COMFORT,9.37,9.37,False,,,> Limpieza > Cuidado Para La Ropa > Suavizantes >,acondicionador,estandar,general,https://www.jumbo.com.ar/acondicionador-comfort-x-2-un-2/p
Jumbo,111840,78661,Acondicionador Elvive Caida Resist 200ml,ELVIVE,266.59,22032.0,False,200.0,1.3329,> Perfumería > Cuidado Capilar > Acondicionador >,acondicionador,profesional,general,https://www.jumbo.com.ar/acondicionador-elvive-caida-resist-200ml/p
Jumbo,44630,41801,Acondicionador Elvive O Extra Prof 200ml,ELVIVE,290.85,24037.0,False,200.0,1.4543,> Perfumería > Cuidado Capilar > Acondicionador >,acondicionador,profesional,general,https://www.jumbo.com.ar/acondicionador-elvive-o-extra-prof-200ml-2/p
Jumbo,44619,41790,Acondicionador Elvive O Extra Prof 400ml,ELVIVE,470.23,38862.0,False,400.0,1.1756,> Perfumería > Cuidado Capilar > Acondicionador >,acondicionador,profesional,general,https://www.jumbo.com.ar/acondicionador-elvive-o-extra-prof-400ml-2/p
Jumbo,42719,39890,Acondicionador Plusbelle Antíoxidante 1 L,PLUSBELLE,155.65,12864.0,False,1000.0,0.1557,> Perfumería > Cuidado Capilar > Acondicionador >,acondicionador,estandar,general,https://www.jumbo.com.ar/acondicionador-plusbelle-antioxidante-1-l/p
Jumbo,41550,38715,Acondicionador Fructis Oil Repair 650ml,FRUCTIS,381.19,31503.0,False,650.0,0.5864,> Perfumería > Cuidado Capilar > Acondicionador >,acondicionador,profesional,general,https://www.jumbo.com.ar/acondicionador-fructis-oil-repair-650ml-2/p
Jumbo,41369,38534,Acondicionador Fructis Goodbye Daños 350ml,FRUCTIS,596.99,49338.0,False,350.0,1.7057,> Perfumería > Cuidado Capilar > Acondicionador >,acondicionador,estandar,general,https://www.jumbo.com.ar/acondicionador-fructis-goodbye-danos-350ml-2/p
Jumbo,32220,29379,Acondicionador Elvive Kera Brillo 750ml,ELVIVE,745.65,61624.0,False,750.0,0.9942,> Perfumería > Cuidado Capilar > Acondicionador >,acondicionador,profesional,general,https://www.jumbo.com.ar/acondicionador-elvive-kera-brillo-750ml/p
Jumbo,32208,29367,Acondicionador Elvive Kera Liso 750ml,ELVIVE,683.47,56485.0,False,750.0,0.9113,> Perfumería > Cuidado Capilar > Acondicionador >,acondicionador,profesional,general,https://www.jumbo.com.ar/acondicionador-elvive-kera-liso-750ml/p
Jumbo,31505,28664,Acondicionador Elvive Color Vive 400ml,ELVIVE,533.85,44120.0,False,400.0,1.3346,> Perfumería > Cuidado Capilar > Acondicionador >,acondicionador,profesional,tratado,https://www.jumbo.com.ar/acondicionador-elvive-color-vive-400ml-2/p
Jumbo,31315,28474,Acondicionador Elvive Kera Liso 400ml,ELVIVE,533.85,44120.0,False,400.0,1.3346,> Perfumería > Cuidado Capilar > Acondicionador >,acondicionador,profesional,general,https://www.jumbo.com.ar/acondicionador-elvive-kera-liso-400ml-2/p
Jumbo,30912,28071,Acondicionador Elvive Kera Brillo 200ml,ELVIVE,330.19,27288.0,False,200.0,1.6509,> Perfumería > Cuidado Capilar > Acondicionador >,acondicionador,profesional,general,https://www.jumbo.com.ar/acondicionador-elvive-kera-brillo-200ml/p
Jumbo,28027,25186,Acondicionador Plusbelle Alisado X-tremo,PLUSBELLE,155.25,12831.0,False,,,> Perfumería > Cuidado Capilar > Acondicionador >,acondicionador,estandar,tratado,https://www.jumbo.com.ar/acondicionador-plusbelle-alisado-x-tremo/p
Jumbo,28019,25178,Acondicionador Head & Shoulders Winter 400 Ml,HEAD & SHOULDERS,167.29,13826.0,False,400.0,0.4182,> Perfumería > Cuidado Capilar > Acondicionador >,acondicionador,estandar,general,https://www.jumbo.com.ar/acondicionador-head-shoulders-winter-2/p
Jumbo,27986,25145,Acondicionador Head & Shoulders Winter 200 Ml,HEAD & SHOULDERS,45.29,3743.0,False,200.0,0.2264,> Perfumería > Cuidado Capilar > Acondicionador >,acondicionador,estandar,general,https://www.jumbo.com.ar/acondicionador-head-shoulders-winter/p
Jumbo,22428,19590,Acondicionador Elvive Rizos Hidr 400ml,ELVIVE,850.0,70248.0,False,400.0,2.125,> Perfumería > Cuidado Capilar > Acondicionador >,acondicionador,profesional,rizado,https://www.jumbo.com.ar/acondicionador-elvive-rizos-hidr-400ml/p
Jumbo,19664,16828,Acondicionador Sedal Pureza Detox 340ml,SEDAL,155.69,12867.0,False,340.0,0.4579,> Perfumería > Cuidado Capilar > Acondicionador >,acondicionador,estandar,general,https://www.jumbo.com.ar/acondicionador-sedal-pureza-detox-340ml/p
Jumbo,18072,15169,Acondicionador Antiall Cosmético 350 Ml,ANTIALL,47.79,3950.0,False,350.0,0.1365,> Perfumería > Cuidado Capilar > Acondicionador >,acondicionador,estandar,general,https://www.jumbo.com.ar/acondicionador-antiall-cosmetico-350-ml/p
Jumbo,7785,5109,Acondicionador Pantene Liso Sedoso 400ml,PANTENE,315.75,26095.0,False,400.0,0.7894,> Perfumería > Cuidado Capilar > Acondicionador >,acondicionador,estandar,general,https://www.jumbo.com.ar/acondicionador-pantene-liso-sedoso-400ml/p
Jumbo,7694,5020,Acondicionador Elvive Rt5 Extreme 200ml,ELVIVE,290.85,24037.0,False,200.0,1.4543,> Perfumería > Cuidado Capilar > Acondicionador >,acondicionador,profesional,general,https://www.jumbo.com.ar/acondicionador-elvive-rt5-extreme-200ml/p
Jumbo,3087929,3087157,Acondicionador Elvive Lifter Colageno 7500ml,ELVIVE,21000.0,1735537.0,False,7500.0,2.8,> Perfumería > Cuidado Capilar > Acondicionador >,acondicionador,profesional,general,https://www.jumbo.com.ar/acondicionador-elvive-lifter-colageno-7500ml/p
Jumbo,3068520,3068259,Acondicionador Antioxi 1000 Ml Plusbelle,PLUSBELLE,5600.0,462810.0,False,1000.0,5.6,> Perfumería > Cuidado Capilar > Acondicionador >,acondicionador,estandar,general,https://www.jumbo.com.ar/acondicionador-antioxi-1000-ml-plusbelle/p
Jumbo,412490,408099,Acondicionador Fructis Rizos Poderosos 200ml,FRUCTIS,4850.0,400826.0,False,200.0,24.25,> Perfumería > Cuidado Capilar > Acondicionador >,acondicionador,estandar,rizado,https://www.jumbo.com.ar/acondicionador-fructis-rizos-poderosos-200ml/p
Jumbo,411248,407088,Acondicionador Dove Brillo 400 Ml,DOVE,8620.65,712450.0,False,400.0,21.5516,> Perfumería > Cuidado Capilar > Acondicionador >,acondicionador,estandar,general,https://www.jumbo.com.ar/acondicionador-dove-brillo-400-ml/p
Jumbo,404479,401481,Acondicionador Nutritivo 420 Ml Capilatis,CAPILATIS,9250.0,764463.0,False,420.0,22.0238,> Perfumería > Cuidado Capilar > Acondicionador >,acondicionador,estandar,general,https://www.jumbo.com.ar/acondicionador-nutritivo-420-ml-capilatis/p
Jumbo,394676,392675,Acondicionador Ogx Argán 385 Ml,OGX,9896.09,817859.0,False,385.0,25.7041,> Perfumería > Cuidado Capilar > Acondicionador >,acondicionador,estandar,general,https://www.jumbo.com.ar/acondicionador-ogx-argan-385-ml/p
Jumbo,394484,392483,Acondicionador Plusbelle Restauración 300 Ml,PLUSBELLE,2300.0,190083.0,False,300.0,7.6667,> Perfumería > Cuidado Capilar > Acondicionador >,acondicionador,estandar,general,https://www.jumbo.com.ar/acondicionador-plusbelle-restauracion-300-ml/p
Jumbo,393645,391673,Acondicionador Pantene Hidratación 750 Ml,PANTENE,2096.89,173297.0,False,750.0,2.7959,> Perfumería > Cuidado Capilar > Acondicionador >,acondicionador,estandar,seco_danado,https://www.jumbo.com.ar/acondicionador-pantene-hidratacion-750-ml/p
Jumbo,375270,373988,Acondicionador Fructis Recarga Nutritiva 350ml,FRUCTIS,1350.0,111570.0,False,350.0,3.8571,> Perfumería > Cuidado Capilar > Acondicionador >,acondicionador,estandar,general,https://www.jumbo.com.ar/acondicionador-fructis-recarga-nutritiva-350ml/p
Jumbo,375240,373958,Acondicionador Fructis Recarga Nutritiva 200ml,FRUCTIS,900.0,74380.0,False,200.0,4.5,> Perfumería > Cuidado Capilar > Acondicionador >,acondicionador,estandar,general,https://www.jumbo.com.ar/acondicionador-fructis-recarga-nutritiva-200ml-3/p
Jumbo,347697,346372,Acondicionador  Sedal  Ceramidas  650 Ml,SEDAL,1350.0,111570.0,False,650.0,2.0769,> Perfumería > Cuidado Capilar > Acondicionador >,acondicionador,estandar,general,https://www.jumbo.com.ar/acondicionador-sedal-ceramidas-650-ml/p
Jumbo,345098,343783,Acondicionador Prov Essentials Restauración 200ml,PANTENE,1100.0,90909.0,False,200.0,5.5,> Perfumería > Cuidado Capilar > Acondicionador >,acondicionador,estandar,general,https://www.jumbo.com.ar/acondicionador-prov-essentials-restauracion-200ml/p
Jumbo,344165,342849,Acondicionador Pantene Brillo X400ml,PANTENE,304.45,25161.0,False,400.0,0.7611,> Perfumería > Cuidado Capilar > Acondicionador >,acondicionador,estandar,general,https://www.jumbo.com.ar/acondicionador-pantene-brillo-x400ml-2/p
Jumbo,344022,342707,Acondicionador Sedal Bomba Argan 340ml..,SEDAL,469.67,38816.0,False,340.0,1.3814,> Perfumería > Cuidado Capilar > Acondicionador >,acondicionador,estandar,general,https://www.jumbo.com.ar/acondicionador-sedal-bomba-argan-340ml-3/p
Jumbo,339393,338084,Acondicionador Fructis Recarga Nutritiva 200ml,FRUCTIS,532.69,44024.0,False,200.0,2.6635,> Perfumería > Cuidado Capilar > Acondicionador >,acondicionador,estandar,general,https://www.jumbo.com.ar/acondicionador-fructis-recarga-nutritiva-200ml-2/p
Jumbo,336035,335144,Acondicionador Sedal Bomba Argan 190ml,SEDAL,180.39,14908.0,False,190.0,0.9494,> Perfumería > Cuidado Capilar > Acondicionador >,acondicionador,estandar,general,https://www.jumbo.com.ar/acondicionador-sedal-bomba-argan-190ml/p
Jumbo,331662,330820,Elvive Acondicionador Hidra Hialuronico 750ml,ELVIVE,1978.59,163520.0,False,750.0,2.6381,> Perfumería > Cuidado Capilar > Acondicionador >,acondicionador,profesional,general,https://www.jumbo.com.ar/elvive-acondicionador-hidra-hialuronico-750ml/p
Jumbo,317817,317062,Acondicionador Tio Nacho Verano 200ml,Tio Nacho,448.25,37045.0,False,200.0,2.2412,> Perfumería > Cuidado Capilar > Acondicionador >,acondicionador,estandar,general,https://www.jumbo.com.ar/acondicionador-tio-nacho-verano-200ml/p
Jumbo,317816,317061,Acondicionador Tio Nacho Verano 415ml,Tio Nacho,770.89,63710.0,False,415.0,1.8576,> Perfumería > Cuidado Capilar > Acondicionador >,acondicionador,estandar,general,https://www.jumbo.com.ar/acondicionador-tio-nacho-verano-415ml/p
Jumbo,313256,312494,Acondicionador Fructis Food Coco 300ml,FRUCTIS,1300.0,107438.0,False,300.0,4.3333,> Perfumería > Cuidado Capilar > Acondicionador >,acondicionador,estandar,general,https://www.jumbo.com.ar/acondicionador-fructis-food-coco-300ml/p
Jumbo,312943,312181,Acondicionador Biferdil Alisado 295 Ml,BIFERDIL,19950.0,1648760.0,False,295.0,67.6271,> Perfumería > Cuidado Capilar > Reparación y Tratamientos >,acondicionador,estandar,tratado,https://www.jumbo.com.ar/acondicionador-biferdil-alisado-295-ml/p
Jumbo,309886,309123,Acondicionador Swing Radiante 200 Ml,SWING,63.89,5280.0,False,200.0,0.3195,> Perfumería > Cuidado Capilar > Acondicionador >,acondicionador,estandar,general,https://www.jumbo.com.ar/acondicionador-swing-radiante-200-ml/p
Jumbo,309881,309118,Acondicionador Swing Hidratancion 200 Ml,SWING,57.05,4715.0,False,200.0,0.2853,> Perfumería > Cuidado Capilar > Acondicionador >,acondicionador,estandar,seco_danado,https://www.jumbo.com.ar/acondicionador-swing-hidratancion-200-ml/p
Jumbo,307882,307120,Acondicionador Algabo Palta Argan 930ml,ALGABO,113.09,9346.0,False,930.0,0.1216,> Perfumería > Cuidado Capilar > Acondicionador >,acondicionador,estandar,general,https://www.jumbo.com.ar/acondicionador-algabo-palta-argan-930ml/p
Jumbo,300011,299228,Acondicionador Tio Nacho Nutricion Verano,Tio Nacho,287.87,23791.0,False,,,> Perfumería > Cuidado Capilar > Acondicionador >,acondicionador,estandar,general,https://www.jumbo.com.ar/acondicionador-tio-nacho-nutricion-verano/p
Jumbo,263633,263353,Acondicionador Dove Hidratacion Intensa 200ml,DOVE,280.77,23204.0,False,200.0,1.4038,> Perfumería > Cuidado Capilar > Acondicionador >,acondicionador,estandar,seco_danado,https://www.jumbo.com.ar/acondicionador-dove-hidratacion-intensa-200ml/p
Jumbo,263621,263341,Acondicionador Dove Oleo Micelar 200ml,DOVE,152.49,12602.0,False,200.0,0.7625,> Perfumería > Cuidado Capilar > Acondicionador >,acondicionador,estandar,general,https://www.jumbo.com.ar/acondicionador-dove-oleo-micelar-200ml/p
Jumbo,263396,263154,Acondicionador Pantene Restauración 10 Ml,PANTENE,5.99,495.0,False,10.0,0.599,> Perfumería > Cuidado Capilar > Acondicionador >,acondicionador,estandar,general,https://www.jumbo.com.ar/acondicionador-pantene-restauracion-10-ml/p
Jumbo,261492,260783,Acondicionador Plusbelle Fuerza 1000 Ml,PLUSBELLE,135.15,11169.0,False,1000.0,0.1351,> Perfumería > Cuidado Capilar > Acondicionador >,acondicionador,estandar,general,https://www.jumbo.com.ar/acondicionador-plusbelle-fuerza-1000-ml/p
Jumbo,256895,256189,Acondicionador Il Salone Epic 500ml,IL SALONE,799.99,66115.0,False,500.0,1.6,> Perfumería > Cuidado Capilar > Acondicionador >,acondicionador,estandar,general,https://www.jumbo.com.ar/acondicionador-il-salone-epic-500ml/p
Jumbo,132338,129252,Pantene Acondicionador Liso Extremo 750ml,PANTENE,284.77,23535.0,False,750.0,0.3797,> Perfumería > Cuidado Capilar > Acondicionador >,acondicionador,estandar,general,https://www.jumbo.com.ar/pantene-acondicionador-liso-extremo-750ml/p
Jumbo,132255,129171,Pantene Acondicionador Hidratacion Balanceada 200ml,PANTENE,24.67,2039.0,False,200.0,0.1234,> Perfumería > Cuidado Capilar > Acondicionador >,acondicionador,estandar,seco_danado,https://www.jumbo.com.ar/pantene-acondicionador-hidratacion-balanceada-200ml/p
Jumbo,44701,41872,Acondicionador Elvive Oleo Extra 200ml,ELVIVE,386.79,31966.0,False,200.0,1.934,> Perfumería > Cuidado Capilar > Acondicionador >,acondicionador,profesional,general,https://www.jumbo.com.ar/acondicionador-elvive-oleo-extra-200ml-2/p
Jumbo,44252,41423,Acondicionador Elvive Oleo Extra 750ml,ELVIVE,745.65,61624.0,False,750.0,0.9942,> Perfumería > Cuidado Capilar > Acondicionador >,acondicionador,profesional,general,https://www.jumbo.com.ar/acondicionador-elvive-oleo-extra-750ml-2/p
Jumbo,43405,40576,Acondicionador Suave Lavanda 930 Ml,SUAVE,46.39,3834.0,False,930.0,0.0499,> Perfumería > Cuidado Capilar > Acondicionador >,acondicionador,estandar,bebe,https://www.jumbo.com.ar/acondicionador-suave-lavanda-930-ml/p
Jumbo,42729,39900,Acondicionador Plusbelle Energizante 1 L,PLUSBELLE,155.65,12864.0,False,1000.0,0.1557,> Perfumería > Cuidado Capilar > Acondicionador >,acondicionador,estandar,general,https://www.jumbo.com.ar/acondicionador-plusbelle-energizante-1-l/p
Jumbo,42574,39745,Acondicionador Plusbelle Humectación 1 L,PLUSBELLE,109.57,9055.0,False,1000.0,0.1096,> Perfumería > Cuidado Capilar > Acondicionador >,acondicionador,estandar,general,https://www.jumbo.com.ar/acondicionador-plusbelle-humectacion-1-l/p
Jumbo,41568,38733,Acondicionador Fructis Goodbye Daños 200ml,FRUCTIS,409.97,33882.0,False,200.0,2.0499,> Perfumería > Cuidado Capilar > Acondicionador >,acondicionador,estandar,general,https://www.jumbo.com.ar/acondicionador-fructis-goodbye-danos-200ml-2/p
Jumbo,41405,38570,Acondicionador Fructis Oil Repair 350ml,FRUCTIS,311.59,25751.0,False,350.0,0.8903,> Perfumería > Cuidado Capilar > Acondicionador >,acondicionador,profesional,general,https://www.jumbo.com.ar/acondicionador-fructis-oil-repair-350ml-2/p
Jumbo,41396,38561,Acondicionador Fructis Oil Repair 200ml,FRUCTIS,213.99,17685.0,False,200.0,1.0699,> Perfumería > Cuidado Capilar > Acondicionador >,acondicionador,profesional,general,https://www.jumbo.com.ar/acondicionador-fructis-oil-repair-200ml-2/p
Jumbo,34504,31663,Acondicionador Herbal Ess Hidrasic 670ml Acondicionador Herbal Essences Hidradisíaco 670 Ml,HERBAL ESSENCES,297.99,24627.0,False,670.0,0.4448,> Perfumería > Cuidado Capilar > Acondicionador >,acondicionador,estandar,general,https://www.jumbo.com.ar/acondicionador-herbal-ess-hidrasic-670ml/p
Jumbo,31699,28858,Acondicionador Elvive Rizos Hidr 200ml,ELVIVE,266.59,22032.0,False,200.0,1.3329,> Perfumería > Cuidado Capilar > Acondicionador >,acondicionador,profesional,rizado,https://www.jumbo.com.ar/acondicionador-elvive-rizos-hidr-200ml/p
Jumbo,31577,28736,Acondicionador Elvive Caida Resist 750ml,ELVIVE,229.53,18969.0,False,750.0,0.306,> Perfumería > Cuidado Capilar > Acondicionador >,acondicionador,profesional,general,https://www.jumbo.com.ar/acondicionador-elvive-caida-resist-750ml/p
Jumbo,31513,28671,Acondicionador Elvive Color Vive 750ml,ELVIVE,745.65,61624.0,False,750.0,0.9942,> Perfumería > Cuidado Capilar > Acondicionador >,acondicionador,profesional,tratado,https://www.jumbo.com.ar/acondicionador-elvive-color-vive-750ml/p
Jumbo,19657,16820,Acondicionador Sedal Crema Balance 340ml,SEDAL,176.59,14594.0,False,340.0,0.5194,> Perfumería > Cuidado Capilar > Acondicionador >,acondicionador,estandar,general,https://www.jumbo.com.ar/acondicionador-sedal-crema-balance-340ml/p
Jumbo,19538,16695,Acondicionador Tresemme Detox Capilar 750ml,TRESEMMÉ,538.59,44512.0,False,750.0,0.7181,> Perfumería > Cuidado Capilar > Acondicionador >,acondicionador,estandar,general,https://www.jumbo.com.ar/acondicionador-tresemme-detox-capilar-750ml/p
Jumbo,7704,5030,Pantene Acondicionador Hidratacion Balanceada 750ml,PANTENE,284.77,23535.0,False,750.0,0.3797,> Perfumería > Cuidado Capilar > Acondicionador >,acondicionador,estandar,seco_danado,https://www.jumbo.com.ar/acondicionador-pantene-5/p
Jumbo,7331,4665,Acondicionador Pantene Cont Caida 750ml,PANTENE,457.55,37814.0,False,750.0,0.6101,> Perfumería > Cuidado Capilar > Acondicionador >,acondicionador,estandar,general,https://www.jumbo.com.ar/acondicionador-pantene-cont-caida-750ml/p
Jumbo,4497,26540,Acondicionador Babelito Manzana 200 Ml,BABELITO,123.99,123.99,False,200.0,0.62,> Mundo Bebe > Higiene para el Bebe > Higiene del Bebé >,acondicionador,estandar,general,https://www.jumbo.com.ar/acondicionador-p-cabello-babelito-2/p
Jumbo,384215,382905,Acondicionador Tresemme Kera Antifrizz 880ml,TRESEMMÉ,2556.45,211277.0,False,880.0,2.9051,> Perfumería > Cuidado Capilar > Acondicionador >,acondicionador,estandar,general,https://www.jumbo.com.ar/acondicionador-tresemme-kera-antifrizz-880ml/p
Jumbo,375247,373965,Acondicionador Fructis Liso Coco 350ml,FRUCTIS,1250.0,103306.0,False,350.0,3.5714,> Perfumería > Cuidado Capilar > Acondicionador >,acondicionador,estandar,general,https://www.jumbo.com.ar/acondicionador-fructis-liso-coco-350ml/p
Jumbo,347728,346403,Acondicionador Sedal Ceramidas 340 Ml,SEDAL,469.67,38816.0,False,340.0,1.3814,> Perfumería > Cuidado Capilar > Acondicionador >,acondicionador,estandar,general,https://www.jumbo.com.ar/acondicionador-sedal-ceramidas-340-ml/p
Jumbo,347721,346396,Acondicionador Sedal Ceramidas 190 Ml,SEDAL,359.35,29698.0,False,190.0,1.8913,> Perfumería > Cuidado Capilar > Acondicionador >,acondicionador,estandar,general,https://www.jumbo.com.ar/acondicionador-sedal-ceramidas-190-ml-2/p
Jumbo,347700,346375,Acondicionador Sedal Ceramidas Hidratante 300ml,SEDAL,420.05,34715.0,False,300.0,1.4002,> Perfumería > Cuidado Capilar > Acondicionador >,acondicionador,estandar,seco_danado,https://www.jumbo.com.ar/acondicionador-sedal-ceramidas-hidratante-300ml/p
Jumbo,346830,345505,Acondicionador Elvive Caida Resist 400ml,ELVIVE,1350.0,111570.0,False,400.0,3.375,> Perfumería > Cuidado Capilar > Acondicionador >,acondicionador,profesional,general,https://www.jumbo.com.ar/acondicionador-elvive-caida-resist-400ml-2/p
Jumbo,346744,345419,Acondicionador Elvive Extreme Reconstructor 750ml,ELVIVE,2650.0,219008.0,False,750.0,3.5333,> Perfumería > Cuidado Capilar > Acondicionador >,acondicionador,profesional,general,https://www.jumbo.com.ar/acondicionador-elvive-extreme-reconstructor-750ml/p
Jumbo,346742,345417,Acondicionador Elvive Extreme Reconstructor 400ml,ELVIVE,1151.55,95169.0,False,400.0,2.8789,> Perfumería > Cuidado Capilar > Acondicionador >,acondicionador,profesional,general,https://www.jumbo.com.ar/acondicionador-elvive-extreme-reconstructor-400ml/p
Jumbo,341265,339954,Tío Nacho Acondicionador Purificación 200ml,Tio Nacho,457.87,37841.0,False,200.0,2.2894,> Perfumería > Cuidado Capilar > Acondicionador >,acondicionador,estandar,general,https://www.jumbo.com.ar/tio-nacho-acondicionador-purificacion-200ml/p
Jumbo,337408,336511,Acondicionador Dove Oleo Nutricion 200ml,DOVE,341.59,28231.0,False,200.0,1.7079,> Perfumería > Cuidado Capilar > Acondicionador >,acondicionador,estandar,general,https://www.jumbo.com.ar/acondicionador-dove-oleo-nutricion-200ml-2/p
Jumbo,336810,335912,Acondicionador Sedal Bomba Argan 340ml,SEDAL,286.27,23659.0,False,340.0,0.842,> Perfumería > Cuidado Capilar > Acondicionador >,acondicionador,estandar,general,https://www.jumbo.com.ar/acondicionador-sedal-bomba-argan-340ml/p
Jumbo,336042,335151,Acondicionador Sedal Bomba Detox 340ml,SEDAL,251.77,20807.0,False,340.0,0.7405,> Perfumería > Cuidado Capilar > Acondicionador >,acondicionador,estandar,general,https://www.jumbo.com.ar/acondicionador-sedal-bomba-detox-340ml/p
Jumbo,336019,335129,Acondicionador Sedal Bomba Argan 650ml,SEDAL,489.95,40492.0,False,650.0,0.7538,> Perfumería > Cuidado Capilar > Acondicionador >,acondicionador,estandar,general,https://www.jumbo.com.ar/acondicionador-sedal-bomba-argan-650ml/p
Jumbo,332176,331334,Acondicionador Plusbelle Antioxidante 1000 Ml,PLUSBELLE,600.0,49587.0,False,1000.0,0.6,> Perfumería > Cuidado Capilar > Acondicionador >,acondicionador,estandar,general,https://www.jumbo.com.ar/acondicionador-plusbelle-antioxidante-1000-ml/p
Jumbo,313258,312496,Acondicionador Fructis Food Palta 300ml,FRUCTIS,624.75,51632.0,False,300.0,2.0825,> Perfumería > Cuidado Capilar > Acondicionador >,acondicionador,estandar,general,https://www.jumbo.com.ar/acondicionador-fructis-food-palta-300ml/p
Jumbo,313244,312482,Acondicionador Fructis Food Banana 300ml,FRUCTIS,557.25,46054.0,False,300.0,1.8575,> Perfumería > Cuidado Capilar > Acondicionador >,acondicionador,estandar,general,https://www.jumbo.com.ar/acondicionador-fructis-food-banana-300ml/p
Jumbo,295739,294969,Acondicionador Clear Scalpfoods Detox Diario,CLEAR,134.69,11131.0,False,,,> Perfumería > Cuidado Capilar > Acondicionador >,acondicionador,estandar,general,https://www.jumbo.com.ar/acondicionador-clear-scalpfoods-detox-diario/p
Jumbo,295446,294675,Acondicionador Plusbelle Esencia Restauracion 1l,PLUSBELLE,350.0,28926.0,False,1000.0,0.35,> Perfumería > Cuidado Capilar > Acondicionador >,acondicionador,estandar,general,https://www.jumbo.com.ar/acondicionador-plusbelle-esencia-restauracion-1l/p
Jumbo,275363,274659,Acondicionador Head & Shoulders Humectacion,HEAD & SHOULDERS,208.19,17206.0,False,,,> Perfumería > Cuidado Capilar > Acondicionador >,acondicionador,estandar,general,https://www.jumbo.com.ar/acondicionador-head-shoulders-humectacion/p
Jumbo,271686,271165,Acondicionador Sedal Crema Balance 300ml,SEDAL,143.73,11879.0,False,300.0,0.4791,> Perfumería > Cuidado Capilar > Acondicionador >,acondicionador,estandar,general,https://www.jumbo.com.ar/acondicionador-sedal-crema-balance-300ml/p
Jumbo,263628,263348,Acondicionador Dove Oleo Micelar 400ml,DOVE,549.95,45450.0,False,400.0,1.3749,> Perfumería > Cuidado Capilar > Acondicionador >,acondicionador,estandar,general,https://www.jumbo.com.ar/acondicionador-dove-oleo-micelar-400ml/p
Jumbo,262719,262008,Acondicionador Marc Anthony Frizz 250ml,MARC ANTHONY,880.29,72751.0,False,250.0,3.5212,> Perfumería > Cuidado Capilar > Acondicionador >,acondicionador,estandar,general,https://www.jumbo.com.ar/acondicionador-marc-anthony-frizz-250ml/p
Jumbo,261491,260782,Acondicionador Plusbelle Detox 1 L,PLUSBELLE,155.65,12864.0,False,1000.0,0.1557,> Perfumería > Cuidado Capilar > Acondicionador >,acondicionador,estandar,general,https://www.jumbo.com.ar/acondicionador-plusbelle-detox-1-l/p
Jumbo,260116,259410,Acondicionador Alta Moda Detox 300ml,ALTA MODA,184.89,15280.0,False,300.0,0.6163,> Perfumería > Cuidado Capilar > Acondicionador >,acondicionador,estandar,general,https://www.jumbo.com.ar/acondicionador-alta-moda-detox-300ml/p
Jumbo,254986,254280,Acondicionador Coco 650 Ml Fructis,FRUCTIS,11550.0,954545.0,False,650.0,17.7692,> Perfumería > Cuidado Capilar > Acondicionador >,acondicionador,estandar,general,https://www.jumbo.com.ar/acondicionador-coco-650-ml-fructis/p
Jumbo,179237,197331,Acondicionador Aquamarine X 240 Cc,AQUAMARINE,2.69,2.69,False,,,> Perfumería > Cuidado Capilar > Acondicionador >,acondicionador,estandar,general,https://www.jumbo.com.ar/acondicionador-aquamarine-x-240-cc/p
Jumbo,159648,157206,Acondicionador Comfort Clásico 2 L,COMFORT,20.87,20.87,False,2000.0,0.0104,> Limpieza > Cuidado Para La Ropa > Suavizantes >,acondicionador,estandar,general,https://www.jumbo.com.ar/acondicionador-comfort-clasico-2-l-2/p
Jumbo,146506,143414,Acondicionador Herbal Ess Prolonga 300ml Acondicionador Herbal Essences Prolóngalos 300 Ml,HERBAL ESSENCES,157.69,13032.0,False,300.0,0.5256,> Perfumería > Cuidado Capilar > Acondicionador >,acondicionador,estandar,general,https://www.jumbo.com.ar/acondicionador-herbal-ess-prolonga-300ml/p
Jumbo,130651,127580,Acondicionador Pantene Fusión Naturaleza 750ml,PANTENE,284.77,23535.0,False,750.0,0.3797,> Perfumería > Cuidado Capilar > Acondicionador >,acondicionador,estandar,general,https://www.jumbo.com.ar/acondicionador-pantene-fusion-naturaleza-750ml/p
Jumbo,57755,54910,Acondicionador Sedal Pvc 200 Ml,SEDAL,5.45,5.45,False,200.0,0.0272,> Perfumería > Cuidado Capilar > Acondicionador >,acondicionador,estandar,general,https://www.jumbo.com.ar/acondicionador-sedal-pvc-200-ml/p
Jumbo,45696,42869,Acondicionador Pantene Summer 400 Ml,PANTENE,315.75,26095.0,False,400.0,0.7894,> Perfumería > Cuidado Capilar > Acondicionador >,acondicionador,estandar,general,https://www.jumbo.com.ar/acondicionador-pantene-summer-400-ml/p
Jumbo,45687,42860,Acondicionador Pantene Summer 200 Ml,PANTENE,173.39,14330.0,False,200.0,0.8669,> Perfumería > Cuidado Capilar > Acondicionador >,acondicionador,estandar,general,https://www.jumbo.com.ar/acondicionador-pantene-summer-200-ml/p
Jumbo,44101,41272,Acondicionador Elvive O Extra Prof 750ml,ELVIVE,745.65,61624.0,False,750.0,0.9942,> Perfumería > Cuidado Capilar > Acondicionador >,acondicionador,profesional,general,https://www.jumbo.com.ar/acondicionador-elvive-o-extra-prof-750ml-2/p
Jumbo,42285,39455,Acondicionador Sedal Crema Balance 650ml,SEDAL,550.0,45455.0,False,650.0,0.8462,> Perfumería > Cuidado Capilar > Acondicionador >,acondicionador,estandar,general,https://www.jumbo.com.ar/acondicionador-sedal-crema-balance-650ml-2/p
Jumbo,42244,39414,Acondicionador Sedal Pureza Detox 650ml,SEDAL,227.35,18789.0,False,650.0,0.3498,> Perfumería > Cuidado Capilar > Acondicionador >,acondicionador,estandar,general,https://www.jumbo.com.ar/acondicionador-sedal-pureza-detox-650ml/p
Jumbo,38573,35728,Acondicionador Alta Moda Cream 300ml,ALTA MODA,156.39,12925.0,False,300.0,0.5213,> Perfumería > Cuidado Capilar > Acondicionador >,acondicionador,estandar,general,https://www.jumbo.com.ar/acondicionador-alta-moda-cream-300ml/p
Jumbo,36160,33319,Acondicionador Capilatis Nutritivo 420 Ml,CAPILATIS,323.17,26708.0,False,420.0,0.7695,> Perfumería > Cuidado Capilar > Acondicionador >,acondicionador,estandar,general,https://www.jumbo.com.ar/acondicionador-capilatis-nutritivo-420-ml/p
Jumbo,31689,28848,Acondicionador Elvive Color Vive 200ml,ELVIVE,330.19,27288.0,False,200.0,1.6509,> Perfumería > Cuidado Capilar > Acondicionador >,acondicionador,profesional,tratado,https://www.jumbo.com.ar/acondicionador-elvive-color-vive-200ml/p
Jumbo,31269,28429,Acondicionador Elvive Kera Liso 200ml,ELVIVE,330.19,27288.0,False,200.0,1.6509,> Perfumería > Cuidado Capilar > Acondicionador >,acondicionador,profesional,general,https://www.jumbo.com.ar/acondicionador-elvive-kera-liso-200ml/p
Jumbo,31013,28172,Acondicionador Elvive Caida Resist 400ml,ELVIVE,430.99,35619.0,False,400.0,1.0775,> Perfumería > Cuidado Capilar > Acondicionador >,acondicionador,profesional,general,https://www.jumbo.com.ar/acondicionador-elvive-caida-resist-400ml/p
Jumbo,30916,28075,Acondicionador Elvive Kera Brillo 400ml,ELVIVE,533.85,44120.0,False,400.0,1.3346,> Perfumería > Cuidado Capilar > Acondicionador >,acondicionador,profesional,general,https://www.jumbo.com.ar/acondicionador-elvive-kera-brillo-400ml/p
Jumbo,29436,26599,Acondicionador Plusbelle Ceramidas 1 L,PLUSBELLE,35.33,2920.0,False,1000.0,0.0353,> Perfumería > Cuidado Capilar > Acondicionador >,acondicionador,estandar,general,https://www.jumbo.com.ar/crema-de-enjuague-plusbelle-7/p
Jumbo,26867,24026,Acondicionador Comfort Clásico 2 L,COMFORT,28.59,28.59,False,2000.0,0.0143,> Limpieza > Cuidado Para La Ropa > Suavizantes >,acondicionador,estandar,general,https://www.jumbo.com.ar/acondicionador-comfort/p
Jumbo,19643,16804,Acondicionador Sedal Ceramidas 190 Ml,SEDAL SOS,130.65,10798.0,False,190.0,0.6876,> Perfumería > Cuidado Capilar > Acondicionador >,acondicionador,estandar,general,https://www.jumbo.com.ar/acondicionador-sedal-ceramidas-190-ml/p
Jumbo,13527,10724,Acondicionador Capilatis Fortificado 400 Ml,CAPILATIS,91.29,7545.0,False,400.0,0.2282,> Perfumería > Cuidado Capilar > Acondicionador >,acondicionador,estandar,general,https://www.jumbo.com.ar/acondicionador-capilatis-6/p
Jumbo,8068,5394,Acondicionador Capilatis Manzanilla 500 Ml,CAPILATIS,928.39,76726.0,False,500.0,1.8568,> Perfumería > Cuidado Capilar > Acondicionador >,acondicionador,estandar,general,https://www.jumbo.com.ar/acondicionador-capilatis-manzanilla-500-ml/p
Jumbo,7693,5019,Acondicionador Elvive Rt5 Extreme 400ml,ELVIVE,533.85,44120.0,False,400.0,1.3346,> Perfumería > Cuidado Capilar > Acondicionador >,acondicionador,profesional,general,https://www.jumbo.com.ar/acondicionador-elvive-rt5-extreme-400ml/p
Jumbo,7683,5009,Acondicionador Elvive Rt5 Extreme 750ml,ELVIVE,745.65,61624.0,False,750.0,0.9942,> Perfumería > Cuidado Capilar > Acondicionador >,acondicionador,profesional,general,https://www.jumbo.com.ar/acondicionador-elvive-rt5-extreme-750ml/p
Jumbo,6042,3428,Acondicionador Capilatis Engrasador 410 Ml,CAPILATIS,921.59,76164.0,False,410.0,2.2478,> Perfumería > Cuidado Capilar > Acondicionador >,acondicionador,estandar,graso,https://www.jumbo.com.ar/acondicionador-capilatis-engrasador-410-ml/p
Jumbo,3070284,3069877,Acondicionador Ondas Boho 500 Ml Tresemmé,TRESEMMÉ,9650.0,797521.0,False,500.0,19.3,> Perfumería > Cuidado Capilar > Acondicionador >,acondicionador,estandar,general,https://www.jumbo.com.ar/acondicionador-ondas-boho-x-500-ml-tresemme-2/p
Jumbo,3070276,3069869,Acondicionador Brillo Lamelar 500 Ml Tresemmé,TRESEMMÉ,9650.0,797521.0,False,500.0,19.3,> Perfumería > Cuidado Capilar > Acondicionador >,acondicionador,estandar,general,https://www.jumbo.com.ar/acondicionador-brillo-lamelar-x-500-ml-tresemme-2/p
Jumbo,3068504,3068246,Kids Acondicionador Sandia Dulce 350ml Algabo,ALGABO,3836.02,317026.0,False,350.0,10.9601,> Mundo Bebe > Higiene para el Bebe > Higiene del Bebé >,acondicionador,estandar,bebe,https://www.jumbo.com.ar/kids-acondicionador-sandia-dulce-350ml-algabo/p
Jumbo,1369907,1368157,Acondicionador Reparador Hidratante 400 Ml Veganis,VEGANIS,14500.0,1198347.0,False,400.0,36.25,> Perfumería > Cuidado Capilar > Acondicionador >,acondicionador,estandar,seco_danado,https://www.jumbo.com.ar/acondicionador-veganis-plant-powered-renovador/p
Jumbo,1364418,1363417,Acondicionador Veganis Double Trouble Acido Hi,VEGANIS,11900.0,983471.0,False,,,> Perfumería > Cuidado Capilar > Acondicionador >,acondicionador,estandar,general,https://www.jumbo.com.ar/acondicionador-veganis-double-trouble-acido-hi/p
Jumbo,413352,409213,Acondicionador Tresemme Brillo Lamelar 880 Ml,TRESEMMÉ,15050.0,1243802.0,False,880.0,17.1023,> Perfumería > Cuidado Capilar > Acondicionador >,acondicionador,estandar,general,https://www.jumbo.com.ar/acondicionador-tresemme-brillo-lamelar-880-ml/p
Jumbo,413332,409137,Acondicionador  Keratina Antifrizz 500 Ml Tresemme,TRESEMMÉ,6550.0,541322.0,False,500.0,13.1,> Perfumería > Cuidado Capilar > Acondicionador >,acondicionador,estandar,tratado,https://www.jumbo.com.ar/acondicionador-keratina-antifrizz-500-ml-tresemme-2/p
Jumbo,413331,409136,Acondicionador Tresemme Brillo Lamelar 500 Ml,TRESEMMÉ,7100.0,586777.0,False,500.0,14.2,> Perfumería > Cuidado Capilar > Acondicionador >,acondicionador,estandar,general,https://www.jumbo.com.ar/acondicionador-tresemme-brillo-lamelar-500-ml-2/p
Jumbo,413327,409132,Acondicionador Tresemme Detox Capilar 500 Ml,TRESEMMÉ,6850.0,566116.0,False,500.0,13.7,> Perfumería > Cuidado Capilar > Acondicionador >,acondicionador,estandar,general,https://www.jumbo.com.ar/acondicionador-tresemme-detox-capilar-500-ml/p
Jumbo,410389,406395,Acondicionador Aclarante 400 Ml Tio Nacho,Tio Nacho,7700.0,636364.0,False,400.0,19.25,> Perfumería > Cuidado Capilar > Acondicionador >,acondicionador,estandar,general,https://www.jumbo.com.ar/acondicionador-aclarante-400-ml-tio-nacho/p
Jumbo,397182,394923,Acondicionador Reconstrucción Completa 750 Ml Dove,DOVE,14550.0,1202479.0,False,750.0,19.4,> Perfumería > Cuidado Capilar > Acondicionador >,acondicionador,estandar,general,https://www.jumbo.com.ar/acondicionador-dove-reconstruccion-completa-750-ml-2/p
Jumbo,396888,394644,Acondicionador Bomba Argán 340 Ml Sedal,SEDAL,4450.0,367769.0,False,340.0,13.0882,> Perfumería > Cuidado Capilar > Acondicionador >,acondicionador,estandar,general,https://www.jumbo.com.ar/acondicionador-bomba-argan-340-ml-sedal/p
Jumbo,393575,391603,Acondicionador Sedal Bomba Argán 190 Ml,SEDAL,2850.0,235537.0,False,190.0,15.0,> Perfumería > Cuidado Capilar > Acondicionador >,acondicionador,estandar,general,https://www.jumbo.com.ar/acondicionador-sedal-bomba-argan-190-ml/p
Jumbo,393562,391590,Super Acondicionador Dove Oleo Nutricion 170ml,DOVE,4050.0,334711.0,False,170.0,23.8235,> Perfumería > Cuidado Capilar > Acondicionador >,acondicionador,estandar,general,https://www.jumbo.com.ar/super-acondicionador-dove-oleo-nutricion-170ml/p
Jumbo,393382,391410,Acondicionador Liso Perfecto 650 Ml Sedal Acondicionador Sedal Liso Perfecto 650 Ml,SEDAL,8650.0,714876.0,False,650.0,13.3077,> Perfumería > Cuidado Capilar > Acondicionador >,acondicionador,estandar,general,https://www.jumbo.com.ar/acondicionador-sedal-liso-perfecto-650-ml-2/p
Jumbo,384216,382906,Acondicionador Tresemme Ondas Boho 250 Ml,TRESEMMÉ,950.0,78512.0,False,250.0,3.8,> Perfumería > Cuidado Capilar > Acondicionador >,acondicionador,estandar,general,https://www.jumbo.com.ar/acondicionador-tresemme-ondas-boho-250-ml-2/p
Jumbo,384212,382904,Acondicionador Tresemme Liso Efecto Botox 250ml,TRESEMMÉ,1050.0,86777.0,False,250.0,4.2,> Perfumería > Cuidado Capilar > Acondicionador >,acondicionador,estandar,general,https://www.jumbo.com.ar/acondicionador-tresemme-liso-efecto-botox-250ml/p
Jumbo,384203,382899,Acondicionador Tresemme Liso Efecto Botox 500ml,TRESEMMÉ,1550.0,128099.0,False,500.0,3.1,> Perfumería > Cuidado Capilar > Acondicionador >,acondicionador,estandar,general,https://www.jumbo.com.ar/acondicionador-tresemme-liso-efecto-botox-500ml/p
Jumbo,383670,382385,Acondicionador Colágeno Hidratante 700 Ml Pantene,PANTENE,15650.0,1293388.0,False,700.0,22.3571,> Perfumería > Cuidado Capilar > Acondicionador >,acondicionador,estandar,seco_danado,https://www.jumbo.com.ar/acondicionador-colageno-700-ml-pantene-2/p
Jumbo,375245,373963,Acondicionador Fructis Liso Coco 200 Ml,FRUCTIS,1300.0,107438.0,False,200.0,6.5,> Perfumería > Cuidado Capilar > Acondicionador >,acondicionador,estandar,general,https://www.jumbo.com.ar/acondicionador-fructis-liso-coco-200-ml/p
Jumbo,364194,362937,Acondicionador Ceramidas 930 Ml St Tropez,ST TROPEZ,3950.0,326446.0,False,930.0,4.2473,> Perfumería > Cuidado Capilar > Acondicionador >,acondicionador,estandar,general,https://www.jumbo.com.ar/acondicionador-st-tropez-ceramidas-930ml/p
Jumbo,354060,352691,Acondicionador Elvive Color Vive Protector 750ml,ELVIVE,2450.0,202479.0,False,750.0,3.2667,> Perfumería > Cuidado Capilar > Acondicionador >,acondicionador,profesional,tratado,https://www.jumbo.com.ar/acondicionador-elvive-color-vive-protector-750ml/p
Jumbo,349999,348659,Acondicionador Elvive Reparador Total 5 750ml,ELVIVE,1966.59,162528.0,False,750.0,2.6221,> Perfumería > Cuidado Capilar > Acondicionador >,acondicionador,profesional,general,https://www.jumbo.com.ar/acondicionador-elvive-reparador-total-5-750ml-2/p
Jumbo,349468,348128,Acondicionador Balance Reparador 1000 Ml Plusbelle Acondicionador Balance 1000 Ml Plusbelle,PLUSBELLE,4350.0,359504.0,False,1000.0,4.35,> Perfumería > Cuidado Capilar > Acondicionador >,acondicionador,estandar,general,https://www.jumbo.com.ar/acondicionador-balance-1000-ml-plusbelle/p
Jumbo,348042,346717,Acondicionador Algabo Hidratación Eco-pack 930,ELVIVE,221.47,18303.0,False,,,> Perfumería > Cuidado Capilar > Acondicionador >,acondicionador,profesional,seco_danado,https://www.jumbo.com.ar/acondicionador-algabo-hidratacion-eco-pack-930/p
Jumbo,347727,346402,Acondicionador  Sedal  Liso Perfecto  340 Ml,SEDAL,469.67,38816.0,False,340.0,1.3814,> Perfumería > Cuidado Capilar > Acondicionador >,acondicionador,estandar,general,https://www.jumbo.com.ar/acondicionador-sedal-liso-perfecto-340-ml/p
Jumbo,347630,346303,Acondicionador  Dove  Hidratación Intensa  200 Ml,DOVE,584.29,48288.0,False,200.0,2.9214,> Perfumería > Cuidado Capilar > Acondicionador >,acondicionador,estandar,seco_danado,https://www.jumbo.com.ar/acondicionador-dove-hidratacion-intensa-200-ml/p
Jumbo,345272,343957,Acondicionador Pantene Prov Essentials Hidratante 200ml,PANTENE,531.49,43925.0,False,200.0,2.6574,> Perfumería > Cuidado Capilar > Acondicionador >,acondicionador,profesional,seco_danado,https://www.jumbo.com.ar/acondicionador-pantene-prov-essentials-hidratante-200ml/p
Jumbo,345109,343794,Acondicionador Pantene Prov Essentials Brillo 400ml,PANTENE,858.79,70974.0,False,400.0,2.147,> Perfumería > Cuidado Capilar > Acondicionador >,acondicionador,profesional,general,https://www.jumbo.com.ar/acondicionador-pantene-prov-essentials-brillo-400ml/p
Jumbo,345105,343790,Acondicionador Pantene Prov Essentials Fuerza 750ml,PANTENE,2450.0,202479.0,False,750.0,3.2667,> Perfumería > Cuidado Capilar > Acondicionador >,acondicionador,profesional,general,https://www.jumbo.com.ar/acondicionador-pantene-prov-essentials-fuerza-750ml/p
Jumbo,345053,343738,Acondicionador Pantene Prov Essentials Micelar 400ml,PANTENE,858.79,70974.0,False,400.0,2.147,> Perfumería > Cuidado Capilar > Acondicionador >,acondicionador,profesional,general,https://www.jumbo.com.ar/acondicionador-pantene-prov-essentials-micelar-400ml/p
Jumbo,337411,336514,Acondicionador Dove Reconstrucción Completa 200 Ml,DOVE,398.39,32925.0,False,200.0,1.9919,> Perfumería > Cuidado Capilar > Acondicionador >,acondicionador,estandar,general,https://www.jumbo.com.ar/acondicionador-dove-reconstruccion-completa-200-ml/p
Jumbo,336032,335141,Acondicionador Sedal Bomba Nutri Antifrizz 190ml,SEDAL,180.39,14908.0,False,190.0,0.9494,> Perfumería > Cuidado Capilar > Acondicionador >,acondicionador,estandar,general,https://www.jumbo.com.ar/acondicionador-sedal-bomba-nutri-antifrizz-190ml/p
Jumbo,333070,332218,Acondicionador Gotas De Brillo 400ml Johnson Baby,JOHNSON BABY,935.89,77346.0,False,400.0,2.3397,> Mundo Bebe > Higiene para el Bebe > Higiene del Bebé >,acondicionador,estandar,general,https://www.jumbo.com.ar/acondicionador-gotas-de-brillo-400ml-johnson-baby/p
Jumbo,332827,331975,Acondicionador Pantene Pro-vmiracles Hidrat.750ml,PANTENE,693.77,57336.0,False,750.0,0.925,> Perfumería > Cuidado Capilar > Acondicionador >,acondicionador,profesional,seco_danado,https://www.jumbo.com.ar/acondicionador-pantene-pro-vmiracles-hidrat-750ml/p
Jumbo,312206,311444,Acondicionador Dove Regeneración Extrema 400 Ml,DOVE,244.89,20239.0,False,400.0,0.6122,> Perfumería > Cuidado Capilar > Acondicionador >,acondicionador,estandar,general,https://www.jumbo.com.ar/acondicionador-dove-regeneracion-extrema-400-ml/p
Jumbo,310266,309504,Ogx® Coconut Milk Acondicionador 385 Ml,OGX,599.49,49545.0,False,385.0,1.5571,> Perfumería > Cuidado Capilar > Acondicionador >,acondicionador,estandar,general,https://www.jumbo.com.ar/ogx-coconut-milk-acondicionador-385-ml/p
Jumbo,296060,295290,Tío Nacho Acondicionador Ultrahidratante 200 Ml,Tio Nacho,357.13,29515.0,False,200.0,1.7856,> Perfumería > Cuidado Capilar > Acondicionador >,acondicionador,estandar,seco_danado,https://www.jumbo.com.ar/tio-nacho-acondicionador-ultrahidratante-200-ml/p
Jumbo,295742,294972,Acondicionador Dove Ritual De Crecimiento 400 Ml,DOVE,477.49,39462.0,False,400.0,1.1937,> Perfumería > Cuidado Capilar > Acondicionador >,acondicionador,estandar,general,https://www.jumbo.com.ar/acondicionador-dove-ritual-de-crecimiento-400-ml/p
Jumbo,294872,294102,Acondicionador Head&shoulder Purif Capi 375ml,HEAD & SHOULDERS,285.17,23568.0,False,375.0,0.7605,> Perfumería > Cuidado Capilar > Acondicionador >,acondicionador,estandar,general,https://www.jumbo.com.ar/acondicionador-head-shoulder-purif-capi-375ml/p
Jumbo,277774,277052,Promo Acondicionador Anti Edad 20% Off,Tio Nacho,185.35,185.35,False,,,> Perfumería > Cuidado Capilar > Acondicionador >,acondicionador,estandar,general,https://www.jumbo.com.ar/promo-acondicionador-anti-edad-20-off/p
Jumbo,276912,276198,Acondicionador Rulos Hidratados 200 Ml Roby Acondicionador Roby Rulos Hidratados 200 Ml,ROBY,87.22,87.22,False,200.0,0.4361,> Perfumería > Cuidado Capilar > Acondicionador >,acondicionador,estandar,rizado,https://www.jumbo.com.ar/acondicionador-roby-rulos-hidratados-200-ml/p
Jumbo,276911,276197,Acondicionador Lacio Sedoso 200 Ml Roby Acondicionador Roby Lacio Sedoso 200 Ml,ROBY,87.46,87.46,False,200.0,0.4373,> Perfumería > Cuidado Capilar > Acondicionador >,acondicionador,estandar,tratado,https://www.jumbo.com.ar/acondicionador-roby-lacio-sedoso-200-ml/p
Jumbo,275449,274745,Acondicionador Head & Shoulders 180 Ml,HEAD & SHOULDERS,310.59,25669.0,False,180.0,1.7255,> Perfumería > Cuidado Capilar > Acondicionador >,acondicionador,estandar,general,https://www.jumbo.com.ar/acondicionador-head-shoulders-180-ml/p
Jumbo,248651,245633,Acondicionador Sedal Bomba Argán 190 Ml,SEDAL,130.65,10798.0,False,190.0,0.6876,> Perfumería > Cuidado Capilar > Acondicionador >,acondicionador,estandar,general,https://www.jumbo.com.ar/acondicionador-sedal-bomba-argan-190-ml-2/p
Jumbo,246468,243358,Acondicionador Dove óleo Nutrición 750 Ml,DOVE,266.25,22004.0,False,750.0,0.355,> Perfumería > Cuidado Capilar > Acondicionador >,acondicionador,estandar,general,https://www.jumbo.com.ar/acondicionador-dove-oleo-nutricion-750-ml-3/p
Jumbo,182939,204633,Acondicionador Pantene Liso Y Sedos 200m,PANTENE,5.29,5.29,False,,,> Perfumería > Cuidado Capilar > Acondicionador >,acondicionador,estandar,general,https://www.jumbo.com.ar/acondicionador-pantene-26-193781/p
Jumbo,160643,158193,Acondicionador Comfort Jojoba X  900 Ml.,COMFORT,6.47,6.47,False,900.0,0.0072,> Limpieza > Cuidado Para La Ropa > Suavizantes >,acondicionador,estandar,general,https://www.jumbo.com.ar/acondicionador-comfort-jojoba-x-900-ml-2/p
Jumbo,149891,146800,Acondicionador Tresemmé-rituals-repair-pvc-ml.-400,TRESEMMÉ,77.69,6421.0,False,,,> Perfumería > Cuidado Capilar > Acondicionador >,acondicionador,profesional,general,https://www.jumbo.com.ar/acondicionador-tresemme-rituals-repair-pvc-ml-400-2/p
Jumbo,275416,274712,Acondicionador Head & Shoulders Manzana Fresh,HEAD & SHOULDERS,208.19,17206.0,False,,,> Perfumería > Cuidado Capilar > Acondicionador >,acondicionador,estandar,general,https://www.jumbo.com.ar/acondicionador-head-shoulders-manzana-fresh-2/p
Jumbo,275402,274698,Acondicionador Head & Shoulders Nutricion Prof,HEAD & SHOULDERS,118.99,9834.0,False,,,> Perfumería > Cuidado Capilar > Acondicionador >,acondicionador,estandar,general,https://www.jumbo.com.ar/acondicionador-head-shoulders-nutricion-prof/p
Jumbo,249731,246722,Tío Nacho Acondicionador Ultrahidratante 415 Ml,Tio Nacho,839.09,69346.0,False,415.0,2.0219,> Perfumería > Cuidado Capilar > Acondicionador >,acondicionador,estandar,seco_danado,https://www.jumbo.com.ar/tio-nacho-acondicionador-ultrahidratante-415-ml/p
Jumbo,247604,244285,Acondicionador Tresemmé Bajo Poo 3en1 200ml,TRESEMMÉ,123.69,10222.0,False,200.0,0.6184,> Perfumería > Cuidado Capilar > Acondicionador >,acondicionador,estandar,general,https://www.jumbo.com.ar/acondicionador-tresemme-bajo-poo-3en1-200ml/p
Jumbo,157463,155022,Acondicionador Dove-puntas Reconstruidas-pvc-ml.-200,DOVE,48.93,4044.0,False,,,> Perfumería > Cuidado Capilar > Acondicionador >,acondicionador,estandar,general,https://www.jumbo.com.ar/acondicionador-dove-puntas-reconstruidas-pvc-ml-200-2/p
Jumbo,150037,146946,Acondicionador Plusbelle Kids-prevención-pvc-ml.-750,PLUSBELLE,25.59,25.59,False,,,> Mundo Bebe > Higiene para el Bebe > Higiene del Bebé >,acondicionador,estandar,bebe,https://www.jumbo.com.ar/acondicionador-plusbelle-kids-prevencion-pvc-ml-750/p
Jumbo,149406,146298,Acondicionador Tresemmé-smooth Keratin-pvc-ml.-900,TRESEMMÉ,49.45,4087.0,False,,,> Perfumería > Cuidado Capilar > Acondicionador >,acondicionador,estandar,general,https://www.jumbo.com.ar/acondicionador-tresemme-smooth-keratin-pvc-ml-900-2/p
Jumbo,147391,144301,Acondicionador Herbal Essences  Paracaídas 300 Ml,HERBAL ESSENCES,157.69,13032.0,False,300.0,0.5256,> Perfumería > Cuidado Capilar > Acondicionador >,acondicionador,estandar,general,https://www.jumbo.com.ar/acondicionador-herbal-essences-paracaidas-300-ml-2/p
Jumbo,146499,143408,Acondicionador Herbal Essences Prolóngalo 670 Ml,HERBAL ESSENCES,297.99,24627.0,False,670.0,0.4448,> Perfumería > Cuidado Capilar > Acondicionador >,acondicionador,estandar,general,https://www.jumbo.com.ar/acondicionador-herbal-essences-prolongalo-670-ml-2/p
Jumbo,130754,127682,Acondicionador Dove-color Duradero-pvc-ml.-200,DOVE,20.59,1702.0,False,,,> Perfumería > Cuidado Capilar > Acondicionador >,acondicionador,estandar,tratado,https://www.jumbo.com.ar/acondicionador-dove-color-duradero-pvc-ml-200/p
Jumbo,130744,127673,Acondicionador Dove-hidratación Intensa-pet-ml.-200,DOVE,20.59,1702.0,False,,,> Perfumería > Cuidado Capilar > Acondicionador >,acondicionador,estandar,seco_danado,https://www.jumbo.com.ar/acondicionador-dove-hidratacion-intensa-pet-ml-200/p
Jumbo,130731,127660,Acondicionador Dove-control Caida-pvc-ml.-200,DOVE,20.59,1702.0,False,,,> Perfumería > Cuidado Capilar > Acondicionador >,acondicionador,estandar,general,https://www.jumbo.com.ar/acondicionador-dove-control-caida-pvc-ml-200/p
Jumbo,130638,127570,Acondicionador Pantene Fusión Naturaleza 400 Ml,PANTENE,48.79,4032.0,False,400.0,0.122,> Perfumería > Cuidado Capilar > Acondicionador >,acondicionador,estandar,general,https://www.jumbo.com.ar/acondicionador-pantene-fusion-naturaleza-400-ml/p
Jumbo,130631,127560,Acondicionador Pantene Fusión Naturaleza 200 Ml,PANTENE,21.33,1763.0,False,200.0,0.1066,> Perfumería > Cuidado Capilar > Acondicionador >,acondicionador,estandar,general,https://www.jumbo.com.ar/acondicionador-pantene-fusion-naturaleza-200-ml-2/p
Jumbo,130579,127508,Acondicionador Pantene Fusión Naturaleza 200 Ml,PANTENE,21.33,1763.0,False,200.0,0.1066,> Perfumería > Cuidado Capilar > Acondicionador >,acondicionador,estandar,general,https://www.jumbo.com.ar/acondicionador-pantene-fusion-naturaleza-200-ml/p
Jumbo,92910,90238,Acondicionador Tresemmé Climate-control-pet-ml.-400,TRESEMMÉ,77.69,6421.0,False,,,> Perfumería > Cuidado Capilar > Acondicionador >,acondicionador,estandar,general,https://www.jumbo.com.ar/acondicionador-tresemme-climate-control-pet-ml-400/p
Jumbo,91739,89067,Acondicionador Tresemmé-split Remedy-pvc-ml.-400,TRESEMMÉ,51.87,4287.0,False,,,> Perfumería > Cuidado Capilar > Acondicionador >,acondicionador,estandar,general,https://www.jumbo.com.ar/acondicionador-tresemme-split-remedy-pvc-ml-400/p
Jumbo,65272,62422,Acondicionador Aquamarine  Natural Pvc 930 Ml,AQUAMARINE,6.8,6.8,False,930.0,0.0073,> Perfumería > Cuidado Capilar > Acondicionador >,acondicionador,estandar,general,https://www.jumbo.com.ar/acondicionador-aquamarine-natural-pvc-930-ml/p
Jumbo,62552,59701,Acondicionador Flex Cosmético X 250 Ml,FLEX,5.45,5.45,False,250.0,0.0218,> Perfumería > Cuidado Capilar > Acondicionador >,acondicionador,estandar,general,https://www.jumbo.com.ar/acondicionador-flex-cosmetico-x-250-ml-3/p
Jumbo,57743,54900,Acondicionador Sedal Ceramidas Pvc 350 Ml,SEDAL,8.39,8.39,False,350.0,0.024,> Perfumería > Cuidado Capilar > Acondicionador >,acondicionador,estandar,general,https://www.jumbo.com.ar/acondicionador-sedal-ceramidas-pvc-350-ml/p
Jumbo,56340,53498,Acondicionador P/cabello Babelito-pvc-ml.-500,BABELITO,33.57,33.57,False,,,> Mundo Bebe > Higiene para el Bebe > Higiene del Bebé >,acondicionador,estandar,general,https://www.jumbo.com.ar/acondicionador-p-cabello-babelito-pvc-ml-500/p
Jumbo,55775,52933,Acondicionador Pantene Frizz Control 400 Ml,PANTENE,29.59,2445.0,False,400.0,0.074,> Perfumería > Cuidado Capilar > Acondicionador >,acondicionador,estandar,general,https://www.jumbo.com.ar/acondicionador-pantene-frizz-control-400-ml/p
Jumbo,55361,52520,Acondicionador Sedal Lissage Pvc 420 Ml.,SEDAL,8.39,8.39,False,420.0,0.02,> Perfumería > Cuidado Capilar > Acondicionador >,acondicionador,estandar,general,https://www.jumbo.com.ar/acondicionador-sedal-lissage-pvc-420-ml/p
Jumbo,48953,46117,Spray Fijador Vo5 Acondicionador 412 Ml,VO5,197.84,16350.0,False,412.0,0.4802,> Perfumería > Cuidado Capilar > Fijación >,acondicionador,estandar,general,https://www.jumbo.com.ar/spray-fijador-vo5-acondicionador-412-ml/p
Jumbo,46930,44094,Acondicionador Pantene Pro-v Hidratación 750ml,PANTENE,457.55,37814.0,False,750.0,0.6101,> Perfumería > Cuidado Capilar > Acondicionador >,acondicionador,profesional,seco_danado,https://www.jumbo.com.ar/acondicionador-pantene-pro-v-hidratacion-750ml/p
Jumbo,46648,43813,Acondicionador Capilatis Dermo Protector 420 Ml,CAPILATIS,105.19,8693.0,False,420.0,0.2505,> Perfumería > Cuidado Capilar > Acondicionador >,acondicionador,estandar,general,https://www.jumbo.com.ar/acondicionador-capilatis-dermo-protector-420-ml/p
Jumbo,43504,40675,Acondicionador Dove Protección Térmica 750 Ml,DOVE,190.39,15735.0,False,750.0,0.2539,> Perfumería > Cuidado Capilar > Acondicionador >,acondicionador,estandar,general,https://www.jumbo.com.ar/acondicionador-dove-proteccion-termica-750-ml/p
Jumbo,43346,40518,Acondicionador Tresemme Blindaje Platinium 750 Ml,TRESEMMÉ,538.59,44512.0,False,750.0,0.7181,> Perfumería > Cuidado Capilar > Acondicionador >,acondicionador,estandar,general,https://www.jumbo.com.ar/acondicionador-tresemme-blindaje-platinium-750-ml/p
Jumbo,42959,40130,Acondicionador Plusbelle Puntas Nutridas 1 L,PLUSBELLE,155.65,12864.0,False,1000.0,0.1557,> Perfumería > Cuidado Capilar > Acondicionador >,acondicionador,estandar,general,https://www.jumbo.com.ar/acondicionador-plusbelle-puntas-nutridas-1-l/p
Jumbo,42900,40071,Acondicionador Dove Post Alisado 200 Ml,DOVE,108.53,8969.0,False,200.0,0.5426,> Perfumería > Cuidado Capilar > Acondicionador >,acondicionador,estandar,tratado,https://www.jumbo.com.ar/acondicionador-dove-post-alisado-200-ml/p
Jumbo,42850,40021,Acondicionador Pantene Reparación Rejuvenecedora 200 Ml,PANTENE,42.77,3535.0,False,200.0,0.2139,> Perfumería > Cuidado Capilar > Acondicionador >,acondicionador,estandar,general,https://www.jumbo.com.ar/acondicionador-pantene-reparacion-rejuvenecedora-200-ml/p
Jumbo,42763,39934,Acondicionador Plusbelle Nutrición Creme 1 L,PLUSBELLE,155.65,12864.0,False,1000.0,0.1557,> Perfumería > Cuidado Capilar > Acondicionador >,acondicionador,estandar,general,https://www.jumbo.com.ar/acondicionador-plusbelle-nutricion-creme-1-l/p
Jumbo,42698,39869,Acondicionador Dove Color Duradero 400 Ml,DOVE,171.99,14214.0,False,400.0,0.43,> Perfumería > Cuidado Capilar > Acondicionador >,acondicionador,estandar,tratado,https://www.jumbo.com.ar/acondicionador-dove-color-duradero-400-ml/p
Jumbo,42455,39625,Acondicionador Dove Color Duradero 200 Ml,DOVE,108.53,8969.0,False,200.0,0.5426,> Perfumería > Cuidado Capilar > Acondicionador >,acondicionador,estandar,tratado,https://www.jumbo.com.ar/acondicionador-dove-color-duradero-200-ml/p
Jumbo,41068,38233,Tío Nacho Acondicionador Aclarante 200 Ml,Tio Nacho,489.15,40426.0,False,200.0,2.4457,> Perfumería > Cuidado Capilar > Acondicionador >,acondicionador,estandar,general,https://www.jumbo.com.ar/tio-nacho-acondicionador-aclarante-200-ml/p
Jumbo,40734,37899,Acondicionador Tio Nacho Antioxidante 415 Ml,Tio Nacho,478.85,39574.0,False,415.0,1.1539,> Perfumería > Cuidado Capilar > Acondicionador >,acondicionador,estandar,general,https://www.jumbo.com.ar/acondicionador-tio-nacho-antioxidante-415-ml/p
Jumbo,32284,29443,Acondicionador Tresemme Puntas Perfectas 400 Ml,TRESEMMÉ,77.69,6421.0,False,400.0,0.1942,> Perfumería > Cuidado Capilar > Acondicionador >,acondicionador,estandar,general,https://www.jumbo.com.ar/acondicionador-tresemme-23/p
Jumbo,32120,29279,Acondicionador Tresemme Rituales De Reparación 400 Ml,TRESEMMÉ,77.69,6421.0,False,400.0,0.1942,> Perfumería > Cuidado Capilar > Acondicionador >,acondicionador,estandar,general,https://www.jumbo.com.ar/acondicionador-tresemme-21/p
Jumbo,31933,29092,Acondicionador Tresemme Rizos Perfectos 750 Ml,TRESEMMÉ,131.35,10855.0,False,750.0,0.1751,> Perfumería > Cuidado Capilar > Acondicionador >,acondicionador,estandar,rizado,https://www.jumbo.com.ar/acondicionador-tresemme-16/p
Jumbo,22051,19214,Acondicionador Brillo Extremo 410 Ml Capilatis Acondicionador Capilatis Brillo Extremo 410 Ml,CAPILATIS,8800.0,727273.0,False,410.0,21.4634,> Perfumería > Cuidado Capilar > Acondicionador >,acondicionador,estandar,general,https://www.jumbo.com.ar/acondicionador-capilatis-brillo-extremo-410-ml/p
Jumbo,20021,17192,Dove Acondicionador Botella Reconstrucción Completa 400ml Acondicionador Dove Reconstrucción Completa 400 Ml,DOVE,229.19,18941.0,False,400.0,0.573,> Perfumería > Cuidado Capilar > Acondicionador >,acondicionador,estandar,general,https://www.jumbo.com.ar/dove-acondicionador-botella-reconstruccion-completa-400ml/p
Jumbo,19661,16824,Acondicionador Sedal Restauración Instantánea 340 Ml,SEDAL,500.0,41322.0,False,340.0,1.4706,> Perfumería > Cuidado Capilar > Acondicionador >,acondicionador,estandar,general,https://www.jumbo.com.ar/acondicionador-sedal-restauracion-instantanea-340-ml/p
Jumbo,19529,16684,Acondicionador Tresemme Despeinado Perfecto 400 Ml,TRESEMMÉ,283.29,23412.0,False,400.0,0.7082,> Perfumería > Cuidado Capilar > Acondicionador >,acondicionador,estandar,general,https://www.jumbo.com.ar/acondicionador-tresemme-despeinado-perfecto-400-ml/p
Jumbo,19527,16682,Acondicionador Tresemme Regeneración Tresplex 400 Ml,TRESEMMÉ,1050.0,86777.0,False,400.0,2.625,> Perfumería > Cuidado Capilar > Acondicionador >,acondicionador,estandar,general,https://www.jumbo.com.ar/acondicionador-tresemme-regeneracion-tresplex-400-ml/p
Jumbo,19520,16669,Acondicionador Tresemmé Detox Capilar X 200ml,TRESEMMÉ,123.69,10222.0,False,200.0,0.6184,> Perfumería > Cuidado Capilar > Acondicionador >,acondicionador,estandar,general,https://www.jumbo.com.ar/acondicionador-tresemme-detox-capilar-x-200ml/p
Jumbo,19519,16667,Acondicionador Tresemme Hidratación Profunda 200 Ml,TRESEMMÉ,123.69,10222.0,False,200.0,0.6184,> Perfumería > Cuidado Capilar > Acondicionador >,acondicionador,estandar,seco_danado,https://www.jumbo.com.ar/acondicionador-tresemme-hidratacion-profunda-200-ml/p
Jumbo,4033,248236,Acondicionador Suave Niños Manzanilla 350 Ml,COTTON TAILS,208.67,17245.0,False,350.0,0.5962,> Mundo Bebe > Higiene para el Bebe > Higiene del Bebé >,acondicionador,estandar,bebe,https://www.jumbo.com.ar/acondicionador-suave-ninos-manzanilla-350-ml/p
Jumbo,3516,248543,Acondicionador Elvive Nutri Gloss 200 Ml,ELVIVE,266.59,22032.0,False,200.0,1.3329,> Perfumería > Cuidado Capilar > Acondicionador >,acondicionador,profesional,general,https://www.jumbo.com.ar/crema-de-enjuague-elvive-2/p
Jumbo,421917,381817,Acondicionador Tío Nacho Purificación 200 Ml,SUAVE,5500.0,454545.0,False,200.0,27.5,> Perfumería > Cuidado Capilar > Acondicionador >,acondicionador,estandar,general,https://www.jumbo.com.ar/acondicionador-tio-nacho-purificacion-200-ml-2/p
Jumbo,421916,381825,Acondicionador Tío Nacho Purificación 415 Ml,Tio Nacho,9000.0,743802.0,False,415.0,21.6867,> Perfumería > Cuidado Capilar > Acondicionador >,acondicionador,estandar,general,https://www.jumbo.com.ar/acondicionador-tio-nacho-purificacion-415-ml-2/p
Jumbo,415568,411152,Acondicionador Liso Infinito 750 Ml Pantene Acondicionador Pantene Provmir Liso Infinito 750 Ml,PANTENE,14500.0,1198347.0,False,750.0,19.3333,> Perfumería > Cuidado Capilar > Acondicionador >,acondicionador,profesional,general,https://www.jumbo.com.ar/acondicionador-pantene-provmir-liso-infinito-750-ml/p
Jumbo,413358,409235,Acondicionador Ondas Boho 250 Ml Tresemmé,TRESEMMÉ,4500.0,371901.0,False,250.0,18.0,> Perfumería > Cuidado Capilar > Acondicionador >,acondicionador,estandar,general,https://www.jumbo.com.ar/acondicionador-tresemme-ondas-boho-250-ml/p
Jumbo,413334,409139,Acondicionador Cauterización Reparadora 880 Ml Tresemmé,TRESEMMÉ,15050.0,1243802.0,False,880.0,17.1023,> Perfumería > Cuidado Capilar > Acondicionador >,acondicionador,estandar,general,https://www.jumbo.com.ar/acondicionador-tresemme-cauterizacion-reparadora-880-ml/p
Jumbo,413333,409138,Acondicionador Tresemme Brillo Lamelar 250 Ml,TRESEMMÉ,5950.0,491736.0,False,250.0,23.8,> Perfumería > Cuidado Capilar > Acondicionador >,acondicionador,estandar,general,https://www.jumbo.com.ar/acondicionador-tresemme-brillo-lamelar-250-ml/p
Jumbo,412296,407998,Acondicionador Fructis Liso Coconut 650 Ml,FRUCTIS,9650.0,797521.0,False,650.0,14.8462,> Perfumería > Cuidado Capilar > Acondicionador >,acondicionador,estandar,general,https://www.jumbo.com.ar/acondicionador-fructis-liso-coconut-650-ml/p
Jumbo,411493,407312,Acondicionador Capilatis Reparación Absoluta 350 Ml,CAPILATIS,12650.0,1045455.0,False,350.0,36.1429,> Perfumería > Cuidado Capilar > Acondicionador >,acondicionador,estandar,general,https://www.jumbo.com.ar/acondicionador-capilatis-reparacion-absoluta-350-ml/p
Jumbo,405337,93586,Acondicionador Llanofertil Chips X 8 Dm3 Molido  Paq 8 Dm3,SIN MARCA,1.49,1.49,False,,,> Tiempo Libre > Aire Libre > Jardín >,acondicionador,estandar,general,https://www.jumbo.com.ar/acondicionador-llanofertil-chips-x-8-dm3/p
Jumbo,400529,397867,Acondicionador Hidra Hialurónico 750 Ml Elvive,ELVIVE,16800.0,1388430.0,False,750.0,22.4,> Perfumería > Cuidado Capilar > Acondicionador >,acondicionador,profesional,general,https://www.jumbo.com.ar/acodicionador-elvive-hidra-con-acido-hialuronico-750-ml/p
Jumbo,397906,395641,Acondicionador Brillo Ceramidas 300 Ml Sedal,SEDAL,3800.0,314050.0,False,300.0,12.6667,> Perfumería > Cuidado Capilar > Acondicionador >,acondicionador,estandar,general,https://www.jumbo.com.ar/acondicionador-sedal-ceramidas-300ml/p
Jumbo,397666,395399,Acondicionador Dove Cuidado Delicado 400 Ml,DOVE,1211.79,100148.0,False,400.0,3.0295,> Perfumería > Cuidado Capilar > Acondicionador >,acondicionador,estandar,general,https://www.jumbo.com.ar/acondicionador-dove-cuidado-delicado-400-ml/p
Jumbo,397303,395043,Acondicionador Algabo Eco Pack Pepino 300ml,ALGABO,216.93,17928.0,False,300.0,0.7231,> Perfumería > Cuidado Capilar > Acondicionador >,acondicionador,estandar,general,https://www.jumbo.com.ar/acondicionador-algabo-eco-pack-pepino-300ml/p
Jumbo,394681,392680,Oleo Acondicionador Ogx Anti-breakage 385ml,OGX,9896.09,817859.0,False,385.0,25.7041,> Perfumería > Cuidado Capilar > Acondicionador >,acondicionador,estandar,general,https://www.jumbo.com.ar/oleo-acondicionador-ogx-anti-breakage-385ml/p
Jumbo,393647,391675,Acondicionador Pantene Hidratación Extrema 750 Ml,PANTENE,3250.0,268595.0,False,750.0,4.3333,> Perfumería > Cuidado Capilar > Acondicionador >,acondicionador,estandar,seco_danado,https://www.jumbo.com.ar/acondicionador-pantene-hidratacion-extrema-750-ml/p
Jumbo,384223,382912,Acondicionador Tresemmé Cauterización Reparadora 500 Ml,TRESEMMÉ,1650.0,136364.0,False,500.0,3.3,> Perfumería > Cuidado Capilar > Acondicionador >,acondicionador,estandar,general,https://www.jumbo.com.ar/acondicionador-tresemme-cauterizacion-reparadora-500-ml-2/p
Jumbo,384219,382909,Acondicionador Tresemme Ondas Boho 880 Ml,TRESEMMÉ,2900.0,239669.0,False,880.0,3.2955,> Perfumería > Cuidado Capilar > Acondicionador >,acondicionador,estandar,general,https://www.jumbo.com.ar/acondicionador-tresemme-ondas-boho-880-ml-2/p
Jumbo,384218,382908,Acondicionador Tresemme Liso Efecto Botox 880ml,TRESEMMÉ,2684.29,221842.0,False,880.0,3.0503,> Perfumería > Cuidado Capilar > Acondicionador >,acondicionador,estandar,general,https://www.jumbo.com.ar/acondicionador-tresemme-liso-efecto-botox-880ml/p
Jumbo,384208,382900,Acondicionador Tresemme Keratina Antifrizz 250 Ml,TRESEMMÉ,1000.0,82645.0,False,250.0,4.0,> Perfumería > Cuidado Capilar > Acondicionador >,acondicionador,estandar,tratado,https://www.jumbo.com.ar/acondicionador-tresemme-keratina-antifrizz-250-ml-2/p
Jumbo,384197,382898,Acondicionador Tresemme Ondas Boho 500 Ml,TRESEMMÉ,1500.0,123967.0,False,500.0,3.0,> Perfumería > Cuidado Capilar > Acondicionador >,acondicionador,estandar,general,https://www.jumbo.com.ar/acondicionador-tresemme-ondas-boho-500-ml-2/p
Jumbo,354052,352683,Acondicionador Elvive Kera-liso 230° 400ml,ELVIVE,1239.09,102404.0,False,400.0,3.0977,> Perfumería > Cuidado Capilar > Acondicionador >,acondicionador,profesional,general,https://www.jumbo.com.ar/acondicionador-elvive-kera-liso-230-400ml/p
Jumbo,354050,352681,Acondicionador Elvive Kera-liso 230° 200ml,ELVIVE,1000.0,82645.0,False,200.0,5.0,> Perfumería > Cuidado Capilar > Acondicionador >,acondicionador,profesional,general,https://www.jumbo.com.ar/acondicionador-elvive-kera-liso-230-200ml/p
Jumbo,354043,352674,Acondicionador Elvive Color Vive Protector 200ml,ELVIVE,1000.0,82645.0,False,200.0,5.0,> Perfumería > Cuidado Capilar > Acondicionador >,acondicionador,profesional,tratado,https://www.jumbo.com.ar/acondicionador-elvive-color-vive-protector-200ml/p
Jumbo,353920,352551,Acondicionador Plusbelle Escencia Reconstruccion 700 Ml,PLUSBELLE,2650.0,219008.0,False,700.0,3.7857,> Perfumería > Cuidado Capilar > Acondicionador >,acondicionador,estandar,general,https://www.jumbo.com.ar/acondicionador-plusbelle-escencia-reconstruccion-700-ml/p
Jumbo,353868,352499,Acondicionador Plusbelle Escencia Protección 700 Ml,PLUSBELLE,2650.0,219008.0,False,700.0,3.7857,> Perfumería > Cuidado Capilar > Acondicionador >,acondicionador,estandar,general,https://www.jumbo.com.ar/acondicionador-plusbelle-escencia-proteccion-700-ml/p
Jumbo,349995,348655,Acondicionador Elvive Reparador Total 5 200ml,ELVIVE,1150.0,95041.0,False,200.0,5.75,> Perfumería > Cuidado Capilar > Acondicionador >,acondicionador,profesional,general,https://www.jumbo.com.ar/acondicionador-elvive-reparador-total-5-200ml-2/p
Jumbo,349473,348133,Acondicionador Vitalidad Renovación 1000 Ml Plusbelle,PLUSBELLE,4200.0,347107.0,False,1000.0,4.2,> Perfumería > Cuidado Capilar > Acondicionador >,acondicionador,estandar,general,https://www.jumbo.com.ar/acondicionador-vitalidad-renovacion-1000-ml-plusbelle/p
Jumbo,348056,346731,Acondicionador Algabo Brillo Eco-pack 930ml,ELVIVE,221.47,18303.0,False,930.0,0.2381,> Perfumería > Cuidado Capilar > Acondicionador >,acondicionador,profesional,general,https://www.jumbo.com.ar/acondicionador-algabo-brillo-eco-pack-930ml-2/p
Jumbo,348043,346718,Acondicionador Algabo Suavidad Eco-pack 930ml,ELVIVE,221.47,18303.0,False,930.0,0.2381,> Perfumería > Cuidado Capilar > Acondicionador >,acondicionador,profesional,general,https://www.jumbo.com.ar/acondicionador-algabo-suavidad-eco-pack-930ml-2/p
Jumbo,347726,346401,Acondicionador  Sedal  Restauración Instantánea  190 Ml,SEDAL,600.0,49587.0,False,190.0,3.1579,> Perfumería > Cuidado Capilar > Acondicionador >,acondicionador,estandar,general,https://www.jumbo.com.ar/acondicionador-sedal-restauracion-instantanea-190-ml-2/p
Jumbo,347694,346369,Acondicionador  Sedal  Liso Perfecto  650 Ml,SEDAL,880.05,72731.0,False,650.0,1.3539,> Perfumería > Cuidado Capilar > Acondicionador >,acondicionador,estandar,general,https://www.jumbo.com.ar/acondicionador-sedal-liso-perfecto-650-ml/p
Jumbo,346764,345439,Acondicionador Arcilla Extraordinaria 400 Ml Elvive,ELVIVE,9550.0,789256.0,False,400.0,23.875,> Perfumería > Cuidado Capilar > Acondicionador >,acondicionador,profesional,general,https://www.jumbo.com.ar/acodicionador-elvive-arcilla-purificante-400-ml/p
Jumbo,346760,345435,Acondicionador Arcilla Extraordinaria 200 Ml Elvive Acodicionador Elvive Arcilla Purificante 200ml,ELVIVE,5450.0,450413.0,False,200.0,27.25,> Perfumería > Cuidado Capilar > Acondicionador >,acondicionador,profesional,general,https://www.jumbo.com.ar/acodicionador-elvive-arcilla-purificante-200ml/p
Jumbo,346752,345427,Acondicionador Elvive Dream Length 400 Ml,ELVIVE,10800.0,892562.0,False,400.0,27.0,> Perfumería > Cuidado Capilar > Acondicionador >,acondicionador,profesional,general,https://www.jumbo.com.ar/acondicionador-elvive-dream-length-400-ml/p
Jumbo,345301,343986,Acondicionador Pantene Prov Essent Cuidado 400ml,PANTENE,800.0,66116.0,False,400.0,2.0,> Perfumería > Cuidado Capilar > Acondicionador >,acondicionador,profesional,general,https://www.jumbo.com.ar/acondicionador-pantene-prov-essent-cuidado-400ml/p
Jumbo,345299,343984,Acondicionador Panetene Prov Essentials Bambu 750ml,PANTENE,1496.95,123715.0,False,750.0,1.9959,> Perfumería > Cuidado Capilar > Acondicionador >,acondicionador,estandar,general,https://www.jumbo.com.ar/acondicionador-panetene-prov-essentials-bambu-750ml/p
Jumbo,345273,343958,Acondicionador Pantene Prov Essentials Hidratante 400ml,PANTENE,858.79,70974.0,False,400.0,2.147,> Perfumería > Cuidado Capilar > Acondicionador >,acondicionador,profesional,seco_danado,https://www.jumbo.com.ar/acondicionador-pantene-prov-essentials-hidratante-400ml/p
Jumbo,345112,343797,Acondicionador Pantene Prov Essentials Brillo 750ml,PANTENE,1450.49,119875.0,False,750.0,1.934,> Perfumería > Cuidado Capilar > Acondicionador >,acondicionador,profesional,general,https://www.jumbo.com.ar/acondicionador-pantene-prov-essentials-brillo-750ml/p
Jumbo,345104,343789,Acondicionador Pantene Prov Essentials Fuerza 400ml,PANTENE,1550.0,128099.0,False,400.0,3.875,> Perfumería > Cuidado Capilar > Acondicionador >,acondicionador,profesional,general,https://www.jumbo.com.ar/acondicionador-pantene-prov-essentials-fuerza-400ml/p
Jumbo,345052,343737,Acondicionador Pantene Prov Essentials Micelar 750ml,PANTENE,1544.85,127674.0,False,750.0,2.0598,> Perfumería > Cuidado Capilar > Acondicionador >,acondicionador,profesional,general,https://www.jumbo.com.ar/acondicionador-pantene-prov-essentials-micelar-750ml/p
Jumbo,336021,335131,Acondicionador Sedal Bomba Nutri Antifrizz 650ml,SEDAL,457.87,37841.0,False,650.0,0.7044,> Perfumería > Cuidado Capilar > Acondicionador >,acondicionador,estandar,general,https://www.jumbo.com.ar/acondicionador-sedal-bomba-nutri-antifrizz-650ml/p
Jumbo,332081,331242,Acondicionador Dove Ritual Detox 400 Ml,DOVE,397.79,32875.0,False,400.0,0.9945,> Perfumería > Cuidado Capilar > Acondicionador >,acondicionador,estandar,general,https://www.jumbo.com.ar/acondicionador-dove-ritual-detox-400-ml/p
Jumbo,332078,331238,Acondicionador Dove Ritual De Fortalecimiento 400 Ml,DOVE,463.89,38338.0,False,400.0,1.1597,> Perfumería > Cuidado Capilar > Acondicionador >,acondicionador,estandar,general,https://www.jumbo.com.ar/acondicionador-dove-ritual-de-fortalecimiento-400-ml/p
Jumbo,309882,309119,Acondicionador Swing Repa Intensa 200 Ml,SWING,63.05,5211.0,False,200.0,0.3152,> Perfumería > Cuidado Capilar > Acondicionador >,acondicionador,estandar,general,https://www.jumbo.com.ar/acondicionador-swing-repa-intensa-200-ml/p
Jumbo,309877,309114,Acondicionador Swing Hidratacion Profunda 400 Ml,SWING,900.0,74380.0,False,400.0,2.25,> Perfumería > Cuidado Capilar > Acondicionador >,acondicionador,estandar,seco_danado,https://www.jumbo.com.ar/acondicionador-swing-hidratacion-profunda-400-ml/p
Jumbo,295447,294676,Acondicionador Plusbelle Esencia Largo 1 L,PLUSBELLE,239.47,19791.0,False,1000.0,0.2395,> Perfumería > Cuidado Capilar > Acondicionador >,acondicionador,estandar,general,https://www.jumbo.com.ar/acondicionador-plusbelle-esencia-largo-1-l/p
Jumbo,295010,294241,Acondicionador Sedal Bomba Coco 650 Ml,SEDAL,246.25,20351.0,False,650.0,0.3788,> Perfumería > Cuidado Capilar > Acondicionador >,acondicionador,estandar,general,https://www.jumbo.com.ar/acondicionador-sedal-bomba-coco-650-ml/p
Jumbo,295007,294238,Acondicionador Sedal Bomba Coco 340 Ml,SEDAL,155.69,12867.0,False,340.0,0.4579,> Perfumería > Cuidado Capilar > Acondicionador >,acondicionador,estandar,general,https://www.jumbo.com.ar/acondicionador-sedal-bomba-coco-340-ml/p
Jumbo,294871,294101,Acondicionador Head&shoulder Purif Capi 180ml,HEAD & SHOULDERS,162.99,13470.0,False,180.0,0.9055,> Perfumería > Cuidado Capilar > Acondicionador >,acondicionador,estandar,general,https://www.jumbo.com.ar/acondicionador-head-shoulder-purif-capi-180ml/p
Jumbo,294859,294090,Acondicionador Fructis Hidra Bomb 350 Ml,FRUCTIS,3350.0,276860.0,False,350.0,9.5714,> Perfumería > Cuidado Capilar > Acondicionador >,acondicionador,estandar,general,https://www.jumbo.com.ar/acondicionador-fructis-hidra-bomb-350-ml/p
Jumbo,275455,274751,Acondicionador Head & Shoulders 375 Ml,HEAD & SHOULDERS,208.19,17206.0,False,375.0,0.5552,> Perfumería > Cuidado Capilar > Acondicionador >,acondicionador,estandar,general,https://www.jumbo.com.ar/acondicionador-head-shoulders-375-ml/p
Jumbo,3421,248492,Acondicionador Pantene Hidrocauterización 400 M L,PANTENE,97.29,8041.0,False,,,> Perfumería > Cuidado Capilar > Acondicionador >,acondicionador,estandar,general,https://www.jumbo.com.ar/acondicionador-pantene-2/p
Jumbo,3373,16825,Acondicionador Sedal Crecimiento Saludable 340 Ml,SEDAL,109.89,9082.0,False,340.0,0.3232,> Perfumería > Cuidado Capilar > Acondicionador >,acondicionador,estandar,general,https://www.jumbo.com.ar/acondicionador-sedal-crecimiento-saludable-340-ml/p
Jumbo,3086915,3086139,Acondicionador Tio Nacho Engrosador 200 Ml,SUAVE,7350.0,607438.0,False,200.0,36.75,> Perfumería > Cuidado Capilar > Acondicionador >,acondicionador,estandar,general,https://www.jumbo.com.ar/acondicionador-tio-nacho-engrosador-200-ml-2/p
Jumbo,3068267,3068095,Acondicionador Probiotics X 650 Ml Fructis,FRUCTIS,11550.0,954545.0,False,650.0,17.7692,> Perfumería > Cuidado Capilar > Acondicionador >,acondicionador,estandar,general,https://www.jumbo.com.ar/acondicionador-probiotics-x-650-ml-fructis-2/p
Jumbo,415570,411154,Acondicionador Liso Infinito 200 Ml Pantene,PANTENE,6200.0,512397.0,False,200.0,31.0,> Perfumería > Cuidado Capilar > Acondicionador >,acondicionador,estandar,general,https://www.jumbo.com.ar/acondicionador-pro-v-miracles-liso-infinito-200-ml-pantene-2/p
Jumbo,413355,409214,Acondicionador Tresemme Ondas Boho 880 Ml,TRESEMMÉ,15050.0,1243802.0,False,880.0,17.1023,> Perfumería > Cuidado Capilar > Acondicionador >,acondicionador,estandar,general,https://www.jumbo.com.ar/acondicionador-tresemme-ondas-boho-880-ml/p
Jumbo,413351,409212,Acondicionador Keratina Antifrizz 880 Ml Tresemmé,TRESEMMÉ,15050.0,1243802.0,False,880.0,17.1023,> Perfumería > Cuidado Capilar > Acondicionador >,acondicionador,estandar,tratado,https://www.jumbo.com.ar/acondicionador-tresemme-keratina-antifrizz-880-ml/p
Jumbo,413329,409134,Acondicionador Tresemme Ondas Boho 500 Ml,TRESEMMÉ,6550.0,541322.0,False,500.0,13.1,> Perfumería > Cuidado Capilar > Acondicionador >,acondicionador,estandar,general,https://www.jumbo.com.ar/acondicionador-tresemme-ondas-boho-500-ml/p
Jumbo,413325,409130,Acondicionador Tresemme Cauterización Reparadora 500 Ml,TRESEMMÉ,6850.0,566116.0,False,500.0,13.7,> Perfumería > Cuidado Capilar > Acondicionador >,acondicionador,estandar,general,https://www.jumbo.com.ar/acondicionador-tresemme-cauterizacion-reparadora-500-ml/p
Jumbo,412492,408101,Acondicionador Rizos Poderosos 350 Ml Fructis,FRUCTIS,7350.0,607438.0,False,350.0,21.0,> Perfumería > Cuidado Capilar > Acondicionador >,acondicionador,estandar,rizado,https://www.jumbo.com.ar/acondicionador-fructis-rizos-poderosos-350ml-2/p
Jumbo,397909,395644,Acondicionador Liso Perfecto 190 Ml Sedal,SEDAL,3600.0,297521.0,False,190.0,18.9474,> Perfumería > Cuidado Capilar > Acondicionador >,acondicionador,estandar,general,https://www.jumbo.com.ar/acondicionador-liso-perfecto-190-ml-sedal/p
Jumbo,397901,395636,Acondicionador Sedal Bomba Argan 650 Ml,SEDAL,5850.0,483471.0,False,650.0,9.0,> Perfumería > Cuidado Capilar > Acondicionador >,acondicionador,estandar,general,https://www.jumbo.com.ar/acondicionador-sedal-bomba-argan-650-ml/p
Jumbo,397180,394921,Acondicionador Dove Regeneración Extrema 750 Ml,DOVE,14550.0,1202479.0,False,750.0,19.4,> Perfumería > Cuidado Capilar > Acondicionador >,acondicionador,estandar,general,https://www.jumbo.com.ar/acondicionador-dove-regeneracion-extrema-750-ml-2/p
Jumbo,396958,394714,Acondicionador Fuerza Reparadora 970 Ml Plusbelle,PLUSBELLE,5600.0,462810.0,False,970.0,5.7732,> Perfumería > Cuidado Capilar > Acondicionador >,acondicionador,estandar,general,https://www.jumbo.com.ar/acondicionador-fuerza-reparadora-970-ml-plusbelle/p
Jumbo,394485,392484,Acondicionador Plusbelle Largo Saludable 300 Ml,PLUSBELLE,2300.0,190083.0,False,300.0,7.6667,> Perfumería > Cuidado Capilar > Acondicionador >,acondicionador,estandar,general,https://www.jumbo.com.ar/acondicionador-plusbelle-largo-saludable-300-ml/p
Jumbo,393617,391645,Acondicionador Pantene Hidratación Extrema 400 Ml,PANTENE,6650.0,549587.0,False,400.0,16.625,> Perfumería > Cuidado Capilar > Acondicionador >,acondicionador,estandar,seco_danado,https://www.jumbo.com.ar/acondicionador-pantene-hidratacion-extrema-400-ml/p
Jumbo,393377,391405,Acondicionador Rizos Definidos 650 Ml Sedal,SEDAL,8650.0,714876.0,False,650.0,13.3077,> Perfumería > Cuidado Capilar > Acondicionador >,acondicionador,estandar,rizado,https://www.jumbo.com.ar/acondicionador-sedal-rizos-definidos-650-ml-2/p
Jumbo,391957,390009,Acondicionador Algabo Kids Piojos 500 Ml,ALGABO,1605.77,132708.0,False,500.0,3.2115,> Mundo Bebe > Higiene para el Bebe > Higiene del Bebé >,acondicionador,estandar,bebe,https://www.jumbo.com.ar/acondicionador-algabo-kids-piojos-500-ml/p
Jumbo,384211,382903,Acondicionador Tresemme Keratina Antifrizz 500 Ml,TRESEMMÉ,1500.0,123967.0,False,500.0,3.0,> Perfumería > Cuidado Capilar > Acondicionador >,acondicionador,estandar,tratado,https://www.jumbo.com.ar/acondicionador-tresemme-keratina-antifrizz-500-ml-2/p
Jumbo,384210,382902,Acondicionador Tresemme Cauterización Reparadora 250 Ml,TRESEMMÉ,1000.0,82645.0,False,250.0,4.0,> Perfumería > Cuidado Capilar > Acondicionador >,acondicionador,estandar,general,https://www.jumbo.com.ar/acondicionador-tresemme-cauterizacion-reparadora-250-ml-2/p
Jumbo,384209,382901,Acondicionador Tresemme Detox Capilar 500 Ml,TRESEMMÉ,1650.0,136364.0,False,500.0,3.3,> Perfumería > Cuidado Capilar > Acondicionador >,acondicionador,estandar,general,https://www.jumbo.com.ar/acondicionador-tresemme-detox-capilar-500-ml-2/p
Jumbo,383669,382384,Acondicionador Con Colágeno 400 Ml Pantene,PANTENE,10000.0,826446.0,False,400.0,25.0,> Perfumería > Cuidado Capilar > Acondicionador >,acondicionador,estandar,general,https://www.jumbo.com.ar/acondicionador-con-colageno-400-ml-pantene/p
Jumbo,381126,379840,Acondicionador Suave Aloe Y Pepino 930ml,SUAVE,692.53,57234.0,False,930.0,0.7447,> Perfumería > Cuidado Capilar > Acondicionador >,acondicionador,estandar,bebe,https://www.jumbo.com.ar/acondicionador-suave-aloe-y-pepino-930ml/p
Jumbo,375616,374334,Acondicionador Suave Fuerza Nutritiva 930 Ml,SUAVE,692.53,57234.0,False,930.0,0.7447,> Perfumería > Cuidado Capilar > Acondicionador >,acondicionador,estandar,bebe,https://www.jumbo.com.ar/acondicionador-suave-fuerza-nutritiva-930-ml-2/p
Jumbo,364195,362938,Acondicionador Manzana 930 Ml St Tropez,ST TROPEZ,3840.0,317355.0,False,930.0,4.129,> Perfumería > Cuidado Capilar > Acondicionador >,acondicionador,estandar,general,https://www.jumbo.com.ar/acondicionador-st-tropez-manzana-930ml/p
Jumbo,354057,352688,Acondicionador Elvive Color Vive Protector 400ml,ELVIVE,1239.09,102404.0,False,400.0,3.0977,> Perfumería > Cuidado Capilar > Acondicionador >,acondicionador,profesional,tratado,https://www.jumbo.com.ar/acondicionador-elvive-color-vive-protector-400ml/p
Jumbo,349484,348144,Acondicionador Suavidad Manzana 1000 Ml Plusbelle Acondicionador Plusbelle Suavidad 1000ml,PLUSBELLE,5100.0,421488.0,False,1000.0,5.1,> Perfumería > Cuidado Capilar > Acondicionador >,acondicionador,estandar,general,https://www.jumbo.com.ar/acondicionador-plusbelle-suavidad-1000ml-2/p
Jumbo,347730,346405,Acondicionador Sedal Rizos Definidos 340 Ml,SEDAL,800.0,66116.0,False,340.0,2.3529,> Perfumería > Cuidado Capilar > Acondicionador >,acondicionador,estandar,rizado,https://www.jumbo.com.ar/acondicionador-sedal-rizos-definidos-340-ml/p
Jumbo,347729,346404,Acondicionador  Sedal  Crema Balance  340 Ml,SEDAL,850.0,70248.0,False,340.0,2.5,> Perfumería > Cuidado Capilar > Acondicionador >,acondicionador,estandar,general,https://www.jumbo.com.ar/acondicionador-sedal-crema-balance-340-ml/p
Jumbo,347723,346398,Acondicionador  Sedal  Restauración Instantánea  340 Ml,SEDAL,850.0,70248.0,False,340.0,2.5,> Perfumería > Cuidado Capilar > Acondicionador >,acondicionador,estandar,general,https://www.jumbo.com.ar/acondicionador-sedal-restauracion-instantanea-340-ml-2/p
Jumbo,347696,346371,Acondicionador Sedal Rizos Definidos 650 Ml,SEDAL,1450.0,119835.0,False,650.0,2.2308,> Perfumería > Cuidado Capilar > Acondicionador >,acondicionador,estandar,rizado,https://www.jumbo.com.ar/acondicionador-sedal-rizos-definidos-650-ml/p
Jumbo,347695,346370,Acondicionador  Sedal  Crema Balance  650 Ml,SEDAL,880.05,72731.0,False,650.0,1.3539,> Perfumería > Cuidado Capilar > Acondicionador >,acondicionador,estandar,general,https://www.jumbo.com.ar/acondicionador-sedal-crema-balance-650-ml/p
Jumbo,347693,346368,Acondicionador Sedal Restauración Instantánea 650 Ml,SEDAL,1350.0,111570.0,False,650.0,2.0769,> Perfumería > Cuidado Capilar > Acondicionador >,acondicionador,estandar,general,https://www.jumbo.com.ar/acondicionador-sedal-restauracion-instantanea-650-ml-2/p
Jumbo,347650,346323,Acondicionador  Dove  Hidratación Intensa  400 Ml,DOVE,6950.0,574380.0,False,400.0,17.375,> Perfumería > Cuidado Capilar > Acondicionador >,acondicionador,estandar,seco_danado,https://www.jumbo.com.ar/acondicionador-dove-hidratacion-intensa-400-ml-2/p
Jumbo,345275,343960,Acondicionador Pantene Prov Essentials Hidratante 750ml,PANTENE,1394.75,115269.0,False,750.0,1.8597,> Perfumería > Cuidado Capilar > Acondicionador >,acondicionador,profesional,seco_danado,https://www.jumbo.com.ar/acondicionador-pantene-prov-essentials-hidratante-750ml/p
Jumbo,345107,343792,Acondicionador Pantene Prov Essentials Brillo 200ml,PANTENE,531.49,43925.0,False,200.0,2.6574,> Perfumería > Cuidado Capilar > Acondicionador >,acondicionador,profesional,general,https://www.jumbo.com.ar/acondicionador-pantene-prov-essentials-brillo-200ml/p
Jumbo,345097,343782,Acondicionador Pantene Prov Essentials Restauración 400ml,PANTENE,1500.0,123967.0,False,400.0,3.75,> Perfumería > Cuidado Capilar > Acondicionador >,acondicionador,profesional,general,https://www.jumbo.com.ar/acondicionador-pantene-prov-essentials-restauracion-400ml/p
Jumbo,339223,337908,Acondicionador Bio Desenredante Natural Botik Puro,BOTIK PURO,4019.99,332231.0,False,,,> Perfumería > Cuidado Capilar > Acondicionador >,acondicionador,estandar,general,https://www.jumbo.com.ar/acondicionador-bio-desenredante-natural-botik-puro/p
Jumbo,333571,332702,Acondicionador Alta Moda Color Prt 300ml,ALTA MODA,224.95,18591.0,False,300.0,0.7498,> Perfumería > Cuidado Capilar > Acondicionador >,acondicionador,estandar,tratado,https://www.jumbo.com.ar/acondicionador-alta-moda-color-prt-300ml/p
Jumbo,332079,331240,Acondicionador Dove Ritual De Equinacea 400 Ml,DOVE,463.89,38338.0,False,400.0,1.1597,> Perfumería > Cuidado Capilar > Acondicionador >,acondicionador,estandar,general,https://www.jumbo.com.ar/acondicionador-dove-ritual-de-equinacea-400-ml/p
Jumbo,312947,312185,Acondicionador Balsam Vitaminado 800 Ml Biferdil,BIFERDIL,18450.0,1524793.0,False,800.0,23.0625,> Perfumería > Cuidado Capilar > Reparación y Tratamientos >,acondicionador,estandar,general,https://www.jumbo.com.ar/acondicionador-biferdil-vitaminado-800-ml/p
Jumbo,312209,311447,Acondicionador Dove Regeneración Extrema 750 Ml,DOVE,418.79,34611.0,False,750.0,0.5584,> Perfumería > Cuidado Capilar > Acondicionador >,acondicionador,estandar,general,https://www.jumbo.com.ar/acondicionador-dove-regeneracion-extrema-750-ml/p
Jumbo,312203,311441,Acondicionador Dove Regeneración Extrema 200 Ml,DOVE,161.79,13371.0,False,200.0,0.8089,> Perfumería > Cuidado Capilar > Acondicionador >,acondicionador,estandar,general,https://www.jumbo.com.ar/acondicionador-dove-regeneracion-extrema-200-ml/p
Jumbo,310069,309307,Acondicionador Swing Reparación Intensa 400 Ml,SWING,900.0,74380.0,False,400.0,2.25,> Perfumería > Cuidado Capilar > Acondicionador >,acondicionador,estandar,general,https://www.jumbo.com.ar/acondicionador-swing-reparacion-intensa-400-ml/p
Jumbo,309876,309113,Acondicionador Swing Brillo Radiante 400 Ml,SWING,900.0,74380.0,False,400.0,2.25,> Perfumería > Cuidado Capilar > Acondicionador >,acondicionador,estandar,general,https://www.jumbo.com.ar/acondicionador-swing-brillo-radiante-400-ml/p
Jumbo,298572,297801,Acondicionador Dove Ritual Detox 400 Ml,DOVE,477.49,39462.0,False,400.0,1.1937,> Perfumería > Cuidado Capilar > Acondicionador >,acondicionador,estandar,general,https://www.jumbo.com.ar/acondicionador-dove-ritual-detox-400-ml-2/p
Jumbo,295004,294235,Acondicionador Sedal Bomba Coco 190 Ml,SEDAL,130.65,10798.0,False,190.0,0.6876,> Perfumería > Cuidado Capilar > Acondicionador >,acondicionador,estandar,general,https://www.jumbo.com.ar/acondicionador-sedal-bomba-coco-190-ml/p
Jumbo,294920,294151,Acondicionador Plusbelle Proteccion Natural 1000 Ml,PLUSBELLE,155.65,12864.0,False,1000.0,0.1557,> Perfumería > Cuidado Capilar > Acondicionador >,acondicionador,estandar,general,https://www.jumbo.com.ar/acondicionador-plusbelle-proteccion-natural-1000-ml/p
Jumbo,292354,291586,Acondicionador Tresemmé-thermal Recovery-pvc-ml.-400,TRESEMMÉ,77.69,6421.0,False,,,> Perfumería > Cuidado Capilar > Acondicionador >,acondicionador,estandar,general,https://www.jumbo.com.ar/acondicionador-tresemme-thermal-recovery-pvc-ml-400/p
Jumbo,275412,274708,Acondicionador Head & Shoulders Manzana Fresh,HEAD & SHOULDERS,310.59,25669.0,False,,,> Perfumería > Cuidado Capilar > Acondicionador >,acondicionador,estandar,general,https://www.jumbo.com.ar/acondicionador-head-shoulders-manzana-fresh/p
Jumbo,386973,385299,Shampoo Para Niños Johnson's Rulos De Ensueño 200 Ml,JOHNSON´S,1250.0,103306.0,False,200.0,6.25,> Mundo Bebe > Higiene para el Bebe > Higiene del Bebé >,shampoo,estandar,rizado,https://www.jumbo.com.ar/shampoo-para-ninos-johnson-s-rulos-de-ensueno-200-ml/p
Jumbo,3529,248504,Shampoo Para Bebé Johnson's® Rulos Definidos X 200 Ml,JOHNSON BABY,213.39,17636.0,False,200.0,1.0669,> Mundo Bebe > Higiene para el Bebe > Higiene del Bebé >,shampoo,estandar,rizado,https://www.jumbo.com.ar/shampoo-para-bebe-johnson-s-rulos-definidos-200-ml/p
Jumbo,149893,146802,Shampoo Plusbelle-plusbelle Effect-rulos Control-pvc-ml.-750,PLUSBELLE,13.85,1145.0,False,,,> Perfumería > Cuidado Capilar > Shampoo >,shampoo,estandar,rizado,https://www.jumbo.com.ar/shampoo-plusbelle-plusbelle-effect-rulos-control-pvc-ml-750-2/p
Jumbo,333048,332196,Shampoo Para Niños Johnson's Rulos De Ensueño X 200 Ml.,JOHNSON BABY,614.73,50804.0,False,200.0,3.0737,> Mundo Bebe > Higiene para el Bebe > Higiene del Bebé >,shampoo,estandar,rizado,https://www.jumbo.com.ar/shampoo-para-ninos-johnson-s-rulos-de-ensueno-x-200-ml/p
Jumbo,48478,45643,Shampoo Para Bebé Johnson's® Rulos Definidos X 400 Ml,JOHNSON BABY,274.97,22725.0,False,400.0,0.6874,> Mundo Bebe > Higiene para el Bebe > Higiene del Bebé >,shampoo,estandar,rizado,https://www.jumbo.com.ar/shampoo-para-bebe-johnson-s-rulos-definidos-x-400-ml/p
Jumbo,271672,271151,Shampoo Baby Dove Cabello Rizado/con Rulos Ph Neutro 200 Ml,DOVE BABY,427.27,35312.0,False,200.0,2.1363,> Mundo Bebe > Higiene para el Bebe > Higiene del Bebé >,shampoo,estandar,rizado,https://www.jumbo.com.ar/shampoo-baby-dove-cabello-rizado-con-rulos-ph-neutro-200-ml/p
Jumbo,414724,410425,Acondicionador Para Niños Rulos De Ensueño 200 Ml Johnson´s,JOHNSON´S,5800.0,479339.0,False,200.0,29.0,> Mundo Bebe > Higiene para el Bebe > Higiene del Bebé >,acondicionador,estandar,rizado,https://www.jumbo.com.ar/acondicionador-para-ninos-rulos-de-ensueno-200-ml-johnson-s/p
Jumbo,333440,332588,Acondicionador Para Niños Johnson's® Rulos De Ensueño X 200 Ml.,JOHNSON BABY,609.89,50404.0,False,200.0,3.0494,> Mundo Bebe > Higiene para el Bebe > Higiene del Bebé >,acondicionador,estandar,rizado,https://www.jumbo.com.ar/acondicionador-para-ninos-johnson-s-rulos-de-ensueno-x-200-ml/p
Jumbo,19668,16833,Shampoo Sedal Rizos 650ml,SEDAL,370.17,30593.0,False,650.0,0.5695,> Perfumería > Cuidado Capilar > Shampoo >,shampoo,estandar,rizado,https://www.jumbo.com.ar/shampoo-sedal-rizos-650ml/p
Jumbo,7408,4737,Shampoo Pantene Rizos 400ml,PANTENE,201.27,16634.0,False,400.0,0.5032,> Perfumería > Cuidado Capilar > Shampoo >,shampoo,estandar,rizado,https://www.jumbo.com.ar/shampoo-pantene-rizos-400ml/p
Jumbo,134791,131703,Shampoo Anticaspa Clear Men-brillo-pvc-ml.-240,CLEAR,11.15,921.0,False,,,> Perfumería > Cuidado Capilar > Shampoo >,shampoo,estandar,anticaspa,https://www.jumbo.com.ar/shampoo-anticaspa-clear-men-6/p
Jumbo,24714,21878,Shampoo Anticaspa Head & Shoulders Shampoo Head & Shoulders Relax Control Comezón 200 Ml,HEAD & SHOULDERS,70.43,5821.0,False,200.0,0.3522,> Perfumería > Cuidado Capilar > Shampoo >,shampoo,estandar,anticaspa,https://www.jumbo.com.ar/shampoo-anticaspa-head-shoulders-42/p
Jumbo,24648,21812,Shampoo Anticaspa Head & Shoulders Relax 400 Ml,HEAD & SHOULDERS,168.19,13900.0,False,400.0,0.4205,> Perfumería > Cuidado Capilar > Shampoo >,shampoo,estandar,anticaspa,https://www.jumbo.com.ar/shampoo-anticaspa-head-shoulders-16/p
Jumbo,82800,80136,Shampoo Anticaspa Elvive-citrus-pvc-ml.-200,ELVIVE,12.39,1024.0,False,,,> Perfumería > Cuidado Capilar > Shampoo >,shampoo,profesional,anticaspa,https://www.jumbo.com.ar/shampoo-anticaspa-elvive-7/p
Jumbo,295738,294968,Shampoo Anticaspa Clear Men Scalpfoods Detox,CLEAR,134.69,11131.0,False,,,> Perfumería > Cuidado Capilar > Shampoo >,shampoo,estandar,anticaspa,https://www.jumbo.com.ar/shampoo-anticaspa-clear-men-scalpfoods-detox-4/p
Jumbo,295747,294977,Shampoo Anticaspa Clear Men Scalpfoods Detox,CLEAR,230.63,19060.0,False,,,> Perfumería > Cuidado Capilar > Shampoo >,shampoo,estandar,anticaspa,https://www.jumbo.com.ar/shampoo-anticaspa-clear-men-scalpfoods-detox-2/p
Jumbo,13333,10546,Shampoo Anticaspa Capilatis Ortiga 410 Cc,CAPILATIS,1008.99,83388.0,False,,,> Perfumería > Cuidado Capilar > Shampoo >,shampoo,estandar,anticaspa,https://www.jumbo.com.ar/shampoo-anticaspa-capilatis-ortiga-410-cc/p
Jumbo,160203,157762,Shampoo Anticaspa Elvive-control Citrus-pvc-ml.-400,ELVIVE,26.85,2219.0,False,,,> Perfumería > Cuidado Capilar > Shampoo >,shampoo,profesional,anticaspa,https://www.jumbo.com.ar/shampoo-anticaspa-elvive-control-citrus-pvc-ml-400-2/p
Jumbo,115905,114949,Shampoo Anticaspa Head & Shoulders X700ml Shampoo Head & Shoulders X700ml Liso Y Sedoso  Pvc 700 Ml.,HEAD & SHOULDERS,27.66,27.66,False,700.0,0.0395,> Perfumería > Cuidado Capilar > Shampoo >,shampoo,estandar,anticaspa,https://www.jumbo.com.ar/shampoo-anticaspa-head-shoulders-x700ml/p
Jumbo,160189,157748,Shampoo Anticaspa Elvive-control Citrus-pvc-ml.-200,ELVIVE,11.57,11.57,False,,,> Perfumería > Cuidado Capilar > Shampoo >,shampoo,profesional,anticaspa,https://www.jumbo.com.ar/shampoo-anticaspa-elvive-control-citrus-pvc-ml-200-2/p
Jumbo,141252,138164,Shampoo Anticaspa Clear Men-mentol-pet-ml.-400,CLEAR,87.09,7198.0,False,,,> Perfumería > Cuidado Capilar > Shampoo >,shampoo,estandar,anticaspa,https://www.jumbo.com.ar/shampoo-anticaspa-clear-men-mentol-pet-ml-400-2/p
Jumbo,141263,138173,Shampoo Anticaspa Clear Unisex-mentol-pet-ml.-400,CLEAR,87.09,7198.0,False,,,> Perfumería > Cuidado Capilar > Shampoo >,shampoo,estandar,anticaspa,https://www.jumbo.com.ar/shampoo-anticaspa-clear-unisex-mentol-pet-ml-400-2/p
Jumbo,141260,138170,Shampoo Anticaspa Clear Men-mentol-pet-ml.-200,CLEAR,45.89,3793.0,False,,,> Perfumería > Cuidado Capilar > Shampoo >,shampoo,estandar,anticaspa,https://www.jumbo.com.ar/shampoo-anticaspa-clear-men-mentol-pet-ml-200-2/p
Jumbo,103294,100591,Shampoo Anticaspa Clear Unisex-mentol-pvc-ml.-200,CLEAR,45.89,3793.0,False,,,> Perfumería > Cuidado Capilar > Shampoo >,shampoo,estandar,anticaspa,https://www.jumbo.com.ar/shampoo-anticaspa-clear-unisex-mentol-pvc-ml-200/p
Jumbo,181571,201828,Shampoo Anticaspa Elvive Cabellos Secos Pck 2 Un.,ELVIVE,17.43,17.43,False,,,> Perfumería > Cuidado Capilar > Shampoo >,shampoo,profesional,anticaspa,https://www.jumbo.com.ar/shampoo-anticaspa-elvive-pck-2-un-2-246125/p
Jumbo,174853,186466,Shampoo Anticaspa Head & Shoulders X 3 Un,HEAD & SHOULDERS,15.19,15.19,False,,,> Perfumería > Cuidado Capilar > Shampoo >,shampoo,estandar,anticaspa,https://www.jumbo.com.ar/shampoo-anticaspa-head-shoulders-x-3-un-2/p
Jumbo,134739,131652,Shampoo Anticaspa Clear Men-control Caida-pvc-ml.-240,CLEAR,14.99,14.99,False,,,> Perfumería > Cuidado Capilar > Shampoo >,shampoo,estandar,anticaspa,https://www.jumbo.com.ar/shampoo-anticaspa-clear-men-control-caida-pvc-ml-240/p
Jumbo,8825,6119,Shampoo Anticaspa Head & Shoulders Suave 400 Cc,HEAD & SHOULDERS,168.19,13900.0,False,,,> Perfumería > Cuidado Capilar > Shampoo >,shampoo,estandar,anticaspa,https://www.jumbo.com.ar/shampoo-anticaspa-head-shoulders-suave-400-cc/p
Jumbo,181734,202160,Shampoo Anticaspa Elvive Cabellos Normales Pck 2 Un.,ELVIVE,17.43,17.43,False,,,> Perfumería > Cuidado Capilar > Shampoo >,shampoo,profesional,anticaspa,https://www.jumbo.com.ar/shampoo-anticaspa-elvive-pck-2-un-3-246128/p
Jumbo,162966,160503,Shampoo Anticaspa Head & Shoulders-relax-pvc-ml.-700,HEAD & SHOULDERS,60.57,5006.0,False,,,> Perfumería > Cuidado Capilar > Shampoo >,shampoo,estandar,anticaspa,https://www.jumbo.com.ar/shampoo-anticaspa-head-shoulders-relax-pvc-ml-700/p
Jumbo,106811,104080,Shampoo Anticaspa Head & Shoulders X 200 Ml,HEAD & SHOULDERS,17.25,17.25,False,200.0,0.0862,> Perfumería > Cuidado Capilar > Shampoo >,shampoo,estandar,anticaspa,https://www.jumbo.com.ar/shampoo-anticaspa-head-shoulders-x-200-ml/p
Jumbo,79699,76826,Shampoo Anticaspa Head & Shoulders X 2 Un Shampoo Anticaspa Liso Y Sedoso X 400 Ml + Acondicionador Head & Shoul Pck 2 U,HEAD & SHOULDERS,19.59,19.59,False,400.0,0.049,> Perfumería > Cuidado Capilar > Shampoo >,acondicionador,estandar,anticaspa,https://www.jumbo.com.ar/shampoo-anticaspa-head-shoulders-x-2-un/p
Jumbo,115233,114279,Shampoo Anticaspa Head & Shoulders X 700 Ml,HEAD & SHOULDERS,41.99,41.99,False,700.0,0.06,> Perfumería > Cuidado Capilar > Shampoo >,shampoo,estandar,anticaspa,https://www.jumbo.com.ar/shampoo-anticaspa-head-shoulders-x-700-ml/p
Jumbo,122343,121362,Shampoo Anticaspa Triatop Cabello Normal/seco  Pvc 120 Cc.,TRIATOP,16.36,16.36,False,,,> Perfumería > Cuidado Capilar > Shampoo >,shampoo,estandar,anticaspa,https://www.jumbo.com.ar/shampoo-anticaspa-triatop-cabello-normal-seco-pvc-120-cc/p
Jumbo,36074,33232,Shampoo Anticaspa Head & Shoulders Limpieza Renovada 400 Ml,HEAD & SHOULDERS,168.19,13900.0,False,400.0,0.4205,> Perfumería > Cuidado Capilar > Shampoo >,shampoo,estandar,anticaspa,https://www.jumbo.com.ar/shampoo-anticaspa-head-shoulders-limpieza-renovada-400-ml/p
Jumbo,8838,6131,Shampoo Anticaspa Head & Shoulders Accion Humectante 400 Ml,HEAD & SHOULDERS,168.19,13900.0,False,400.0,0.4205,> Perfumería > Cuidado Capilar > Shampoo >,shampoo,estandar,anticaspa,https://www.jumbo.com.ar/shampoo-anticaspa-head-shoulders-accion-humectante-400-ml/p
Jumbo,5023,2564,Shampoo Anticaspa Head & Shoulders Accion Humectante 200 Ml,HEAD & SHOULDERS,70.43,5821.0,False,200.0,0.3522,> Perfumería > Cuidado Capilar > Shampoo >,shampoo,estandar,anticaspa,https://www.jumbo.com.ar/shampoo-anticaspa-head-shoulders-accion-humectante-200-ml/p
Jumbo,5025,2566,Shampoo Anticaspa Head & Shoulders Limpieza Renovada 200 Ml,HEAD & SHOULDERS,70.43,5821.0,False,200.0,0.3522,> Perfumería > Cuidado Capilar > Shampoo >,shampoo,estandar,anticaspa,https://www.jumbo.com.ar/shampoo-anticaspa-head-shoulders-limpieza-renovada-200-ml/p
Jumbo,134620,131532,Shampoo Anticaspa Head & Shoulders-+ Acondicionador-relax-pck-un.-2,HEAD & SHOULDERS,26.25,26.25,False,,,> Perfumería > Cuidado Capilar > Shampoo >,acondicionador,estandar,anticaspa,https://www.jumbo.com.ar/shampoo-anticaspa-head-shoulders-acondicionador-relax-pck-un-2/p
Jumbo,46263,43436,Shampoo Anticaspa Head & Shoulders Apple Fresh 700 Ml,HEAD & SHOULDERS,130.53,10788.0,False,700.0,0.1865,> Perfumería > Cuidado Capilar > Shampoo >,shampoo,estandar,anticaspa,https://www.jumbo.com.ar/shampoo-anticaspa-head-shoulders-apple-fresh-700-ml/p
Jumbo,148520,145429,Shampoo Anticaspa Clear-+aco Caida Defense X200ml-pck-un.-2,CLEAR,24.35,24.35,False,200.0,0.1218,> Perfumería > Cuidado Capilar > Shampoo >,shampoo,estandar,anticaspa,https://www.jumbo.com.ar/shampoo-anticaspa-clear-aco-caida-defense-x200ml-pck-un-2-2/p
Jumbo,134613,131525,Shampoo Anticaspa Head & Shoulders-+ Acondicionador-acción Humectante-pck-un.-2,HEAD & SHOULDERS,30.59,2528.0,False,,,> Perfumería > Cuidado Capilar > Shampoo >,acondicionador,estandar,anticaspa,https://www.jumbo.com.ar/shampoo-anticaspa-head-shoulders-acondicionador-accion-humectante-pck-un-2/p
Jumbo,49575,46739,Shampoo Anticaspa Head & Shoulders Protección Y Caída 400 Ml,HEAD & SHOULDERS,168.19,13900.0,False,400.0,0.4205,> Perfumería > Cuidado Capilar > Shampoo >,shampoo,estandar,anticaspa,https://www.jumbo.com.ar/shampoo-anticaspa-head-shoulders-proteccion-y-caida-400-ml/p
Jumbo,159949,157508,Shampoo Anticaspa Elvive X 200 Ml-cabello Normal-pvc-ml.-200,ELVIVE,10.07,10.07,False,200.0,0.0503,> Perfumería > Cuidado Capilar > Shampoo >,shampoo,profesional,anticaspa,https://www.jumbo.com.ar/shampoo-anticaspa-elvive-x-200-ml-cabello-normal-pvc-ml-200-2/p
Jumbo,159935,157493,Shampoo Anticaspa Elvive X 200 Ml-cabellos Secos-pvc-ml.-200,ELVIVE,10.59,10.59,False,200.0,0.0529,> Perfumería > Cuidado Capilar > Shampoo >,shampoo,profesional,anticaspa,https://www.jumbo.com.ar/shampoo-anticaspa-elvive-x-200-ml-cabellos-secos-pvc-ml-200-2/p
Jumbo,159810,157369,Shampoo Anticaspa Elvive X 200 Ml-cabellos Grasos-pvc-ml.-200,ELVIVE,16.19,16.19,False,200.0,0.081,> Perfumería > Cuidado Capilar > Shampoo >,shampoo,profesional,anticaspa,https://www.jumbo.com.ar/shampoo-anticaspa-elvive-x-200-ml-cabellos-grasos-pvc-ml-200-2/p
Jumbo,134671,131583,Shampoo Anticaspa Head & Shoulders-+ Acondicionador-protección Caída-pck-un.-2,HEAD & SHOULDERS,32.75,32.75,False,,,> Perfumería > Cuidado Capilar > Shampoo >,acondicionador,estandar,anticaspa,https://www.jumbo.com.ar/shampoo-anticaspa-head-shoulders-acondicionador-proteccion-caida-pck-un-2/p
Jumbo,85698,83026,Shampoo Anticaspa Head & Shoulders Citrus Fresh Pvc 400 Ml,HEAD & SHOULDERS,37.39,3090.0,False,400.0,0.0935,> Perfumería > Cuidado Capilar > Shampoo >,shampoo,estandar,anticaspa,https://www.jumbo.com.ar/shampoo-anticaspa-head-shoulders-63/p
Jumbo,68211,65349,Shampoo Anticaspa 'head & Shoulders' Mentol Refrescante X 200 Ml.,HEAD & SHOULDERS,22.93,22.93,False,200.0,0.1147,> Perfumería > Cuidado Capilar > Shampoo >,shampoo,estandar,anticaspa,https://www.jumbo.com.ar/shampoo-anticaspa-head-shoulders-mentol-refrescante-x-200-ml/p
Jumbo,24667,21831,Shampoo Anticaspa Head & Shoulders Protección Y Caída 200 Ml,HEAD & SHOULDERS,70.43,5821.0,False,200.0,0.3522,> Perfumería > Cuidado Capilar > Shampoo >,shampoo,estandar,anticaspa,https://www.jumbo.com.ar/shampoo-anticaspa-head-shoulders-proteccion-y-caida-200-ml/p
Jumbo,117188,116227,Shampoo Anticaspa Head & Shoulders Mentol Refrescante Pvc 400 Cc,HEAD & SHOULDERS,37.39,3090.0,False,,,> Perfumería > Cuidado Capilar > Shampoo >,shampoo,estandar,anticaspa,https://www.jumbo.com.ar/shampoo-anticaspa-head-shoulders-mentol-refrescante-pvc-400-cc/p
Jumbo,51758,48926,Shampoo Anticaspa Head & Shoulders Liso Y Sedoso Pvc 400 Ml,HEAD & SHOULDERS,20.99,20.99,False,400.0,0.0525,> Perfumería > Cuidado Capilar > Shampoo >,shampoo,estandar,anticaspa,https://www.jumbo.com.ar/shampoo-anticaspa-head-shoulders-liso-y-sedoso-pvc-400-ml/p
Jumbo,25895,23055,Shampoo Anticaspa Clear Men Dual Effect 2 En 1 400 Ml,CLEAR,87.09,7198.0,False,400.0,0.2177,> Perfumería > Cuidado Capilar > Shampoo >,shampoo,estandar,anticaspa,https://www.jumbo.com.ar/shampoo-anticaspa-clear-men-x-400-ml/p
Jumbo,164023,161563,Shampoo Anticaspa Head & Shoulders-+ Trat X150ml.-humectación-bli-un.-2,HEAD & SHOULDERS,32.15,32.15,False,150.0,0.2143,> Perfumería > Cuidado Capilar > Shampoo >,shampoo,estandar,anticaspa,https://www.jumbo.com.ar/shampoo-anticaspa-head-shoulders-trat-x150ml-humectacion-bli-un-2/p
Jumbo,103193,100491,Shampoo Anticaspa Clear Unisex X 400ml-mentol-nueva Presentacion-pvc-ml.-400,CLEAR,87.09,7198.0,False,400.0,0.2177,> Perfumería > Cuidado Capilar > Shampoo >,shampoo,estandar,anticaspa,https://www.jumbo.com.ar/shampoo-anticaspa-clear-unisex-x-400ml-mentol-nueva-presentacion-pvc-ml-400/p
Jumbo,20006,17177,Shampoo Anticaspa Clear Men Dual Effect 2 En 1 200 Ml,CLEAR,45.89,3793.0,False,200.0,0.2295,> Perfumería > Cuidado Capilar > Shampoo >,shampoo,estandar,anticaspa,https://www.jumbo.com.ar/shampoo-anticaspa-clear-men-x-200ml/p
Jumbo,116465,115505,Shampoo Anticaspa Head & Shoulders X 400 Ml  Pureza Y Brillo,HEAD & SHOULDERS,30.15,30.15,False,400.0,0.0754,> Perfumería > Cuidado Capilar > Shampoo >,shampoo,estandar,anticaspa,https://www.jumbo.com.ar/shampoo-anticaspa-head-shoulders-x-400-ml-pureza-y-brillo/p
Jumbo,51645,48813,Shampoo Anticaspa Head & Shoul Sencitive  Con Aloe Vera Pvc 400 Ml,HEAD & SHOULDERS,37.39,3090.0,False,400.0,0.0935,> Perfumería > Cuidado Capilar > Shampoo >,shampoo,estandar,anticaspa,https://www.jumbo.com.ar/shampoo-anticaspa-head-shoul-sencitive-con-aloe-vera-pvc-400-ml/p
Jumbo,128497,111276,Shampoo Anticaspa Clear-+ Deo Dove X 175 Ml-caida Control-bli-un.-2,CLEAR,16.93,16.93,False,175.0,0.0967,> Perfumería > Cuidado Capilar > Shampoo >,shampoo,estandar,anticaspa,https://www.jumbo.com.ar/shampoo-anticaspa-clear-deo-dove-x-175-ml-caida-control-bli-un-2/p
Jumbo,106426,103698,Shampoo Anticaspa Head & Shoulders Extra Volumen & Brillo Pvc 400 Cc,HEAD & SHOULDERS,20.99,20.99,False,,,> Perfumería > Cuidado Capilar > Shampoo >,shampoo,estandar,anticaspa,https://www.jumbo.com.ar/shampoo-anticaspa-head-shoulders-extra-volumen-brillo-pvc-400-cc/p
Jumbo,103603,100900,Shampoo Anticaspa Clear Unisex X 400ml-renovación Diaria-nueva Presentacion-pvc-ml.-400,CLEAR,87.09,7198.0,False,400.0,0.2177,> Perfumería > Cuidado Capilar > Shampoo >,shampoo,estandar,anticaspa,https://www.jumbo.com.ar/shampoo-anticaspa-clear-unisex-x-400ml-renovacion-diaria-nueva-presentacion-pvc-ml-400/p
Jumbo,103584,100882,Shampoo Anticaspa Clear Unisex X 200ml-crecimiento Fuerza-nueva Presentacion-pvc-ml.-200,CLEAR,45.89,3793.0,False,200.0,0.2295,> Perfumería > Cuidado Capilar > Shampoo >,shampoo,estandar,anticaspa,https://www.jumbo.com.ar/shampoo-anticaspa-clear-unisex-x-200ml-crecimiento-fuerza-nueva-presentacion-pvc-ml-200/p
Jumbo,103231,100528,Shampoo Anticaspa Clear Unisex X 200ml-renovación Diaria-nueva Presentacion-pvc-ml.-200,CLEAR,45.89,3793.0,False,200.0,0.2295,> Perfumería > Cuidado Capilar > Shampoo >,shampoo,estandar,anticaspa,https://www.jumbo.com.ar/shampoo-anticaspa-clear-unisex-x-200ml-renovacion-diaria-nueva-presentacion-pvc-ml-200/p
Jumbo,25566,22726,Shampoo Unisex Anticaspa Clear Caida Control 400 Ml,CLEAR,87.09,7198.0,False,400.0,0.2177,> Perfumería > Cuidado Capilar > Shampoo >,shampoo,estandar,anticaspa,https://www.jumbo.com.ar/shampoo-anticaspa-clear-unisex-x-400ml-2/p
Jumbo,25422,22582,Shampoo Unisex Anticaspa Clear Caida Defense 400 Ml,CLEAR,87.09,7198.0,False,400.0,0.2177,> Perfumería > Cuidado Capilar > Shampoo >,shampoo,estandar,anticaspa,https://www.jumbo.com.ar/shampoo-anticaspa-clear-unisex-x-400-ml/p
Jumbo,59973,57123,Shampoo Triatop Anticaspa Uso Diario X 240 Ml.,TRIATOP,23.77,23.77,False,240.0,0.099,> Perfumería > Cuidado Capilar > Shampoo >,shampoo,estandar,anticaspa,https://www.jumbo.com.ar/shampoo-triatop-anticaspa-uso-diario-x-240-ml/p
Jumbo,30592,27751,Shampoo Unisex Anticaspa Clear Crecimiento Fuerza 400 Ml,CLEAR,87.09,7198.0,False,400.0,0.2177,> Perfumería > Cuidado Capilar > Shampoo >,shampoo,estandar,anticaspa,https://www.jumbo.com.ar/shampoo-anticaspa-clear-unisex-x-400ml-4/p
Jumbo,20007,17178,Shampoo Unisex Anticaspa Clear Caida Control 200 Ml,CLEAR,45.89,3793.0,False,200.0,0.2295,> Perfumería > Cuidado Capilar > Shampoo >,shampoo,estandar,anticaspa,https://www.jumbo.com.ar/shampoo-anticaspa-clear-unisex-x-200ml-3/p
Jumbo,20004,17175,Shampoo Unisex Anticaspa Clear Caida Defense 200 Ml,CLEAR,45.89,3793.0,False,200.0,0.2295,> Perfumería > Cuidado Capilar > Shampoo >,shampoo,estandar,anticaspa,https://www.jumbo.com.ar/shampoo-anticaspa-clear-unisex-x-200ml/p
Jumbo,25420,22580,Shampoo Anticaspa Clear Unisex X 200 Ml-ice Cool Menthol-nueva Presentación-pvc-ml.-200,CLEAR,45.89,3793.0,False,200.0,0.2295,> Perfumería > Cuidado Capilar > Shampoo >,shampoo,estandar,anticaspa,https://www.jumbo.com.ar/shampoo-anticaspa-clear-unisex-x-200-ml/p
Jumbo,59996,57146,Shampoo Triatop Anticaspa Cabello Normal A Seco X 240 Ml.,TRIATOP,23.77,23.77,False,240.0,0.099,> Perfumería > Cuidado Capilar > Shampoo >,shampoo,estandar,anticaspa,https://www.jumbo.com.ar/shampoo-triatop-anticaspa-cabello-normal-a-seco-x-240-ml/p
Jumbo,25904,23064,Shampoo Unisex Anticaspa Clear Ice Cool Menthol 400 Ml,CLEAR,87.09,7198.0,False,400.0,0.2177,> Perfumería > Cuidado Capilar > Shampoo >,shampoo,estandar,anticaspa,https://www.jumbo.com.ar/shampoo-anticaspa-clear-unisex-x-400ml-3/p
Jumbo,20005,17176,Shampoo Unisex Anticaspa Clear Suavidad Y Brillo 200 Ml,CLEAR,45.89,3793.0,False,200.0,0.2295,> Perfumería > Cuidado Capilar > Shampoo >,shampoo,estandar,anticaspa,https://www.jumbo.com.ar/shampoo-anticaspa-clear-unisex-x-200ml-2/p
Jumbo,59995,57145,Shampoo Triatop Anticaspa Cabello Normal A Graso X 240 Ml.,TRIATOP,23.77,23.77,False,240.0,0.099,> Perfumería > Cuidado Capilar > Shampoo >,shampoo,estandar,anticaspa,https://www.jumbo.com.ar/shampoo-triatop-anticaspa-cabello-normal-a-graso-x-240-ml/p
Jumbo,25421,22581,Shampoo Unisex Anticaspa Clear Suavidad Y Brillo 400 Ml,CLEAR,87.09,7198.0,False,400.0,0.2177,> Perfumería > Cuidado Capilar > Shampoo >,shampoo,estandar,anticaspa,https://www.jumbo.com.ar/shampoo-anticaspa-clear-unisex-x-400ml/p
Jumbo,210656,234353,Shampoo Anticaspa  Head & Shoulders X 2 Un-prot. Caída   X 400 Ml-+ Acond. Prot. Caída   X 400 Ml-bl,HEAD & SHOULDERS,30.33,30.33,False,400.0,0.0758,> Perfumería > Cuidado Capilar > Shampoo >,shampoo,estandar,anticaspa,https://www.jumbo.com.ar/shampoo-anticaspa-head-shoulders-x-2-un-2-352330/p
Jumbo,210669,234387,Shampoo Anticaspa Head & Shoulders X 2 Un-liso Y Sedoso X400ml-+ Acond. Liso  Sedoso X 400 Ml-bli-un,HEAD & SHOULDERS,30.33,30.33,False,400.0,0.0758,> Perfumería > Cuidado Capilar > Shampoo >,shampoo,estandar,anticaspa,https://www.jumbo.com.ar/shampoo-anticaspa-head-shoulders-x-2-un-3-352332/p
Jumbo,70785,67921,Head & Shoulders Shampoo Humecta 700ml,HEAD & SHOULDERS,43.19,43.19,False,700.0,0.0617,> Perfumería > Cuidado Capilar > Shampoo >,shampoo,estandar,general,https://www.jumbo.com.ar/head-shoulders-shampoo-humecta-700ml/p
Jumbo,248099,244782,Shampoo Clear Men Caida Control X 400ml,CLEAR,9950.0,822314.0,False,400.0,24.875,> Perfumería > Cuidado Capilar > Shampoo >,shampoo,estandar,general,https://www.jumbo.com.ar/shampoo-clear-men-caida-control-x-400ml/p
Jumbo,248102,244785,Shampoo Clear Men Caida Control X 200ml,CLEAR,4600.0,380165.0,False,200.0,23.0,> Perfumería > Cuidado Capilar > Shampoo >,shampoo,estandar,general,https://www.jumbo.com.ar/shampoo-clear-men-caida-control-x-200ml/p
Jumbo,248101,244784,Shampoo Clear Women S&b X 400ml,CLEAR,209.19,17288.0,False,400.0,0.523,> Perfumería > Cuidado Capilar > Shampoo >,shampoo,estandar,general,https://www.jumbo.com.ar/shampoo-clear-women-s-b-x-400ml/p
Jumbo,248098,244781,Shampoo Clear Women S&b 200 Ml,CLEAR,126.39,10445.0,False,200.0,0.632,> Perfumería > Cuidado Capilar > Shampoo >,shampoo,estandar,general,https://www.jumbo.com.ar/shampoo-clear-women-s-b-200-ml/p
Jumbo,248105,244788,Shampoo Clear Women Caida Defense X 400ml,CLEAR,232.88,232.88,False,400.0,0.5822,> Perfumería > Cuidado Capilar > Shampoo >,shampoo,estandar,general,https://www.jumbo.com.ar/shampoo-clear-women-caida-defense-x-400ml/p
Jumbo,248104,244787,Shampoo Clear Women Caida Defense X 200ml,CLEAR,143.87,143.87,False,200.0,0.7194,> Perfumería > Cuidado Capilar > Shampoo >,shampoo,estandar,general,https://www.jumbo.com.ar/shampoo-clear-women-caida-defense-x-200ml/p
Jumbo,248103,244786,Shampoo Clear Men Dual Effect 2en1 X 200ml,CLEAR,126.39,10445.0,False,200.0,0.632,> Perfumería > Cuidado Capilar > Shampoo >,shampoo,estandar,general,https://www.jumbo.com.ar/shampoo-clear-men-dual-effect-2en1-x-200ml/p
Jumbo,248100,244783,Shampoo Clear Men Dual Effect 2en1 X 400ml,CLEAR,9950.0,822314.0,False,400.0,24.875,> Perfumería > Cuidado Capilar > Shampoo >,shampoo,estandar,general,https://www.jumbo.com.ar/shampoo-clear-men-dual-effect-2en1-x-400ml/p
Jumbo,248109,244792,Shampoo Clear Men Ice Cool Menthol X 200ml,CLEAR,126.39,10445.0,False,200.0,0.632,> Perfumería > Cuidado Capilar > Shampoo >,shampoo,estandar,general,https://www.jumbo.com.ar/shampoo-clear-men-ice-cool-menthol-x-200ml/p
Jumbo,248108,244791,Shampoo Clear Men Ice Cool Menthol X 400ml,CLEAR,209.19,17288.0,False,400.0,0.523,> Perfumería > Cuidado Capilar > Shampoo >,shampoo,estandar,general,https://www.jumbo.com.ar/shampoo-clear-men-ice-cool-menthol-x-400ml/p
Jumbo,47293,44458,Shampoo Ma Evans Argan 400 Ml,MA EVANS,91.47,7560.0,False,400.0,0.2287,> Perfumería > Cuidado Capilar > Shampoo >,shampoo,estandar,general,https://www.jumbo.com.ar/shampoo-ma-evans-argan-400-ml/p
Jumbo,25776,22936,Shampoo Triatop Clinical 250ml,TRIATOP,717.29,59280.0,False,250.0,2.8692,> Perfumería > Cuidado Capilar > Shampoo >,shampoo,estandar,general,https://www.jumbo.com.ar/shampoo-triatop-clinical-250ml/p
Jumbo,40755,37920,Shampoo Triatop Clinical 120ml,TRIATOP,352.67,29146.0,False,120.0,2.9389,> Perfumería > Cuidado Capilar > Shampoo >,shampoo,estandar,general,https://www.jumbo.com.ar/shampoo-triatop-clinical-120ml-2/p
Jumbo,40762,37927,Shampoo Triatop Clinical 120 Ml,TRIATOP,241.5,241.5,False,120.0,2.0125,> Perfumería > Cuidado Capilar > Shampoo >,shampoo,estandar,general,https://www.jumbo.com.ar/shampoo-triatop-clinical-120-ml-2/p
Jumbo,17745,14864,Shampoo Triatop Control Caspa Combate Intensivo 250 Ml,TRIATOP,91.97,7601.0,False,250.0,0.3679,> Perfumería > Cuidado Capilar > Shampoo >,shampoo,estandar,anticaspa,https://www.jumbo.com.ar/shampoo-triatop-control-caspa-combate-intensivo-250-ml/p
Jumbo,295076,294306,Shampoo Head & Shoulders Purificación Capilar Carbón Activado 700 Ml,HEAD & SHOULDERS,598.93,49498.0,False,700.0,0.8556,> Perfumería > Cuidado Capilar > Shampoo >,shampoo,estandar,general,https://www.jumbo.com.ar/shampoo-head-shoulders-purificacion-capilar-carbon-activado-700-ml/p
Jumbo,9248,6534,Shampoo Dove Caspa Control 200 Ml,DOVE,191.59,15834.0,False,200.0,0.9579,> Perfumería > Cuidado Capilar > Shampoo >,shampoo,estandar,anticaspa,https://www.jumbo.com.ar/shampoo-dove-7/p
Jumbo,349086,347749,Shampoo  Dove Men Caspa Control 200 Ml,DOVE,3750.0,309917.0,False,200.0,18.75,> Perfumería > Cuidado Capilar > Shampoo >,shampoo,estandar,anticaspa,https://www.jumbo.com.ar/shampoo-dove-men-caspa-control-200-ml/p
Jumbo,40211,37377,Shampoo Anti-caspa Arcilla Purificante Elvive L Oréal Paris 200 Ml,ELVIVE,266.59,22032.0,False,200.0,1.3329,> Perfumería > Cuidado Capilar > Shampoo >,shampoo,profesional,anticaspa,https://www.jumbo.com.ar/shampoo-anti-caspa-arcilla-purificante-elvive-l-oreal-paris-200-ml/p
Jumbo,49793,46956,Kit Keratina Ma Evans Brasileña Tratamiento 70 Ml,MA EVANS,344.19,28445.0,False,70.0,4.917,> Perfumería > Cuidado Capilar > Reparación y Tratamientos >,tratamiento,estandar,tratado,https://www.jumbo.com.ar/kit-keratina-ma-evans-brasilena-tratamiento-70-ml/p
Jumbo,276491,275777,Shampoo Seco Pantene Pro-v 140 G,PANTENE,407.95,33715.0,False,140.0,2.9139,> Perfumería > Cuidado Capilar > Shampoo >,shampoo,profesional,seco_danado,https://www.jumbo.com.ar/shampoo-seco-pantene-pro-v-140-g/p
Jumbo,117143,116182,Shampoo Capilatis Cabello Seco X 400 Ml.,CAPILATIS,31.65,2616.0,False,400.0,0.0791,> Perfumería > Cuidado Capilar > Shampoo >,shampoo,estandar,seco_danado,https://www.jumbo.com.ar/shampoo-capilatis-cabello-seco-x-400-ml/p
Jumbo,1359652,1359495,Shampoo Hidratación Cabello Seco Coconut Milk 385 Ml Ogx,OGX,29950.0,2475207.0,False,385.0,77.7922,> Perfumería > Cuidado Capilar > Shampoo >,shampoo,estandar,seco_danado,https://www.jumbo.com.ar/shampoo-ogx-coconut-milk-385-ml-2/p
Jumbo,411486,407304,Shampoo Ortiga Concentrado para Cabello Seco 420 Ml Capilatis,CAPILATIS,10400.0,859504.0,False,420.0,24.7619,> Perfumería > Cuidado Capilar > Shampoo >,shampoo,estandar,seco_danado,https://www.jumbo.com.ar/shampoo-ortiga-seco-concentrado-420-ml-capilatis/p
Jumbo,86114,83439,Shampoo Capilatis Simple Y Puro Cabello Seco Y Dañado Pvc 300 Ml,CAPILATIS,15.0,15.0,False,300.0,0.05,> Perfumería > Cuidado Capilar > Shampoo >,shampoo,estandar,seco_danado,https://www.jumbo.com.ar/shampoo-capilatis-simple-y-puro-cabello-seco-y-danado-pvc-300-ml/p
Jumbo,4703,2328,Shampoo Capilatis Cabellos Secos 410 Ml,CAPILATIS,1096.49,90619.0,False,410.0,2.6744,> Perfumería > Cuidado Capilar > Shampoo >,shampoo,estandar,seco_danado,https://www.jumbo.com.ar/shampoo-capilatis-cabellos-secos-410-ml/p
Jumbo,35702,32860,Shampoo Capilatis Cabellos Secos 420 M L,CAPILATIS,381.67,31543.0,False,,,> Perfumería > Cuidado Capilar > Shampoo >,shampoo,estandar,seco_danado,https://www.jumbo.com.ar/shampoo-capilatis-20/p
Jumbo,19665,16829,Shampoo Sedal Crema Balance 650ml,SEDAL,227.37,18791.0,False,650.0,0.3498,> Perfumería > Cuidado Capilar > Shampoo >,shampoo,estandar,general,https://www.jumbo.com.ar/shampoo-sedal-crema-balance-650ml/p
Jumbo,300012,299229,Shampoo Tio Nacho Nutricion Verano Pelo Reseco,Tio Nacho,287.87,23791.0,False,,,> Perfumería > Cuidado Capilar > Shampoo >,shampoo,estandar,seco_danado,https://www.jumbo.com.ar/shampoo-tio-nacho-nutricion-verano-pelo-reseco/p
Jumbo,19667,16832,Shampoo Sedal Ceramidas 650ml,SEDAL,246.25,20351.0,False,650.0,0.3788,> Perfumería > Cuidado Capilar > Shampoo >,shampoo,estandar,general,https://www.jumbo.com.ar/shampoo-sedal-ceramidas-650ml/p
Jumbo,19651,16813,Shampoo Sedal Ceramidas 340ml,SEDAL SOS,500.0,41322.0,False,340.0,1.4706,> Perfumería > Cuidado Capilar > Shampoo >,shampoo,estandar,general,https://www.jumbo.com.ar/shampoo-sedal-ceramidas-340ml/p
Jumbo,19516,16662,Shampoo Tresemme Hidratación Profunda 200 Ml,TRESEMMÉ,123.69,10222.0,False,200.0,0.6184,> Perfumería > Cuidado Capilar > Shampoo >,shampoo,estandar,seco_danado,https://www.jumbo.com.ar/shampoo-tresemme-hidratacion-profunda-200-ml/p
Jumbo,19512,16658,Shampoo Tresemme Blind Platinum 200 Ml,TRESEMMÉ,123.69,10222.0,False,200.0,0.6184,> Perfumería > Cuidado Capilar > Shampoo >,shampoo,estandar,general,https://www.jumbo.com.ar/shampoo-tresemme-blind-platinum-200-ml/p
Jumbo,19653,16816,Shampoo Sedal Restauración Instantánea 340 Ml,SEDAL,166.63,13771.0,False,340.0,0.4901,> Perfumería > Cuidado Capilar > Shampoo >,shampoo,estandar,general,https://www.jumbo.com.ar/shampoo-sedal-restauracion-instantanea-340-ml/p
Jumbo,47217,44382,Shampoo Herbal Essences Daily Detox Hidratación 300 Ml,HERBAL ESSENCES,157.69,13032.0,False,300.0,0.5256,> Perfumería > Cuidado Capilar > Shampoo >,shampoo,estandar,seco_danado,https://www.jumbo.com.ar/shampoo-herbal-essences-daily-detox-hidratacion-300-ml/p
Jumbo,46981,44145,Shampoo Pantene Pro-v Hidratación 200 Ml,PANTENE,173.39,14330.0,False,200.0,0.8669,> Perfumería > Cuidado Capilar > Shampoo >,shampoo,profesional,seco_danado,https://www.jumbo.com.ar/shampoo-pantene-pro-v-hidratacion-200-ml-2/p
Jumbo,47010,44174,Shampoo Pantene Pro-v Hidratación 400 Ml,PANTENE,189.89,15693.0,False,400.0,0.4747,> Perfumería > Cuidado Capilar > Shampoo >,shampoo,profesional,seco_danado,https://www.jumbo.com.ar/shampoo-pantene-pro-v-hidratacion-400-ml/p
Jumbo,19648,16810,Shampoo Sedal Crema Balance 340ml,SEDAL,500.0,41322.0,False,340.0,1.4706,> Perfumería > Cuidado Capilar > Shampoo >,shampoo,estandar,general,https://www.jumbo.com.ar/shampoo-sedal-crema-balance-340ml/p
Jumbo,295000,294231,Shampoo Sedal Bomba Coco 650 Ml,SEDAL,246.25,20351.0,False,650.0,0.3788,> Perfumería > Cuidado Capilar > Shampoo >,shampoo,estandar,general,https://www.jumbo.com.ar/shampoo-sedal-bomba-coco-650-ml/p
Jumbo,7416,4744,Shampoo Pantene Pro-v Cuidado Clásico 200 Ml,PANTENE,173.39,14330.0,False,200.0,0.8669,> Perfumería > Cuidado Capilar > Shampoo >,shampoo,profesional,general,https://www.jumbo.com.ar/shampoo-pantene-pro-v-cuidado-clasico-200-ml/p
Jumbo,19546,16703,Shampoo Sedal Crema Balance 190 Ml,SEDAL,166.17,13733.0,False,190.0,0.8746,> Perfumería > Cuidado Capilar > Shampoo >,shampoo,estandar,general,https://www.jumbo.com.ar/shampoo-sedal-crema-balance-190-ml/p
Jumbo,99139,96449,Shampoo Suave Fruvit Energy Cabellos Secos Pet 350 Ml,SUAVE,3.25,3.25,False,350.0,0.0093,> Perfumería > Cuidado Capilar > Shampoo >,shampoo,estandar,seco_danado,https://www.jumbo.com.ar/shampoo-suave-fruvit-energy-cabellos-secos-pet-350-ml/p
Jumbo,59504,56654,Shampoo Dove Reconstrucción Completa 400 Ml,DOVE,244.89,20239.0,False,400.0,0.6122,> Perfumería > Cuidado Capilar > Shampoo >,shampoo,estandar,general,https://www.jumbo.com.ar/shampoo-dove-reconstruccion-completa-400-ml/p
Jumbo,119598,118626,Shampoo Dove Reconstrucción Completa 750 Ml,DOVE,465.07,38436.0,False,750.0,0.6201,> Perfumería > Cuidado Capilar > Shampoo >,shampoo,estandar,general,https://www.jumbo.com.ar/shampoo-dove-reconstruccion-completa-750-ml/p
Jumbo,263641,263361,Shampoo Dove Hidratación Intensa 200 Ml,DOVE,192.79,15933.0,False,200.0,0.9639,> Perfumería > Cuidado Capilar > Shampoo >,shampoo,estandar,seco_danado,https://www.jumbo.com.ar/shampoo-dove-hidratacion-intensa-200-ml/p
Jumbo,45460,42635,Shampoo Pantene Pro-v Summer Edition 200 Ml,PANTENE,104.45,8632.0,False,200.0,0.5222,> Perfumería > Cuidado Capilar > Shampoo >,shampoo,profesional,general,https://www.jumbo.com.ar/shampoo-pantene-pro-v-summer-edition-200-ml/p
Jumbo,45472,42647,Shampoo Pantene Pro-v Summer Edition 400 Ml,PANTENE,202.19,16710.0,False,400.0,0.5055,> Perfumería > Cuidado Capilar > Shampoo >,shampoo,profesional,general,https://www.jumbo.com.ar/shampoo-pantene-pro-v-summer-edition-400-ml/p
Jumbo,19917,17088,Shampoo Dove Ritual De Reparación Coco Y Cúrcuma 200 Ml,DOVE,135.75,11219.0,False,200.0,0.6787,> Perfumería > Cuidado Capilar > Shampoo >,shampoo,estandar,general,https://www.jumbo.com.ar/shampoo-dove-ritual-de-reparacion-coco-y-curcuma-200-ml/p
Jumbo,276506,275792,Shampoo Oleo Extraordinario X400ml Elvive Loreal Paris,ELVIVE,644.07,53229.0,False,400.0,1.6102,> Perfumería > Cuidado Capilar > Shampoo >,shampoo,profesional,general,https://www.jumbo.com.ar/shampoo-oleo-extraordinario-x400ml-elvive-loreal-paris/p
Jumbo,7718,5043,2en1 Pantene Pro-v Cuidado Clásico 400 Ml,PANTENE,201.27,16634.0,False,400.0,0.5032,> Perfumería > Cuidado Capilar > Shampoo >,shampoo,profesional,general,https://www.jumbo.com.ar/2en1-pantene-pro-v-cuidado-clasico-400-ml/p
Jumbo,19518,16665,Acondicionador Tresemme Blind Platinum 200 Ml,TRESEMMÉ,123.69,10222.0,False,200.0,0.6184,> Perfumería > Cuidado Capilar > Acondicionador >,acondicionador,estandar,general,https://www.jumbo.com.ar/acondicionador-tresemme-blind-platinum-200-ml/p
Jumbo,27902,25061,Crema De Tratamiento Dove Reconstruccion Extrema Crema Tratamiento Dove Reconstrucción Extrema 3 U,DOVE,103.83,8581.0,False,,,> Perfumería > Cuidado Capilar > Reparación y Tratamientos >,tratamiento,estandar,general,https://www.jumbo.com.ar/crema-de-tratamiento-dove-reconstruccion-extrema/p
Jumbo,31682,28841,Acondicionador Sedal Ceramidas 650ml,SEDAL,306.09,25297.0,False,650.0,0.4709,> Perfumería > Cuidado Capilar > Acondicionador >,acondicionador,estandar,general,https://www.jumbo.com.ar/acondicionador-sedal-ceramidas-650ml/p
Jumbo,19683,16848,Crema Para Peinar Sedal Ceramidas Pote 300 Ml,SEDAL,900.0,74380.0,False,300.0,3.0,> Perfumería > Cuidado Capilar > Reparación y Tratamientos >,shampoo,estandar,general,https://www.jumbo.com.ar/crema-para-peinar-sedal-ceramidas-pote-300-ml/p
Jumbo,413361,409238,Máscara de Tratamiento Reparación Intra Capilar 300 Ml Tresemmé,TRESEMMÉ,9500.0,785124.0,True,300.0,31.6667,> Perfumería > Cuidado Capilar > Reparación y Tratamientos >,tratamiento,estandar,general,https://www.jumbo.com.ar/mascara-de-tratamiento-reparacion-intra-capilar-300-ml-tresemme-2/p
Jumbo,413363,409240,Máscara de Tratamiento Reparación Intra Capilar 300 Ml Tresemmé,TRESEMMÉ,10400.0,859504.0,True,300.0,34.6667,> Perfumería > Cuidado Capilar > Reparación y Tratamientos >,tratamiento,estandar,general,https://www.jumbo.com.ar/mascara-de-tratamiento-reparacion-intra-capilar-300-ml-tresemme/p
Jumbo,375497,374215,Tratamiento Plusbelle Escencia Oleos Prot 400m,PLUSBELLE,2350.0,194215.0,True,,,> Perfumería > Cuidado Capilar > Reparación y Tratamientos >,tratamiento,estandar,general,https://www.jumbo.com.ar/tratamiento-plusbelle-escencia-oleos-prot-400m-3/p
Jumbo,3071022,3070593,Crema Tratamiento Dream Liso X 300 Gr Elvive,ELVIVE,12600.0,1041322.0,True,300.0,42.0,> Perfumería > Cuidado Capilar > Reparación y Tratamientos >,tratamiento,profesional,general,https://www.jumbo.com.ar/crema-tratamiento-dream-liso-x-300-gr-elvive/p
Jumbo,141684,138595,Tratamiento Capilar Sedal-ceramidas-pot-gr.-400,SEDAL,18.49,1528.0,False,,,> Perfumería > Cuidado Capilar > Reparación y Tratamientos >,tratamiento,estandar,general,https://www.jumbo.com.ar/tratamiento-capilar-sedal-3-2/p
Jumbo,122341,121360,Tratamiento Capilar Capilatis Seco 200 Gr,CAPILATIS,184.99,15288.0,False,200.0,0.925,> Perfumería > Cuidado Capilar > Reparación y Tratamientos >,tratamiento,estandar,seco_danado,https://www.jumbo.com.ar/tratamiento-capilar-capilatis-8/p
Jumbo,122151,121170,Tratamiento Capilar Capilatis Hidratante Nutritiva 120 Ml,CAPILATIS,75.57,75.57,False,120.0,0.6297,> Perfumería > Cuidado Capilar > Reparación y Tratamientos >,tratamiento,estandar,seco_danado,https://www.jumbo.com.ar/tratamiento-capilar-capilatis-3/p
Jumbo,116797,115837,Tratamiento Capilar Capilatis X200gr,CAPILATIS,13.0,13.0,False,200.0,0.065,> Perfumería > Cuidado Capilar > Reparación y Tratamientos >,tratamiento,estandar,general,https://www.jumbo.com.ar/tratamiento-capilar-capilatis-9-2/p
Jumbo,116480,115520,Tratamiento Capilar Capilatis X 200gr,CAPILATIS,52.23,52.23,False,200.0,0.2611,> Perfumería > Cuidado Capilar > Reparación y Tratamientos >,tratamiento,estandar,general,https://www.jumbo.com.ar/tratamiento-capilar-capilatis-9/p
Jumbo,69456,66594,Tratamiento Capilar Sedal,SEDAL,12.69,12.69,False,,,> Perfumería > Cuidado Capilar > Reparación y Tratamientos >,tratamiento,estandar,general,https://www.jumbo.com.ar/tratamiento-capilar-sedal-2/p
Jumbo,141430,138342,Tratamiento Capilar Sedal-rizos Obedientes-pet-gr.-400,SEDAL,18.49,1528.0,False,,,> Perfumería > Cuidado Capilar > Reparación y Tratamientos >,tratamiento,estandar,rizado,https://www.jumbo.com.ar/tratamiento-capilar-sedal-3/p
Jumbo,38271,35428,Tratamiento Capilar Pantene Summer 300 Ml,PANTENE,367.09,30338.0,False,300.0,1.2236,> Perfumería > Cuidado Capilar > Reparación y Tratamientos >,tratamiento,estandar,general,https://www.jumbo.com.ar/tratamiento-capilar-pantene-4/p
Jumbo,6014,3402,Tratamiento Capilar Capilatis Iluminador 200 Gr,CAPILATIS,80.45,6649.0,False,200.0,0.4022,> Perfumería > Cuidado Capilar > Reparación y Tratamientos >,tratamiento,estandar,general,https://www.jumbo.com.ar/tratamiento-capilar-capilatis/p
Jumbo,141424,138335,Tratamiento Capilar Sedal-crecimiento-pet-ml.-400,SEDAL,18.49,1528.0,False,,,> Perfumería > Cuidado Capilar > Reparación y Tratamientos >,tratamiento,estandar,general,https://www.jumbo.com.ar/tratamiento-capilar-sedal-4/p
Jumbo,122164,121184,Tratamiento Capilar Capilatisx200g Selectivo  Pmo 200 Gr.,CAPILATIS,52.23,4317.0,False,200.0,0.2611,> Perfumería > Cuidado Capilar > Reparación y Tratamientos >,tratamiento,estandar,general,https://www.jumbo.com.ar/tratamiento-capilar-capilatis-7/p
Jumbo,122345,121364,Tratamiento Capilar Capilatis X200g,CAPILATIS,52.23,4317.0,False,200.0,0.2611,> Perfumería > Cuidado Capilar > Reparación y Tratamientos >,tratamiento,estandar,general,https://www.jumbo.com.ar/tratamiento-capilar-capilatis-x200g-3/p
Jumbo,19540,16697,Tratamiento Capilar Tresemmé 400 Gr,TRESEMMÉ,291.19,24065.0,False,400.0,0.728,> Perfumería > Cuidado Capilar > Reparación y Tratamientos >,tratamiento,estandar,general,https://www.jumbo.com.ar/tratamiento-capilar-tresemme-400-gr/p
Jumbo,277406,276692,Tratamiento Capilar Capilatis Natural Oil,CAPILATIS,493.0,493.0,False,,,> Perfumería > Cuidado Capilar > Reparación y Tratamientos >,tratamiento,estandar,general,https://www.jumbo.com.ar/tratamiento-capilar-capilatis-natural-oil/p
Jumbo,116058,115102,Tratamiento Capilar Capilatis X200g,CAPILATIS,10.95,10.95,False,200.0,0.0547,> Perfumería > Cuidado Capilar > Reparación y Tratamientos >,tratamiento,estandar,general,https://www.jumbo.com.ar/tratamiento-capilar-capilatis-x200g/p
Jumbo,135250,132162,Tratamiento Capilar Capilatis-biodegradable-bli-ml.-10,CAPILATIS,20.17,1667.0,False,,,> Perfumería > Cuidado Capilar > Reparación y Tratamientos >,tratamiento,estandar,general,https://www.jumbo.com.ar/tratamiento-capilar-capilatis-biodegradable-bli-ml-10/p
Jumbo,35955,33113,Tratamiento Capilar Capilatis Nutritivo 200 Gr,CAPILATIS,166.12,13729.0,False,200.0,0.8306,> Perfumería > Cuidado Capilar > Reparación y Tratamientos >,tratamiento,estandar,general,https://www.jumbo.com.ar/tratamiento-capilar-capilatis-nutritivo-200-gr/p
Jumbo,383078,381793,Tratamiento Capilar Protección Color 160 Grs Issue,ISSUE,4400.0,363636.0,False,,,> Perfumería > Cuidado Capilar > Reparación y Tratamientos >,tratamiento,estandar,tratado,https://www.jumbo.com.ar/tratamiento-capilar-issue-proteccion-color-160-gr/p
Jumbo,383044,381759,Tratamiento Capilar Brillo Extremo 150 Grs Issue,ISSUE,4400.0,363636.0,False,,,> Perfumería > Cuidado Capilar > Reparación y Tratamientos >,tratamiento,estandar,general,https://www.jumbo.com.ar/tratamiento-issue-brillo-extremo-150-gr/p
Jumbo,149254,146146,Tratamiento Capilar Tresemmé-smooth Keratin-pot-gr.-226,TRESEMMÉ,30.23,2498.0,False,,,> Perfumería > Cuidado Capilar > Reparación y Tratamientos >,tratamiento,estandar,general,https://www.jumbo.com.ar/tratamiento-capilar-tresemme-smooth-keratin-pot-gr-226-2/p
Jumbo,141427,138338,Tratamiento Capilar Sedal-reconstrucción Estructural-pet-gr.-400,SEDAL,32.05,2649.0,False,,,> Perfumería > Cuidado Capilar > Reparación y Tratamientos >,tratamiento,estandar,general,https://www.jumbo.com.ar/tratamiento-capilar-sedal-reconstruccion-estructural-pet-gr-400-2/p
Jumbo,39233,36399,Tratamiento Capilar Tresemme Termo Activado 60 Ml,TRESEMMÉ,102.79,102.79,False,60.0,1.7132,> Perfumería > Cuidado Capilar > Reparación y Tratamientos >,tratamiento,estandar,general,https://www.jumbo.com.ar/tratamiento-capilar-tresemme-8/p
Jumbo,35918,33075,Tratamiento Capilar Capilatis Cabellos Dañados 200 Gr,CAPILATIS,167.78,13866.0,False,200.0,0.8389,> Perfumería > Cuidado Capilar > Reparación y Tratamientos >,tratamiento,estandar,seco_danado,https://www.jumbo.com.ar/tratamiento-capilar-capilatis-cabellos-danados-200-gr/p
Jumbo,34131,31289,Tratamiento Capilar Capilatis-baño De Luz-bli-ml.-10,CAPILATIS,50.49,4173.0,False,,,> Perfumería > Cuidado Capilar > Reparación y Tratamientos >,tratamiento,estandar,general,https://www.jumbo.com.ar/tratamiento-capilar-capilatis-4/p
Jumbo,30174,27335,Tratamiento Capilar Pantene Age Defy 125 Ml,PANTENE,121.79,10065.0,False,125.0,0.9743,> Perfumería > Cuidado Capilar > Reparación y Tratamientos >,tratamiento,estandar,general,https://www.jumbo.com.ar/tratamiento-capilar-pantene-2/p
Jumbo,30068,27229,Tratamiento Capilar Pantene Termo Protect 150 Ml,PANTENE,60.77,5022.0,False,150.0,0.4051,> Perfumería > Cuidado Capilar > Reparación y Tratamientos >,tratamiento,estandar,general,https://www.jumbo.com.ar/tratamiento-capilar-pantene/p
Jumbo,22045,19208,Tratamiento Capilar Capilatis Brillo Extremo 200 Gr,CAPILATIS,607.85,50236.0,False,200.0,3.0393,> Perfumería > Cuidado Capilar > Reparación y Tratamientos >,tratamiento,estandar,general,https://www.jumbo.com.ar/tratamiento-capilar-capilatis-brillo-extremo-200-gr/p
Jumbo,3928,1952,Tratamiento Capilar Tresemmé-hidratación Profunda-pet-gr.-400,TRESEMMÉ,170.57,14097.0,False,,,> Perfumería > Cuidado Capilar > Reparación y Tratamientos >,tratamiento,estandar,seco_danado,https://www.jumbo.com.ar/tratamiento-capilar-tresemme-4/p
Jumbo,3891,1922,Tratamiento Capilar Tresemme Infusión Queratina 400 Gr,TRESEMMÉ,291.19,24065.0,False,400.0,0.728,> Perfumería > Cuidado Capilar > Reparación y Tratamientos >,tratamiento,estandar,general,https://www.jumbo.com.ar/tratamiento-capilar-tresemme-infusion-queratina-400-gr/p
Jumbo,146615,143524,Tratamiento Capilar Sedal-color Vital-pmo-gr.-400,SEDAL,26.27,2171.0,False,,,> Perfumería > Cuidado Capilar > Reparación y Tratamientos >,tratamiento,estandar,tratado,https://www.jumbo.com.ar/tratamiento-capilar-sedal-color-vital-pmo-gr-400-2/p
Jumbo,25637,22797,Tratamiento Capilar Sedal Restauración Instantánea 400 Gr,SEDAL,110.19,9107.0,False,400.0,0.2755,> Perfumería > Cuidado Capilar > Reparación y Tratamientos >,tratamiento,estandar,general,https://www.jumbo.com.ar/tratamiento-capilar-sedal-restauracion-instantanea-400-gr/p
Jumbo,3903,1929,Tratamiento Capilar Tresemme Rituales De Reparación 400 Gr,TRESEMMÉ,103.89,8586.0,False,400.0,0.2597,> Perfumería > Cuidado Capilar > Reparación y Tratamientos >,tratamiento,estandar,general,https://www.jumbo.com.ar/tratamiento-capilar-tresemme-rituales-de-reparacion-400-gr/p
Jumbo,3900,1928,Tratamiento Capilar Tresemmé-puntas Perfectas-pet-gr.-400,TRESEMMÉ,170.57,14097.0,False,,,> Perfumería > Cuidado Capilar > Reparación y Tratamientos >,tratamiento,estandar,general,https://www.jumbo.com.ar/tratamiento-capilar-tresemme-2/p
Jumbo,3087925,3087153,Tratamiento Capilar Collagen Lifter 100 Ml Elvive Serum Elvive Lifter Colageno 100ml,ELVIVE,21000.0,1735537.0,False,100.0,210.0,> Perfumería > Cuidado Capilar > Reparación y Tratamientos >,tratamiento,profesional,general,https://www.jumbo.com.ar/serum-elvive-lifter-colageno-100ml/p
Jumbo,383074,381789,Tratamiento Capilar Extra Reparación 150 Grs Issue,ISSUE,4400.0,363636.0,False,,,> Perfumería > Cuidado Capilar > Reparación y Tratamientos >,tratamiento,estandar,general,https://www.jumbo.com.ar/tratamiento-issue-extra-reparacion-150g/p
Jumbo,150244,147152,Tratamiento Capilar Plusbelle-extra  Brillo-pvc-ml.-400,PLUSBELLE,21.95,1814.0,False,,,> Perfumería > Cuidado Capilar > Reparación y Tratamientos >,tratamiento,estandar,general,https://www.jumbo.com.ar/tratamiento-capilar-plusbelle-extra-brillo-pvc-ml-400-2/p
Jumbo,150230,147140,Tratamiento Capilar Plusbelle-reparación Total-pvc-ml.-400,PLUSBELLE,21.95,1814.0,False,,,> Perfumería > Cuidado Capilar > Reparación y Tratamientos >,tratamiento,estandar,general,https://www.jumbo.com.ar/tratamiento-capilar-plusbelle-reparacion-total-pvc-ml-400-2/p
Jumbo,149885,146794,Tratamiento Capilar Tresemmé-rituals-repair-pot-ml.-233,TRESEMMÉ,25.09,2074.0,False,,,> Perfumería > Cuidado Capilar > Reparación y Tratamientos >,tratamiento,profesional,general,https://www.jumbo.com.ar/tratamiento-capilar-tresemme-rituals-repair-pot-ml-233-2/p
Jumbo,135764,132678,Tratamiento Capilar Capilatis-brillo Extremo-bli-ml.-10,CAPILATIS,20.17,1667.0,False,,,> Perfumería > Cuidado Capilar > Reparación y Tratamientos >,tratamiento,estandar,general,https://www.jumbo.com.ar/tratamiento-capilar-capilatis-brillo-extremo-bli-ml-10-2/p
Jumbo,91984,89313,Tratamiento Capilar Tresemmé-split Remedy-pot-gr.-226,TRESEMMÉ,20.99,1735.0,False,,,> Perfumería > Cuidado Capilar > Reparación y Tratamientos >,tratamiento,estandar,general,https://www.jumbo.com.ar/tratamiento-capilar-tresemme-split-remedy-pot-gr-226/p
Jumbo,55293,52453,Tratamiento Capilar Sedal Verano Pot 450 Gr.,SEDAL,7.49,7.49,False,450.0,0.0166,> Perfumería > Cuidado Capilar > Reparación y Tratamientos >,tratamiento,estandar,general,https://www.jumbo.com.ar/tratamiento-capilar-sedal-verano-pot-450-gr/p
Jumbo,47283,44448,Tratamiento Capilar Pantene Micro Blindaje 160 Ml,PANTENE,88.09,7280.0,False,160.0,0.5506,> Perfumería > Cuidado Capilar > Reparación y Tratamientos >,tratamiento,estandar,general,https://www.jumbo.com.ar/tratamiento-capilar-pantene-micro-blindaje-160-ml/p
Jumbo,42857,40028,Tratamiento Capilar Pantene Reparación Rejuvenecedora 300 Ml,PANTENE,68.19,5636.0,False,300.0,0.2273,> Perfumería > Cuidado Capilar > Reparación y Tratamientos >,tratamiento,estandar,general,https://www.jumbo.com.ar/tratamiento-capilar-pantene-reparacion-rejuvenecedora-300-ml/p
Jumbo,19541,16698,Tratamiento Capilar Tresemme Blindaje Platinium 400 Gr,TRESEMMÉ,291.19,24065.0,False,400.0,0.728,> Perfumería > Cuidado Capilar > Reparación y Tratamientos >,tratamiento,estandar,general,https://www.jumbo.com.ar/tratamiento-capilar-tresemme-blindaje-platinium-400-gr/p
Jumbo,3935,1955,Tratamiento Capilar Tresemme Control Caída 400 Gr,TRESEMMÉ,170.57,14097.0,False,400.0,0.4264,> Perfumería > Cuidado Capilar > Reparación y Tratamientos >,tratamiento,estandar,general,https://www.jumbo.com.ar/tratamiento-capilar-tresemme-control-caida-400-gr/p
Jumbo,149439,146329,Tratamiento Capilar Tresemmé-rituals-nocturno Repair-pot-ml.-233,TRESEMMÉ,20.15,1665.0,False,,,> Perfumería > Cuidado Capilar > Reparación y Tratamientos >,tratamiento,profesional,general,https://www.jumbo.com.ar/tratamiento-capilar-tresemme-rituals-nocturno-repair-pot-ml-233-2/p
Jumbo,144218,141129,Tratamiento Capilar Sedal Liso Perfecto X 450 Ml,SEDAL,10.59,10.59,False,450.0,0.0235,> Perfumería > Cuidado Capilar > Reparación y Tratamientos >,tratamiento,estandar,general,https://www.jumbo.com.ar/tratamiento-capilar-sedal-liso-perfecto-x-450-ml-2/p
Jumbo,144185,141096,Tratamiento Capilar Sedal Rizos Obedientes X 450 Ml,SEDAL,14.23,14.23,False,450.0,0.0316,> Perfumería > Cuidado Capilar > Reparación y Tratamientos >,tratamiento,estandar,rizado,https://www.jumbo.com.ar/tratamiento-capilar-sedal-rizos-obedientes-x-450-ml-2/p
Jumbo,3071065,3070628,Spray Tratamiento Capilar Hydra Oil 120 Ml Tresemmé Spray  Para El Cabello Hydra Oil X 120 Ml Tresemmé,TRESEMMÉ,12150.0,1004132.0,False,120.0,101.25,> Perfumería > Cuidado Capilar > Reparación y Tratamientos >,tratamiento,estandar,general,https://www.jumbo.com.ar/spray-para-el-cabello-hydra-oil-x-120-ml-tresemme/p
Jumbo,3073300,3072805,Tratamiento Capilar Vegetal Regenerador X 300 Ml Bagovit,BAGOVIT,9700.0,801653.0,False,300.0,32.3333,> Perfumería > Cuidado Capilar > Reparación y Tratamientos >,tratamiento,estandar,general,https://www.jumbo.com.ar/tratamiento-capilar-vegetal-regenerador-x-300-ml-bagovit/p
Jumbo,174769,186256,Tratamiento Capilar Estilisse Rulos Atractivos Pote 330 Ml,NENNIN NATURESSENCE,4.49,4.49,False,330.0,0.0136,> Perfumería > Cuidado Capilar > Reparación y Tratamientos >,tratamiento,estandar,rizado,https://www.jumbo.com.ar/tratamiento-capilar-estilisse-rulos-atractivos-pote-330-ml/p
Jumbo,148932,145824,Tratamiento Capilar Plusbelle-plusbelle Effect-reparación Total-pot-ml.-400,PLUSBELLE,14.47,1196.0,False,,,> Perfumería > Cuidado Capilar > Reparación y Tratamientos >,tratamiento,estandar,general,https://www.jumbo.com.ar/tratamiento-capilar-plusbelle-plusbelle-effect-reparacion-total-pot-ml-400-2/p
Jumbo,135324,132237,Tratamiento Capilar Capilatis-para Caída Del Cabello-bli-ml.-10,CAPILATIS,20.17,1667.0,False,,,> Perfumería > Cuidado Capilar > Reparación y Tratamientos >,tratamiento,estandar,general,https://www.jumbo.com.ar/tratamiento-capilar-capilatis-para-caida-del-cabello-bli-ml-10/p
Jumbo,383083,381798,Tratamiento Capilar Canas Fabulosas Anti-Amarillo 150 Grs Issue,ISSUE,4400.0,363636.0,False,,,> Perfumería > Cuidado Capilar > Reparación y Tratamientos >,tratamiento,estandar,general,https://www.jumbo.com.ar/tratamiento-capilar-issue-canas-fabulosas-150-gr/p
Jumbo,149502,146394,Tratamiento Capilar Plusbelle-plusbelle Effect-control Caida-pot-ml.-400,PLUSBELLE,18.35,18.35,False,,,> Perfumería > Cuidado Capilar > Reparación y Tratamientos >,tratamiento,estandar,general,https://www.jumbo.com.ar/tratamiento-capilar-plusbelle-plusbelle-effect-control-caida-pot-ml-400/p
Jumbo,149108,146000,Tratamiento Capilar Plusbelle-plusbelle Effect-extra  Brillo-pot-ml.-400,PLUSBELLE,14.47,1196.0,False,,,> Perfumería > Cuidado Capilar > Reparación y Tratamientos >,tratamiento,estandar,general,https://www.jumbo.com.ar/tratamiento-capilar-plusbelle-plusbelle-effect-extra-brillo-pot-ml-400-2/p
Jumbo,135554,132466,Tratamiento Capilar Capilatis-u2 Rattle & Hum-bli-ml.-10,CAPILATIS,33.95,2806.0,False,,,> Perfumería > Cuidado Capilar > Reparación y Tratamientos >,tratamiento,estandar,general,https://www.jumbo.com.ar/tratamiento-capilar-capilatis-u2-rattle-hum-bli-ml-10/p
Jumbo,90744,88072,Tratamiento Capilar Plusbelle-color Brillante-plusbelle Effect.-pvc-ml.-400,PLUSBELLE,21.89,1809.0,False,,,> Perfumería > Cuidado Capilar > Reparación y Tratamientos >,tratamiento,estandar,tratado,https://www.jumbo.com.ar/tratamiento-capilar-plusbelle-color-brillante-plusbelle-effect-pvc-ml-400/p
Jumbo,30223,27382,Tratamiento Capilar Pantene Microactive Split End Fuser 100 Ml,PANTENE,121.79,10065.0,False,100.0,1.2179,> Perfumería > Cuidado Capilar > Reparación y Tratamientos >,tratamiento,estandar,general,https://www.jumbo.com.ar/tratamiento-capilar-pantene-3/p
Jumbo,135496,132408,Tratamiento Capilar Capilatis-ortiga-para Caída Del Cabello-bli-ml.-10,CAPILATIS,20.17,1667.0,False,,,> Perfumería > Cuidado Capilar > Reparación y Tratamientos >,tratamiento,estandar,general,https://www.jumbo.com.ar/tratamiento-capilar-capilatis-ortiga-para-caida-del-cabello-bli-ml-10/p
Jumbo,160082,157639,Tratamiento Capilar Plusbelle X 450 Ml-reparación Y  Fuerza-pet-ml.-450,PLUSBELLE,10.35,10.35,False,450.0,0.023,> Perfumería > Cuidado Capilar > Reparación y Tratamientos >,tratamiento,estandar,general,https://www.jumbo.com.ar/tratamiento-capilar-plusbelle-x-450-ml-reparacion-y-fuerza-pet-ml-450-2/p
Jumbo,58826,55981,Tratamiento Capilar Capilatis-anti-age Hair Therapy-con Uva Roja-pvc-ml.-350,CAPILATIS,23.37,23.37,False,,,> Perfumería > Cuidado Capilar > Reparación y Tratamientos >,tratamiento,estandar,general,https://www.jumbo.com.ar/tratamiento-capilar-capilatis-anti-age-hair-therapy-con-uva-roja-pvc-ml-350/p
Jumbo,58248,55402,Tratamiento Capilar Capilatis-vida-color Hair Therapy-con Uva Blanca-pvc-gr.-170,CAPILATIS,23.37,1931.0,False,,,> Perfumería > Cuidado Capilar > Reparación y Tratamientos >,tratamiento,estandar,tratado,https://www.jumbo.com.ar/tratamiento-capilar-capilatis-vida-color-hair-therapy-con-uva-blanca-pvc-gr-170/p
Jumbo,16363,13500,Tratamiento Capilatis Intensivo 140gr Tratamiento Capilar Capilatis  Intensivo  Pvc X 140 Gr.,CAPILATIS,84.19,6958.0,False,140.0,0.6014,> Perfumería > Cuidado Capilar > Reparación y Tratamientos >,tratamiento,estandar,general,https://www.jumbo.com.ar/tratamiento-capilatis-intensivo-140gr/p
Jumbo,18073,15170,Tratamiento Pote Oleo Nutrición Capilar 200 Ml,DOVE,69.09,5710.0,False,200.0,0.3455,> Perfumería > Cuidado Capilar > Reparación y Tratamientos >,tratamiento,estandar,general,https://www.jumbo.com.ar/tratamiento-pote-oleo-nutricion-capilar-200-ml/p
Jumbo,259795,259089,Tratamiento Issue Keratina 150gr,ROBY,333.37,27551.0,False,150.0,2.2225,> Perfumería > Cuidado Capilar > Reparación y Tratamientos >,tratamiento,estandar,tratado,https://www.jumbo.com.ar/tratamiento-issue-keratina-150gr/p
Jumbo,259796,259090,Tratamiento Issue Shock Brillo 150gr,ROBY,246.59,20379.0,False,150.0,1.6439,> Perfumería > Cuidado Capilar > Reparación y Tratamientos >,tratamiento,estandar,general,https://www.jumbo.com.ar/tratamiento-issue-shock-brillo-150gr/p
Jumbo,384229,382915,Máscara Tratamiento Tresemme Reparación Intra Capilar 300 Gr,TRESEMMÉ,1850.0,152893.0,False,300.0,6.1667,> Perfumería > Cuidado Capilar > Reparación y Tratamientos >,tratamiento,estandar,general,https://www.jumbo.com.ar/mascara-tratamiento-tresemme-reparacion-intra-capilar-300-gr/p
Jumbo,75361,72491,Tratamiento Capilatis Cabello Teñido X 200 Gr.,CAPILATIS,5.17,427.0,False,200.0,0.0258,> Perfumería > Cuidado Capilar > Reparación y Tratamientos >,tratamiento,estandar,tratado,https://www.jumbo.com.ar/tratamiento-capilatis-cabello-tenido-x-200-gr/p
Jumbo,29587,26749,Tratamiento Capilatis Keratina 170gr,CAPILATIS,1228.24,101507.0,False,170.0,7.2249,> Perfumería > Cuidado Capilar > Reparación y Tratamientos >,tratamiento,estandar,tratado,https://www.jumbo.com.ar/tratamiento-capilatis-keratina-170gr-2/p
Jumbo,288729,287976,Tratamiento Capilatis Aloe 170gr,CAPILATIS,1471.39,121602.0,False,170.0,8.6552,> Perfumería > Cuidado Capilar > Reparación y Tratamientos >,tratamiento,estandar,general,https://www.jumbo.com.ar/tratamiento-capilatis-aloe-170gr/p
Jumbo,39434,36600,Tratamiento Capilatis Lifting 170gr,CAPILATIS,1450.0,119835.0,False,170.0,8.5294,> Perfumería > Cuidado Capilar > Reparación y Tratamientos >,tratamiento,estandar,general,https://www.jumbo.com.ar/tratamiento-capilatis-lifting-170gr/p
Jumbo,323295,322145,Tratamiento 919 Hidratante Aloe 150gr,919,330.49,27313.0,False,150.0,2.2033,> Perfumería > Cuidado Capilar > Reparación y Tratamientos >,tratamiento,estandar,seco_danado,https://www.jumbo.com.ar/tratamiento-919-hidratante-aloe-150gr/p
Jumbo,323301,322151,Tratamiento 919 Reparacion Argan 150gr,919,533.69,44107.0,False,150.0,3.5579,> Perfumería > Cuidado Capilar > Reparación y Tratamientos >,tratamiento,estandar,general,https://www.jumbo.com.ar/tratamiento-919-reparacion-argan-150gr/p
Jumbo,307681,306919,Tratamiento Fructis Food Aloe 350ml,ELVIVE,994.33,82176.0,False,350.0,2.8409,> Perfumería > Cuidado Capilar > Reparación y Tratamientos >,tratamiento,profesional,general,https://www.jumbo.com.ar/tratamiento-fructis-food-aloe-350ml/p
Jumbo,312208,311446,Máscara De Tratamiento Dove 1 Minuto 300 Gr,DOVE,1150.0,95041.0,False,300.0,3.8333,> Perfumería > Cuidado Capilar > Reparación y Tratamientos >,tratamiento,estandar,general,https://www.jumbo.com.ar/mascara-de-tratamiento-dove-1-minuto-300-gr/p
Jumbo,340351,339043,Tratamiento Intensivo Pantene Miracles Pelo Seco 300 Ml,PANTENE,1024.09,84636.0,False,300.0,3.4136,> Perfumería > Cuidado Capilar > Reparación y Tratamientos >,tratamiento,estandar,seco_danado,https://www.jumbo.com.ar/tratamiento-intensivo-pantene-miracles-pelo-seco-300-ml/p
Jumbo,41111,38276,Ampolla Capilar Pantene Pro-v Fuerza Y Reconstrucción 45 Ml,PANTENE,466.27,38535.0,False,45.0,10.3616,> Perfumería > Cuidado Capilar > Reparación y Tratamientos >,shampoo,profesional,general,https://www.jumbo.com.ar/ampolla-capilar-pantene-pro-v-fuerza-y-reconstruccion-45-ml/p
Jumbo,41096,38260,Ampolla Capilar Pantene Pro-v Fuerza Y Reconstrucción 15 Ml,PANTENE,157.47,13014.0,False,15.0,10.498,> Perfumería > Cuidado Capilar > Reparación y Tratamientos >,shampoo,profesional,general,https://www.jumbo.com.ar/ampolla-capilar-pantene-pro-v-fuerza-y-reconstruccion-15-ml/p
Jumbo,3493,1582,Ampolla Capilar Pantene Pro-v Hidratación Extrema De 15 Ml C/u,PANTENE,200.0,16529.0,False,15.0,13.3333,> Perfumería > Cuidado Capilar > Reparación y Tratamientos >,shampoo,profesional,seco_danado,https://www.jumbo.com.ar/ampolla-capilar-pantene-pro-v-hidratacion-extrema-de-15-ml-c-u/p
Jumbo,43942,41113,Ampolla Capilar Pantene Pro-v Restauración 15 Ml,PANTENE,600.0,49587.0,False,15.0,40.0,> Perfumería > Cuidado Capilar > Reparación y Tratamientos >,shampoo,profesional,general,https://www.jumbo.com.ar/ampolla-capilar-pantene-pro-v-restauracion-15-ml/p
Jumbo,44861,42036,Ampolla Capilar Pro-v Restauración 45 Ml Pantene,PANTENE,7350.0,607438.0,False,45.0,163.3333,> Perfumería > Cuidado Capilar > Reparación y Tratamientos >,shampoo,profesional,general,https://www.jumbo.com.ar/ampolla-capilar-pro-v-restauracion-45-ml-pantene/p
Jumbo,210378,233339,Crema Peinar Rulos Roby 200ml Tratamiento Capilar Roby Rulos Hidratados 200 Ml,ROBY,333.29,27545.0,False,200.0,1.6665,> Perfumería > Cuidado Capilar > Reparación y Tratamientos >,tratamiento,estandar,rizado,https://www.jumbo.com.ar/crema-peinar-rulos-roby-200ml/p
Jumbo,247597,244278,Mascarilla Tresemmé Bajo Poo 3 En 1 400 Ml,TRESEMMÉ,291.19,24065.0,False,400.0,0.728,> Perfumería > Cuidado Capilar > Reparación y Tratamientos >,tratamiento,estandar,general,https://www.jumbo.com.ar/mascarilla-tresemme-bajo-poo-3-en-1-400-ml/p
Jumbo,262653,261942,Booster De Hidratación Pantene Pro-v Brillo Micelar 160 Ml,PANTENE,900.0,74380.0,False,160.0,5.625,> Perfumería > Cuidado Capilar > Reparación y Tratamientos >,shampoo,profesional,seco_danado,https://www.jumbo.com.ar/booster-de-hidratacion-pantene-pro-v-brillo-micelar-160-ml/p
Jumbo,3531,1611,Kit De 3 Ampollas Capilares Pantene Pro-v Hidratación Extrema De 15 Ml C/u,PANTENE,489.69,40470.0,False,15.0,32.646,> Perfumería > Cuidado Capilar > Reparación y Tratamientos >,tratamiento,profesional,seco_danado,https://www.jumbo.com.ar/kit-de-3-ampollas-capilares-pantene-pro-v-hidratacion-extrema-de-15-ml-c-u-2/p
Jumbo,19681,16846,Crema De Peinar Sedal Rizos Obedientes 300 Ml,SEDAL,950.0,78512.0,False,300.0,3.1667,> Perfumería > Cuidado Capilar > Reparación y Tratamientos >,shampoo,estandar,rizado,https://www.jumbo.com.ar/crema-de-peinar-sedal-rizos-obedientes-300-ml/p
Jumbo,45466,42641,Crema Para Peinar Pantene Pro-v Summer Edition 300 Ml,PANTENE,257.57,21287.0,False,300.0,0.8586,> Perfumería > Cuidado Capilar > Reparación y Tratamientos >,shampoo,profesional,general,https://www.jumbo.com.ar/crema-para-peinar-pantene-pro-v-summer-edition-300-ml/p
Jumbo,18088,15182,Tío Nacho Shampoo Engrosador 415 Ml,Tio Nacho,756.23,62498.0,False,415.0,1.8222,> Perfumería > Cuidado Capilar > Shampoo >,shampoo,estandar,general,https://www.jumbo.com.ar/tio-nacho-shampoo-engrosador-415-ml/p
Jumbo,18090,15184,Tío Nacho Acondicionador Engrosador 415 Ml,Tio Nacho,756.23,62498.0,False,415.0,1.8222,> Perfumería > Cuidado Capilar > Acondicionador >,acondicionador,estandar,general,https://www.jumbo.com.ar/tio-nacho-acondicionador-engrosador-415-ml/p
Jumbo,4494,11417,Shampoo Para Bebé Babelito 200 Ml,BABELITO,58.95,58.95,False,200.0,0.2948,> Mundo Bebe > Higiene para el Bebe > Higiene del Bebé >,shampoo,estandar,bebe,https://www.jumbo.com.ar/shampoo-para-bebe-babelito/p
Jumbo,382904,381619,Shampoo Para Bebé Johnson's Original 400 Ml,JOHNSON´S,2214.09,182983.0,False,400.0,5.5352,> Mundo Bebe > Higiene para el Bebe > Higiene del Bebé >,shampoo,estandar,bebe,https://www.jumbo.com.ar/shampoo-para-bebe-johnson-s-original-400-ml/p
Jumbo,382901,381616,Shampoo Para Bebé Johnson's Original 200 Ml,JOHNSON´S,1419.89,117346.0,False,200.0,7.0995,> Mundo Bebe > Higiene para el Bebe > Higiene del Bebé >,shampoo,estandar,bebe,https://www.jumbo.com.ar/shampoo-para-bebe-johnson-s-original-200-ml/p
Jumbo,129116,126046,Shampoo Para Bebé Original 200 Ml Johnson's,JOHNSON´S,6200.0,512397.0,False,200.0,31.0,> Mundo Bebe > Higiene para el Bebe > Higiene del Bebé >,shampoo,estandar,bebe,https://www.jumbo.com.ar/toallas-femeninas-sin-alas-siempre-libre-especial-x-8-un/p
Jumbo,68993,66130,Shampoo Para Bebe Babylook X 200 Ml,BABYLOOK,17.99,17.99,False,200.0,0.0899,> Mundo Bebe > Higiene para el Bebe > Higiene del Bebé >,shampoo,estandar,bebe,https://www.jumbo.com.ar/shampoo-para-bebe-babylook-x-200-ml-2/p
Jumbo,382903,381618,Shampoo Para Bebé Johnson's Cabello Claro 400 Ml,JOHNSON´S,2183.32,180440.0,False,400.0,5.4583,> Mundo Bebe > Higiene para el Bebe > Higiene del Bebé >,shampoo,estandar,bebe,https://www.jumbo.com.ar/shampoo-para-bebe-johnson-s-cabello-claro-400-ml/p
Jumbo,218705,228396,Shampoo Infanzia Bebe Sin Lagrimas Pet 200 Ml.,INFANZIA,6.87,6.87,False,200.0,0.0343,> Mundo Bebe > Higiene para el Bebe > Higiene del Bebé >,shampoo,estandar,bebe,https://www.jumbo.com.ar/shampoo-infanzia-bebe-sin-lagrimas-pet-200-ml-250448/p
Jumbo,382911,381626,Shampoo Para Bebé Johnson's Original X 750 Ml.,JOHNSON´S,4168.39,344495.0,False,750.0,5.5579,> Mundo Bebe > Higiene para el Bebe > Higiene del Bebé >,shampoo,estandar,bebe,https://www.jumbo.com.ar/shampoo-johnson-baby-original-750ml/p
Jumbo,333049,332197,Shampoo Para Bebé Johnson's Cabello Oscuro X200 Ml,JOHNSON BABY,569.15,47037.0,False,200.0,2.8457,> Mundo Bebe > Higiene para el Bebe > Higiene del Bebé >,shampoo,estandar,bebe,https://www.jumbo.com.ar/shampoo-para-bebe-johnson-s-cabello-oscuro-x200-ml/p
Jumbo,51753,48921,Shampoo Para Bebe Petit Enfant Kids  Pvc 240 Ml,PETIT ENFANT,9.99,9.99,False,240.0,0.0416,> Mundo Bebe > Higiene para el Bebe > Higiene del Bebé >,shampoo,estandar,bebe,https://www.jumbo.com.ar/shampoo-para-bebe-petit-enfant-kids-pvc-240-ml/p
Jumbo,43356,40527,Shampoo Para Bebé Johnson's® Ph Balanceado X 750 Ml,JOHNSON BABY,492.99,40743.0,False,750.0,0.6573,> Mundo Bebe > Higiene para el Bebe > Higiene del Bebé >,shampoo,estandar,bebe,https://www.jumbo.com.ar/shampoo-para-bebe-johnson-s-ph-balanceado-x-750-ml/p
Jumbo,382902,381617,Shampoo Para Bebé Johnson's Cabello Claro X 200 Ml.,JOHNSON´S,1550.0,128099.0,False,200.0,7.75,> Mundo Bebe > Higiene para el Bebe > Higiene del Bebé >,shampoo,estandar,bebe,https://www.jumbo.com.ar/shampoo-johnson-baby-manzanilla-200ml/p
Jumbo,330727,329475,Shampoo Para Bebé Johnson's® Ph Balanceado X 400 Ml.,JOHNSON BABY,958.99,79255.0,False,400.0,2.3975,> Mundo Bebe > Higiene para el Bebe > Higiene del Bebé >,shampoo,estandar,bebe,https://www.jumbo.com.ar/shampoo-para-bebe-johnson-s-ph-balanceado-x-400-ml/p
Jumbo,119683,118711,Shampoo Para Bebe Veritas Sin Lagrimas Pvc 220 Ml,VERITAS,5.87,5.87,False,220.0,0.0267,> Mundo Bebe > Higiene para el Bebe > Higiene del Bebé >,shampoo,estandar,bebe,https://www.jumbo.com.ar/shampoo-para-bebe-veritas-sin-lagrimas-pvc-220-ml/p
Jumbo,43376,40547,Shampoo Para Bebé Johnson's® Ph Balanceado X 200 Ml,JOHNSON BABY,213.39,17636.0,False,200.0,1.0669,> Mundo Bebe > Higiene para el Bebe > Higiene del Bebé >,shampoo,estandar,bebe,https://www.jumbo.com.ar/shampoo-para-bebe-johnson-s-ph-balanceado-x-200-ml/p
Jumbo,24371,21535,Shampoo Para Bebé Johnson's® Ph Balanceado - 400 Ml,JOHNSON BABY,274.97,22725.0,False,400.0,0.6874,> Mundo Bebe > Higiene para el Bebe > Higiene del Bebé >,shampoo,estandar,bebe,https://www.jumbo.com.ar/shampoo-para-bebe-johnson-s-ph-balanceado-400-ml/p
Jumbo,3091,244946,Shampoo Para Bebé Johnson's® Protección Uv X 400 Ml,JOHNSON BABY,274.97,22725.0,False,400.0,0.6874,> Mundo Bebe > Higiene para el Bebe > Higiene del Bebé >,shampoo,estandar,bebe,https://www.jumbo.com.ar/shampoo-para-bebe-johnson-s-proteccion-uv-x-400-ml/p
Jumbo,382900,381615,Shampoo Para Bebé Johnson's Cabello Claro X 750 Ml.,JOHNSON´S,3700.0,305785.0,False,750.0,4.9333,> Mundo Bebe > Higiene para el Bebe > Higiene del Bebé >,shampoo,estandar,bebe,https://www.jumbo.com.ar/shampoo-para-bebe-johnson-s-cabello-claro-x-750-ml/p
Jumbo,330725,329473,Shampoo Para Bebé Johnson's® Ph Balanceado X 200 Ml.,JOHNSON BABY,614.99,50826.0,False,200.0,3.0749,> Mundo Bebe > Higiene para el Bebe > Higiene del Bebé >,shampoo,estandar,bebe,https://www.jumbo.com.ar/shampoo-para-bebe-johnson-s-ph-balanceado-x-200-ml-2/p
Jumbo,330717,329465,Shampoo Para Bebé Johnson's® Cabello Claro X 400 Ml.,JOHNSON BABY,958.99,79255.0,False,400.0,2.3975,> Mundo Bebe > Higiene para el Bebe > Higiene del Bebé >,shampoo,estandar,bebe,https://www.jumbo.com.ar/shampoo-para-bebe-johnson-s-cabello-claro-x-400-ml/p
Jumbo,46698,43862,Shampoo Para Bebé Johnson's® Cabello Claro X 200 Ml,JOHNSON BABY,213.39,17636.0,False,200.0,1.0669,> Mundo Bebe > Higiene para el Bebe > Higiene del Bebé >,shampoo,estandar,bebe,https://www.jumbo.com.ar/shampoo-para-bebe-johnson-s-cabello-claro-x-200-ml/p
Jumbo,81194,78318,Shampoo Danielle Para Bebe  200 Cc,DANIELLE,9.39,9.39,False,,,> Mundo Bebe > Higiene para el Bebe > Higiene del Bebé >,shampoo,estandar,bebe,https://www.jumbo.com.ar/shampoo-para-bebe-danielle/p
Jumbo,48725,45890,Shampoo Vea Para Bebe X 230 Ml Sin Lagrimas  Pvc 230 Ml.,VEA,3.24,3.24,False,230.0,0.0141,> Mundo Bebe > Higiene para el Bebe > Higiene del Bebé >,shampoo,estandar,bebe,https://www.jumbo.com.ar/shampoo-vea-para-bebe-x-230-ml-sin-lagrimas-pvc-230-ml/p
Jumbo,41744,38908,Shampoo Para Beb? Babelito Manzanilla 400ml Shampoo Para Bebé Babelito Manzanilla 400ml,BABELITO,93.29,93.29,False,400.0,0.2332,> Mundo Bebe > Higiene para el Bebe > Higiene del Bebé >,shampoo,estandar,bebe,https://www.jumbo.com.ar/shampoo-para-beb-babelito-manzanilla-400ml/p
Jumbo,333436,332584,Shampoo Hidratación Intensa 200ml Johnson Baby,JOHNSON BABY,950.0,78512.0,False,200.0,4.75,> Mundo Bebe > Higiene para el Bebe > Higiene del Bebé >,shampoo,estandar,seco_danado,https://www.jumbo.com.ar/shampoo-hidratacion-intensa-200ml-johnson-baby/p
Jumbo,333076,332224,Shampoo Para Niños Johnson's® Gotas De Brillo® X 200 Ml.,JOHNSON BABY,604.95,49996.0,False,200.0,3.0248,> Mundo Bebe > Higiene para el Bebe > Higiene del Bebé >,shampoo,estandar,bebe,https://www.jumbo.com.ar/shampoo-para-ninos-johnson-s-gotas-de-brillo-x-200-ml-2/p
Jumbo,333075,332223,Shampoo Para Niños Johnson's® Gotas De Brillo® X 400 Ml.,JOHNSON BABY,943.29,77958.0,False,400.0,2.3582,> Mundo Bebe > Higiene para el Bebe > Higiene del Bebé >,shampoo,estandar,bebe,https://www.jumbo.com.ar/shampoo-para-ninos-johnson-s-gotas-de-brillo-x-400-ml-3/p
Jumbo,333069,332217,Acondicionador Para Bebé Johnson's® Ph Balanceado X 200 Ml.,JOHNSON BABY,900.0,74380.0,False,200.0,4.5,> Mundo Bebe > Higiene para el Bebe > Higiene del Bebé >,acondicionador,estandar,bebe,https://www.jumbo.com.ar/acondicionador-para-bebe-johnson-s-ph-balanceado-x-200-ml-2/p
Jumbo,37853,35011,Shampoo Dove Baby Sensible 200 Ml,DOVE BABY,151.09,12487.0,False,200.0,0.7555,> Mundo Bebe > Higiene para el Bebe > Higiene del Bebé >,shampoo,estandar,general,https://www.jumbo.com.ar/shampoo-dove-baby-sensible-200-ml/p
Jumbo,661,248024,Acondicionador Para Bebé Johnson's® Ph Balanceado X 200 Ml,JOHNSON BABY,213.39,17636.0,False,200.0,1.0669,> Mundo Bebe > Higiene para el Bebe > Higiene del Bebé >,acondicionador,estandar,bebe,https://www.jumbo.com.ar/acondicionador-para-bebe-johnson-s-ph-balanceado-x-200-ml/p
Jumbo,660,248023,Acondicionador Para Bebé Johnson's® Ph Balanceado X 400 Ml,JOHNSON BABY,274.97,22725.0,False,400.0,0.6874,> Mundo Bebe > Higiene para el Bebe > Higiene del Bebé >,acondicionador,estandar,bebe,https://www.jumbo.com.ar/acondicionador-para-bebe-johnson-s-ph-balanceado-x-400-ml/p
Jumbo,76663,73791,Shampoo Huggies Para Beb? X 250 Ml Shampoo Huggies Para Bebé X 250 Ml,HUGGIES,9.89,9.89,False,250.0,0.0396,> Mundo Bebe > Higiene para el Bebe > Higiene del Bebé >,shampoo,estandar,bebe,https://www.jumbo.com.ar/shampoo-huggies-para-bebe-x-250-ml/p
Jumbo,634,248027,Acondicionador Para Bebé Johnson's® Cabello Claro X 400 Ml,JOHNSON BABY,274.97,22725.0,False,400.0,0.6874,> Mundo Bebe > Higiene para el Bebe > Higiene del Bebé >,acondicionador,estandar,bebe,https://www.jumbo.com.ar/acondicionador-para-bebe-johnson-s-cabello-claro-x-400-ml/p
Jumbo,627,248025,Acondicionador Para Bebé Johnson's® Cabello Claro X 200 Ml,JOHNSON BABY,213.39,17636.0,False,200.0,1.0669,> Mundo Bebe > Higiene para el Bebe > Higiene del Bebé >,acondicionador,estandar,bebe,https://www.jumbo.com.ar/acondicionador-para-bebe-johnson-s-cabello-claro-x-200-ml/p
Jumbo,333071,332219,Acondicionador Para Bebé Johnson's® Ph Balanceado X 400 Ml.,JOHNSON BABY,1306.03,107936.0,False,400.0,3.2651,> Mundo Bebe > Higiene para el Bebe > Higiene del Bebé >,acondicionador,estandar,bebe,https://www.jumbo.com.ar/acondicionador-para-bebe-johnson-s-ph-balanceado-x-400-ml-2/p
Jumbo,386977,385303,Shampoo Niños Johnson's Fragancia Prolongada X200 Ml.,JOHNSON´S,1218.99,100743.0,False,200.0,6.0949,> Mundo Bebe > Higiene para el Bebe > Higiene del Bebé >,shampoo,estandar,bebe,https://www.jumbo.com.ar/shampoo-ninos-johnson-s-fragancia-prolongada-x200-ml/p
Jumbo,333074,332222,Acondicionador Para Bebé Johnson's® Cabello Claro X 200 Ml.,JOHNSON BABY,950.0,78512.0,False,200.0,4.75,> Mundo Bebe > Higiene para el Bebe > Higiene del Bebé >,acondicionador,estandar,bebe,https://www.jumbo.com.ar/acondicionador-para-bebe-johnson-s-cabello-claro-x-200-ml-2/p
Jumbo,46767,43931,Shampoo Para Niños Johnson's® Hidratación Intensa X 200 Ml,JOHNSON BABY,213.39,17636.0,False,200.0,1.0669,> Mundo Bebe > Higiene para el Bebe > Higiene del Bebé >,shampoo,estandar,seco_danado,https://www.jumbo.com.ar/shampoo-para-ninos-johnson-s-hidratacion-intensa-x-200-ml/p
Jumbo,386979,385305,Shampoo Para Niños Johnson's Gotas De Brillo X 200 Ml.,JOHNSON´S,1160.95,95946.0,False,200.0,5.8048,> Mundo Bebe > Higiene para el Bebe > Higiene del Bebé >,shampoo,estandar,bebe,https://www.jumbo.com.ar/shampoo-jhonson-baby-gotas-brillo-200ml/p
Jumbo,386978,385304,Shampoo Para Niños Johnson's Gotas De Brillo X 400 Ml.,JOHNSON´S,1813.97,149915.0,False,400.0,4.5349,> Mundo Bebe > Higiene para el Bebe > Higiene del Bebé >,shampoo,estandar,bebe,https://www.jumbo.com.ar/shampoo-para-ninos-johnson-s-gotas-de-brillo-x-400-ml/p
Jumbo,3361,248540,Shampoo Para Niños Johnson's® Fragancia Prolongada X 400 Ml.,JOHNSON BABY,274.97,22725.0,False,400.0,0.6874,> Mundo Bebe > Higiene para el Bebe > Higiene del Bebé >,shampoo,estandar,bebe,https://www.jumbo.com.ar/shampoo-para-ninos-johnson-s-fragancia-prolongada-x-400-ml/p
Jumbo,17195,14321,Shampoo Para Niños Johnson's® Gotas De Brillo® X 750 Ml,JOHNSON BABY,492.99,40743.0,False,750.0,0.6573,> Mundo Bebe > Higiene para el Bebe > Higiene del Bebé >,shampoo,estandar,bebe,https://www.jumbo.com.ar/shampoo-para-ninos-johnson-s-gotas-de-brillo-x-750-ml/p
Jumbo,17165,14291,Shampoo Para Niños Johnson's® Gotas De Brillo® X 400 Ml,JOHNSON BABY,274.97,22725.0,False,400.0,0.6874,> Mundo Bebe > Higiene para el Bebe > Higiene del Bebé >,shampoo,estandar,bebe,https://www.jumbo.com.ar/shampoo-para-ninos-johnson-s-gotas-de-brillo-x-400-ml-2/p
Jumbo,17163,14289,Shampoo Para Niños Johnson's® Gotas De Brillo® X 200 Ml,JOHNSON BABY,213.39,17636.0,False,200.0,1.0669,> Mundo Bebe > Higiene para el Bebe > Higiene del Bebé >,shampoo,estandar,bebe,https://www.jumbo.com.ar/shampoo-para-ninos-johnson-s-gotas-de-brillo-x-200-ml/p
Jumbo,333437,332585,Acondicinador Hidratación Intensa 200ml Johnson Baby,JOHNSON BABY,600.19,49602.0,False,200.0,3.001,> Mundo Bebe > Higiene para el Bebe > Higiene del Bebé >,shampoo,estandar,seco_danado,https://www.jumbo.com.ar/acondicinador-hidratacion-intensa-200ml-johnson-baby/p
Jumbo,333067,332215,Acondicionador Para Niños Johnson's® Gotas De Brillo® X 200 Ml.,JOHNSON BABY,600.19,49602.0,False,200.0,3.001,> Mundo Bebe > Higiene para el Bebe > Higiene del Bebé >,acondicionador,estandar,bebe,https://www.jumbo.com.ar/acondicionador-para-ninos-johnson-s-gotas-de-brillo-x-200-ml-2/p
Jumbo,397058,394814,Crema Hidratante Johnsons Baby Dormir 200ml,JOHNSON BABY,5450.0,450413.0,False,200.0,27.25,> Mundo Bebe > Higiene para el Bebe > Higiene del Bebé >,shampoo,estandar,seco_danado,https://www.jumbo.com.ar/crema-hidratante-johnsons-baby-dormir-200ml/p
Jumbo,414734,410435,Acondicionador Para Niños  Gotas De Brillo 400 Ml Johnson´s,JOHNSON´S,8950.0,739669.0,False,400.0,22.375,> Mundo Bebe > Higiene para el Bebe > Higiene del Bebé >,acondicionador,estandar,bebe,https://www.jumbo.com.ar/acondicionador-para-ninos-gotas-de-brillo-400-ml-johnson-s/p
Jumbo,19080,16149,Acondicionador Para Niños Johnson's® Hidratación Intensa X 200 Ml,JOHNSON BABY,172.0,172.0,False,200.0,0.86,> Mundo Bebe > Higiene para el Bebe > Higiene del Bebé >,acondicionador,estandar,seco_danado,https://www.jumbo.com.ar/acondicionador-para-ninos-johnson-s-hidratacion-intensa-x-200-ml/p
Jumbo,17292,14418,Acondicionador Para Niños Johnson's® Gotas De Brillo® X 200 Ml,JOHNSON BABY,213.39,17636.0,False,200.0,1.0669,> Mundo Bebe > Higiene para el Bebe > Higiene del Bebé >,acondicionador,estandar,bebe,https://www.jumbo.com.ar/acondicionador-para-ninos-johnson-s-gotas-de-brillo-x-200-ml/p
Jumbo,272457,271758,Acondicionador Para Niños Johnson's® Fuerza Y Vitamina X 200 Ml,JOHNSON BABY,153.69,12702.0,False,200.0,0.7684,> Mundo Bebe > Higiene para el Bebe > Higiene del Bebé >,acondicionador,estandar,bebe,https://www.jumbo.com.ar/acondicionador-para-ninos-johnson-s-fuerza-y-vitamina-x-200-ml/p
Jumbo,17293,14419,Acondicionador Para Niños Johnson's® Gotas De Brillo® X 400 Ml,JOHNSON BABY,274.97,22725.0,False,400.0,0.6874,> Mundo Bebe > Higiene para el Bebe > Higiene del Bebé >,acondicionador,estandar,bebe,https://www.jumbo.com.ar/acondicionador-para-ninos-johnson-s-gotas-de-brillo-x-400-ml/p
Jumbo,19020,16092,Crema Para Peinar Para Niños Johnson's® Hidratación Intensa X 150 Ml,JOHNSON BABY,265.0,265.0,False,150.0,1.7667,> Mundo Bebe > Higiene para el Bebe > Higiene del Bebé >,shampoo,estandar,seco_danado,https://www.jumbo.com.ar/crema-para-peinar-para-ninos-johnson-s-hidratacion-intensa-x-150-ml/p
Jumbo,413369,409246,Shampoo Keratina Antifrizz 500 Ml Tresemmé,TRESEMMÉ,6550.0,541322.0,False,500.0,13.1,> Perfumería > Cuidado Capilar > Shampoo >,shampoo,estandar,tratado,https://www.jumbo.com.ar/shampoo-tresemme-keratina-antifrizz-500-ml/p
Jumbo,19521,16671,Shampoo Tresemme Keratina 400ml Shampoo Tresemme Liso Keratina 400 Ml,TRESEMMÉ,472.75,39070.0,False,400.0,1.1819,> Perfumería > Cuidado Capilar > Shampoo >,shampoo,estandar,tratado,https://www.jumbo.com.ar/shampoo-tresemme-keratina-400ml/p
Jumbo,29577,26739,Shampoo Keratina Hair Therapy 350 Ml Capilatis,CAPILATIS,9250.0,764463.0,False,350.0,26.4286,> Perfumería > Cuidado Capilar > Shampoo >,shampoo,estandar,tratado,https://www.jumbo.com.ar/shampoo-keratina-hair-therapy-350-ml-capilatis/p
Jumbo,1360435,1360020,Shampoo Keratina Repara y Protege 700 Ml Pantene,PANTENE,14500.0,1198347.0,False,700.0,20.7143,> Perfumería > Cuidado Capilar > Shampoo >,shampoo,estandar,tratado,https://www.jumbo.com.ar/shampoo-keratina-700-ml-pantene/p
Jumbo,112827,111879,Shampoo Nenin Familiar Keratina Pvc 930 Ml,NENNIN NATURESSENCE,3.75,3.75,False,930.0,0.004,> Perfumería > Cuidado Capilar > Shampoo >,shampoo,estandar,tratado,https://www.jumbo.com.ar/shampoo-nenin-familiar-keratina-pvc-930-ml/p
Jumbo,96589,93906,Shampoo Plusbelle Familiar-ceramidas-plus Keratina-pvc-lt.-1,PLUSBELLE,19.65,1624.0,False,,,> Perfumería > Cuidado Capilar > Shampoo >,shampoo,estandar,tratado,https://www.jumbo.com.ar/shampoo-plusbelle-familiar-ceramidas-plus-keratina-pvc-lt-1/p
Jumbo,19525,16680,Acondicionador Tresemme Keratina 400ml Acondicionador Tresemme Liso Keratina 400 Ml,TRESEMMÉ,472.75,39070.0,False,400.0,1.1819,> Perfumería > Cuidado Capilar > Acondicionador >,acondicionador,estandar,tratado,https://www.jumbo.com.ar/acondicionador-tresemme-keratina-400ml/p
Jumbo,1360924,1360332,Shampoo Baby Baby Dove Cabello Claro 400 Ml,DOVE BABY,7292.75,602707.0,False,400.0,18.2319,> Mundo Bebe > Higiene para el Bebe > Higiene del Bebé >,shampoo,estandar,general,https://www.jumbo.com.ar/shampoo-baby-baby-dove-cabello-claro-400-ml/p
Jumbo,271680,271159,Shampoo Cabello Claro Humectación 200 Ml Baby Dove,DOVE BABY,6850.0,566116.0,False,200.0,34.25,> Mundo Bebe > Higiene para el Bebe > Higiene del Bebé >,shampoo,estandar,general,https://www.jumbo.com.ar/shampoo-baby-dove-cabello-claro-humectacion-ph-neutro-200-ml/p
Jumbo,143612,140523,Shampoo Dove Color Therapy Cabello Descolorado X 250 Ml,DOVE,9.17,9.17,False,250.0,0.0367,> Perfumería > Cuidado Capilar > Shampoo >,shampoo,estandar,tratado,https://www.jumbo.com.ar/shampoo-dove-color-therapy-cabello-descolorado-x-250-ml-2/p
Jumbo,143601,140512,Acondicionador Dove Color Therapy Cabello Descolorado X 250 Ml,DOVE,9.67,9.67,False,250.0,0.0387,> Perfumería > Cuidado Capilar > Acondicionador >,acondicionador,estandar,tratado,https://www.jumbo.com.ar/acondicionador-dove-color-therapy-cabello-descolorado-x-250-ml-2/p
Jumbo,143615,140526,Shampoo Dove Color Therapy Cabello Descolorado X 400 Ml,DOVE,63.33,5234.0,False,400.0,0.1583,> Perfumería > Cuidado Capilar > Shampoo >,shampoo,estandar,tratado,https://www.jumbo.com.ar/shampoo-dove-color-therapy-cabello-descolorado-x-400-ml-2/p
Jumbo,59522,56672,Acondicionador Dove Cabellos Teñidos X 400 Ml,DOVE,49.05,49.05,False,400.0,0.1226,> Perfumería > Cuidado Capilar > Acondicionador >,acondicionador,estandar,tratado,https://www.jumbo.com.ar/acondicionador-dove-cabellos-tenidos-x-400-ml/p
Jumbo,59549,56699,Shampoo Dove Cabellos Teñidos X 400 Ml,DOVE,63.33,5234.0,False,400.0,0.1583,> Perfumería > Cuidado Capilar > Shampoo >,shampoo,estandar,tratado,https://www.jumbo.com.ar/shampoo-dove-cabellos-tenidos-x-400-ml/p
Jumbo,347640,346313,Shampoo Para El Cabello Dove  óleo Micelar B 400 Ml,DOVE,934.19,77206.0,False,400.0,2.3355,> Perfumería > Cuidado Capilar > Shampoo >,shampoo,estandar,general,https://www.jumbo.com.ar/shampoo-para-el-cabello-dove-oleo-micelar-b-400-ml/p
Jumbo,347654,346327,Shampoo Para El Cabello Dove Cuidado Delicado Botella 400 Ml,DOVE,830.49,68636.0,False,400.0,2.0762,> Perfumería > Cuidado Capilar > Shampoo >,shampoo,estandar,general,https://www.jumbo.com.ar/shampoo-para-el-cabello-dove-cuidado-delicado-botella-400-ml/p
Jumbo,347632,346305,Acondicionador Para El Cabello Dove  Cuidado Delicado Botella 400 Ml,DOVE,830.49,68636.0,False,400.0,2.0762,> Perfumería > Cuidado Capilar > Acondicionador >,acondicionador,estandar,general,https://www.jumbo.com.ar/acondicionador-para-el-cabello-dove-cuidado-delicado-botella-400-ml/p
Jumbo,347651,346324,Acondicionador Para El Cabello Dove  Largos Fuertes Y Flexibles 400 Ml,DOVE,830.49,68636.0,False,400.0,2.0762,> Perfumería > Cuidado Capilar > Acondicionador >,acondicionador,estandar,general,https://www.jumbo.com.ar/acondicionador-para-el-cabello-dove-largos-fuertes-y-flexibles-400-ml/p
Jumbo,347636,346309,Shampoo Para El Cabello Dove  Largos Fuertes Y Flexibles 400 Ml,DOVE,934.19,77206.0,False,400.0,2.3355,> Perfumería > Cuidado Capilar > Shampoo >,shampoo,estandar,general,https://www.jumbo.com.ar/shampoo-para-el-cabello-dove-largos-fuertes-y-flexibles-400-ml/p
Jumbo,143605,140517,Dove Therapy Acondicionador Cabellos Teñidos X 250 Ml,DOVE,10.15,10.15,False,250.0,0.0406,> Perfumería > Cuidado Capilar > Acondicionador >,acondicionador,estandar,tratado,https://www.jumbo.com.ar/dove-therapy-acondicionador-cabellos-tenidos-x-250-ml-2/p
Jumbo,143600,140511,Dove Therapy Acondicionador Cabellos Teñidos X 400 Ml,DOVE,63.33,5234.0,False,400.0,0.1583,> Perfumería > Cuidado Capilar > Acondicionador >,acondicionador,estandar,tratado,https://www.jumbo.com.ar/dove-therapy-acondicionador-cabellos-tenidos-x-400-ml/p
Jumbo,143588,140499,Dove Therapy Shampoo Cabellos Teñidos X 400 Ml,DOVE,84.89,7016.0,False,400.0,0.2122,> Perfumería > Cuidado Capilar > Shampoo >,shampoo,estandar,tratado,https://www.jumbo.com.ar/dove-therapy-shampoo-cabellos-tenidos-x-400-ml-2/p
Jumbo,143593,140504,Dove Therapy Shampoo Cabellos Teñidos X 250 Ml,DOVE,9.91,9.91,False,250.0,0.0396,> Perfumería > Cuidado Capilar > Shampoo >,shampoo,estandar,tratado,https://www.jumbo.com.ar/dove-therapy-shampoo-cabellos-tenidos-x-250-ml-2/p
Jumbo,263623,263343,Acondicionador Dove Hidratacion 400ml,DOVE,549.95,45450.0,False,400.0,1.3749,> Perfumería > Cuidado Capilar > Acondicionador >,acondicionador,estandar,seco_danado,https://www.jumbo.com.ar/acondicionador-dove-hidratacion-400ml/p
Jumbo,27989,25148,Crema De Tratamiento Dove Recuperacion Extrema Crema Tratamiento Dove Recuperación Extrema 350 Gr,DOVE,95.89,7925.0,False,350.0,0.274,> Perfumería > Cuidado Capilar > Reparación y Tratamientos >,tratamiento,estandar,general,https://www.jumbo.com.ar/crema-de-tratamiento-dove-recuperacion-extrema/p
Jumbo,16267,13406,Acondicionador Dove Reconstrucción Completa 750 Ml,DOVE,266.25,22004.0,False,750.0,0.355,> Perfumería > Cuidado Capilar > Acondicionador >,acondicionador,estandar,general,https://www.jumbo.com.ar/acondicionador-dove-reconstruccion-completa-750-ml/p
Jumbo,20039,17210,Acondicionador Dove Ritual De Reparación Coco Y Cúrcuma 200 Ml,DOVE,135.75,11219.0,False,200.0,0.6787,> Perfumería > Cuidado Capilar > Acondicionador >,acondicionador,estandar,general,https://www.jumbo.com.ar/acondicionador-dove-ritual-de-reparacion-coco-y-curcuma-200-ml/p
Jumbo,275373,274669,Super Acondicionador Dove Factor Nutrición 60 - 170 Ml,DOVE,737.67,60964.0,False,170.0,4.3392,> Perfumería > Cuidado Capilar > Acondicionador >,acondicionador,estandar,general,https://www.jumbo.com.ar/super-acondicionador-dove-factor-nutricion-60-170-ml/p
Jumbo,3066021,3065978,Crema Peinar Anti Caida X 300 Ml Pantene,PANTENE,9400.0,776860.0,True,300.0,31.3333,> Perfumería > Cuidado Capilar > Reparación y Tratamientos >,shampoo,estandar,general,https://www.jumbo.com.ar/crema-peinar-anti-caida-x-300-ml-pantene/p
Jumbo,3066017,3065974,Tratamiento Oil Nutritivo X 95 Ml Pantene,PANTENE,21350.0,1764463.0,True,95.0,224.7368,> Perfumería > Cuidado Capilar > Reparación y Tratamientos >,tratamiento,estandar,general,https://www.jumbo.com.ar/tratamiento-oil-nutritivo-x-95-ml-pantene/p
Jumbo,1360444,1360028,Mascarilla Intensiva Hidratación 270 Ml Pantene,PANTENE,10400.0,859504.0,True,270.0,38.5185,> Perfumería > Cuidado Capilar > Reparación y Tratamientos >,tratamiento,estandar,seco_danado,https://www.jumbo.com.ar/mascarilla-intensiva-hidratacion-270-ml-pantene-2/p
Jumbo,1360439,1360023,Mascarilla Intensiva Restauración 270 Ml Pantene,PANTENE,10400.0,859504.0,True,270.0,38.5185,> Perfumería > Cuidado Capilar > Reparación y Tratamientos >,tratamiento,estandar,general,https://www.jumbo.com.ar/mascarilla-intensiva-restauracion-270-ml-pantene-2/p
Jumbo,383675,382390,Crema para Peinar Colágeno Nutre y Revitaliza 300 Ml Pantene,PANTENE,9250.0,764463.0,True,300.0,30.8333,> Perfumería > Cuidado Capilar > Reparación y Tratamientos >,shampoo,estandar,general,https://www.jumbo.com.ar/crema-para-peinar-colageno-nutre-y-revitaliza-300-ml-pantene/p
Jumbo,1360442,1360026,Mascarilla Intensiva Nutrición 270 Ml Pantene,PANTENE,10400.0,859504.0,True,270.0,38.5185,> Perfumería > Cuidado Capilar > Reparación y Tratamientos >,tratamiento,estandar,general,https://www.jumbo.com.ar/mascarilla-intensiva-nutricion-270-ml-pantene-2/p
Jumbo,3079024,3078348,Acondicionador Nutre y Crece Bambú 150 Ml Pantene,PANTENE,6200.0,512397.0,False,150.0,41.3333,> Perfumería > Cuidado Capilar > Acondicionador >,acondicionador,estandar,general,https://www.jumbo.com.ar/acondicionador-pantene-bamboo-150ml/p
Jumbo,3066018,3065975,Tonico Capilar Anticaida X 60 Ml Pantene,PANTENE,24950.0,2061983.0,False,60.0,415.8333,> Perfumería > Cuidado Capilar > Reparación y Tratamientos >,shampoo,estandar,general,https://www.jumbo.com.ar/tonico-capilar-anticaida-x-60-ml-pantene-2/p
Jumbo,3065221,3065220,Acondicionador Pro-v Miracles Revitalización 700 Ml Pantene,PANTENE,16300.0,1347107.0,False,700.0,23.2857,> Perfumería > Cuidado Capilar > Acondicionador >,acondicionador,profesional,general,https://www.jumbo.com.ar/acondicionador-pro-v-miracles-revilitacion-400-ml-pantene/p
Jumbo,3065219,3065218,Acondicionador Pro-v Miracles Volumen 700 Ml Pantene,PANTENE,10555.18,872329.0,False,700.0,15.0788,> Perfumería > Cuidado Capilar > Acondicionador >,acondicionador,profesional,general,https://www.jumbo.com.ar/acondicionador-pro-v-miracles-volumen-700-ml-pantene/p
Jumbo,3065194,3065193,Shampoo Pro-v Miracles Hidrata y Fortalece 700 Ml Pantene,PANTENE,16300.0,1347107.0,False,700.0,23.2857,> Perfumería > Cuidado Capilar > Shampoo >,shampoo,profesional,seco_danado,https://www.jumbo.com.ar/shampoo-pro-v-miracles-hidrata-700-ml-pantene/p
Jumbo,1360440,1360024,Crema para Peinar Keratina Repara y Protege 300 Ml Pantene,PANTENE,8750.0,723141.0,False,300.0,29.1667,> Perfumería > Cuidado Capilar > Reparación y Tratamientos >,shampoo,estandar,tratado,https://www.jumbo.com.ar/crema-para-peinar-keratina-300-ml-pantene-2/p
Jumbo,415582,411166,Acondicionador Volumen Pro-v Miracles 200 Ml Pantene,PANTENE,6200.0,512397.0,False,200.0,31.0,> Perfumería > Cuidado Capilar > Acondicionador >,acondicionador,profesional,general,https://www.jumbo.com.ar/acondicionador-pro-v-miracles-volumen-200-ml-pantene-2/p
Jumbo,415580,411164,Acondicionador Pro-v Miracles Volumen 750 Ml Pantene,PANTENE,16300.0,1347107.0,False,750.0,21.7333,> Perfumería > Cuidado Capilar > Acondicionador >,acondicionador,profesional,general,https://www.jumbo.com.ar/acondicionador-pro-v-miracles-volumen-750-ml-pantene/p
Jumbo,415579,411163,Shampoo Pro-v Miracles Volumen 200 Ml Pantene,PANTENE,6200.0,512397.0,False,200.0,31.0,> Perfumería > Cuidado Capilar > Shampoo >,shampoo,profesional,general,https://www.jumbo.com.ar/shampoo-pro-v-miracles-volumen-200-ml-pantene-2/p
Jumbo,415578,411162,Sahmpoo Pantene Provmir Volumen 750 Ml,PANTENE,14500.0,1198347.0,False,750.0,19.3333,> Perfumería > Cuidado Capilar > Shampoo >,shampoo,profesional,general,https://www.jumbo.com.ar/sahmpoo-pantene-provmir-volumen-750-ml/p
Jumbo,415577,411161,Shampoo Liso Infinito Pro-v Miracles 200 Ml Pantene,PANTENE,6200.0,512397.0,False,200.0,31.0,> Perfumería > Cuidado Capilar > Shampoo >,shampoo,profesional,general,https://www.jumbo.com.ar/shampoo-pro-v-miracles-liso-infinito-200-ml-pantene-2/p
Jumbo,415576,411160,Shampoo Revitalización Repara y Hidrata 200 Ml Pantene,PANTENE,5900.0,487603.0,False,200.0,29.5,> Perfumería > Cuidado Capilar > Shampoo >,shampoo,estandar,seco_danado,https://www.jumbo.com.ar/shampoo-revilitacion-200-ml-pantene-2/p
Jumbo,415573,411157,Acondicionador Revitalización Repara y Hidrata 200 Ml Pantene,PANTENE,6200.0,512397.0,False,200.0,31.0,> Perfumería > Cuidado Capilar > Acondicionador >,acondicionador,estandar,seco_danado,https://www.jumbo.com.ar/acondicionador-revilitacion-200-ml-pantene-2/p
Jumbo,415571,411155,Shampoo Pantene  Liso Infinito 750 Ml,PANTENE,14050.0,1161157.0,False,750.0,18.7333,> Perfumería > Cuidado Capilar > Shampoo >,shampoo,estandar,general,https://www.jumbo.com.ar/shampoo-pantene-liso-infinito-750-ml/p
Jumbo,401197,398535,Acondicionador Pro-v Miracles Detox 200 Ml Pantene,PANTENE,6200.0,512397.0,False,200.0,31.0,> Perfumería > Cuidado Capilar > Acondicionador >,acondicionador,profesional,general,https://www.jumbo.com.ar/acondicionador-pro-v-miracles-detox-200-ml-pantene-3/p
Jumbo,401194,398532,Acondicionador Pro-v Miracles Equilibrio 400 Ml Pantene,PANTENE,10000.0,826446.0,False,400.0,25.0,> Perfumería > Cuidado Capilar > Acondicionador >,acondicionador,profesional,general,https://www.jumbo.com.ar/acondicionador-pro-v-miracles-equilibrio-400-ml-pantene-2/p
Jumbo,401185,398523,Acondicionador Hidratante Pro-V Miracles Detox 200 Ml Pantene,PANTENE,6200.0,512397.0,False,200.0,31.0,> Perfumería > Cuidado Capilar > Acondicionador >,acondicionador,profesional,seco_danado,https://www.jumbo.com.ar/acondicionador-pro-v-miracles-detox-200-ml-pantene-2/p
Jumbo,397945,395680,Acondicionador Pantene Pro-v Fuerza Y Reconstrucción 200 Ml,PANTENE,700.0,57851.0,False,200.0,3.5,> Perfumería > Cuidado Capilar > Acondicionador >,acondicionador,profesional,general,https://www.jumbo.com.ar/acondicionador-pantene-pro-v-fuerza-y-reconstruccion-200-ml-2/p
Jumbo,394847,392846,Acondicionador Hidrata y Fortalece 750 Ml Pantene,PANTENE,15650.0,1293388.0,False,750.0,20.8667,> Perfumería > Cuidado Capilar > Acondicionador >,acondicionador,estandar,seco_danado,https://www.jumbo.com.ar/acondicionador-pantene-pro-v-750-ml/p
Jumbo,394830,392829,Shampoo Pantene Pro-v 750 Ml,PANTENE,15650.0,1293388.0,False,750.0,20.8667,> Perfumería > Cuidado Capilar > Shampoo >,shampoo,profesional,general,https://www.jumbo.com.ar/shampoo-pantene-pro-v-750-ml/p
Jumbo,394826,392825,Acondicionador Hidratante Pro-v Miracles 200 Ml Pantene,PANTENE,6200.0,512397.0,False,200.0,31.0,> Perfumería > Cuidado Capilar > Acondicionador >,acondicionador,profesional,seco_danado,https://www.jumbo.com.ar/acondicionador-pro-v-miracles-200-ml-pantene-2/p
Jumbo,394667,392666,Shampoo Pantene Frizz Control Rose 270 Ml,PANTENE,13150.0,1086777.0,False,270.0,48.7037,> Perfumería > Cuidado Capilar > Shampoo >,shampoo,estandar,general,https://www.jumbo.com.ar/shampoo-pantene-frizz-control-rose-270-ml/p
Jumbo,394663,392662,Shampoo Pantene Volume Multiplier Bamboo 270 Ml,PANTENE,14350.0,1185950.0,False,270.0,53.1481,> Perfumería > Cuidado Capilar > Shampoo >,shampoo,estandar,general,https://www.jumbo.com.ar/shampoo-pantene-volume-multiplier-bamboo-270-ml/p
Jumbo,394645,392644,Acondicionador Frizz Control Rose 235 Ml Pantene,PANTENE,14050.0,1161157.0,False,235.0,59.7872,> Perfumería > Cuidado Capilar > Acondicionador >,acondicionador,estandar,general,https://www.jumbo.com.ar/acondicionador-frizz-control-rose-235-ml-pantene/p
Jumbo,394643,392642,Tratamiento Engrosador Pantene Volume Multiplier Bamboo 110 Ml,PANTENE,2767.99,228760.0,False,110.0,25.1635,> Perfumería > Cuidado Capilar > Reparación y Tratamientos >,tratamiento,estandar,general,https://www.jumbo.com.ar/tratamiento-engrosador-pantene-volume-multiplier-bamboo-110-ml/p
Jumbo,393766,391787,Acond Pantene Prov Bambu 700ml,PANTENE,2900.0,239669.0,False,700.0,4.1429,> Perfumería > Cuidado Capilar > Acondicionador >,shampoo,profesional,general,https://www.jumbo.com.ar/acond-pantene-prov-bambu-700ml/p
Jumbo,393765,391786,Pantene Pro-v Solutions Rizos Definidos Acondicionador 400 Ml,PANTENE,1650.0,136364.0,False,400.0,4.125,> Perfumería > Cuidado Capilar > Acondicionador >,acondicionador,profesional,rizado,https://www.jumbo.com.ar/pantene-pro-v-solutions-rizos-definidos-acondicionador-400-ml/p
Jumbo,393764,391785,Acondicionador Pantene Pro-v Brillo Extremo 400 Ml,PANTENE,10000.0,826446.0,False,400.0,25.0,> Perfumería > Cuidado Capilar > Acondicionador >,acondicionador,profesional,general,https://www.jumbo.com.ar/acondicionador-pantene-pro-v-brillo-extremo-400-ml-2/p
Jumbo,393763,391784,Acondicionador Pantene Pro-v Bambu 400 Ml,PANTENE,10000.0,826446.0,False,400.0,25.0,> Perfumería > Cuidado Capilar > Acondicionador >,acondicionador,profesional,general,https://www.jumbo.com.ar/acondicionador-pantene-pro-v-bambu-400-ml-2/p
Jumbo,393667,391695,Acond Pantene Prov Brillo Extremo 750ml,PANTENE,3250.0,268595.0,False,750.0,4.3333,> Perfumería > Cuidado Capilar > Acondicionador >,shampoo,profesional,general,https://www.jumbo.com.ar/acond-pantene-prov-brillo-extremo-750ml/p
Jumbo,393666,391694,Acondicionador Pantene Pro-v Brillo Extremo 200 Ml,PANTENE,1150.0,95041.0,False,200.0,5.75,> Perfumería > Cuidado Capilar > Acondicionador >,acondicionador,profesional,general,https://www.jumbo.com.ar/acondicionador-pantene-pro-v-brillo-extremo-200-ml-2/p
Jumbo,393665,391693,Acond Pantene Prov Hidrata 200ml,PANTENE,1000.0,82645.0,False,200.0,5.0,> Perfumería > Cuidado Capilar > Acondicionador >,shampoo,profesional,seco_danado,https://www.jumbo.com.ar/acond-pantene-prov-hidrata-200ml/p
Jumbo,393664,391692,Acond Pantene Prov Cuidado Clasico 400ml,PANTENE,461.29,38123.0,False,400.0,1.1532,> Perfumería > Cuidado Capilar > Acondicionador >,shampoo,profesional,general,https://www.jumbo.com.ar/acond-pantene-prov-cuidado-clasico-400ml/p
Jumbo,393660,391688,Acondicionador Pantene Pro-v Restauración 200 Ml,PANTENE,4950.0,409091.0,False,200.0,24.75,> Perfumería > Cuidado Capilar > Acondicionador >,acondicionador,profesional,general,https://www.jumbo.com.ar/acondicionador-pantene-pro-v-restauracion-200-ml-2/p
Jumbo,393657,391685,Acondicionador Restauración Pro-V 400 Ml Pantene,PANTENE,10000.0,826446.0,False,400.0,25.0,> Perfumería > Cuidado Capilar > Acondicionador >,acondicionador,profesional,general,https://www.jumbo.com.ar/acondicionador-pro-v-solutions-restauracion-400-ml-pantene/p
Jumbo,393656,391684,Acond Pantene Prov Hidratacion Extr 200ml,PANTENE,627.83,51887.0,False,200.0,3.1392,> Perfumería > Cuidado Capilar > Acondicionador >,shampoo,profesional,seco_danado,https://www.jumbo.com.ar/acond-pantene-prov-hidratacion-extr-200ml/p
Jumbo,393651,391679,Acondicionador Pantene Pro-v Solutions Control Caída 400 Ml,PANTENE,10000.0,826446.0,False,400.0,25.0,> Perfumería > Cuidado Capilar > Acondicionador >,acondicionador,profesional,general,https://www.jumbo.com.ar/acondicionador-pantene-pro-v-solutions-control-caida-400-ml/p
Jumbo,393644,391672,Acondicionador Pantene Pro-v Bambu 200 Ml,PANTENE,1400.0,115702.0,False,200.0,7.0,> Perfumería > Cuidado Capilar > Acondicionador >,acondicionador,profesional,general,https://www.jumbo.com.ar/acondicionador-pantene-pro-v-bambu-200-ml-2/p
Jumbo,393612,391640,Acondicionador Pantene Pro-v Fuerza Reconstrucción 400 Ml,PANTENE,1850.0,152893.0,False,400.0,4.625,> Perfumería > Cuidado Capilar > Acondicionador >,acondicionador,profesional,general,https://www.jumbo.com.ar/acondicionador-pantene-pro-v-fuerza-reconstruccion-400-ml/p
Jumbo,390273,388359,Shampoo Pantene Prov Fuerza Y Reco 200ml,PANTENE,379.19,31338.0,False,200.0,1.896,> Perfumería > Cuidado Capilar > Shampoo >,shampoo,profesional,general,https://www.jumbo.com.ar/shampoo-pantene-prov-fuerza-y-reco-200ml/p
Jumbo,390268,388354,Shampoo Pantene Pro-v Fuerza Y Reconstrucción 750 Ml,PANTENE,1612.49,133264.0,False,750.0,2.15,> Perfumería > Cuidado Capilar > Shampoo >,shampoo,profesional,general,https://www.jumbo.com.ar/shampoo-pantene-pro-v-fuerza-y-reconstruccion-750-ml-2/p
Jumbo,390238,388329,Shampoo Pantene Prov Cuidado Clasico 400ml,PANTENE,461.29,38123.0,False,400.0,1.1532,> Perfumería > Cuidado Capilar > Shampoo >,shampoo,profesional,general,https://www.jumbo.com.ar/shampoo-pantene-prov-cuidado-clasico-400ml/p
Jumbo,390237,388328,Shampoo Pantene Prov Brillo Extremo 200ml,PANTENE,745.99,61652.0,False,200.0,3.73,> Perfumería > Cuidado Capilar > Shampoo >,shampoo,profesional,general,https://www.jumbo.com.ar/shampoo-pantene-prov-brillo-extremo-200ml/p
Jumbo,390236,388327,Shampoo Pantene Prov Cuidado Clasico 200ml,PANTENE,325.69,26917.0,False,200.0,1.6284,> Perfumería > Cuidado Capilar > Shampoo >,shampoo,profesional,general,https://www.jumbo.com.ar/shampoo-pantene-prov-cuidado-clasico-200ml/p
Jumbo,390235,388326,Shampoo Pantene Pro-v Hidrata 200 Ml,PANTENE,1100.0,90909.0,False,200.0,5.5,> Perfumería > Cuidado Capilar > Shampoo >,shampoo,profesional,seco_danado,https://www.jumbo.com.ar/shampoo-pantene-pro-v-hidrata-200-ml/p
Jumbo,390233,388324,Shampoo Pantene Pro-v Control Caida 400 Ml,PANTENE,6150.0,508264.0,False,400.0,15.375,> Perfumería > Cuidado Capilar > Shampoo >,shampoo,profesional,general,https://www.jumbo.com.ar/shampoo-pantene-pro-v-control-caida-400-ml/p
Jumbo,390232,388323,Shampoo Pantene Pro-v Rizos Definidos 400 Ml,PANTENE,1165.69,96338.0,False,400.0,2.9142,> Perfumería > Cuidado Capilar > Shampoo >,shampoo,profesional,rizado,https://www.jumbo.com.ar/shampoo-pantene-pro-v-rizos-definidos-400-ml-2/p
Jumbo,390228,388319,Shampoo Pantene Pro-v Bambu 400 Ml,PANTENE,6150.0,508264.0,False,400.0,15.375,> Perfumería > Cuidado Capilar > Shampoo >,shampoo,profesional,general,https://www.jumbo.com.ar/shampoo-pantene-pro-v-bambu-400-ml-2/p
Jumbo,390227,388318,Shampoo Pantene Hidratación Extrema 750 Ml,PANTENE,3000.0,247934.0,False,750.0,4.0,> Perfumería > Cuidado Capilar > Shampoo >,shampoo,estandar,seco_danado,https://www.jumbo.com.ar/shampoo-pantene-hidratacion-extrema-750-ml/p
Jumbo,390226,388317,Shampoo Pantene Pro-v Restauración 200 Ml,PANTENE,5350.0,442149.0,False,200.0,26.75,> Perfumería > Cuidado Capilar > Shampoo >,shampoo,profesional,general,https://www.jumbo.com.ar/shampoo-pantene-pro-v-restauracion-200-ml-2/p
Jumbo,390225,388316,Shampoo Y Acondicionador Pantene Cuidado Clásico Pro-v Solutions 200 Ml,PANTENE,341.99,28264.0,False,200.0,1.71,> Perfumería > Cuidado Capilar > Shampoo >,acondicionador,profesional,general,https://www.jumbo.com.ar/shampoo-y-acondicionador-pantene-cuidado-clasico-pro-v-solutions-200-ml/p
Jumbo,390224,388315,Shampoo Pantene Prov Hidratacion Extr 200ml,PANTENE,1000.0,82645.0,False,200.0,5.0,> Perfumería > Cuidado Capilar > Shampoo >,shampoo,profesional,seco_danado,https://www.jumbo.com.ar/shampoo-pantene-prov-hidratacion-extr-200ml/p
Jumbo,390223,388314,Shampoo Pantene Pro-v Brillo Extremo 750 Ml,PANTENE,2137.67,176667.0,False,750.0,2.8502,> Perfumería > Cuidado Capilar > Shampoo >,shampoo,profesional,general,https://www.jumbo.com.ar/shampoo-pantene-pro-v-brillo-extremo-750-ml-2/p
Jumbo,390222,388313,Shampoo Pantene Pro-v Bambú 200 Ml,PANTENE,783.27,64733.0,False,200.0,3.9163,> Perfumería > Cuidado Capilar > Shampoo >,shampoo,profesional,general,https://www.jumbo.com.ar/shampoo-pantene-pro-v-bambu-200-ml-2/p
Jumbo,390202,388293,2 En 1 Pantene Cuidado Clasico 400ml,PANTENE,511.59,42280.0,False,400.0,1.279,> Perfumería > Cuidado Capilar > Shampoo >,shampoo,estandar,general,https://www.jumbo.com.ar/2-en-1-pantene-cuidado-clasico-400ml/p
Jumbo,390200,388291,Shampoo Pro-V Solutions Restauración 400 Ml Pantene,PANTENE,10000.0,826446.0,False,400.0,25.0,> Perfumería > Cuidado Capilar > Shampoo >,shampoo,profesional,general,https://www.jumbo.com.ar/shampoo-pro-v-solutions-restauracion-400-ml-pantene/p
Jumbo,390197,388288,Shampoo Pantene Hidratación Extrema 400 Ml,PANTENE,1850.0,152893.0,False,400.0,4.625,> Perfumería > Cuidado Capilar > Shampoo >,shampoo,estandar,seco_danado,https://www.jumbo.com.ar/shampoo-pantene-hidratacion-extrema-400-ml/p
Jumbo,390195,388286,Shampoo Pantene Pro-v Fuerza Reconstrucción 400 Ml,PANTENE,1292.77,106841.0,False,400.0,3.2319,> Perfumería > Cuidado Capilar > Shampoo >,shampoo,profesional,general,https://www.jumbo.com.ar/shampoo-pantene-pro-v-fuerza-reconstruccion-400-ml/p
Jumbo,390194,388285,Shampoo Pantene Prov Brillo Extremo 400ml,PANTENE,1292.77,106841.0,False,400.0,3.2319,> Perfumería > Cuidado Capilar > Shampoo >,shampoo,profesional,general,https://www.jumbo.com.ar/shampoo-pantene-prov-brillo-extremo-400ml/p
Jumbo,383688,382402,Tratamiento Pantene Colageno 15ml,PANTENE,6600.0,545455.0,False,15.0,440.0,> Perfumería > Cuidado Capilar > Reparación y Tratamientos >,tratamiento,estandar,general,https://www.jumbo.com.ar/tratamiento-pantene-colageno-15ml/p
Jumbo,383687,382401,Acondicionador Pantene Con Colágeno 3 Minute Miracle 170 Ml,PANTENE,7200.0,595041.0,False,170.0,42.3529,> Perfumería > Cuidado Capilar > Acondicionador >,acondicionador,estandar,general,https://www.jumbo.com.ar/acondicionador-pantene-con-colageno-3-minute-miracle-170-ml/p
Jumbo,383683,382398,Serum Puntas Abiertas Colágeno 90 Ml Pantene,PANTENE,8250.0,681818.0,False,90.0,91.6667,> Perfumería > Cuidado Capilar > Reparación y Tratamientos >,shampoo,estandar,general,https://www.jumbo.com.ar/serum-puntas-abiertas-colageno-90-ml-pantene/p
Jumbo,383680,382395,Acondicionador Pro-v Miracles Colágeno Nutre y Revitaliza 200 Ml Pantene,PANTENE,6200.0,512397.0,False,200.0,31.0,> Perfumería > Cuidado Capilar > Acondicionador >,acondicionador,profesional,general,https://www.jumbo.com.ar/acondicionador-pro-v-miracles-colageno-nutre-y-revitaliza-200-ml-pantene/p
Jumbo,383676,382391,Shampoo Colágeno Nutre y Revitaliza 400 Ml Pantene,PANTENE,10000.0,826446.0,False,400.0,25.0,> Perfumería > Cuidado Capilar > Shampoo >,shampoo,estandar,general,https://www.jumbo.com.ar/shampoo-colageno-nutre-y-revitaliza-400-ml-pantene/p
Jumbo,383672,382387,Shampoo Nutrición y Control Frizz Colágeno 200 Ml Pantene Shampoo Pro-v Colágeno 200 Ml Pantene,PANTENE,6200.0,512397.0,False,200.0,31.0,> Perfumería > Cuidado Capilar > Shampoo >,shampoo,profesional,general,https://www.jumbo.com.ar/shampoo-pro-v-colageno-200-ml-pantene-2/p
Jumbo,345300,343985,Shampoo Pantene Prov Essent Cuidado 400ml,PANTENE,700.0,57851.0,False,400.0,1.75,> Perfumería > Cuidado Capilar > Shampoo >,shampoo,profesional,general,https://www.jumbo.com.ar/shampoo-pantene-prov-essent-cuidado-400ml-2/p
Jumbo,345297,343982,Acondicionador Pantene Prov Essent Control Caida 400ml,PANTENE,806.35,66641.0,False,400.0,2.0159,> Perfumería > Cuidado Capilar > Acondicionador >,acondicionador,profesional,general,https://www.jumbo.com.ar/acondicionador-pantene-prov-essent-control-caida-400ml/p
Jumbo,345296,343981,Acondicionador Pantene Pro-v Essentials Bambu 200 Ml,PANTENE,1100.0,90909.0,False,200.0,5.5,> Perfumería > Cuidado Capilar > Acondicionador >,acondicionador,profesional,general,https://www.jumbo.com.ar/acondicionador-pantene-pro-v-essentials-bambu-200-ml/p
Jumbo,345295,343980,Shampoo Pantene Prov Essent Control Caida 400ml,PANTENE,806.35,66641.0,False,400.0,2.0159,> Perfumería > Cuidado Capilar > Shampoo >,shampoo,profesional,general,https://www.jumbo.com.ar/shampoo-pantene-prov-essent-control-caida-400ml/p
Jumbo,345293,343978,Shampoo Pantene Prov Essentials Bambu 750ml,PANTENE,1496.95,123715.0,False,750.0,1.9959,> Perfumería > Cuidado Capilar > Shampoo >,shampoo,profesional,general,https://www.jumbo.com.ar/shampoo-pantene-prov-essentials-bambu-750ml-2/p
Jumbo,345291,343976,Acondicionador Pantene Prov Essentials Hidrat Extremo 750ml,PANTENE,1450.49,119875.0,False,750.0,1.934,> Perfumería > Cuidado Capilar > Acondicionador >,acondicionador,profesional,seco_danado,https://www.jumbo.com.ar/acondicionador-pantene-prov-essentials-hidrat-extremo-750ml/p
Jumbo,345289,343974,Acondicionador Pantene Prov Essent Rizos Definidos 400ml,PANTENE,806.35,66641.0,False,400.0,2.0159,> Perfumería > Cuidado Capilar > Acondicionador >,acondicionador,profesional,rizado,https://www.jumbo.com.ar/acondicionador-pantene-prov-essent-rizos-definidos-400ml/p
Jumbo,345288,343973,Shampoo Pantene Prov Essentials Bambu 200ml,PANTENE,531.49,43925.0,False,200.0,2.6574,> Perfumería > Cuidado Capilar > Shampoo >,shampoo,profesional,general,https://www.jumbo.com.ar/shampoo-pantene-prov-essentials-bambu-200ml-2/p
Jumbo,345287,343972,Acondicionador Pantene Prov Essentials Hidrat Extremo 200ml,PANTENE,531.49,43925.0,False,200.0,2.6574,> Perfumería > Cuidado Capilar > Acondicionador >,acondicionador,profesional,seco_danado,https://www.jumbo.com.ar/acondicionador-pantene-prov-essentials-hidrat-extremo-200ml/p
Jumbo,345286,343971,Shampoo Pantene Prov Essent Cuidado 200ml,PANTENE,282.09,23313.0,False,200.0,1.4104,> Perfumería > Cuidado Capilar > Shampoo >,shampoo,profesional,general,https://www.jumbo.com.ar/shampoo-pantene-prov-essent-cuidado-200ml/p
Jumbo,345284,343969,Shampoo Pantene Prov Essentials Hidratacion 750ml,PANTENE,1450.49,119875.0,False,750.0,1.934,> Perfumería > Cuidado Capilar > Shampoo >,shampoo,profesional,seco_danado,https://www.jumbo.com.ar/shampoo-pantene-prov-essentials-hidratacion-750ml/p
Jumbo,345282,343967,Shampoo Pantene Porv Essent 2en1 200ml,PANTENE,282.09,23313.0,False,200.0,1.4104,> Perfumería > Cuidado Capilar > Shampoo >,shampoo,estandar,general,https://www.jumbo.com.ar/shampoo-pantene-porv-essent-2en1-200ml-2/p
Jumbo,345281,343966,Acondicionador Pantene Prov Essentials Liso Extremo 400ml,PANTENE,858.79,70974.0,False,400.0,2.147,> Perfumería > Cuidado Capilar > Acondicionador >,acondicionador,profesional,general,https://www.jumbo.com.ar/acondicionador-pantene-prov-essentials-liso-extremo-400ml/p
Jumbo,345280,343965,Shampoo Pantene Prov Essentials Hidratación Ext 200ml,PANTENE,531.49,43925.0,False,200.0,2.6574,> Perfumería > Cuidado Capilar > Shampoo >,shampoo,profesional,seco_danado,https://www.jumbo.com.ar/shampoo-pantene-prov-essentials-hidratacion-ext-200ml/p
Jumbo,345279,343964,Acondicionador Pantene Prov Essentials Liso Extremo 750ml,PANTENE,1544.85,127674.0,False,750.0,2.0598,> Perfumería > Cuidado Capilar > Acondicionador >,acondicionador,profesional,general,https://www.jumbo.com.ar/acondicionador-pantene-prov-essentials-liso-extremo-750ml/p
Jumbo,345278,343963,Acondicionador Pantene Prov Essentials Liso Extremo 200ml,PANTENE,566.05,46781.0,False,200.0,2.8302,> Perfumería > Cuidado Capilar > Acondicionador >,acondicionador,profesional,general,https://www.jumbo.com.ar/acondicionador-pantene-prov-essentials-liso-extremo-200ml/p
Jumbo,345277,343962,Shampoo Pantene Prov Essentials Liso Extremo 750ml,PANTENE,1544.85,127674.0,False,750.0,2.0598,> Perfumería > Cuidado Capilar > Shampoo >,shampoo,profesional,general,https://www.jumbo.com.ar/shampoo-pantene-prov-essentials-liso-extremo-750ml/p
Jumbo,345276,343961,Shampoo Pantene Prov Essentials Liso Extra 200ml,PANTENE,566.05,46781.0,False,200.0,2.8302,> Perfumería > Cuidado Capilar > Shampoo >,shampoo,profesional,general,https://www.jumbo.com.ar/shampoo-pantene-prov-essentials-liso-extra-200ml/p
Jumbo,345274,343959,Shampoo Pantene Prov Essentials Liso Extra 400ml,PANTENE,1400.0,115702.0,False,400.0,3.5,> Perfumería > Cuidado Capilar > Shampoo >,shampoo,profesional,general,https://www.jumbo.com.ar/shampoo-pantene-prov-essentials-liso-extra-400ml/p
Jumbo,345132,343817,Shampoo Pantene Prov Essentials Restauración 200ml,PANTENE,510.99,42231.0,False,200.0,2.5549,> Perfumería > Cuidado Capilar > Shampoo >,shampoo,profesional,general,https://www.jumbo.com.ar/shampoo-pantene-prov-essentials-restauracion-200ml/p
Jumbo,345113,343798,Shampoo Pantene Prov Essentials Micelar 400ml,PANTENE,858.79,70974.0,False,400.0,2.147,> Perfumería > Cuidado Capilar > Shampoo >,shampoo,profesional,general,https://www.jumbo.com.ar/shampoo-pantene-prov-essentials-micelar-400ml-2/p
Jumbo,345111,343796,Shampoo Pantene Prov Essentials Micelar 200ml,PANTENE,613.69,50718.0,False,200.0,3.0685,> Perfumería > Cuidado Capilar > Shampoo >,shampoo,profesional,general,https://www.jumbo.com.ar/shampoo-pantene-prov-essentials-micelar-200ml-2/p
Jumbo,345106,343791,Shampoo Pantene Prov Essentials Brillo 200ml,PANTENE,1100.0,90909.0,False,200.0,5.5,> Perfumería > Cuidado Capilar > Shampoo >,shampoo,profesional,general,https://www.jumbo.com.ar/shampoo-pantene-prov-essentials-brillo-200ml-2/p
Jumbo,345103,343788,Acondicionador Pantene Pro-v Essentials Fuerza 200 Ml,PANTENE,650.0,53719.0,False,200.0,3.25,> Perfumería > Cuidado Capilar > Acondicionador >,acondicionador,profesional,general,https://www.jumbo.com.ar/acondicionador-pantene-pro-v-essentials-fuerza-200-ml/p
Jumbo,345102,343787,Shampoo Pantene Prov Essentials Fuerza 750ml,PANTENE,1461.79,120809.0,False,750.0,1.9491,> Perfumería > Cuidado Capilar > Shampoo >,shampoo,profesional,general,https://www.jumbo.com.ar/shampoo-pantene-prov-essentials-fuerza-750ml-2/p
Jumbo,345101,343786,Shampoo Pantene Prov Essentials Fuerza 400ml,PANTENE,10000.0,826446.0,False,400.0,25.0,> Perfumería > Cuidado Capilar > Shampoo >,shampoo,profesional,general,https://www.jumbo.com.ar/shampoo-pantene-prov-essentials-fuerza-400ml-2/p
Jumbo,345099,343784,Shampoo Pantene Prov Essentials Fuerza 200ml,PANTENE,327.39,27057.0,False,200.0,1.6369,> Perfumería > Cuidado Capilar > Shampoo >,shampoo,profesional,general,https://www.jumbo.com.ar/shampoo-pantene-prov-essentials-fuerza-200ml-2/p
Jumbo,345080,343765,Acondicionador Pantene Pro-v Essentials Micelar 200 Ml,PANTENE,1000.0,82645.0,False,200.0,5.0,> Perfumería > Cuidado Capilar > Acondicionador >,acondicionador,profesional,general,https://www.jumbo.com.ar/acondicionador-pantene-pro-v-essentials-micelar-200-ml/p
Jumbo,345073,343758,Shampoo Pantene Prov Essentials Micelar 750ml,PANTENE,1544.85,127674.0,False,750.0,2.0598,> Perfumería > Cuidado Capilar > Shampoo >,shampoo,profesional,general,https://www.jumbo.com.ar/shampoo-pantene-prov-essentials-micelar-750ml-2/p
Jumbo,345057,343742,Shampoo Pantene Prov Essentials Hidrat 750ml,PANTENE,1450.49,119875.0,False,750.0,1.934,> Perfumería > Cuidado Capilar > Shampoo >,shampoo,profesional,seco_danado,https://www.jumbo.com.ar/shampoo-pantene-prov-essentials-hidrat-750ml/p
Jumbo,332835,331983,Shampoo Pantene Pro-v Miracles Hidratación Extrema 750 Ml,PANTENE,950.0,78512.0,False,750.0,1.2667,> Perfumería > Cuidado Capilar > Shampoo >,shampoo,profesional,seco_danado,https://www.jumbo.com.ar/shampoo-pantene-pro-v-miracles-hidratacion-extrema-750-ml/p
Jumbo,332833,331981,Aceite / óleo Poderoso Pantene Pro-v Repara 95 Ml,PANTENE,13000.0,1074380.0,False,95.0,136.8421,> Perfumería > Cuidado Capilar > Reparación y Tratamientos >,shampoo,profesional,general,https://www.jumbo.com.ar/aceite-oleo-poderoso-pantene-pro-v-repara-95-ml/p
Jumbo,332832,331980,Acondicionador Pantene Pro-v Miracles Hidratación Extrema 400 Ml,PANTENE,415.95,34376.0,False,400.0,1.0399,> Perfumería > Cuidado Capilar > Acondicionador >,acondicionador,profesional,seco_danado,https://www.jumbo.com.ar/acondicionador-pantene-pro-v-miracles-hidratacion-extrema-400-ml/p
Jumbo,332831,331979,Acondicionador Pantene Pro-v Miracles Hidratación 400 Ml,PANTENE,415.95,34376.0,False,400.0,1.0399,> Perfumería > Cuidado Capilar > Acondicionador >,acondicionador,profesional,seco_danado,https://www.jumbo.com.ar/acondicionador-pantene-pro-v-miracles-hidratacion-400-ml/p
Jumbo,332830,331978,Acondicionador Pantene Pro-v Miracles Hidratación 200 Ml,PANTENE,274.19,22660.0,False,200.0,1.3709,> Perfumería > Cuidado Capilar > Acondicionador >,acondicionador,profesional,seco_danado,https://www.jumbo.com.ar/acondicionador-pantene-pro-v-miracles-hidratacion-200-ml/p
Jumbo,332829,331977,Acondicionador Pantene Pro-v Miracles Liso Extremo 200 Ml,PANTENE,274.19,22660.0,False,200.0,1.3709,> Perfumería > Cuidado Capilar > Acondicionador >,acondicionador,profesional,general,https://www.jumbo.com.ar/acondicionador-pantene-pro-v-miracles-liso-extremo-200-ml/p
Jumbo,332828,331976,Shampoo Pantene Pro-v Miracles Hidratación 200 Ml,PANTENE,274.19,22660.0,False,200.0,1.3709,> Perfumería > Cuidado Capilar > Shampoo >,shampoo,profesional,seco_danado,https://www.jumbo.com.ar/shampoo-pantene-pro-v-miracles-hidratacion-200-ml/p
Jumbo,332826,331974,Shampoo Pantene Pro-v Miracles Hidratación 400 Ml,PANTENE,392.39,32429.0,False,400.0,0.981,> Perfumería > Cuidado Capilar > Shampoo >,shampoo,profesional,seco_danado,https://www.jumbo.com.ar/shampoo-pantene-pro-v-miracles-hidratacion-400-ml/p
Jumbo,332825,331973,Acondicionador Pantene Pro-v Miracles Liso Extremo 750 Ml,PANTENE,611.69,50553.0,False,750.0,0.8156,> Perfumería > Cuidado Capilar > Acondicionador >,acondicionador,profesional,general,https://www.jumbo.com.ar/acondicionador-pantene-pro-v-miracles-liso-extremo-750-ml/p
Jumbo,332824,331972,Acondicionador Pantene Pro-v Miracles Liso Extremo 400 Ml,PANTENE,415.95,34376.0,False,400.0,1.0399,> Perfumería > Cuidado Capilar > Acondicionador >,acondicionador,profesional,general,https://www.jumbo.com.ar/acondicionador-pantene-pro-v-miracles-liso-extremo-400-ml/p
Jumbo,332823,331971,Acondicionador Pantene Pro-v Miracles Hidratación Extrema 200 Ml,PANTENE,274.19,22660.0,False,200.0,1.3709,> Perfumería > Cuidado Capilar > Acondicionador >,acondicionador,profesional,seco_danado,https://www.jumbo.com.ar/acondicionador-pantene-pro-v-miracles-hidratacion-extrema-200-ml/p
Jumbo,332820,331969,Acondicionador Pantene Pro-v Miracles Hidratación Extrema 750 Ml,PANTENE,693.77,57336.0,False,750.0,0.925,> Perfumería > Cuidado Capilar > Acondicionador >,acondicionador,profesional,seco_danado,https://www.jumbo.com.ar/acondicionador-pantene-pro-v-miracles-hidratacion-extrema-750-ml/p
Jumbo,332813,331966,Shampoo Pantene Pro-v Miracles Hidratación 750 Ml,PANTENE,693.77,57336.0,False,750.0,0.925,> Perfumería > Cuidado Capilar > Shampoo >,shampoo,profesional,seco_danado,https://www.jumbo.com.ar/shampoo-pantene-pro-v-miracles-hidratacion-750-ml/p
Jumbo,332811,331964,Shampoo Pantene Pro-v Miracles Liso Extremo 200 Ml,PANTENE,274.19,22660.0,False,200.0,1.3709,> Perfumería > Cuidado Capilar > Shampoo >,shampoo,profesional,general,https://www.jumbo.com.ar/shampoo-pantene-pro-v-miracles-liso-extremo-200-ml/p
Jumbo,332809,331963,Shampoo Pantene Pro-v Miracles Liso Extremo 750 Ml,PANTENE,693.77,57336.0,False,750.0,0.925,> Perfumería > Cuidado Capilar > Shampoo >,shampoo,profesional,general,https://www.jumbo.com.ar/shampoo-pantene-pro-v-miracles-liso-extremo-750-ml/p
Jumbo,332808,331962,Shampoo Pantene Pro-v Miracles Liso Extremo 400 Ml,PANTENE,392.39,32429.0,False,400.0,0.981,> Perfumería > Cuidado Capilar > Shampoo >,shampoo,profesional,general,https://www.jumbo.com.ar/shampoo-pantene-pro-v-miracles-liso-extremo-400-ml/p
Jumbo,332807,331961,Shampoo Pantene Pro-v Miracles Hidratación Extrema 200 Ml,PANTENE,274.19,22660.0,False,200.0,1.3709,> Perfumería > Cuidado Capilar > Shampoo >,shampoo,profesional,seco_danado,https://www.jumbo.com.ar/shampoo-pantene-pro-v-miracles-hidratacion-extrema-200-ml/p
Jumbo,332805,331959,Shampoo Pantene Pro-v Miracles Hidratación Extrema 400 Ml,PANTENE,415.95,34376.0,False,400.0,1.0399,> Perfumería > Cuidado Capilar > Shampoo >,shampoo,profesional,seco_danado,https://www.jumbo.com.ar/shampoo-pantene-pro-v-miracles-hidratacion-extrema-400-ml/p
Jumbo,332496,331653,Acondicionador Pantene Pro-v Miracles Brillo Extremo 200 Ml,PANTENE,333.79,27586.0,False,200.0,1.669,> Perfumería > Cuidado Capilar > Acondicionador >,acondicionador,profesional,general,https://www.jumbo.com.ar/acondicionador-pantene-pro-v-miracles-brillo-extremo-200-ml/p
Jumbo,332349,331506,Shampoo Pantene Pro-v Minute Miracle Bambú  270 Ml,PANTENE,462.29,38206.0,False,270.0,1.7122,> Perfumería > Cuidado Capilar > Shampoo >,shampoo,profesional,general,https://www.jumbo.com.ar/shampoo-pantene-pro-v-minute-miracle-bambu-270-ml/p
Jumbo,332341,331498,Shampoo Pantene Pro-v Miracles Micelar 200 Ml,PANTENE,333.79,27586.0,False,200.0,1.669,> Perfumería > Cuidado Capilar > Shampoo >,shampoo,profesional,general,https://www.jumbo.com.ar/shampoo-pantene-pro-v-miracles-micelar-200-ml/p
Jumbo,332340,331497,Shampoo Pantene Pro-v Miracles Brillo Extremo 200 Ml,PANTENE,333.79,27586.0,False,200.0,1.669,> Perfumería > Cuidado Capilar > Shampoo >,shampoo,profesional,general,https://www.jumbo.com.ar/shampoo-pantene-pro-v-miracles-brillo-extremo-200-ml/p
Jumbo,332339,331496,Shampoo Pantene Pro-v Miracles Fuerza & Reconstrucción 200 Ml,PANTENE,294.29,24321.0,False,200.0,1.4715,> Perfumería > Cuidado Capilar > Shampoo >,shampoo,profesional,general,https://www.jumbo.com.ar/shampoo-pantene-pro-v-miracles-fuerza-reconstruccion-200-ml/p
Jumbo,332338,331495,Shampoo Pantene Pro-v Miracles Restauración 200 Ml,PANTENE,333.79,27586.0,False,200.0,1.669,> Perfumería > Cuidado Capilar > Shampoo >,shampoo,profesional,general,https://www.jumbo.com.ar/shampoo-pantene-pro-v-miracles-restauracion-200-ml/p
Jumbo,332337,331494,Acondicionador Pantene Pro-v Miracles Micelar 200 Ml,PANTENE,333.79,27586.0,False,200.0,1.669,> Perfumería > Cuidado Capilar > Acondicionador >,acondicionador,profesional,general,https://www.jumbo.com.ar/acondicionador-pantene-pro-v-miracles-micelar-200-ml/p
Jumbo,332336,331493,Acondicionador Pantene Pro-v Miracles Fuerza & Reconstrucción 200 Ml,PANTENE,333.79,27586.0,False,200.0,1.669,> Perfumería > Cuidado Capilar > Acondicionador >,acondicionador,profesional,general,https://www.jumbo.com.ar/acondicionador-pantene-pro-v-miracles-fuerza-reconstruccion-200-ml/p
Jumbo,332335,331492,Acondicionador Pantene Pro-v Miracles Restauración 200 Ml,PANTENE,311.95,25781.0,False,200.0,1.5597,> Perfumería > Cuidado Capilar > Acondicionador >,acondicionador,profesional,general,https://www.jumbo.com.ar/acondicionador-pantene-pro-v-miracles-restauracion-200-ml/p
Jumbo,331945,331103,Acondicionador Pantene Pro-v Miracles Micelar 700 Ml,PANTENE,843.65,69723.0,False,700.0,1.2052,> Perfumería > Cuidado Capilar > Acondicionador >,acondicionador,profesional,general,https://www.jumbo.com.ar/acondicionador-pantene-pro-v-miracles-micelar-700-ml/p
Jumbo,331944,331102,Acondicionador Pantene Pro-v Miracles Brillo Extremo 750 Ml,PANTENE,843.67,69725.0,False,750.0,1.1249,> Perfumería > Cuidado Capilar > Acondicionador >,acondicionador,profesional,general,https://www.jumbo.com.ar/acondicionador-pantene-pro-v-miracles-brillo-extremo-750-ml/p
Jumbo,331943,331101,Acondicionador Pantene Pro-v Miracles Fuerza & Reconstrucción 750 Ml,PANTENE,843.67,69725.0,False,750.0,1.1249,> Perfumería > Cuidado Capilar > Acondicionador >,acondicionador,profesional,general,https://www.jumbo.com.ar/acondicionador-pantene-pro-v-miracles-fuerza-reconstruccion-750-ml/p
Jumbo,331942,331100,Acondicionador Pantene Pro-v Miracles Fuerza & Reconstrucción 400 Ml,PANTENE,506.39,41850.0,False,400.0,1.266,> Perfumería > Cuidado Capilar > Acondicionador >,acondicionador,profesional,general,https://www.jumbo.com.ar/acondicionador-pantene-pro-v-miracles-fuerza-reconstruccion-400-ml/p
Jumbo,331941,331099,Acondicionador Pantene Pro-v Miracles Brillo Extremo 400 Ml,PANTENE,506.39,41850.0,False,400.0,1.266,> Perfumería > Cuidado Capilar > Acondicionador >,acondicionador,profesional,general,https://www.jumbo.com.ar/acondicionador-pantene-pro-v-miracles-brillo-extremo-400-ml/p
Jumbo,331940,331098,Acondicionador Pantene Pro-v Miracles Restauración 750 Ml,PANTENE,843.67,69725.0,False,750.0,1.1249,> Perfumería > Cuidado Capilar > Acondicionador >,acondicionador,profesional,general,https://www.jumbo.com.ar/acondicionador-pantene-pro-v-miracles-restauracion-750-ml/p
Jumbo,331939,331097,Acondicionador Pantene Pro-v Miracles Micelar 400 Ml,PANTENE,506.39,41850.0,False,400.0,1.266,> Perfumería > Cuidado Capilar > Acondicionador >,acondicionador,profesional,general,https://www.jumbo.com.ar/acondicionador-pantene-pro-v-miracles-micelar-400-ml/p
Jumbo,331938,331096,Acondicionador Pantene Pro-v Miracles Restauración 400 Ml,PANTENE,506.39,41850.0,False,400.0,1.266,> Perfumería > Cuidado Capilar > Acondicionador >,acondicionador,profesional,general,https://www.jumbo.com.ar/acondicionador-pantene-pro-v-miracles-restauracion-400-ml/p
Jumbo,331937,331095,Shampoo Pantene Pro-v Miracles Micelar 750 Ml,PANTENE,843.65,69723.0,False,750.0,1.1249,> Perfumería > Cuidado Capilar > Shampoo >,shampoo,profesional,general,https://www.jumbo.com.ar/shampoo-pantene-pro-v-miracles-micelar-750-ml/p
Jumbo,331936,331094,Shampoo Pantene Pro-v Miracles Micelar 400 Ml,PANTENE,750.0,61983.0,False,400.0,1.875,> Perfumería > Cuidado Capilar > Shampoo >,shampoo,profesional,general,https://www.jumbo.com.ar/shampoo-pantene-pro-v-miracles-micelar-400-ml/p
Jumbo,331935,331093,Shampoo Pantene Pro-v Miracles Brillo Extremo 750 Ml,PANTENE,843.65,69723.0,False,750.0,1.1249,> Perfumería > Cuidado Capilar > Shampoo >,shampoo,profesional,general,https://www.jumbo.com.ar/shampoo-pantene-pro-v-miracles-brillo-extremo-750-ml/p
Jumbo,331934,331092,Shampoo Pantene Pro-v Miracles Restauración 750 Ml,PANTENE,843.65,69723.0,False,750.0,1.1249,> Perfumería > Cuidado Capilar > Shampoo >,shampoo,profesional,general,https://www.jumbo.com.ar/shampoo-pantene-pro-v-miracles-restauracion-750-ml/p
Jumbo,331933,331091,Shampoo Pantene Pro-v Miracles Restauración 400 Ml,PANTENE,506.39,41850.0,False,400.0,1.266,> Perfumería > Cuidado Capilar > Shampoo >,shampoo,profesional,general,https://www.jumbo.com.ar/shampoo-pantene-pro-v-miracles-restauracion-400-ml/p
Jumbo,331932,331090,Shampoo Pantene Pro-v Miracles Fuerza & Reconstrucción 400 Ml,PANTENE,506.39,41850.0,False,400.0,1.266,> Perfumería > Cuidado Capilar > Shampoo >,shampoo,profesional,general,https://www.jumbo.com.ar/shampoo-pantene-pro-v-miracles-fuerza-reconstruccion-400-ml/p
Jumbo,331931,331089,Shampoo Pantene Pro-v Miracles Fuerza & Reconstrucción 750 Ml,PANTENE,843.65,69723.0,False,750.0,1.1249,> Perfumería > Cuidado Capilar > Shampoo >,shampoo,profesional,general,https://www.jumbo.com.ar/shampoo-pantene-pro-v-miracles-fuerza-reconstruccion-750-ml/p
Jumbo,331449,330621,Shampoo Pantene Pro-v Miracles Brillo Extremo 400 Ml,PANTENE,506.39,41850.0,False,400.0,1.266,> Perfumería > Cuidado Capilar > Shampoo >,shampoo,profesional,general,https://www.jumbo.com.ar/shampoo-pantene-pro-v-miracles-brillo-extremo-400-ml/p
Jumbo,316333,315567,Tratamiento Intensivo Pelo Débil Pantene Pro-v Miracles Bambú 300 Ml,PANTENE,488.19,40346.0,False,300.0,1.6273,> Perfumería > Cuidado Capilar > Reparación y Tratamientos >,tratamiento,profesional,general,https://www.jumbo.com.ar/tratamiento-intensivo-pelo-debil-pantene-pro-v-miracles-bambu-300-ml/p
Jumbo,316331,315565,Crema Para Peinar Pantene Pro-v Bambú 300 Ml,PANTENE,488.19,40346.0,False,300.0,1.6273,> Perfumería > Cuidado Capilar > Reparación y Tratamientos >,shampoo,profesional,general,https://www.jumbo.com.ar/crema-para-peinar-pantene-pro-v-bambu-300-ml/p
Jumbo,316328,315562,Acondicionador Pantene Pro-v Bambú 700 Ml,PANTENE,857.97,70907.0,False,700.0,1.2257,> Perfumería > Cuidado Capilar > Acondicionador >,acondicionador,profesional,general,https://www.jumbo.com.ar/acondicionador-pantene-pro-v-bambu-700-ml/p
Jumbo,316326,315560,Acondicionador Pantene Pro-v Bambú 200 Ml,PANTENE,325.15,26872.0,False,200.0,1.6257,> Perfumería > Cuidado Capilar > Acondicionador >,acondicionador,profesional,general,https://www.jumbo.com.ar/acondicionador-pantene-pro-v-bambu-200-ml/p
Jumbo,316325,315559,Acondicionador 3 Minute Miracle Pantene Pro-v Bambú 170 Ml,PANTENE,8400.0,694215.0,False,170.0,49.4118,> Perfumería > Cuidado Capilar > Acondicionador >,acondicionador,profesional,general,https://www.jumbo.com.ar/acondicionador-3-minute-miracle-pantene-pro-v-bambu-170-ml/p
Jumbo,316324,315558,Shampoo Pantene Pro-v Bambú 750 Ml,PANTENE,857.97,70907.0,False,750.0,1.144,> Perfumería > Cuidado Capilar > Shampoo >,shampoo,profesional,general,https://www.jumbo.com.ar/shampoo-pantene-pro-v-bambu-750-ml/p
Jumbo,316323,315557,Acondicionador Pantene Pro-v Bambú 400 Ml,PANTENE,493.29,40768.0,False,400.0,1.2332,> Perfumería > Cuidado Capilar > Acondicionador >,acondicionador,profesional,general,https://www.jumbo.com.ar/acondicionador-pantene-pro-v-bambu-400-ml/p
Jumbo,300730,299950,Shampoo Pantene Pro-v Minute Miracle Summer Edition 270 Ml,PANTENE,259.59,21454.0,False,270.0,0.9614,> Perfumería > Cuidado Capilar > Shampoo >,shampoo,profesional,general,https://www.jumbo.com.ar/shampoo-pantene-pro-v-minute-miracle-summer-edition-270-ml/p
Jumbo,295847,295077,Shampoo Pantene Minute Miracle Restauración 130 Ml,PANTENE,133.53,11036.0,False,130.0,1.0272,> Perfumería > Cuidado Capilar > Shampoo >,shampoo,estandar,general,https://www.jumbo.com.ar/shampoo-pantene-minute-miracle-restauracion-130-ml/p
Jumbo,295846,295076,Shampoo Pantene Pro-v Minute Miracle Fuerza Y Reconstrucción 130 Ml,PANTENE,133.53,11036.0,False,130.0,1.0272,> Perfumería > Cuidado Capilar > Shampoo >,shampoo,profesional,general,https://www.jumbo.com.ar/shampoo-pantene-pro-v-minute-miracle-fuerza-y-reconstruccion-130-ml/p
Jumbo,289453,288701,Shampoo Pantene Pro-v Minute Miracle Hidratación Extrema 270 Ml,PANTENE,201.29,16636.0,False,270.0,0.7455,> Perfumería > Cuidado Capilar > Shampoo >,shampoo,profesional,seco_danado,https://www.jumbo.com.ar/shampoo-pantene-pro-v-minute-miracle-hidratacion-extrema-270-ml/p
Jumbo,289452,288700,Shampoo Pantene Pro-v Minute Miracle Fuerza Y Reconstrucción 270 Ml,PANTENE,189.89,15693.0,False,270.0,0.7033,> Perfumería > Cuidado Capilar > Shampoo >,shampoo,profesional,general,https://www.jumbo.com.ar/shampoo-pantene-pro-v-minute-miracle-fuerza-y-reconstruccion-270-ml/p
Jumbo,289451,288699,Shampoo Pantene Pro-v Minute Miracle Rizos Definidos 270 Ml,PANTENE,189.89,15693.0,False,270.0,0.7033,> Perfumería > Cuidado Capilar > Shampoo >,shampoo,profesional,rizado,https://www.jumbo.com.ar/shampoo-pantene-pro-v-minute-miracle-rizos-definidos-270-ml/p
Jumbo,289450,288698,Shampoo Pantene Pro-v Minute Miracle Restauración 270 Ml,PANTENE,201.29,16636.0,False,270.0,0.7455,> Perfumería > Cuidado Capilar > Shampoo >,shampoo,profesional,general,https://www.jumbo.com.ar/shampoo-pantene-pro-v-minute-miracle-restauracion-270-ml/p
Jumbo,288618,287865,Acondicionador Diario Pantene Pro-v Restauración 3 Minute Miracle 10 Ml,PANTENE,14.39,1189.0,False,10.0,1.439,> Perfumería > Cuidado Capilar > Acondicionador >,acondicionador,profesional,general,https://www.jumbo.com.ar/acondicionador-diario-pantene-pro-v-restauracion-3-minute-miracle-10-ml/p
Jumbo,278514,277770,Acondicionador Diario Pantene Pro-v 3 Minute Miracle Restauración 90 Ml,PANTENE,395.99,32726.0,False,90.0,4.3999,> Perfumería > Cuidado Capilar > Acondicionador >,acondicionador,profesional,general,https://www.jumbo.com.ar/acondicionador-diario-pantene-pro-v-3-minute-miracle-restauracion-90-ml/p
Jumbo,278513,277769,Acondicionador Diario Pantene Pro-v 3 Minute Miracle Fuerza Y Reconstrucción 90 Ml,PANTENE,153.09,12652.0,False,90.0,1.701,> Perfumería > Cuidado Capilar > Acondicionador >,acondicionador,profesional,general,https://www.jumbo.com.ar/acondicionador-diario-pantene-pro-v-3-minute-miracle-fuerza-y-reconstruccion-90-ml/p
Jumbo,273031,272328,Acondicionador Diario Pantene Pro-v 3 Minute Miracle Summer Edition 90 Ml,PANTENE,126.69,10470.0,False,90.0,1.4077,> Perfumería > Cuidado Capilar > Shampoo >,acondicionador,profesional,general,https://www.jumbo.com.ar/acondicionador-diario-pantene-pro-v-3-minute-miracle-summer-edition-90-ml/p
Jumbo,273025,272322,Kit Shampoo Head & Shoulders Limpieza Renovadora 200 Ml  Acondicionador Pantene 3 Minute Miracle Fue,PANTENE,117.19,117.19,False,200.0,0.5859,> Perfumería > Cuidado Capilar > Shampoo >,acondicionador,estandar,general,https://www.jumbo.com.ar/kit-shampoo-head-shoulders-limpieza-renovadora-200-ml-acondicionador-pantene-3-minute-miracle-fue/p
Jumbo,263395,263153,Shampoo Pantene Pro-v Restauración 10 Ml,PANTENE,19.23,1589.0,False,10.0,1.923,> Perfumería > Cuidado Capilar > Shampoo >,shampoo,profesional,general,https://www.jumbo.com.ar/shampoo-pantene-pro-v-restauracion-10-ml/p
Jumbo,262649,261938,Shampoo Pantene Pro-v Micelar 750 Ml,PANTENE,494.89,40900.0,False,750.0,0.6599,> Perfumería > Cuidado Capilar > Shampoo >,shampoo,profesional,general,https://www.jumbo.com.ar/shampoo-pantene-pro-v-micelar-750-ml/p
Jumbo,262647,261936,Shampoo Pantene Pro-v Micelar 200 Ml,PANTENE,173.39,14330.0,False,200.0,0.8669,> Perfumería > Cuidado Capilar > Shampoo >,shampoo,profesional,general,https://www.jumbo.com.ar/shampoo-pantene-pro-v-micelar-200-ml/p
Jumbo,262645,261934,Acondicionador Pantene Pro-v Micelar 200 Ml,PANTENE,173.39,14330.0,False,200.0,0.8669,> Perfumería > Cuidado Capilar > Acondicionador >,acondicionador,profesional,general,https://www.jumbo.com.ar/acondicionador-pantene-pro-v-micelar-200-ml/p
Jumbo,262644,261933,Acondicionador Pantene Pro-v Micelar 700 Ml,PANTENE,457.55,37814.0,False,700.0,0.6536,> Perfumería > Cuidado Capilar > Acondicionador >,acondicionador,profesional,general,https://www.jumbo.com.ar/acondicionador-pantene-pro-v-micelar-700-ml/p
Jumbo,248178,244861,Kit Pantene Pro-v Summer Edition Shampoo 400ml  Acondicionador 3 Minute Miracle 170 Ml,PANTENE,291.47,24088.0,False,400.0,0.7287,> Perfumería > Cuidado Capilar > Shampoo >,acondicionador,profesional,general,https://www.jumbo.com.ar/kit-pantene-pro-v-summer-edition-shampoo-400ml-acondicionador-3-minute-miracle-170-ml/p
Jumbo,246368,243255,Acondicionador Diario Pantene Pro-v 3 Minute Miracle Summer Edition 170 Ml,PANTENE,189.49,15660.0,False,170.0,1.1146,> Perfumería > Cuidado Capilar > Acondicionador >,acondicionador,profesional,general,https://www.jumbo.com.ar/acondicionador-diario-pantene-pro-v-3-minute-miracle-summer-edition-170-ml/p
Jumbo,215354,232400,Crema Para Peinar Pantene Frizz Control 3 U De 10 Ml  Blister1 U,PANTENE,1.67,1.67,False,10.0,0.167,> Perfumería > Cuidado Capilar > Reparación y Tratamientos >,shampoo,estandar,general,https://www.jumbo.com.ar/crema-para-peinar-pantene-frizz-control-3-u-de-10-ml-blister1-u-248081/p
Jumbo,215344,232403,Shampoo Pantene Pro V Liso Extremo +acond +crema De Peinar 10 Ml Blister 1 U,PANTENE,1.69,1.69,False,10.0,0.169,> Perfumería > Cuidado Capilar > Shampoo >,shampoo,profesional,general,https://www.jumbo.com.ar/shampoo-pantene-pro-v-liso-extremo-acond-crema-de-peinar-10-ml-blister-1-u-248078/p
Jumbo,210015,232565,Shampoo Pantene Reparación Intensa Shamp+acond 200ml+tratam Pck 3 Un.,PANTENE,25.69,25.69,False,200.0,0.1285,> Perfumería > Cuidado Capilar > Shampoo >,shampoo,estandar,general,https://www.jumbo.com.ar/shampoo-pantene-51-349886/p
Jumbo,209865,232387,Shampoo Pantene Frizz Control Shamp+acond 400ml+crpeinar Pck 3 Un.,PANTENE,36.69,36.69,False,400.0,0.0917,> Perfumería > Cuidado Capilar > Shampoo >,shampoo,estandar,general,https://www.jumbo.com.ar/shampoo-pantene-49-349885/p
Jumbo,195205,232386,Shampoo Pantene Pro V Liso Extremo 3 U De 10 Ml,PANTENE,1.67,1.67,False,10.0,0.167,> Perfumería > Cuidado Capilar > Shampoo >,shampoo,profesional,general,https://www.jumbo.com.ar/shampoo-pantene-pro-v-liso-extremo-3-u-de-10-ml-248080/p
Jumbo,189915,232560,Shampoo Pantene Liso Extremo Shamp+acond 400ml+crpeinar Pck 3 Un.,PANTENE,36.69,36.69,False,400.0,0.0917,> Perfumería > Cuidado Capilar > Shampoo >,shampoo,estandar,general,https://www.jumbo.com.ar/shampoo-pantene-50-349884/p
Jumbo,188251,232583,Shampoo Pantene Reparación Intensa Shamp+acond+tratam 400ml Pck 3 Un.,PANTENE,37.19,37.19,False,400.0,0.093,> Perfumería > Cuidado Capilar > Shampoo >,shampoo,estandar,general,https://www.jumbo.com.ar/shampoo-pantene-52-349882/p
Jumbo,182873,204538,Acondicionador Pantene Cuidado Clásico X 200 Ml.,PANTENE,5.29,5.29,False,200.0,0.0265,> Perfumería > Cuidado Capilar > Acondicionador >,acondicionador,estandar,general,https://www.jumbo.com.ar/acondicionador-pantene-25-193775/p
Jumbo,170114,167653,Shampoo Pantene Pro V-brillo Extremo-acond Pantene 400ml-pck-un.-2,PANTENE,33.59,33.59,False,400.0,0.084,> Perfumería > Cuidado Capilar > Shampoo >,shampoo,profesional,general,https://www.jumbo.com.ar/shampoo-pantene-pro-v-brillo-extremo-acond-pantene-400ml-pck-un-2/p
Jumbo,170111,167650,Shampoo Pantene Pro V-control Caida-acond Pantene 400ml-pck-un.-2,PANTENE,22.22,22.22,False,400.0,0.0555,> Perfumería > Cuidado Capilar > Shampoo >,shampoo,profesional,general,https://www.jumbo.com.ar/shampoo-pantene-pro-v-control-caida-acond-pantene-400ml-pck-un-2/p
Jumbo,170024,167563,Shampoo Pantene Pro V-renov. Profunda-acond400ml+tratam400ml-pck-un.-3,PANTENE,44.19,44.19,False,400.0,0.1105,> Perfumería > Cuidado Capilar > Shampoo >,shampoo,profesional,general,https://www.jumbo.com.ar/shampoo-pantene-pro-v-renov-profunda-acond400ml-tratam400ml-pck-un-3/p
Jumbo,167524,165063,Shampoo Pantene Pro-v Hidrocauterizacion 200 Ml,PANTENE,24.67,2039.0,False,200.0,0.1234,> Perfumería > Cuidado Capilar > Shampoo >,shampoo,profesional,general,https://www.jumbo.com.ar/shampoo-pantene-pro-v-hidrocauterizacion-200-ml/p
Jumbo,165141,162680,Shampoo Pantene-tratamiento Reparación-bli-un.-2,PANTENE,95.85,7921.0,False,,,> Perfumería > Cuidado Capilar > Shampoo >,tratamiento,estandar,general,https://www.jumbo.com.ar/shampoo-pantene-tratamiento-reparacion-bli-un-2/p
Jumbo,164209,161748,Acondicionador Pantene Pro V-+ Ampolla X15 Ml-restauración-bli-un.-2,PANTENE,22.29,22.29,False,15.0,1.486,> Perfumería > Cuidado Capilar > Acondicionador >,acondicionador,profesional,general,https://www.jumbo.com.ar/acondicionador-pantene-pro-v-ampolla-x15-ml-restauracion-bli-un-2/p
Jumbo,163990,161528,Shampoo Pantene Pro V-+ Ampolla X15 Ml-restauración-bli-un.-2,PANTENE,22.29,22.29,False,15.0,1.486,> Perfumería > Cuidado Capilar > Shampoo >,shampoo,profesional,general,https://www.jumbo.com.ar/shampoo-pantene-pro-v-ampolla-x15-ml-restauracion-bli-un-2/p
Jumbo,148822,146472,Oferta Pantene Hidratación Sh+aco,PANTENE,37.43,37.43,False,,,> Perfumería > Cuidado Capilar > Shampoo >,shampoo,estandar,seco_danado,https://www.jumbo.com.ar/oferta-pantene-hidratacion-sh-aco-2/p
Jumbo,148756,145665,Oferta Pantene Fusión Nat Aco+trat,PANTENE,37.17,37.17,False,,,> Perfumería > Cuidado Capilar > Acondicionador >,shampoo,estandar,general,https://www.jumbo.com.ar/oferta-pantene-fusion-nat-aco-trat-2/p
Jumbo,148750,145661,Oferta Pantene Fusión Nat Sh+ac 400ml,PANTENE,103.39,103.39,False,400.0,0.2585,> Perfumería > Cuidado Capilar > Shampoo >,shampoo,estandar,general,https://www.jumbo.com.ar/oferta-pantene-fusion-nat-sh-ac-400ml-2/p
Jumbo,148749,145660,Oferta Pantene Restauración Aco+trat,PANTENE,37.17,37.17,False,,,> Perfumería > Cuidado Capilar > Acondicionador >,shampoo,estandar,general,https://www.jumbo.com.ar/oferta-pantene-restauracion-aco-trat-2/p
Jumbo,148747,145654,Oferta Pantene Hidratación Aco+trat,PANTENE,37.17,37.17,False,,,> Perfumería > Cuidado Capilar > Acondicionador >,shampoo,estandar,seco_danado,https://www.jumbo.com.ar/oferta-pantene-hidratacion-aco-trat-2/p
Jumbo,148744,145653,Oferta Pantene Restauración Sh+aco 400ml,PANTENE,37.43,37.43,False,400.0,0.0936,> Perfumería > Cuidado Capilar > Shampoo >,shampoo,estandar,general,https://www.jumbo.com.ar/oferta-pantene-restauracion-sh-aco-400ml-2/p
Jumbo,147301,144210,Shampoo Pantene Pro V-restaurador-+ Crema Tratamiento-bot-un.-2,PANTENE,36.99,36.99,False,,,> Perfumería > Cuidado Capilar > Shampoo >,tratamiento,profesional,general,https://www.jumbo.com.ar/shampoo-pantene-pro-v-restaurador-crema-tratamiento-bot-un-2/p
Jumbo,139821,136732,Acondicionador Pantene Pro-v Restauracion 750 Ml,PANTENE,81.09,6702.0,False,750.0,0.1081,> Perfumería > Cuidado Capilar > Acondicionador >,acondicionador,profesional,general,https://www.jumbo.com.ar/acondicionador-pantene-pro-v-restauracion-750-ml-2/p
Jumbo,139649,136560,Shampoo Pantene Pro-v Restauración 750 Ml,PANTENE,74.37,6146.0,False,750.0,0.0992,> Perfumería > Cuidado Capilar > Shampoo >,shampoo,profesional,general,https://www.jumbo.com.ar/shampoo-pantene-pro-v-restauracion-750-ml-2/p
Jumbo,137863,134774,Shampoo Pantene Pro V-renov. Profunda-acond Pantene 400ml-pck-un.-2,PANTENE,22.25,22.25,False,400.0,0.0556,> Perfumería > Cuidado Capilar > Shampoo >,shampoo,profesional,general,https://www.jumbo.com.ar/shampoo-pantene-pro-v-renov-profunda-acond-pantene-400ml-pck-un-2-2/p
Jumbo,135051,131963,Minikit Pantene Pro-v Expert Keratin Repair,PANTENE,74.19,6131.0,False,,,> Perfumería > Cuidado Capilar > Shampoo >,tratamiento,profesional,general,https://www.jumbo.com.ar/minikit-pantene-pro-v-expert-keratin-repair/p
Jumbo,132354,129270,Acondicionador Pantene Brillo Extremo 400 Ml,PANTENE,97.29,8041.0,False,400.0,0.2432,> Perfumería > Cuidado Capilar > Acondicionador >,acondicionador,estandar,general,https://www.jumbo.com.ar/acondicionador-pantene-brillo-extremo-400-ml-2/p
Jumbo,132328,129244,Acondicionador Pantene Pro-v Liso Extremo 200 Ml,PANTENE,24.67,2039.0,False,200.0,0.1234,> Perfumería > Cuidado Capilar > Acondicionador >,acondicionador,profesional,general,https://www.jumbo.com.ar/acondicionador-pantene-pro-v-liso-extremo-200-ml/p
Jumbo,132323,129239,Shampoo Pantene Pro-v Rizos Definidos 750 Ml,PANTENE,74.37,74.37,False,750.0,0.0992,> Perfumería > Cuidado Capilar > Shampoo >,shampoo,profesional,rizado,https://www.jumbo.com.ar/shampoo-pantene-pro-v-rizos-definidos-750-ml/p
Jumbo,132316,129232,Shampoo Pantene Pro-v Rizos Definidos 400 Ml,PANTENE,48.79,4032.0,False,400.0,0.122,> Perfumería > Cuidado Capilar > Shampoo >,shampoo,profesional,rizado,https://www.jumbo.com.ar/shampoo-pantene-pro-v-rizos-definidos-400-ml/p
Jumbo,132306,129221,Pantene 2in1 Lisoysedoso 400ml,PANTENE,48.79,4032.0,False,400.0,0.122,> Perfumería > Cuidado Capilar > Shampoo >,shampoo,estandar,general,https://www.jumbo.com.ar/pantene-2in1-lisoysedoso-400ml/p
Jumbo,132300,129215,Pantene 2in1 Hidratación 200ml,PANTENE,22.39,1850.0,False,200.0,0.112,> Perfumería > Cuidado Capilar > Shampoo >,shampoo,estandar,seco_danado,https://www.jumbo.com.ar/pantene-2in1-hidratacion-200ml/p
Jumbo,132296,129212,Shampoo Pantene Cuidado Clásico 200 Ml,PANTENE,31.59,31.59,False,200.0,0.158,> Perfumería > Cuidado Capilar > Shampoo >,shampoo,estandar,general,https://www.jumbo.com.ar/shampoo-pantene-cuidado-clasico-200-ml/p
Jumbo,132294,129210,Shampoo Pantene Pro-v Hidratación 750 Ml,PANTENE,74.37,6146.0,False,750.0,0.0992,> Perfumería > Cuidado Capilar > Shampoo >,shampoo,profesional,seco_danado,https://www.jumbo.com.ar/shampoo-pantene-pro-v-hidratacion-750-ml/p
Jumbo,132290,129206,Shampoo Pantene Pro-v Liso Extremo 200 Ml,PANTENE,24.67,2039.0,False,200.0,0.1234,> Perfumería > Cuidado Capilar > Shampoo >,shampoo,profesional,general,https://www.jumbo.com.ar/shampoo-pantene-pro-v-liso-extremo-200-ml/p
Jumbo,132289,129205,Shampoo Pantene Pro-v Hidratación 200 Ml,PANTENE,24.67,2039.0,False,200.0,0.1234,> Perfumería > Cuidado Capilar > Shampoo >,shampoo,profesional,seco_danado,https://www.jumbo.com.ar/shampoo-pantene-pro-v-hidratacion-200-ml/p
Jumbo,132277,129193,Shampoo Pantene Pro-v Control Caida 200 Ml,PANTENE,24.67,2039.0,False,200.0,0.1234,> Perfumería > Cuidado Capilar > Shampoo >,shampoo,profesional,general,https://www.jumbo.com.ar/shampoo-pantene-pro-v-control-caida-200-ml/p
Jumbo,132272,129189,Shampoo Pantene Pro-v Brillo Extremo 200 Ml,PANTENE,24.67,2039.0,False,200.0,0.1234,> Perfumería > Cuidado Capilar > Shampoo >,shampoo,profesional,general,https://www.jumbo.com.ar/shampoo-pantene-pro-v-brillo-extremo-200-ml/p
Jumbo,132270,129186,Pantene Shampoo Liso Y Sedoso 200ml,PANTENE,24.67,2039.0,False,200.0,0.1234,> Perfumería > Cuidado Capilar > Shampoo >,shampoo,estandar,general,https://www.jumbo.com.ar/pantene-shampoo-liso-y-sedoso-200ml/p
Jumbo,132267,129184,Shampoo Pantene Control Caída 400 Ml,PANTENE,48.79,4032.0,False,400.0,0.122,> Perfumería > Cuidado Capilar > Shampoo >,shampoo,estandar,general,https://www.jumbo.com.ar/shampoo-pantene-control-caida-400-ml/p
Jumbo,132264,129180,Shampoo Pantene Pro-v  Liso Extremo 750ml,PANTENE,74.37,6146.0,False,750.0,0.0992,> Perfumería > Cuidado Capilar > Shampoo >,shampoo,profesional,general,https://www.jumbo.com.ar/shampoo-pantene-pro-v-liso-extremo-750ml/p
Jumbo,132261,129177,Acondicionador Pantene Pro-v Rizos Definidos 200 Ml,PANTENE,24.67,2039.0,False,200.0,0.1234,> Perfumería > Cuidado Capilar > Acondicionador >,acondicionador,profesional,rizado,https://www.jumbo.com.ar/acondicionador-pantene-pro-v-rizos-definidos-200-ml/p
Jumbo,132260,129176,Shampoo Pantene Liso Extremo 400 Ml,PANTENE,48.79,4032.0,False,400.0,0.122,> Perfumería > Cuidado Capilar > Shampoo >,shampoo,estandar,general,https://www.jumbo.com.ar/shampoo-pantene-liso-extremo-400-ml/p
Jumbo,132257,129173,Acondicionador Pantene Pro-v Rizos Definidos 750 Ml,PANTENE,254.19,254.19,False,750.0,0.3389,> Perfumería > Cuidado Capilar > Acondicionador >,acondicionador,profesional,rizado,https://www.jumbo.com.ar/acondicionador-pantene-pro-v-rizos-definidos-750-ml/p
Jumbo,132250,129166,Acondicionador Pantene Rizos Definidos 400 Ml,PANTENE,48.79,4032.0,False,400.0,0.122,> Perfumería > Cuidado Capilar > Acondicionador >,acondicionador,estandar,rizado,https://www.jumbo.com.ar/acondicionador-pantene-rizos-definidos-400-ml-2/p
Jumbo,132244,129160,Acondicionador Pantene Pro-v Hidratación 400 Ml,PANTENE,97.29,8041.0,False,400.0,0.2432,> Perfumería > Cuidado Capilar > Acondicionador >,acondicionador,profesional,seco_danado,https://www.jumbo.com.ar/acondicionador-pantene-pro-v-hidratacion-400-ml/p
Jumbo,132240,129156,Acondicionador Pantene Pro-v Hidratación 200 Ml,PANTENE,24.67,2039.0,False,200.0,0.1234,> Perfumería > Cuidado Capilar > Acondicionador >,acondicionador,profesional,seco_danado,https://www.jumbo.com.ar/acondicionador-pantene-pro-v-hidratacion-200-ml/p
Jumbo,132235,129151,Acondicionador Pantene Liso Y Sedoso 200 Ml,PANTENE,24.67,2039.0,False,200.0,0.1234,> Perfumería > Cuidado Capilar > Acondicionador >,acondicionador,estandar,general,https://www.jumbo.com.ar/acondicionador-pantene-liso-y-sedoso-200-ml/p
Jumbo,132232,129148,Acondicionador Pantene Pro-v Restauracion 200 Ml,PANTENE,24.67,2039.0,False,200.0,0.1234,> Perfumería > Cuidado Capilar > Acondicionador >,acondicionador,profesional,general,https://www.jumbo.com.ar/acondicionador-pantene-pro-v-restauracion-200-ml/p
Jumbo,132231,129149,Shampoo Pantene Pro-v Restauración 200 Ml,PANTENE,24.67,2039.0,False,200.0,0.1234,> Perfumería > Cuidado Capilar > Shampoo >,shampoo,profesional,general,https://www.jumbo.com.ar/shampoo-pantene-pro-v-restauracion-200-ml/p
Jumbo,132228,129144,Acondicionador Pantene Cuidado Clásico 400 Ml,PANTENE,97.29,8041.0,False,400.0,0.2432,> Perfumería > Cuidado Capilar > Acondicionador >,acondicionador,estandar,general,https://www.jumbo.com.ar/acondicionador-pantene-cuidado-clasico-400-ml/p
Jumbo,130643,127572,Pantene Tratamiento Hidratacion Balanceada 150ml,PANTENE,31.99,2644.0,False,150.0,0.2133,> Perfumería > Cuidado Capilar > Reparación y Tratamientos >,tratamiento,estandar,seco_danado,https://www.jumbo.com.ar/pantene-tratamiento-hidratacion-balanceada-150ml/p
Jumbo,130623,127553,Shampoo Pantene Fusión Naturaleza 750 Ml,PANTENE,74.37,6146.0,False,750.0,0.0992,> Perfumería > Cuidado Capilar > Shampoo >,shampoo,estandar,general,https://www.jumbo.com.ar/shampoo-pantene-fusion-naturaleza-750-ml/p
Jumbo,130619,127548,Shampoo Pantene Fusión Naturaleza 400 Ml,PANTENE,48.79,4032.0,False,400.0,0.122,> Perfumería > Cuidado Capilar > Shampoo >,shampoo,estandar,general,https://www.jumbo.com.ar/shampoo-pantene-fusion-naturaleza-400-ml-2/p
Jumbo,130613,127542,Shampoo Pantene Fusión Naturaleza 400 Ml,PANTENE,42.97,3551.0,False,400.0,0.1074,> Perfumería > Cuidado Capilar > Shampoo >,shampoo,estandar,general,https://www.jumbo.com.ar/shampoo-pantene-fusion-naturaleza-400-ml/p
Jumbo,130608,127537,Shampoo Pantene Fusión Naturaleza 200 Ml,PANTENE,24.67,2039.0,False,200.0,0.1234,> Perfumería > Cuidado Capilar > Shampoo >,shampoo,estandar,general,https://www.jumbo.com.ar/shampoo-pantene-fusion-naturaleza-200-ml/p
Jumbo,130583,127512,Pantene Tratamiento Noc Reparacion Nutritiva 150ml,PANTENE,29.39,2429.0,False,150.0,0.1959,> Perfumería > Cuidado Capilar > Reparación y Tratamientos >,tratamiento,estandar,general,https://www.jumbo.com.ar/pantene-tratamiento-noc-reparacion-nutritiva-150ml/p
Jumbo,127440,110229,Shampoo Pantene-renovación Profunda  X 200-+ Acondicionador Renov. Prof. X 200-pck-un.-2,PANTENE,10.95,10.95,False,,,> Perfumería > Cuidado Capilar > Shampoo >,acondicionador,estandar,general,https://www.jumbo.com.ar/shampoo-pantene-renovacion-profunda-x-200-acondicionador-renov-prof-x-200-pck-un-2/p
Jumbo,123357,122362,Acond Pantene Rep Int + Trat,PANTENE,24.95,24.95,False,,,> Perfumería > Cuidado Capilar > Acondicionador >,shampoo,estandar,general,https://www.jumbo.com.ar/acond-pantene-rep-int-trat/p
Jumbo,123207,122212,Acond Pantene Frizz Ctrol  + Trat,PANTENE,24.95,24.95,False,,,> Perfumería > Cuidado Capilar > Acondicionador >,shampoo,estandar,general,https://www.jumbo.com.ar/acond-pantene-frizz-ctrol-trat/p
Jumbo,123015,122022,Acond Pantene Ctrol Caida  + Trat,PANTENE,27.05,27.05,False,,,> Perfumería > Cuidado Capilar > Acondicionador >,shampoo,estandar,general,https://www.jumbo.com.ar/acond-pantene-ctrol-caida-trat/p
Jumbo,118671,117708,Acondicionador Pantene  Pro V X 2 Un,PANTENE,22.97,22.97,False,,,> Perfumería > Cuidado Capilar > Acondicionador >,acondicionador,profesional,general,https://www.jumbo.com.ar/acondicionador-pantene-pro-v-x-2-un-10/p
Jumbo,118582,117619,Acondicionador Pantene Pro V X 2 Un + Spray Brillo Extremo,PANTENE,21.53,21.53,False,,,> Perfumería > Cuidado Capilar > Acondicionador >,acondicionador,profesional,general,https://www.jumbo.com.ar/acondicionador-pantene-pro-v-x-2-un-7/p
Jumbo,116843,115883,Acondicionador Pantene Pro V X 3 Un Brillo Extremo + Tratamiento X 400 + Bolso,PANTENE,25.35,25.35,False,,,> Perfumería > Cuidado Capilar > Acondicionador >,acondicionador,profesional,general,https://www.jumbo.com.ar/acondicionador-pantene-pro-v-x-3-un/p
Jumbo,116831,115871,Acondicionador Pantene  Pro V X 3 Un + Trantamiento X 400 + Bolso,PANTENE,25.35,25.35,False,,,> Perfumería > Cuidado Capilar > Acondicionador >,acondicionador,profesional,general,https://www.jumbo.com.ar/acondicionador-pantene-pro-v-x-3-un-2-2/p
Jumbo,116709,115750,Acondicionador Pantene Pro V X 3 Un + Tratamiento X 400 + Bolso,PANTENE,27.29,27.29,False,,,> Perfumería > Cuidado Capilar > Acondicionador >,acondicionador,profesional,general,https://www.jumbo.com.ar/acondicionador-pantene-pro-v-x-3-un-2/p
Jumbo,116422,115462,Shampoo Pantene Pro V X 200 Ml Shampoo Pantene Brillo Extremo 200 Ml,PANTENE,21.33,1763.0,False,200.0,0.1066,> Perfumería > Cuidado Capilar > Shampoo >,shampoo,profesional,general,https://www.jumbo.com.ar/shampoo-pantene-pro-v-x-200-ml/p
Jumbo,95931,93251,Shampoo Pantene Pro V Pck 6 Un,PANTENE,11.16,11.16,False,,,> Perfumería > Cuidado Capilar > Shampoo >,shampoo,profesional,general,https://www.jumbo.com.ar/shampoo-pantene-pro-v-pck-6-un-2/p
Jumbo,95867,93188,Shampoo Pantene Pro V Pck 6 Un,PANTENE,11.16,11.16,False,,,> Perfumería > Cuidado Capilar > Shampoo >,shampoo,profesional,general,https://www.jumbo.com.ar/shampoo-pantene-pro-v-pck-6-un/p
Jumbo,94091,91419,Shampoo Pantene-rizos Definidos X 400ml.-+ Trat X150ml.-pck-un.-2,PANTENE,28.45,2351.0,False,400.0,0.0711,> Perfumería > Cuidado Capilar > Shampoo >,shampoo,estandar,rizado,https://www.jumbo.com.ar/shampoo-pantene-rizos-definidos-x-400ml-trat-x150ml-pck-un-2/p
Jumbo,93964,91292,Shampoo Pantene-liso Extremo X 400ml.-+ Trat X150ml.-pck-un.-2,PANTENE,103.39,103.39,False,400.0,0.2585,> Perfumería > Cuidado Capilar > Shampoo >,shampoo,estandar,general,https://www.jumbo.com.ar/shampoo-pantene-liso-extremo-x-400ml-trat-x150ml-pck-un-2/p
Jumbo,93955,91283,Shampoo Pantene-rizos Definidos X 400ml.-+ Ac X400ml. + Trat X150ml.-pck-un.-3,PANTENE,40.15,40.15,False,400.0,0.1004,> Perfumería > Cuidado Capilar > Shampoo >,shampoo,estandar,rizado,https://www.jumbo.com.ar/shampoo-pantene-rizos-definidos-x-400ml-ac-x400ml-trat-x150ml-pck-un-3/p
Jumbo,93927,91255,Shampoo Pantene-liso Extremo X 400ml.-+ Ac X400ml. + Trat X150ml.-pck-un.-3,PANTENE,40.15,40.15,False,400.0,0.1004,> Perfumería > Cuidado Capilar > Shampoo >,shampoo,estandar,general,https://www.jumbo.com.ar/shampoo-pantene-liso-extremo-x-400ml-ac-x400ml-trat-x150ml-pck-un-3/p
Jumbo,93758,91086,Shampoo Pantene-control Caida-pvc-ml.-500,PANTENE,17.39,17.39,False,,,> Perfumería > Cuidado Capilar > Shampoo >,shampoo,estandar,general,https://www.jumbo.com.ar/shampoo-pantene-control-caida-pvc-ml-500/p
Jumbo,90006,87334,Tratamiento Intensivo Pantene Nocturno Pantene Tratamiento Noc Restauracion 150ml,PANTENE,41.79,3454.0,False,150.0,0.2786,> Perfumería > Cuidado Capilar > Reparación y Tratamientos >,tratamiento,estandar,general,https://www.jumbo.com.ar/tratamiento-intensivo-pantene-nocturno/p
Jumbo,88478,85805,Shampoo Pantene Renov. Profunda Acond 200ml+tratam Nocturno Pck 3 Un.,PANTENE,26.99,26.99,False,200.0,0.1349,> Perfumería > Cuidado Capilar > Shampoo >,shampoo,estandar,general,https://www.jumbo.com.ar/shampoo-pantene-54/p
Jumbo,77295,74422,Acondicionador Pantene Pro V X 200 Ml Acondicionador Pantene Pro V Color Radiante  Pvc 200 Ml,PANTENE,17.45,17.45,False,200.0,0.0872,> Perfumería > Cuidado Capilar > Acondicionador >,acondicionador,profesional,tratado,https://www.jumbo.com.ar/acondicionador-pantene-pro-v-x-200-ml-3/p
Jumbo,58796,55950,Shampoo Pantene Pro V-400ml-acond Pantene 400ml-pck-un.-2,PANTENE,103.39,103.39,False,400.0,0.2585,> Perfumería > Cuidado Capilar > Shampoo >,shampoo,profesional,general,https://www.jumbo.com.ar/shampoo-pantene-pro-v-400ml-acond-pantene-400ml-pck-un-2/p
Jumbo,58763,55917,Shampoo Pantene Pro V-+ Acondicionador Pantenne X 200 Ml-pck-un.-2,PANTENE,11.11,11.11,False,200.0,0.0555,> Perfumería > Cuidado Capilar > Shampoo >,acondicionador,profesional,general,https://www.jumbo.com.ar/shampoo-pantene-pro-v-acondicionador-pantenne-x-200-ml-pck-un-2/p
Jumbo,58761,55915,Shampoo Pantene Pro V-+ Acondicionador Pantenne X 200 Ml-brillo Extremo-pck-un.-2,PANTENE,17.59,17.59,False,200.0,0.088,> Perfumería > Cuidado Capilar > Shampoo >,acondicionador,profesional,general,https://www.jumbo.com.ar/shampoo-pantene-pro-v-acondicionador-pantenne-x-200-ml-brillo-extremo-pck-un-2/p
Jumbo,58754,55908,Shampoo Pantene Pro V-+ Acondicionador X200ml.-pck-un.-2,PANTENE,17.62,17.62,False,200.0,0.0881,> Perfumería > Cuidado Capilar > Shampoo >,acondicionador,profesional,general,https://www.jumbo.com.ar/shampoo-pantene-pro-v-acondicionador-x200ml-pck-un-2/p
Jumbo,56643,53801,Acondicionador Pantene-restauracion Dorada-pvc-ml.-400,PANTENE,26.99,2231.0,False,,,> Perfumería > Cuidado Capilar > Acondicionador >,acondicionador,estandar,general,https://www.jumbo.com.ar/acondicionador-pantene-restauracion-dorada-pvc-ml-400/p
Jumbo,56622,53780,Shampoo Pantene-restauracion Dorada-pvc-ml.-400,PANTENE,26.99,2231.0,False,,,> Perfumería > Cuidado Capilar > Shampoo >,shampoo,estandar,general,https://www.jumbo.com.ar/shampoo-pantene-restauracion-dorada-pvc-ml-400/p
Jumbo,55449,52608,Acondicionador Pantene Pro V Rubio Oscuro Expresiones De Color Pvc 400 Ml,PANTENE,12.97,12.97,False,400.0,0.0324,> Perfumería > Cuidado Capilar > Acondicionador >,acondicionador,profesional,tratado,https://www.jumbo.com.ar/acondicionador-pantene-pro-v-rubio-oscuro-expresiones-de-color-pvc-400-ml/p
Jumbo,55403,52562,Acondicionador Pantene Pro V Castaño Claro Expresiones De Color Pvc 400 Ml,PANTENE,12.97,12.97,False,400.0,0.0324,> Perfumería > Cuidado Capilar > Acondicionador >,acondicionador,profesional,tratado,https://www.jumbo.com.ar/acondicionador-pantene-pro-v-castano-claro-expresiones-de-color-pvc-400-ml/p
Jumbo,55366,52525,Shampoo Pantene Pro V Pureza Pvc 400 Ml,PANTENE,11.89,11.89,False,400.0,0.0297,> Perfumería > Cuidado Capilar > Shampoo >,shampoo,profesional,general,https://www.jumbo.com.ar/shampoo-pantene-pro-v-pureza-pvc-400-ml/p
Jumbo,55364,52523,Shampoo Pantene Pro V Rojo Pvc 384 Ml,PANTENE,12.97,12.97,False,384.0,0.0338,> Perfumería > Cuidado Capilar > Shampoo >,shampoo,profesional,general,https://www.jumbo.com.ar/shampoo-pantene-pro-v-rojo-pvc-384-ml/p
Jumbo,55362,52521,Shampoo Pantene Rubio Oscuro  Expresiones De Color  Pvc 384 Ml,PANTENE,12.97,12.97,False,384.0,0.0338,> Perfumería > Cuidado Capilar > Shampoo >,shampoo,estandar,tratado,https://www.jumbo.com.ar/shampoo-pantene-rubio-oscuro-expresiones-de-color-pvc-384-ml/p
Jumbo,55359,52518,Shampoo Pantene Pro V Castaño Claro Expresiones De Color Pvc 384 Ml,PANTENE,12.97,12.97,False,384.0,0.0338,> Perfumería > Cuidado Capilar > Shampoo >,shampoo,profesional,tratado,https://www.jumbo.com.ar/shampoo-pantene-pro-v-castano-claro-expresiones-de-color-pvc-384-ml/p
Jumbo,55351,52511,Acondicionador Pantene Pro V Rubio Claro Expresiones De Color Pvc 400 Ml,PANTENE,12.97,12.97,False,400.0,0.0324,> Perfumería > Cuidado Capilar > Acondicionador >,acondicionador,profesional,tratado,https://www.jumbo.com.ar/acondicionador-pantene-pro-v-rubio-claro-expresiones-de-color-pvc-400-ml/p
Jumbo,51663,48831,Acondicionador Pantene Liso Extremo 400 Ml,PANTENE,48.79,4032.0,False,400.0,0.122,> Perfumería > Cuidado Capilar > Acondicionador >,acondicionador,estandar,general,https://www.jumbo.com.ar/acondicionador-pantene-liso-extremo-400-ml/p
Jumbo,50821,47991,Shampoo Pantene Pro V Pack X 2-restauración-+ Crema Tratamiento-pck-un.-2,PANTENE,28.67,28.67,False,,,> Perfumería > Cuidado Capilar > Shampoo >,tratamiento,profesional,general,https://www.jumbo.com.ar/shampoo-pantene-pro-v-pack-x-2-restauracion-crema-tratamiento-pck-un-2/p
Jumbo,50792,47962,Shampoo Pantene Pro V Pack X 2-brillo Extremo-+ Acondicionador Pantenne X 200 Ml-pck-un.-2,PANTENE,13.56,13.56,False,200.0,0.0678,> Perfumería > Cuidado Capilar > Shampoo >,acondicionador,profesional,general,https://www.jumbo.com.ar/shampoo-pantene-pro-v-pack-x-2-brillo-extremo-acondicionador-pantenne-x-200-ml-pck-un-2/p
Jumbo,50781,47951,Shampoo Pantene Pro V Pack X 2-restauración-+ Acondicionador X200ml.-pck-un.-2,PANTENE,12.15,12.15,False,200.0,0.0607,> Perfumería > Cuidado Capilar > Shampoo >,acondicionador,profesional,general,https://www.jumbo.com.ar/shampoo-pantene-pro-v-pack-x-2-restauracion-acondicionador-x200ml-pck-un-2/p
Jumbo,50773,47943,Shampoo Pantene Pro V Pack X 2-restauración-acond Pantene 400ml-pck-un.-2,PANTENE,103.39,103.39,False,400.0,0.2585,> Perfumería > Cuidado Capilar > Shampoo >,tratamiento,profesional,general,https://www.jumbo.com.ar/shampoo-pantene-pro-v-pack-x-2/p
Jumbo,49944,47107,Shampoo Pantene Fuerza + Acondicionador 2 U,PANTENE,188.45,15574.0,False,,,> Perfumería > Cuidado Capilar > Shampoo >,acondicionador,estandar,general,https://www.jumbo.com.ar/shampoo-pantene-fuerza-acondicionador-2-u/p
Jumbo,48483,45648,Minikit Pantene Pro-v Expert Age Defy,PANTENE,74.19,6131.0,False,,,> Perfumería > Cuidado Capilar > Shampoo >,tratamiento,profesional,general,https://www.jumbo.com.ar/minikit-pantene-pro-v-expert-age-defy/p
Jumbo,47712,44877,Acondicionador Pantene Pro-v Liso Extremo 750 Ml,PANTENE,457.55,37814.0,False,750.0,0.6101,> Perfumería > Cuidado Capilar > Acondicionador >,acondicionador,profesional,general,https://www.jumbo.com.ar/acondicionador-pantene-pro-v-liso-extremo-750-ml/p
Jumbo,47673,44837,Acondicionador Pantene Pro-v Restauración 750 Ml,PANTENE,457.55,37814.0,False,750.0,0.6101,> Perfumería > Cuidado Capilar > Acondicionador >,acondicionador,profesional,general,https://www.jumbo.com.ar/acondicionador-pantene-pro-v-restauracion-750-ml/p
Jumbo,47615,44780,Shampoo Pantene Pro-v Restauración 700 Ml,PANTENE,494.89,40900.0,False,700.0,0.707,> Perfumería > Cuidado Capilar > Shampoo >,shampoo,profesional,general,https://www.jumbo.com.ar/shampoo-pantene-pro-v-restauracion-700-ml/p
Jumbo,47545,44710,Shampoo Pantene Pro-v Liso Extremo 750 Ml,PANTENE,494.89,40900.0,False,750.0,0.6599,> Perfumería > Cuidado Capilar > Shampoo >,shampoo,profesional,general,https://www.jumbo.com.ar/shampoo-pantene-pro-v-liso-extremo-750-ml/p
Jumbo,47455,44620,Shampoo Pantene Pro-v Hidratación 750 Ml,PANTENE,494.89,40900.0,False,750.0,0.6599,> Perfumería > Cuidado Capilar > Shampoo >,shampoo,profesional,seco_danado,https://www.jumbo.com.ar/shampoo-pantene-pro-v-hidratacion-750-ml-2/p
Jumbo,47418,44583,Shampoo Pantene Pro-v Liso Extremo 200 Ml,PANTENE,173.39,14330.0,False,200.0,0.8669,> Perfumería > Cuidado Capilar > Shampoo >,shampoo,profesional,general,https://www.jumbo.com.ar/shampoo-pantene-pro-v-liso-extremo-200-ml-2/p
Jumbo,47385,44550,Acondicionador Pantene Pro-v Brillo Extremo 750 Ml,PANTENE,457.55,37814.0,False,750.0,0.6101,> Perfumería > Cuidado Capilar > Acondicionador >,acondicionador,profesional,general,https://www.jumbo.com.ar/acondicionador-pantene-pro-v-brillo-extremo-750-ml/p
Jumbo,47382,44547,Acondicionador Pantene Pro-v Hidratación 200 Ml,PANTENE,173.39,14330.0,False,200.0,0.8669,> Perfumería > Cuidado Capilar > Acondicionador >,acondicionador,profesional,seco_danado,https://www.jumbo.com.ar/acondicionador-pantene-pro-v-hidratacion-200-ml-2/p
Jumbo,47374,44539,Acondicionador Pantene Pro-v Brillo Extremo 200 Ml,PANTENE,173.39,14330.0,False,200.0,0.8669,> Perfumería > Cuidado Capilar > Acondicionador >,acondicionador,profesional,general,https://www.jumbo.com.ar/acondicionador-pantene-pro-v-brillo-extremo-200-ml/p
Jumbo,47358,44523,Acondicionador Pantene Pro-v Liso Extremo 200 Ml,PANTENE,173.39,14330.0,False,200.0,0.8669,> Perfumería > Cuidado Capilar > Acondicionador >,acondicionador,profesional,general,https://www.jumbo.com.ar/acondicionador-pantene-pro-v-liso-extremo-200-ml-2/p
Jumbo,47327,44492,Acondicionador Pantene Pro-v Liso Extremo 400 Ml,PANTENE,500.0,41322.0,False,400.0,1.25,> Perfumería > Cuidado Capilar > Acondicionador >,acondicionador,profesional,general,https://www.jumbo.com.ar/acondicionador-pantene-pro-v-liso-extremo-400-ml/p
Jumbo,47286,44451,Acondicionador Pantene Pro-v Hidratación 400 Ml,PANTENE,315.75,26095.0,False,400.0,0.7894,> Perfumería > Cuidado Capilar > Acondicionador >,acondicionador,profesional,seco_danado,https://www.jumbo.com.ar/acondicionador-pantene-pro-v-hidratacion-400-ml-2/p
Jumbo,47002,44166,Shampoo Pantene Pro-v Brillo Extremo 200 Ml,PANTENE,173.39,14330.0,False,200.0,0.8669,> Perfumería > Cuidado Capilar > Shampoo >,shampoo,profesional,general,https://www.jumbo.com.ar/shampoo-pantene-pro-v-brillo-extremo-200-ml-2/p
Jumbo,46990,44154,Shampoo Pantene Pro-v Brillo Extremo 750 Ml,PANTENE,494.89,40900.0,False,750.0,0.6599,> Perfumería > Cuidado Capilar > Shampoo >,shampoo,profesional,general,https://www.jumbo.com.ar/shampoo-pantene-pro-v-brillo-extremo-750-ml/p
Jumbo,42973,40144,Acondicionador Pantene Reparación Rejuvenecedora 400 Ml,PANTENE,315.75,26095.0,False,400.0,0.7894,> Perfumería > Cuidado Capilar > Acondicionador >,acondicionador,estandar,general,https://www.jumbo.com.ar/acondicionador-pantene-reparacion-rejuvenecedora-400-ml/p
Jumbo,42525,39694,Ampolla Reparación Rejuvenecedora Pantene,PANTENE,168.49,13925.0,False,,,> Perfumería > Cuidado Capilar > Reparación y Tratamientos >,shampoo,estandar,general,https://www.jumbo.com.ar/ampolla-reparacion-rejuvenecedora-pantene/p
Jumbo,42517,39687,Acondicionador Pantene Reparación Rejuvenecedora 750 Ml,PANTENE,140.43,11606.0,False,750.0,0.1872,> Perfumería > Cuidado Capilar > Acondicionador >,acondicionador,estandar,general,https://www.jumbo.com.ar/acondicionador-pantene-reparacion-rejuvenecedora-750-ml/p
Jumbo,42495,39665,Shampoo Pantene Reparación Rejuvenecedora 750 Ml,PANTENE,449.43,37143.0,False,750.0,0.5992,> Perfumería > Cuidado Capilar > Shampoo >,shampoo,estandar,general,https://www.jumbo.com.ar/shampoo-pantene-reparacion-rejuvenecedora-750-ml/p
Jumbo,42467,39637,Shampoo Pantene Pro-v Reparación Rejuvenecedora 400ml,PANTENE,189.89,15693.0,False,400.0,0.4747,> Perfumería > Cuidado Capilar > Shampoo >,shampoo,profesional,general,https://www.jumbo.com.ar/shampoo-pantene-pro-v-reparacion-rejuvenecedora-400ml/p
Jumbo,42403,39573,Shampoo Pantene Reparación Rejuvenecedora 200 Ml,PANTENE,46.19,3817.0,False,200.0,0.2309,> Perfumería > Cuidado Capilar > Shampoo >,shampoo,estandar,general,https://www.jumbo.com.ar/shampoo-pantene-reparacion-rejuvenecedora-200-ml/p
Jumbo,41886,39050,Acondicionador Diario Pantene Pro-v 3 Minute Miracle Fuerza Y Reconstrucción 170 Ml,PANTENE,379.59,31371.0,False,170.0,2.2329,> Perfumería > Cuidado Capilar > Acondicionador >,acondicionador,profesional,general,https://www.jumbo.com.ar/acondicionador-diario-pantene-pro-v-3-minute-miracle-fuerza-y-reconstruccion-170-ml/p
Jumbo,41452,38617,Shampoo Pantene Pro-v Fuerza Y Reconstrucción 750 Ml,PANTENE,549.15,45384.0,False,750.0,0.7322,> Perfumería > Cuidado Capilar > Shampoo >,shampoo,profesional,general,https://www.jumbo.com.ar/shampoo-pantene-pro-v-fuerza-y-reconstruccion-750-ml/p
Jumbo,41238,38403,Shampoo Pantene Pro-v Fuerza Y Reconstrucción 400 Ml,PANTENE,189.89,15693.0,False,400.0,0.4747,> Perfumería > Cuidado Capilar > Shampoo >,shampoo,profesional,general,https://www.jumbo.com.ar/shampoo-pantene-pro-v-fuerza-y-reconstruccion-400-ml/p
Jumbo,41190,38355,Acondicionador Pantene Pro-v Fuerza Y Reconstrucción 400 Ml,PANTENE,315.75,26095.0,False,400.0,0.7894,> Perfumería > Cuidado Capilar > Acondicionador >,acondicionador,profesional,general,https://www.jumbo.com.ar/acondicionador-pantene-pro-v-fuerza-y-reconstruccion-400-ml/p
Jumbo,41029,38194,Shampoo Pantene Pro-v Fuerza Y Reconstrucción 200 Ml,PANTENE,192.39,15900.0,False,200.0,0.9619,> Perfumería > Cuidado Capilar > Shampoo >,shampoo,profesional,general,https://www.jumbo.com.ar/shampoo-pantene-pro-v-fuerza-y-reconstruccion-200-ml/p
Jumbo,41011,38176,Acondicionador Pantene Pro-v Fuerza Y Reconstrucción 200 Ml,PANTENE,201.99,16693.0,False,200.0,1.01,> Perfumería > Cuidado Capilar > Acondicionador >,acondicionador,profesional,general,https://www.jumbo.com.ar/acondicionador-pantene-pro-v-fuerza-y-reconstruccion-200-ml/p
Jumbo,41005,38170,Acondicionador Pantene Pro-v Fuerza Y Reconstrucción 750 Ml,PANTENE,533.15,44062.0,False,750.0,0.7109,> Perfumería > Cuidado Capilar > Acondicionador >,acondicionador,profesional,general,https://www.jumbo.com.ar/acondicionador-pantene-pro-v-fuerza-y-reconstruccion-750-ml/p
Jumbo,40260,37425,Crema para Peinar Restauración 300 Ml Pantene,PANTENE,8750.0,723141.0,False,300.0,29.1667,> Perfumería > Cuidado Capilar > Reparación y Tratamientos >,shampoo,estandar,general,https://www.jumbo.com.ar/crema-para-peinar-pantene-pro-v-restauracion-300-ml/p
Jumbo,36596,33756,Shampoo Pantene Pro-v Liso Y Sedoso 400 Ml,PANTENE,189.89,15693.0,False,400.0,0.4747,> Perfumería > Cuidado Capilar > Shampoo >,shampoo,profesional,general,https://www.jumbo.com.ar/shampoo-pantene-pro-v-liso-y-sedoso-400-ml/p
Jumbo,36532,33692,Shampoo Pantene Pro-v Liso Y Sedoso 200 Ml,PANTENE,173.39,14330.0,False,200.0,0.8669,> Perfumería > Cuidado Capilar > Shampoo >,shampoo,profesional,general,https://www.jumbo.com.ar/shampoo-pantene-pro-v-liso-y-sedoso-200-ml/p
Jumbo,36504,33664,Acondicionador Pantene Pro-v Liso Y Sedoso 200 Ml,PANTENE,170.29,14074.0,False,200.0,0.8514,> Perfumería > Cuidado Capilar > Acondicionador >,acondicionador,profesional,general,https://www.jumbo.com.ar/acondicionador-pantene-pro-v-liso-y-sedoso-200-ml/p
Jumbo,30164,27325,Acondicionador Pantene Pro-v Expert Collection Age Defy 250 Ml,PANTENE,291.93,24126.0,False,250.0,1.1677,> Perfumería > Cuidado Capilar > Acondicionador >,acondicionador,profesional,general,https://www.jumbo.com.ar/acondicionador-pantene-pro-v-expert-collection-age-defy-250-ml/p
Jumbo,25404,22564,Acondicionador Diario Pantene Pro-v 3 Minute Miracle Liso Extremo 170 Ml,PANTENE,379.59,31371.0,False,170.0,2.2329,> Perfumería > Cuidado Capilar > Acondicionador >,acondicionador,profesional,general,https://www.jumbo.com.ar/acondicionador-diario-pantene-pro-v-3-minute-miracle-liso-extremo-170-ml/p
Jumbo,25092,22253,Acondicionador Diario Pantene Pro-v 3 Minute Miracle Rizos Definidos 170 Ml,PANTENE,334.69,27660.0,False,170.0,1.9688,> Perfumería > Cuidado Capilar > Acondicionador >,acondicionador,profesional,rizado,https://www.jumbo.com.ar/acondicionador-diario-pantene-pro-v-3-minute-miracle-rizos-definidos-170-ml/p
Jumbo,23992,21154,Tratamiento Intensivo Pantene Miracles Pelo Mixto 300 Ml,PANTENE,7950.0,657025.0,False,300.0,26.5,> Perfumería > Cuidado Capilar > Reparación y Tratamientos >,tratamiento,estandar,general,https://www.jumbo.com.ar/tratamiento-intensivo-pantene-miracles-pelo-mixto-300-ml/p
Jumbo,23986,21148,Tratamiento Intensivo Pelo Rizado Pantene Pro-v Miracles Rizos Definidos E Hidratados 300 Ml,PANTENE,375.69,31049.0,False,300.0,1.2523,> Perfumería > Cuidado Capilar > Reparación y Tratamientos >,tratamiento,profesional,rizado,https://www.jumbo.com.ar/tratamiento-intensivo-pelo-rizado-pantene-pro-v-miracles-rizos-definidos-e-hidratados-300-ml/p
Jumbo,23951,21113,Tratamiento Intensivo Pelo Dañado Y Teñido Pantene Pro-v Miracles Anti-frizz 300 Ml,PANTENE,7400.0,611570.0,False,300.0,24.6667,> Perfumería > Cuidado Capilar > Reparación y Tratamientos >,tratamiento,profesional,tratado,https://www.jumbo.com.ar/tratamiento-intensivo-pelo-danado-y-tenido-pantene-pro-v-miracles-anti-frizz-300-ml/p
Jumbo,19762,16933,Crema Para Peinar Pantene Pro-v Liso Extremo 300 Ml,PANTENE,367.09,30338.0,False,300.0,1.2236,> Perfumería > Cuidado Capilar > Reparación y Tratamientos >,shampoo,profesional,general,https://www.jumbo.com.ar/crema-para-peinar-pantene-pro-v-liso-extremo-300-ml/p
Jumbo,19739,16910,Crema Para Peinar Pantene Rizos Definidos 300 Ml,PANTENE,389.17,32163.0,False,300.0,1.2972,> Perfumería > Cuidado Capilar > Reparación y Tratamientos >,shampoo,estandar,rizado,https://www.jumbo.com.ar/crema-para-peinar-pantene-rizos-definidos-300-ml/p
Jumbo,14117,11301,Tratamiento Intensivo Pantene Hidratación Balanceada 300 Ml,PANTENE,68.09,5627.0,False,300.0,0.227,> Perfumería > Cuidado Capilar > Reparación y Tratamientos >,tratamiento,estandar,seco_danado,https://www.jumbo.com.ar/tratamiento-intensivo-pantene-hidratacion-balanceada-300-ml/p
Jumbo,12118,9377,Shampoo Pantene Pro-v Expert Collection Hydra Intensify 300 Ml,PANTENE,312.53,25829.0,False,300.0,1.0418,> Perfumería > Cuidado Capilar > Shampoo >,shampoo,profesional,general,https://www.jumbo.com.ar/shampoo-pantene-pro-v-expert-collection-hydra-intensify-300-ml/p
Jumbo,12095,9354,Acondicionador Pantene Pro-v Expert Collection Hydra Intensify 250 Ml,PANTENE,291.93,24126.0,False,250.0,1.1677,> Perfumería > Cuidado Capilar > Acondicionador >,acondicionador,profesional,general,https://www.jumbo.com.ar/acondicionador-pantene-pro-v-expert-collection-hydra-intensify-250-ml/p
Jumbo,7772,5096,Acondicionador Pantene Pro-v Control Caida 400 Ml,PANTENE,97.29,8041.0,False,400.0,0.2432,> Perfumería > Cuidado Capilar > Acondicionador >,acondicionador,profesional,general,https://www.jumbo.com.ar/acondicionador-pantene-11/p
Jumbo,7769,5093,Acondicionador Pantene Control Caída 200 Ml,PANTENE,24.67,2039.0,False,200.0,0.1234,> Perfumería > Cuidado Capilar > Acondicionador >,acondicionador,estandar,general,https://www.jumbo.com.ar/acondicionador-pantene-control-caida-200-ml/p
Jumbo,7760,5084,Acondicionador Pantene Pro-v Brillo Extremo 200 Ml,PANTENE,24.67,2039.0,False,200.0,0.1234,> Perfumería > Cuidado Capilar > Acondicionador >,acondicionador,profesional,general,https://www.jumbo.com.ar/acondicionador-pantene-9/p
Jumbo,7746,5070,Acondicionador Pantene Pro-v Control Caida 750 Ml,PANTENE,284.77,23535.0,False,750.0,0.3797,> Perfumería > Cuidado Capilar > Acondicionador >,acondicionador,profesional,general,https://www.jumbo.com.ar/acondicionador-pantene-8/p
Jumbo,7744,5068,Pantene Shampoo Liso Y Sedoso 400ml,PANTENE,48.79,4032.0,False,400.0,0.122,> Perfumería > Cuidado Capilar > Shampoo >,shampoo,estandar,general,https://www.jumbo.com.ar/shampoo-pantene-8/p
Jumbo,7733,5057,Acondicionador Pantene Liso Extremo 400 Ml,PANTENE,97.29,8041.0,False,400.0,0.2432,> Perfumería > Cuidado Capilar > Acondicionador >,acondicionador,estandar,general,https://www.jumbo.com.ar/acondicionador-pantene-7/p
Jumbo,7732,5056,Shampoo Pantene Brillo Extremo 400 Ml,PANTENE,48.79,4032.0,False,400.0,0.122,> Perfumería > Cuidado Capilar > Shampoo >,shampoo,estandar,general,https://www.jumbo.com.ar/shampoo-pantene-6/p
Jumbo,7730,5054,Shampoo Pantene Brillo Extremo 750 Ml,PANTENE,74.37,6146.0,False,750.0,0.0992,> Perfumería > Cuidado Capilar > Shampoo >,shampoo,estandar,general,https://www.jumbo.com.ar/shampoo-pantene-5/p
Jumbo,7722,5047,Acondicionador Pantene Fusión Naturaleza Hidratación 400 Ml,PANTENE,97.29,8041.0,False,400.0,0.2432,> Perfumería > Cuidado Capilar > Acondicionador >,acondicionador,estandar,seco_danado,https://www.jumbo.com.ar/acondicionador-pantene-6/p
Jumbo,7696,5022,Shampoo Pantene 2 En 1 Hidratación 400 Ml,PANTENE,48.79,4032.0,False,400.0,0.122,> Perfumería > Cuidado Capilar > Shampoo >,shampoo,estandar,seco_danado,https://www.jumbo.com.ar/shampoo-pantene-2-en-1/p
Jumbo,7677,5003,Shampoo Pantene Hidratación Balanceada 750 Ml,PANTENE,74.37,6146.0,False,750.0,0.0992,> Perfumería > Cuidado Capilar > Shampoo >,shampoo,estandar,seco_danado,https://www.jumbo.com.ar/shampoo-pantene-4/p
Jumbo,7674,5000,Shampoo Pantene Hidratación Balanceada 400 Ml,PANTENE,48.79,4032.0,False,400.0,0.122,> Perfumería > Cuidado Capilar > Shampoo >,shampoo,estandar,seco_danado,https://www.jumbo.com.ar/shampoo-pantene-3/p
Jumbo,7536,4863,Kit Bomba De 3 Ampollas Pantene Pro-v Summer Edition 45 Ml C/u,PANTENE,238.19,19685.0,False,45.0,5.2931,> Perfumería > Cuidado Capilar > Reparación y Tratamientos >,tratamiento,profesional,general,https://www.jumbo.com.ar/kit-bomba-de-3-ampollas-pantene-pro-v-summer-edition-45-ml-c-u/p
Jumbo,7429,4756,Acondicionador Pantene Pro-v Hidratación Extrema 750 Ml,PANTENE,457.55,37814.0,False,750.0,0.6101,> Perfumería > Cuidado Capilar > Acondicionador >,acondicionador,profesional,seco_danado,https://www.jumbo.com.ar/acondicionador-pantene-pro-v-hidratacion-extrema-750-ml/p
Jumbo,7427,4754,Acondicionador Pantene Pro-v Hidratación Extrema 200ml,PANTENE,173.39,14330.0,False,200.0,0.8669,> Perfumería > Cuidado Capilar > Acondicionador >,acondicionador,profesional,seco_danado,https://www.jumbo.com.ar/acondicionador-pantene-pro-v-hidratacion-extrema-200ml/p
Jumbo,7426,4753,Acondicionador Pantene Pro-v Hidratación Extrema 400ml,PANTENE,450.0,37190.0,False,400.0,1.125,> Perfumería > Cuidado Capilar > Acondicionador >,acondicionador,profesional,seco_danado,https://www.jumbo.com.ar/acondicionador-pantene-pro-v-hidratacion-extrema-400ml/p
Jumbo,7417,4745,Shampoo Pantene Pro-v Hidratación Extrema 200 Ml,PANTENE,173.39,14330.0,False,200.0,0.8669,> Perfumería > Cuidado Capilar > Shampoo >,shampoo,profesional,seco_danado,https://www.jumbo.com.ar/shampoo-pantene-pro-v-hidratacion-extrema-200-ml/p
Jumbo,7411,4740,Shampoo Pantene Max-pro V Reparación Rejuvenecedora 200 Ml,PANTENE,173.39,14330.0,False,200.0,0.8669,> Perfumería > Cuidado Capilar > Shampoo >,shampoo,profesional,general,https://www.jumbo.com.ar/shampoo-pantene-max-pro-v-reparacion-rejuvenecedora-200-ml/p
Jumbo,7410,4739,Shampoo Pantene Max-pro V Reparación Rejuvenecedora 400 Ml,PANTENE,189.89,15693.0,False,400.0,0.4747,> Perfumería > Cuidado Capilar > Shampoo >,shampoo,profesional,general,https://www.jumbo.com.ar/shampoo-pantene-max-pro-v-reparacion-rejuvenecedora-400-ml/p
Jumbo,7406,4735,Acondicionador Pantene Pro-v Rizos Definidos 750 Ml,PANTENE,457.55,37814.0,False,750.0,0.6101,> Perfumería > Cuidado Capilar > Acondicionador >,acondicionador,profesional,rizado,https://www.jumbo.com.ar/acondicionador-pantene-pro-v-rizos-definidos-750-ml-2/p
Jumbo,7403,4732,Shampoo Pantene Max-pro V Reparación Rejuvenecedora 750 Ml,PANTENE,494.89,40900.0,False,750.0,0.6599,> Perfumería > Cuidado Capilar > Shampoo >,shampoo,profesional,general,https://www.jumbo.com.ar/shampoo-pantene-max-pro-v-reparacion-rejuvenecedora-750-ml/p
Jumbo,7380,4710,Shampoo Pantene Pro-v Hidratación Extrema 400ml,PANTENE,189.89,15693.0,False,400.0,0.4747,> Perfumería > Cuidado Capilar > Shampoo >,shampoo,profesional,seco_danado,https://www.jumbo.com.ar/shampoo-pantene-pro-v-hidratacion-extrema-400ml/p
Jumbo,7374,4704,Acondicionador Pantene Pro-v Control Caída 400 Ml,PANTENE,334.67,27659.0,False,400.0,0.8367,> Perfumería > Cuidado Capilar > Acondicionador >,acondicionador,profesional,general,https://www.jumbo.com.ar/acondicionador-pantene-pro-v-control-caida-400-ml/p
Jumbo,7369,4699,Acondicionador Pantene Pro-v Control Caída 200 Ml,PANTENE,173.39,14330.0,False,200.0,0.8669,> Perfumería > Cuidado Capilar > Acondicionador >,acondicionador,profesional,general,https://www.jumbo.com.ar/acondicionador-pantene-pro-v-control-caida-200-ml/p
Jumbo,7333,4666,Acondicionador Pantene Max Pro V Reparación Rejuvenecedora 750 Ml,PANTENE,284.77,23535.0,False,750.0,0.3797,> Perfumería > Cuidado Capilar > Acondicionador >,acondicionador,profesional,general,https://www.jumbo.com.ar/acondicionador-pantene-max-pro-v-reparacion-rejuvenecedora-750-ml/p
Jumbo,7330,4664,Acondicionador Pantene Max Pro V Reparación Rejuvenecedora 400 Ml,PANTENE,315.75,26095.0,False,400.0,0.7894,> Perfumería > Cuidado Capilar > Acondicionador >,acondicionador,profesional,general,https://www.jumbo.com.ar/acondicionador-pantene-max-pro-v-reparacion-rejuvenecedora-400-ml/p
Jumbo,7329,4663,Acondicionador Pantene Max Pro V Reparación Rejuvenecedora 200 Ml,PANTENE,173.39,14330.0,False,200.0,0.8669,> Perfumería > Cuidado Capilar > Acondicionador >,acondicionador,profesional,general,https://www.jumbo.com.ar/acondicionador-pantene-max-pro-v-reparacion-rejuvenecedora-200-ml/p
Jumbo,7327,4661,Acondicionador Pantene Rizos 200ml,PANTENE,173.39,14330.0,False,200.0,0.8669,> Perfumería > Cuidado Capilar > Acondicionador >,acondicionador,estandar,rizado,https://www.jumbo.com.ar/acondicionador-pantene-rizos-200ml/p
Jumbo,7326,4660,Shampoo Pantene Pro-v Control Caída 750 Ml,PANTENE,494.89,40900.0,False,750.0,0.6599,> Perfumería > Cuidado Capilar > Shampoo >,shampoo,profesional,general,https://www.jumbo.com.ar/shampoo-pantene-pro-v-control-caida-750-ml/p
Jumbo,7324,4658,Shampoo Pantene Pro-v Control Caída 200 Ml,PANTENE,173.39,14330.0,False,200.0,0.8669,> Perfumería > Cuidado Capilar > Shampoo >,shampoo,profesional,general,https://www.jumbo.com.ar/shampoo-pantene-pro-v-control-caida-200-ml-2/p
Jumbo,7321,4655,Shampoo Pantene Pro-v Hidratación Extrema 750 Ml,PANTENE,494.89,40900.0,False,750.0,0.6599,> Perfumería > Cuidado Capilar > Shampoo >,shampoo,profesional,seco_danado,https://www.jumbo.com.ar/shampoo-pantene-pro-v-hidratacion-extrema-750-ml/p
Jumbo,3432,248499,Crema Para Peinar Pantene Pro-v Anti-frizz Hidratación Extrema 300 Ml,PANTENE,827.95,68426.0,False,300.0,2.7598,> Perfumería > Cuidado Capilar > Reparación y Tratamientos >,shampoo,profesional,seco_danado,https://www.jumbo.com.ar/crema-para-peinar-pantene-pro-v-anti-frizz-hidratacion-extrema-300-ml/p
Jumbo,3422,248495,Acondicionador Pantene Pro-v Hidrocauterizacion 750 Ml,PANTENE,284.77,23535.0,False,750.0,0.3797,> Perfumería > Cuidado Capilar > Acondicionador >,acondicionador,profesional,general,https://www.jumbo.com.ar/acondicionador-pantene-3/p
Jumbo,52,148878,Pantene Acondicionador Hidratación 750ml,PANTENE,284.77,23535.0,False,750.0,0.3797,> Perfumería > Cuidado Capilar > Acondicionador >,acondicionador,estandar,seco_danado,https://www.jumbo.com.ar/acondicionador-pantene/p
Jumbo,3065109,3065108,Mascarilla Tratamiento Ceramidas 300 Grs Sedal,SEDAL,6200.0,512397.0,True,,,> Perfumería > Cuidado Capilar > Reparación y Tratamientos >,tratamiento,estandar,general,https://www.jumbo.com.ar/mascara-tratamiento-ceramidas-x-300-gr-sedal-2/p
Jumbo,411272,407112,Crema Para Peinar Sedal Ceramidas 300ml,SEDAL,6150.0,508264.0,True,300.0,20.5,> Perfumería > Cuidado Capilar > Reparación y Tratamientos >,shampoo,estandar,general,https://www.jumbo.com.ar/crema-para-peinar-sedal-ceramidas-300ml/p
Jumbo,3067579,3067443,Sérum Capilar Luminous Uv 110 Ml Sedal,SEDAL,10750.0,888430.0,True,110.0,97.7273,> Perfumería > Cuidado Capilar > Reparación y Tratamientos >,shampoo,estandar,general,https://www.jumbo.com.ar/serum-capilar-luminous-uv-110-ml-sedal/p
Jumbo,3066237,3066153,Máscara De Tratamiento Luminous Uv 300 Grs Sedal,SEDAL,6150.0,508264.0,True,,,> Perfumería > Cuidado Capilar > Reparación y Tratamientos >,tratamiento,estandar,general,https://www.jumbo.com.ar/mascara-de-tratamiento-luminous-uv-300-grs-sedal-2/p
Jumbo,411277,407117,Crema De Peinar Sedal Hialurónico Y Vitamina A 300 Ml,SEDAL,6150.0,508264.0,True,300.0,20.5,> Perfumería > Cuidado Capilar > Reparación y Tratamientos >,shampoo,estandar,general,https://www.jumbo.com.ar/crema-de-peinar-sedal-hialuronico-y-vitamina-a-300-ml-2/p
Jumbo,411257,407097,Mascarilla Capilar Regeneración Colágeno y Vitamina C 300 Grs Sedal,SEDAL,6150.0,508264.0,True,,,> Perfumería > Cuidado Capilar > Reparación y Tratamientos >,tratamiento,estandar,general,https://www.jumbo.com.ar/mascara-de-tratamiento-sedal-colageno-y-vitamina-c-300-gr/p
Jumbo,3075201,3074666,Mascarilla Capilar Toque de Seda 300 Grs Sedal,SEDAL,6150.0,508264.0,True,,,> Perfumería > Cuidado Capilar > Reparación y Tratamientos >,tratamiento,estandar,general,https://www.jumbo.com.ar/mascarilla-capilar-toque-de-seda-x-300-grs-sedal/p
Jumbo,3066241,3066157,Crema Peinar Luminous Uv X 300 Ml Sedal,SEDAL,6150.0,508264.0,True,300.0,20.5,> Perfumería > Cuidado Capilar > Reparación y Tratamientos >,shampoo,estandar,general,https://www.jumbo.com.ar/crema-peinar-luminous-uv-x-300-ml-sedal-2/p
Jumbo,411275,407115,Crema para Peinar Lisos Perfectos 300 Ml Sedal,SEDAL,5800.0,479339.0,True,300.0,19.3333,> Perfumería > Cuidado Capilar > Reparación y Tratamientos >,shampoo,estandar,general,https://www.jumbo.com.ar/crema-para-peinar-sedal-lisos-perfectos-300-ml-2/p
Jumbo,397910,395645,Acondicionador Restauración Instantánea 190 Ml Sedal,SEDAL,3900.0,322314.0,True,190.0,20.5263,> Perfumería > Cuidado Capilar > Acondicionador >,acondicionador,estandar,general,https://www.jumbo.com.ar/acondicionador-restauracion-instantanea-190-ml-sedal/p
Jumbo,3078389,3077733,Shampoo Ceramidas X 300 Ml Sedal,SEDAL,3800.0,314050.0,False,300.0,12.6667,> Perfumería > Cuidado Capilar > Shampoo >,shampoo,estandar,general,https://www.jumbo.com.ar/shampoo-ceramidas-x-300-ml-sedal/p
Jumbo,3078388,3077732,Shampoo Luminous Uv X 300 Ml Sedal,SEDAL,3800.0,314050.0,False,300.0,12.6667,> Perfumería > Cuidado Capilar > Shampoo >,shampoo,estandar,general,https://www.jumbo.com.ar/shampoo-luminous-uv-x-300-ml-sedal/p
Jumbo,3077069,3076419,Serum Óleo Toque de Seda 60 Ml Sedal,SEDAL,9300.0,768595.0,False,60.0,155.0,> Perfumería > Cuidado Capilar > Reparación y Tratamientos >,shampoo,estandar,general,https://www.jumbo.com.ar/serum-sedal-oleo-toque-de-seda-x-60-ml-seda/p
Jumbo,3077068,3076418,Sérum Capilar Toque de Seda 100 Ml Sedal,SEDAL,10400.0,859504.0,False,100.0,104.0,> Perfumería > Cuidado Capilar > Reparación y Tratamientos >,shampoo,estandar,general,https://www.jumbo.com.ar/serum-sedal-oleo-toque-de-seda-x-100-ml-seda/p
Jumbo,3075200,3074665,Acondicionador Luminous Uv X 300 Ml Sedal,SEDAL,3600.0,297521.0,False,300.0,12.0,> Perfumería > Cuidado Capilar > Acondicionador >,acondicionador,estandar,general,https://www.jumbo.com.ar/acondicionador-luminous-uv-x-300-ml-sedal/p
Jumbo,1372397,1370411,Máscara de Tratamiento Rizos Definidos 300 Grs Sedal,SEDAL,5450.0,450413.0,False,,,> Perfumería > Cuidado Capilar > Reparación y Tratamientos >,tratamiento,estandar,rizado,https://www.jumbo.com.ar/mascara-de-tratamiento-rizos-definidos-x-300-gr-sedal-2/p
Jumbo,415145,410805,Shampoo Liso Perfecto 650 Ml Sedal,SEDAL,8650.0,714876.0,False,650.0,13.3077,> Perfumería > Cuidado Capilar > Shampoo >,shampoo,estandar,general,https://www.jumbo.com.ar/shampoo-liso-perfecto-650-ml-sedal/p
Jumbo,415142,410802,Shampoo Liso Perfecto 190 Ml Sedal,SEDAL,3600.0,297521.0,False,190.0,18.9474,> Perfumería > Cuidado Capilar > Shampoo >,shampoo,estandar,general,https://www.jumbo.com.ar/shampoo-liso-perfecto-190-ml-sedal/p
Jumbo,414510,410233,Shampoo Prebióticos + Biotina 190 Ml Sedal,SEDAL,3600.0,297521.0,False,190.0,18.9474,> Perfumería > Cuidado Capilar > Shampoo >,shampoo,estandar,general,https://www.jumbo.com.ar/shampoo-prebioticos-biotina-190-ml-sedal/p
Jumbo,411278,407118,Crema Para Peinar Sedal Gengibre Y Risino 300 Ml,SEDAL,4200.0,347107.0,False,300.0,14.0,> Perfumería > Cuidado Capilar > Reparación y Tratamientos >,shampoo,estandar,general,https://www.jumbo.com.ar/crema-para-peinar-sedal-gengibre-y-risino-300-ml/p
Jumbo,411276,407116,Crema para Peinar Rizos Definidos 300 Ml Sedal,SEDAL,5700.0,471074.0,False,300.0,19.0,> Perfumería > Cuidado Capilar > Reparación y Tratamientos >,shampoo,estandar,rizado,https://www.jumbo.com.ar/crema-de-peinar-sedal-rizos-definidos-300-ml/p
Jumbo,411258,407098,Máscara De Tratamiento Sedal Hialurónico + Vitamina A 300 Gr,SEDAL,5750.0,475207.0,False,300.0,19.1667,> Perfumería > Cuidado Capilar > Reparación y Tratamientos >,tratamiento,estandar,general,https://www.jumbo.com.ar/mascara-de-tratamiento-sedal-hialuronico-vitamina-a-300-gr-2/p
Jumbo,411256,407096,Máscara De Tratamiento Sedal Prebioticos Biotina 300 Gr,SEDAL,5150.0,425620.0,False,300.0,17.1667,> Perfumería > Cuidado Capilar > Reparación y Tratamientos >,tratamiento,estandar,general,https://www.jumbo.com.ar/mascara-de-tratamiento-sedal-prebioticos-biotina-300-gr/p
Jumbo,397928,395663,Acondicionador Sedal Crema Balance 300ml,SEDAL,3800.0,314050.0,False,300.0,12.6667,> Perfumería > Cuidado Capilar > Acondicionador >,acondicionador,estandar,general,https://www.jumbo.com.ar/acondicionador-sedal-crema-balance-300ml-2/p
Jumbo,397918,395653,Acondicionador Jengibre Y Ricino 650 Ml Sedal,SEDAL,6950.0,574380.0,False,650.0,10.6923,> Perfumería > Cuidado Capilar > Acondicionador >,acondicionador,estandar,general,https://www.jumbo.com.ar/acondicionador-jengibre-y-ricino-650-ml-sedal/p
Jumbo,397913,395648,Acondicionador Sedal Carbón Activado Y Peonias 340 Ml,SEDAL,4600.0,380165.0,False,340.0,13.5294,> Perfumería > Cuidado Capilar > Acondicionador >,acondicionador,estandar,general,https://www.jumbo.com.ar/acondicionador-sedal-carbon-activado-y-peonias-340-ml/p
Jumbo,397912,395647,Acondicionador Carbon Y Peonias 650 Ml Sedal,SEDAL,7400.0,611570.0,False,650.0,11.3846,> Perfumería > Cuidado Capilar > Acondicionador >,acondicionador,estandar,general,https://www.jumbo.com.ar/acondicionador-carbon-y-peonias-650-ml-sedal/p
Jumbo,397904,395639,Acondicionador Carbon Y Peonias 190 Ml Sedal,SEDAL,3200.0,264463.0,False,190.0,16.8421,> Perfumería > Cuidado Capilar > Acondicionador >,acondicionador,estandar,general,https://www.jumbo.com.ar/acondicionador-carbon-y-peonias-190-ml-sedal/p
Jumbo,397903,395638,Acondicionador Colección Natural Jengibre y Ricino 190 Ml Sedal,SEDAL,2850.0,235537.0,False,190.0,15.0,> Perfumería > Cuidado Capilar > Acondicionador >,acondicionador,estandar,general,https://www.jumbo.com.ar/acondicionador-sedal-jengibre-y-ricino-190-ml-2/p
Jumbo,396881,394637,Shampoo Bomba Argán Restauración y Brillo 190 Ml Sedal Shampoo Sedal Bomba Argán 190 Ml,SEDAL,2600.0,214876.0,False,190.0,13.6842,> Perfumería > Cuidado Capilar > Shampoo >,shampoo,estandar,general,https://www.jumbo.com.ar/shampoo-sedal-bomba-argan-190-ml/p
Jumbo,393375,391403,Acondicionador Jengibre Y Ricino 340 Ml Sedal,SEDAL,4450.0,367769.0,False,340.0,13.0882,> Perfumería > Cuidado Capilar > Acondicionador >,acondicionador,estandar,general,https://www.jumbo.com.ar/acondicionador-jengibre-y-ricino-340-ml-sedal/p
Jumbo,389296,387402,Shampoo Sedal Crema Balance 650 Ml,SEDAL,8650.0,714876.0,False,650.0,13.3077,> Perfumería > Cuidado Capilar > Shampoo >,shampoo,estandar,general,https://www.jumbo.com.ar/shampoo-sedal-crema-balance-650-ml-3/p
Jumbo,389295,387401,Shampoo Crema Balance Super Hidratación 300 Ml Sedal,SEDAL,3500.0,289256.0,False,300.0,11.6667,> Perfumería > Cuidado Capilar > Shampoo >,shampoo,estandar,seco_danado,https://www.jumbo.com.ar/shampoo-sedal-crema-balance-300ml-2/p
Jumbo,389294,387400,Shampoo Colageno Y Vitamina C 650 Ml Sedal,SEDAL,8650.0,714876.0,False,650.0,13.3077,> Perfumería > Cuidado Capilar > Shampoo >,shampoo,estandar,general,https://www.jumbo.com.ar/shampoo-colageno-y-vitamina-c-650-ml-sedal/p
Jumbo,389293,387399,Shampoo Sedal Rizos Definidos 650 Ml,SEDAL,8150.0,673554.0,False,650.0,12.5385,> Perfumería > Cuidado Capilar > Shampoo >,shampoo,estandar,rizado,https://www.jumbo.com.ar/shampoo-sedal-rizos-definidos-650-ml-2/p
Jumbo,389283,387389,Shampoo Sedal Bomba Argán 340 Ml,SEDAL,4450.0,367769.0,False,340.0,13.0882,> Perfumería > Cuidado Capilar > Shampoo >,shampoo,estandar,general,https://www.jumbo.com.ar/shampoo-sedal-bomba-argan-340-ml/p
Jumbo,389282,387388,Shampoo Purificación e Hidratación Carbón y Peonias 650 Ml Sedal,SEDAL,7150.0,590909.0,False,650.0,11.0,> Perfumería > Cuidado Capilar > Shampoo >,shampoo,estandar,seco_danado,https://www.jumbo.com.ar/shampoo-carbon-y-peonias-650-ml-sedal/p
Jumbo,389281,387387,Shampoo Sedal Carbón Activado Y Peonias 340 Ml,SEDAL,4600.0,380165.0,False,340.0,13.5294,> Perfumería > Cuidado Capilar > Shampoo >,shampoo,estandar,general,https://www.jumbo.com.ar/shampoo-sedal-carbon-activado-y-peonias-340-ml/p
Jumbo,389280,387386,Shampoo Colección Natural Jengibre y Ricino 190 Ml Sedal,SEDAL,2600.0,214876.0,False,190.0,13.6842,> Perfumería > Cuidado Capilar > Shampoo >,shampoo,estandar,general,https://www.jumbo.com.ar/shampoo-jengibre-y-ricino-190-ml-sedal/p
Jumbo,389279,387385,Shampoo Jengibre Y Ricino 340 Ml Sedal,SEDAL,4450.0,367769.0,False,340.0,13.0882,> Perfumería > Cuidado Capilar > Shampoo >,shampoo,estandar,general,https://www.jumbo.com.ar/shampoo-jengibre-y-ricino-340-ml-sedal/p
Jumbo,389278,387384,Shampoo Sedal Bomba Argán 650 Ml,SEDAL,5850.0,483471.0,False,650.0,9.0,> Perfumería > Cuidado Capilar > Shampoo >,shampoo,estandar,general,https://www.jumbo.com.ar/shampoo-sedal-bomba-argan-650-ml-2/p
Jumbo,389277,387383,Shampoo Sedal Jengibre Y Ricino 650 Ml,SEDAL,6150.0,508264.0,False,650.0,9.4615,> Perfumería > Cuidado Capilar > Shampoo >,shampoo,estandar,general,https://www.jumbo.com.ar/shampoo-sedal-jengibre-y-ricino-650-ml/p
Jumbo,389276,387382,Shampoo Carbon Y Peonias 190 Ml Sedal,SEDAL,3100.0,256198.0,False,190.0,16.3158,> Perfumería > Cuidado Capilar > Shampoo >,shampoo,estandar,general,https://www.jumbo.com.ar/shampoo-carbon-y-peonias-190-ml-sedal/p
Jumbo,347725,346400,Acondicionador Sedal Liso Perfecto Hidratante 190 Ml,SEDAL,600.0,49587.0,False,190.0,3.1579,> Perfumería > Cuidado Capilar > Acondicionador >,acondicionador,estandar,seco_danado,https://www.jumbo.com.ar/acondicionador-sedal-liso-perfecto-hidratante-190-ml/p
Jumbo,347724,346399,Acondicionador Sedal Crema Balance Hidratante 190 Ml,SEDAL,600.0,49587.0,False,190.0,3.1579,> Perfumería > Cuidado Capilar > Acondicionador >,acondicionador,estandar,seco_danado,https://www.jumbo.com.ar/acondicionador-sedal-crema-balance-hidratante-190-ml/p
Jumbo,347715,346390,Shampoo  Sedal  Rizos Definidos  650 Ml,SEDAL,1500.0,123967.0,False,650.0,2.3077,> Perfumería > Cuidado Capilar > Shampoo >,shampoo,estandar,rizado,https://www.jumbo.com.ar/shampoo-sedal-rizos-definidos-650-ml/p
Jumbo,347698,346373,Shampoo Sedal Crema Balance Repuesto 300 Ml,SEDAL,420.05,34715.0,False,300.0,1.4002,> Perfumería > Cuidado Capilar > Shampoo >,shampoo,estandar,general,https://www.jumbo.com.ar/shampoo-sedal-crema-balance-repuesto-300-ml/p
Jumbo,347681,346354,Shampoo Sedal Restauración Instantánea 650 Ml,SEDAL,1350.0,111570.0,False,650.0,2.0769,> Perfumería > Cuidado Capilar > Shampoo >,shampoo,estandar,general,https://www.jumbo.com.ar/shampoo-sedal-restauracion-instantanea-650-ml-2/p
Jumbo,347675,346348,Shampoo  Sedal  Liso Perfecto  340 Ml,SEDAL,469.67,38816.0,False,340.0,1.3814,> Perfumería > Cuidado Capilar > Shampoo >,shampoo,estandar,general,https://www.jumbo.com.ar/shampoo-sedal-liso-perfecto-340-ml/p
Jumbo,347674,346347,Shampoo  Sedal  Restauración Instantánea  190 Ml,SEDAL,359.35,29698.0,False,190.0,1.8913,> Perfumería > Cuidado Capilar > Shampoo >,shampoo,estandar,general,https://www.jumbo.com.ar/shampoo-sedal-restauracion-instantanea-190-ml-2/p
Jumbo,347673,346346,Shampoo  Sedal  Crema Balance  340 Ml,SEDAL,850.0,70248.0,False,340.0,2.5,> Perfumería > Cuidado Capilar > Shampoo >,shampoo,estandar,general,https://www.jumbo.com.ar/shampoo-sedal-crema-balance-340-ml/p
Jumbo,347672,346345,Shampoo  Sedal  Crema Balance  190 Ml,SEDAL,359.35,29698.0,False,190.0,1.8913,> Perfumería > Cuidado Capilar > Shampoo >,shampoo,estandar,general,https://www.jumbo.com.ar/shampoo-sedal-crema-balance-190-ml-2/p
Jumbo,347634,346307,Acondicionador Sedal Jengibre Y Ricino 190 Ml,SEDAL,600.0,49587.0,False,190.0,3.1579,> Perfumería > Cuidado Capilar > Acondicionador >,acondicionador,estandar,general,https://www.jumbo.com.ar/acondicionador-sedal-jengibre-y-ricino-190-ml/p
Jumbo,347631,346304,Shampoo Sedal Jengibre & Ricino 650 Ml,SEDAL,880.05,72731.0,False,650.0,1.3539,> Perfumería > Cuidado Capilar > Shampoo >,shampoo,estandar,general,https://www.jumbo.com.ar/shampoo-sedal-jengibre-ricino-650-ml/p
Jumbo,347629,346302,Shampoo Sedal Jengibre Y Ricino 190 Ml,SEDAL,600.0,49587.0,False,190.0,3.1579,> Perfumería > Cuidado Capilar > Shampoo >,shampoo,estandar,general,https://www.jumbo.com.ar/shampoo-sedal-jengibre-y-ricino-190-ml/p
Jumbo,347628,346301,Shampoo Sedal Jengibre Y Ricino 340 Ml,SEDAL,469.67,38816.0,False,340.0,1.3814,> Perfumería > Cuidado Capilar > Shampoo >,shampoo,estandar,general,https://www.jumbo.com.ar/shampoo-sedal-jengibre-y-ricino-340-ml/p
Jumbo,347624,346297,Crema Para Peinar Sedal Jengibre Y Ricino 300 Ml,SEDAL,950.0,78512.0,False,300.0,3.1667,> Perfumería > Cuidado Capilar > Reparación y Tratamientos >,shampoo,estandar,general,https://www.jumbo.com.ar/crema-para-peinar-sedal-jengibre-y-ricino-300-ml/p
Jumbo,347622,346295,Acondicionador Sedal Jengibre & Ricino 650 Ml,SEDAL,1450.0,119835.0,False,650.0,2.2308,> Perfumería > Cuidado Capilar > Acondicionador >,acondicionador,estandar,general,https://www.jumbo.com.ar/acondicionador-sedal-jengibre-ricino-650-ml/p
Jumbo,347620,346293,Acondicionador Sedal Jengibre & Ricino 340 Ml,SEDAL,900.0,74380.0,False,340.0,2.6471,> Perfumería > Cuidado Capilar > Acondicionador >,acondicionador,estandar,general,https://www.jumbo.com.ar/acondicionador-sedal-jengibre-ricino-340-ml/p
Jumbo,344035,342720,Shampoo Sedal Bomba Nutrición Antifrizz 190 Ml,SEDAL,359.35,29698.0,False,190.0,1.8913,> Perfumería > Cuidado Capilar > Shampoo >,shampoo,estandar,general,https://www.jumbo.com.ar/shampoo-sedal-bomba-nutricion-antifrizz-190-ml/p
Jumbo,344025,342710,Acondicionador Sedal Bomba Argán Restaura 650 Ml,SEDAL,1450.0,119835.0,False,650.0,2.2308,> Perfumería > Cuidado Capilar > Acondicionador >,acondicionador,estandar,general,https://www.jumbo.com.ar/acondicionador-sedal-bomba-argan-restaura-650-ml/p
Jumbo,344023,342708,Acondicionador Sedal Bomba Argán Restaura 190 Ml,SEDAL,600.0,49587.0,False,190.0,3.1579,> Perfumería > Cuidado Capilar > Acondicionador >,acondicionador,estandar,general,https://www.jumbo.com.ar/acondicionador-sedal-bomba-argan-restaura-190-ml/p
Jumbo,344020,342705,Shampoo Sedal Bomba Argán Restaura 340 Ml,SEDAL,469.67,38816.0,False,340.0,1.3814,> Perfumería > Cuidado Capilar > Shampoo >,shampoo,estandar,general,https://www.jumbo.com.ar/shampoo-sedal-bomba-argan-restaura-340-ml/p
Jumbo,343923,342607,Acondicionador Sedal Carbón Activado  Peonias 650 Ml,SEDAL,1500.0,123967.0,False,650.0,2.3077,> Perfumería > Cuidado Capilar > Acondicionador >,acondicionador,estandar,general,https://www.jumbo.com.ar/acondicionador-sedal-carbon-activado-peonias-650-ml/p
Jumbo,343922,342606,Acondicionador Sedal Carbón Activado  Peonias 340 Ml,SEDAL,800.0,66116.0,False,340.0,2.3529,> Perfumería > Cuidado Capilar > Acondicionador >,acondicionador,estandar,general,https://www.jumbo.com.ar/acondicionador-sedal-carbon-activado-peonias-340-ml/p
Jumbo,343921,342605,Acondicionador Sedal Carbón Activado Peonias 190 Ml,SEDAL,650.0,53719.0,False,190.0,3.4211,> Perfumería > Cuidado Capilar > Acondicionador >,acondicionador,estandar,general,https://www.jumbo.com.ar/acondicionador-sedal-carbon-activado-peonias-190-ml/p
Jumbo,343920,342604,Acondicionador Sedal Bomba Nutrición Antifrizz 650 Ml,SEDAL,950.0,78512.0,False,650.0,1.4615,> Perfumería > Cuidado Capilar > Acondicionador >,acondicionador,estandar,general,https://www.jumbo.com.ar/acondicionador-sedal-bomba-nutricion-antifrizz-650-ml/p
Jumbo,343822,342506,Acondicionador Sedal Bomba Nutrición Antifrizz 190 Ml,SEDAL,359.35,29698.0,False,190.0,1.8913,> Perfumería > Cuidado Capilar > Acondicionador >,acondicionador,estandar,general,https://www.jumbo.com.ar/acondicionador-sedal-bomba-nutricion-antifrizz-190-ml/p
Jumbo,343821,342505,Acondicionador Sedal Bomba Nutrición Antifrizz 340 Ml,SEDAL,469.67,38816.0,False,340.0,1.3814,> Perfumería > Cuidado Capilar > Acondicionador >,acondicionador,estandar,general,https://www.jumbo.com.ar/acondicionador-sedal-bomba-nutricion-antifrizz-340-ml/p
Jumbo,343820,342504,Shampoo Sedal Carbón Activado  Peonias 340 Ml,SEDAL,800.0,66116.0,False,340.0,2.3529,> Perfumería > Cuidado Capilar > Shampoo >,shampoo,estandar,general,https://www.jumbo.com.ar/shampoo-sedal-carbon-activado-peonias-340-ml/p
Jumbo,343819,342503,Shampoo Sedal Carbón Activado Peonias 650 Ml,SEDAL,1350.0,111570.0,False,650.0,2.0769,> Perfumería > Cuidado Capilar > Shampoo >,shampoo,estandar,general,https://www.jumbo.com.ar/shampoo-sedal-carbon-activado-peonias-650-ml/p
Jumbo,343818,342502,Shampoo Sedal Bomba Argán Restaura 650 Ml,SEDAL,1350.0,111570.0,False,650.0,2.0769,> Perfumería > Cuidado Capilar > Shampoo >,shampoo,estandar,general,https://www.jumbo.com.ar/shampoo-sedal-bomba-argan-restaura-650-ml/p
Jumbo,343817,342501,Shampoo Sedal Carbón Activado  Peonias 190 Ml,SEDAL,650.0,53719.0,False,190.0,3.4211,> Perfumería > Cuidado Capilar > Shampoo >,shampoo,estandar,general,https://www.jumbo.com.ar/shampoo-sedal-carbon-activado-peonias-190-ml/p
Jumbo,341296,339985,Crema Sedal Acido Hialuronico  Vit A 300ml,SEDAL,870.07,71907.0,False,300.0,2.9002,> Perfumería > Cuidado Capilar > Reparación y Tratamientos >,shampoo,estandar,general,https://www.jumbo.com.ar/crema-sedal-acido-hialuronico-vit-a-300ml/p
Jumbo,336060,335169,Acondicionador Sedal ácido Hialurónico  Vitamina A 340 Ml,SEDAL,900.0,74380.0,False,340.0,2.6471,> Perfumería > Cuidado Capilar > Acondicionador >,acondicionador,estandar,general,https://www.jumbo.com.ar/acondicionador-sedal-acido-hialuronico-vitamina-a-340-ml/p
Jumbo,336058,335167,Shampoo Sedal Colágeno Vitamina C 340 Ml,SEDAL,800.0,66116.0,False,340.0,2.3529,> Perfumería > Cuidado Capilar > Shampoo >,shampoo,estandar,general,https://www.jumbo.com.ar/shampoo-sedal-colageno-vitamina-c-340-ml/p
Jumbo,336047,335156,Shampoo Sedal Nutricion 650ml,SEDAL,457.87,37841.0,False,650.0,0.7044,> Perfumería > Cuidado Capilar > Shampoo >,shampoo,estandar,general,https://www.jumbo.com.ar/shampoo-sedal-nutricion-650ml/p
Jumbo,336044,335153,Acondicionador Sedal Colageno Vitamina C 340 Ml,SEDAL,850.0,70248.0,False,340.0,2.5,> Perfumería > Cuidado Capilar > Acondicionador >,acondicionador,estandar,general,https://www.jumbo.com.ar/acondicionador-sedal-colageno-vitamina-c-340-ml/p
Jumbo,336041,335150,Shampoo Sedal  acido Hialuronico Vitamina A 340 Ml,SEDAL,501.93,41482.0,False,340.0,1.4763,> Perfumería > Cuidado Capilar > Shampoo >,shampoo,estandar,general,https://www.jumbo.com.ar/shampoo-sedal-acido-hialuronico-vitamina-a-340-ml/p
Jumbo,336040,335149,Acondicionador Sedal Bomba Coco Repara 340 Ml,SEDAL,235.29,19445.0,False,340.0,0.692,> Perfumería > Cuidado Capilar > Acondicionador >,acondicionador,estandar,general,https://www.jumbo.com.ar/acondicionador-sedal-bomba-coco-repara-340-ml/p
Jumbo,336039,335148,Shampoo Sedal Bomba Coco Repara 340 Ml,SEDAL,235.29,19445.0,False,340.0,0.692,> Perfumería > Cuidado Capilar > Shampoo >,shampoo,estandar,general,https://www.jumbo.com.ar/shampoo-sedal-bomba-coco-repara-340-ml/p
Jumbo,336038,335147,Acondicionador Sedal Colageno Vitamina C 190 Ml,SEDAL,650.0,53719.0,False,190.0,3.4211,> Perfumería > Cuidado Capilar > Acondicionador >,acondicionador,estandar,general,https://www.jumbo.com.ar/acondicionador-sedal-colageno-vitamina-c-190-ml/p
Jumbo,336037,335146,Shampoo Sedal Colágeno Vitamina C 190 Ml,SEDAL,383.95,31731.0,False,190.0,2.0208,> Perfumería > Cuidado Capilar > Shampoo >,shampoo,estandar,general,https://www.jumbo.com.ar/shampoo-sedal-colageno-vitamina-c-190-ml/p
Jumbo,336036,335145,Acondicionador Sedal ácido Hialurónico Vitamina A 190 Ml,SEDAL,650.0,53719.0,False,190.0,3.4211,> Perfumería > Cuidado Capilar > Acondicionador >,acondicionador,estandar,general,https://www.jumbo.com.ar/acondicionador-sedal-acido-hialuronico-vitamina-a-190-ml/p
Jumbo,336034,335143,Shampoo Sedal Acido Hialuronico Vitamina A 190 Ml,SEDAL,383.95,31731.0,False,190.0,2.0208,> Perfumería > Cuidado Capilar > Shampoo >,shampoo,estandar,general,https://www.jumbo.com.ar/shampoo-sedal-acido-hialuronico-vitamina-a-190-ml/p
Jumbo,336030,335139,Sham. Sedal Bomba Coco Repara 190ml,SEDAL,225.04,18599.0,False,190.0,1.1844,> Perfumería > Cuidado Capilar > Shampoo >,shampoo,estandar,general,https://www.jumbo.com.ar/sham-sedal-bomba-coco-repara-190ml/p
Jumbo,336024,335134,Acondicionador Sedal Colageno Vitamina C 650 Ml,SEDAL,1500.0,123967.0,False,650.0,2.3077,> Perfumería > Cuidado Capilar > Acondicionador >,acondicionador,estandar,general,https://www.jumbo.com.ar/acondicionador-sedal-colageno-vitamina-c-650-ml/p
Jumbo,336023,335133,Shampoo Sedal  acido Hialuronico Vitamina A 650 Ml,SEDAL,940.39,77718.0,False,650.0,1.4468,> Perfumería > Cuidado Capilar > Shampoo >,shampoo,estandar,general,https://www.jumbo.com.ar/shampoo-sedal-acido-hialuronico-vitamina-a-650-ml/p
Jumbo,336022,335132,Shampoo Sedal Colágeno  Vitamina C 650 Ml,SEDAL,1450.0,119835.0,False,650.0,2.2308,> Perfumería > Cuidado Capilar > Shampoo >,shampoo,estandar,general,https://www.jumbo.com.ar/shampoo-sedal-colageno-vitamina-c-650-ml/p
Jumbo,336020,335130,Acondicionador Sedal ácido Hialurónico  Vitamina A 650 Ml,SEDAL,1350.0,111570.0,False,650.0,2.0769,> Perfumería > Cuidado Capilar > Acondicionador >,acondicionador,estandar,general,https://www.jumbo.com.ar/acondicionador-sedal-acido-hialuronico-vitamina-a-650-ml/p
Jumbo,336018,335128,Shampoo Sedal Argan 650ml,SEDAL,457.87,37841.0,False,650.0,0.7044,> Perfumería > Cuidado Capilar > Shampoo >,shampoo,estandar,general,https://www.jumbo.com.ar/shampoo-sedal-argan-650ml/p
Jumbo,317284,316530,Shampoo Sedal Carbon 650ml,SEDAL,557.07,46039.0,False,650.0,0.857,> Perfumería > Cuidado Capilar > Shampoo >,shampoo,estandar,general,https://www.jumbo.com.ar/shampoo-sedal-carbon-650ml/p
Jumbo,317282,316528,Acondicionador Sedal Carbon 340ml,SEDAL,286.27,23659.0,False,340.0,0.842,> Perfumería > Cuidado Capilar > Acondicionador >,acondicionador,estandar,general,https://www.jumbo.com.ar/acondicionador-sedal-carbon-340ml/p
Jumbo,317281,316527,Acondicionador Sedal Carbon 190ml,SEDAL,219.53,18143.0,False,190.0,1.1554,> Perfumería > Cuidado Capilar > Acondicionador >,acondicionador,estandar,general,https://www.jumbo.com.ar/acondicionador-sedal-carbon-190ml/p
Jumbo,295743,294973,Crema Para Peinar Sedal Rizo Definidos,SEDAL,108.77,8989.0,False,,,> Perfumería > Cuidado Capilar > Reparación y Tratamientos >,shampoo,estandar,general,https://www.jumbo.com.ar/crema-para-peinar-sedal-rizo-definidos/p
Jumbo,295008,294239,Acondicionador Sedal Recarga Natural Bomba Coco 170 Ml,SEDAL,122.27,10105.0,False,170.0,0.7192,> Perfumería > Cuidado Capilar > Acondicionador >,acondicionador,estandar,general,https://www.jumbo.com.ar/acondicionador-sedal-recarga-natural-bomba-coco-170-ml/p
Jumbo,288439,287686,Acondicionador Sedal Fuerza Y Brillo Un Minuto 170 Ml,SEDAL,122.27,10105.0,False,170.0,0.7192,> Perfumería > Cuidado Capilar > Acondicionador >,acondicionador,estandar,general,https://www.jumbo.com.ar/acondicionador-sedal-fuerza-y-brillo-un-minuto-170-ml/p
Jumbo,271707,271186,Acondicionador Equilibrante Sedal Hidratación Micelar 340 Ml,SEDAL,155.69,12867.0,False,340.0,0.4579,> Perfumería > Cuidado Capilar > Acondicionador >,acondicionador,estandar,seco_danado,https://www.jumbo.com.ar/acondicionador-equilibrante-sedal-hidratacion-micelar-340-ml/p
Jumbo,271705,271184,Acondicionador Sedal Ceramidas Repuesto Económico 300 Ml,SEDAL,143.73,11879.0,False,300.0,0.4791,> Perfumería > Cuidado Capilar > Acondicionador >,acondicionador,estandar,general,https://www.jumbo.com.ar/acondicionador-sedal-ceramidas-repuesto-economico-300-ml/p
Jumbo,271683,271162,Shampoo Equilibrante Sedal Hidratación Micelar 650 Ml,SEDAL,227.37,18791.0,False,650.0,0.3498,> Perfumería > Cuidado Capilar > Shampoo >,shampoo,estandar,seco_danado,https://www.jumbo.com.ar/shampoo-equilibrante-sedal-hidratacion-micelar-650-ml/p
Jumbo,271681,271160,Shampoo Sedal Hidratacion Micelar 340 Ml,SEDAL,155.69,12867.0,False,340.0,0.4579,> Perfumería > Cuidado Capilar > Shampoo >,shampoo,estandar,seco_danado,https://www.jumbo.com.ar/shampoo-sedal-hidratacion-micelar-340-ml/p
Jumbo,256417,255711,Crema Capilar Sedal Detos Yuya X 300ml,SEDAL,59.19,59.19,False,300.0,0.1973,> Perfumería > Cuidado Capilar > Reparación y Tratamientos >,shampoo,estandar,general,https://www.jumbo.com.ar/crema-capilar-sedal-detos-yuya-x-300ml/p
Jumbo,248649,245631,Crema Capilar Sedal Bomba Argan X 300ml,SEDAL,259.45,21442.0,False,300.0,0.8648,> Perfumería > Cuidado Capilar > Reparación y Tratamientos >,shampoo,estandar,general,https://www.jumbo.com.ar/crema-capilar-sedal-bomba-argan-x-300ml/p
Jumbo,248645,245627,Acondicionador Sedal Bomba Argán 650 Ml,SEDAL,246.25,20351.0,False,650.0,0.3788,> Perfumería > Cuidado Capilar > Acondicionador >,acondicionador,estandar,general,https://www.jumbo.com.ar/acondicionador-sedal-bomba-argan-650-ml-2/p
Jumbo,248642,245624,Acondicionador Sedal Bomba Argán 340 Ml,SEDAL,155.69,12867.0,False,340.0,0.4579,> Perfumería > Cuidado Capilar > Acondicionador >,acondicionador,estandar,general,https://www.jumbo.com.ar/acondicionador-sedal-bomba-argan-340-ml-2/p
Jumbo,248625,245607,Shampoo Sedal Bomba Argán 340 Ml,SEDAL,155.69,12867.0,False,340.0,0.4579,> Perfumería > Cuidado Capilar > Shampoo >,shampoo,estandar,general,https://www.jumbo.com.ar/shampoo-sedal-bomba-argan-340-ml-2/p
Jumbo,218734,228320,Crema Capilar Sedal Negros Luminosos Pet 300 Ml,SEDAL,16.59,16.59,False,300.0,0.0553,> Perfumería > Cuidado Capilar > Reparación y Tratamientos >,shampoo,estandar,general,https://www.jumbo.com.ar/crema-capilar-sedal-negros-luminosos-pet-300-ml-251326/p
Jumbo,218695,228436,Acondicionador Sedal Ceramidas Pet X  650 Ml,SEDAL,9.89,9.89,False,650.0,0.0152,> Perfumería > Cuidado Capilar > Acondicionador >,acondicionador,estandar,general,https://www.jumbo.com.ar/acondicionador-sedal-ceramidas-pet-x-650-ml-250827/p
Jumbo,218669,228513,Acondicionador Sedal Negros Luminosos Pet 350 Ml.,SEDAL,8.35,8.35,False,350.0,0.0239,> Perfumería > Cuidado Capilar > Acondicionador >,acondicionador,estandar,general,https://www.jumbo.com.ar/acondicionador-sedal-negros-luminosos-pet-350-ml-250521/p
Jumbo,218628,228659,Sahmpoo Sedal Lissage Pet 650 Ml,SEDAL,9.26,9.26,False,650.0,0.0142,> Perfumería > Cuidado Capilar > Shampoo >,shampoo,estandar,general,https://www.jumbo.com.ar/sahmpoo-sedal-lissage-pet-650-ml-250823/p
Jumbo,218598,228788,Shampoo Sedal Negros Luminosos X 350 Ml,SEDAL,8.11,8.11,False,350.0,0.0232,> Perfumería > Cuidado Capilar > Shampoo >,shampoo,estandar,general,https://www.jumbo.com.ar/shampoo-sedal-negros-luminosos-x-350-ml-250519/p
Jumbo,209266,231075,Acondicionador Sedal Verano Intense Pvc 480 Ml.,SEDAL,5.97,5.97,False,480.0,0.0124,> Perfumería > Cuidado Capilar > Acondicionador >,acondicionador,estandar,general,https://www.jumbo.com.ar/acondicionador-sedal-x-480-ml-217533/p
Jumbo,160862,158410,Shampoo Sedal Detox Yuya 340 Ml,SEDAL,155.69,12867.0,False,340.0,0.4579,> Perfumería > Cuidado Capilar > Shampoo >,shampoo,estandar,general,https://www.jumbo.com.ar/shampoo-sedal-detox-yuya-340-ml/p
Jumbo,128070,110849,Crema Capilar Sedal-pet-ml.-300,SEDAL,25.55,2112.0,False,,,> Perfumería > Cuidado Capilar > Reparación y Tratamientos >,shampoo,estandar,general,https://www.jumbo.com.ar/crema-capilar-sedal-pet-ml-300/p
Jumbo,124020,123022,Acondicionador Sedal Para El Pelo,SEDAL,7.09,7.09,False,,,> Perfumería > Cuidado Capilar > Acondicionador >,acondicionador,estandar,general,https://www.jumbo.com.ar/acondicionador-sedal-para-el-pelo/p
Jumbo,123526,122529,Acondicionador Sedal Hidraloe Pvc 200 Ml,SEDAL,5.45,5.45,False,200.0,0.0272,> Perfumería > Cuidado Capilar > Acondicionador >,acondicionador,estandar,general,https://www.jumbo.com.ar/acondicionador-sedal-hidraloe-pvc-200-ml/p
Jumbo,115113,114159,Crema Capilar Sedal Crema Para Peinar Sedal Verano Touch 300 Ml,SEDAL,16.59,16.59,False,300.0,0.0553,> Perfumería > Cuidado Capilar > Reparación y Tratamientos >,shampoo,estandar,general,https://www.jumbo.com.ar/crema-capilar-sedal-7/p
Jumbo,115020,114066,Crema Capilar Sedal Crema Para Peinar Sedal Verano Block Pvc 300 Ml,SEDAL,16.59,16.59,False,300.0,0.0553,> Perfumería > Cuidado Capilar > Reparación y Tratamientos >,shampoo,estandar,general,https://www.jumbo.com.ar/crema-capilar-sedal-5/p
Jumbo,108112,105379,Crema Capilar Sedal Brillo Gloss X 300 Ml,SEDAL,16.59,16.59,False,300.0,0.0553,> Perfumería > Cuidado Capilar > Reparación y Tratamientos >,shampoo,estandar,general,https://www.jumbo.com.ar/crema-capilar-sedal-4/p
Jumbo,104983,102272,Acondicionador Sedal Balance X 240 Ml.,SEDAL,5.45,5.45,False,240.0,0.0227,> Perfumería > Cuidado Capilar > Acondicionador >,acondicionador,estandar,general,https://www.jumbo.com.ar/acondicionador-sedal-balance-x-240-ml/p
Jumbo,104804,102096,Shampoo Sedal Crema Pvc 240 Ml.,SEDAL,5.45,5.45,False,240.0,0.0227,> Perfumería > Cuidado Capilar > Shampoo >,shampoo,estandar,general,https://www.jumbo.com.ar/shampoo-sedal-crema-pvc-240-ml/p
Jumbo,104781,102070,Shampoo Sedal Hidraloe X  240 Ml,SEDAL,5.45,5.45,False,240.0,0.0227,> Perfumería > Cuidado Capilar > Shampoo >,shampoo,estandar,general,https://www.jumbo.com.ar/shampoo-sedal-hidraloe-x-240-ml/p
Jumbo,101790,99100,Crema Capilar Sedal Anti Frizz Para Peinar X 300 Ml,SEDAL,16.59,16.59,False,300.0,0.0553,> Perfumería > Cuidado Capilar > Reparación y Tratamientos >,shampoo,estandar,general,https://www.jumbo.com.ar/crema-capilar-sedal-anti-frizz-para-peinar-x-300-ml/p
Jumbo,96256,93572,Shampoo Sedal Lissage Pvc 200 Ml,SEDAL,6.09,6.09,False,200.0,0.0304,> Perfumería > Cuidado Capilar > Shampoo >,shampoo,estandar,general,https://www.jumbo.com.ar/shampoo-sedal-lissage-pvc-200-ml/p
Jumbo,96215,93532,Acondicionador Sedal Lissage Pvc 400 Ml.,SEDAL,5.97,5.97,False,400.0,0.0149,> Perfumería > Cuidado Capilar > Acondicionador >,acondicionador,estandar,general,https://www.jumbo.com.ar/acondicionador-sedal-lissage-pvc-400-ml/p
Jumbo,89281,86609,Shampoo Sedal Crema X 200 Ml.,SEDAL,6.09,6.09,False,200.0,0.0304,> Perfumería > Cuidado Capilar > Shampoo >,shampoo,estandar,general,https://www.jumbo.com.ar/shampoo-sedal-88/p
Jumbo,69105,66240,Crema Capilar Sedal Capas Destacadas X 300 Ml,SEDAL,16.59,16.59,False,300.0,0.0553,> Perfumería > Cuidado Capilar > Reparación y Tratamientos >,shampoo,estandar,general,https://www.jumbo.com.ar/crema-capilar-sedal-8/p
Jumbo,59442,56592,Acondicionador Sedal  750 Ml,SEDAL,9.28,9.28,False,750.0,0.0124,> Perfumería > Cuidado Capilar > Acondicionador >,acondicionador,estandar,general,https://www.jumbo.com.ar/acondicionador-sedal-750-ml/p
Jumbo,59340,56492,Acondicionador Sedal Ceramidas Pvc 750 Ml,SEDAL,9.27,9.27,False,750.0,0.0124,> Perfumería > Cuidado Capilar > Acondicionador >,acondicionador,estandar,general,https://www.jumbo.com.ar/acondicionador-sedal-ceramidas-pvc-750-ml/p
Jumbo,57727,54884,Acondicionador Sedal Castaños Pvc 350 Ml,SEDAL,8.35,8.35,False,350.0,0.0239,> Perfumería > Cuidado Capilar > Acondicionador >,acondicionador,estandar,general,https://www.jumbo.com.ar/acondicionador-sedal-castanos-pvc-350-ml-2/p
Jumbo,55729,52887,Acondicionador Sedal Verano Pvc 350 Ml.,SEDAL,8.39,8.39,False,350.0,0.024,> Perfumería > Cuidado Capilar > Acondicionador >,acondicionador,estandar,general,https://www.jumbo.com.ar/acondicionador-sedal-verano-pvc-350-ml/p
Jumbo,55322,52482,Crema Capilar Sedal Rubios Radiantes Para Peinar Pomo 300 Ml,SEDAL,16.59,16.59,False,300.0,0.0553,> Perfumería > Cuidado Capilar > Reparación y Tratamientos >,shampoo,estandar,general,https://www.jumbo.com.ar/crema-capilar-sedal-rubios-radiantes-para-peinar-pomo-300-ml/p
Jumbo,55297,52457,Crema Capilar Sedal Verano Para Peinar Pomo 300 Ml,SEDAL,16.59,16.59,False,300.0,0.0553,> Perfumería > Cuidado Capilar > Reparación y Tratamientos >,shampoo,estandar,general,https://www.jumbo.com.ar/crema-capilar-sedal-verano-para-peinar-pomo-300-ml/p
Jumbo,43372,40543,Shampoo Sedal Color Vital 190 Ml,SEDAL,37.43,3093.0,False,190.0,0.197,> Perfumería > Cuidado Capilar > Shampoo >,shampoo,estandar,tratado,https://www.jumbo.com.ar/shampoo-sedal-color-vital-190-ml/p
Jumbo,43206,40377,Shampoo Sedal Con Aloe Vera X 200 Cc.,SEDAL,6.09,6.09,False,,,> Perfumería > Cuidado Capilar > Shampoo >,shampoo,estandar,general,https://www.jumbo.com.ar/shampoo-sedal-con-aloe-vera-x-200-cc/p
Jumbo,42274,39444,Acondicionador Sedal Restauración Instantánea 650 Ml,SEDAL,269.15,22244.0,False,650.0,0.4141,> Perfumería > Cuidado Capilar > Acondicionador >,acondicionador,estandar,general,https://www.jumbo.com.ar/acondicionador-sedal-restauracion-instantanea-650-ml/p
Jumbo,36012,33170,Crema Capilar Sedal Ondas Irresistibles  Pmo 300 Ml,SEDAL,16.59,16.59,False,300.0,0.0553,> Perfumería > Cuidado Capilar > Reparación y Tratamientos >,shampoo,estandar,general,https://www.jumbo.com.ar/crema-capilar-sedal-3/p
Jumbo,31301,28460,Crema Capilar Sedal Post Alisado Químico 300 Ml,SEDAL,32.55,2690.0,False,300.0,0.1085,> Perfumería > Cuidado Capilar > Reparación y Tratamientos >,shampoo,estandar,tratado,https://www.jumbo.com.ar/crema-capilar-sedal-2/p
Jumbo,22542,19704,Acondicionador Sedal Rubio Pvc 350 Ml,SEDAL,8.35,8.35,False,350.0,0.0239,> Perfumería > Cuidado Capilar > Acondicionador >,acondicionador,estandar,general,https://www.jumbo.com.ar/acondicionador-sedal-17/p
Jumbo,19684,16849,Crema Capilar Sedal Reconstrucción Estructural 300 Ml,SEDAL,205.99,17024.0,False,300.0,0.6866,> Perfumería > Cuidado Capilar > Reparación y Tratamientos >,shampoo,estandar,general,https://www.jumbo.com.ar/crema-capilar-sedal-reconstruccion-estructural-300-ml/p
Jumbo,19682,16847,Crema para Peinar Liso Perfecto 300 Ml Sedal,SEDAL,732.93,60573.0,False,300.0,2.4431,> Perfumería > Cuidado Capilar > Reparación y Tratamientos >,shampoo,estandar,general,https://www.jumbo.com.ar/crema-de-peinar-sedal-liso-perfecto-300-ml/p
Jumbo,19673,16838,Acondicionador Sedal Bomba De Nutrición 650 Ml,SEDAL,227.35,18789.0,False,650.0,0.3498,> Perfumería > Cuidado Capilar > Acondicionador >,acondicionador,estandar,general,https://www.jumbo.com.ar/acondicionador-sedal-bomba-de-nutricion-650-ml/p
Jumbo,19671,16836,Shampoo Sedal Bomba De Nutrición 650ml,SEDAL,246.25,20351.0,False,650.0,0.3788,> Perfumería > Cuidado Capilar > Shampoo >,shampoo,estandar,general,https://www.jumbo.com.ar/shampoo-sedal-bomba-de-nutricion-650ml/p
Jumbo,19669,16834,Shampoo Sedal Restauración Instantánea 650 Ml,SEDAL,259.07,21411.0,False,650.0,0.3986,> Perfumería > Cuidado Capilar > Shampoo >,shampoo,estandar,general,https://www.jumbo.com.ar/shampoo-sedal-restauracion-instantanea-650-ml/p
Jumbo,19663,16827,Acondicionador Sedal Bomba De Nutrición 340 Ml,SEDAL,400.0,33058.0,False,340.0,1.1765,> Perfumería > Cuidado Capilar > Acondicionador >,acondicionador,estandar,general,https://www.jumbo.com.ar/acondicionador-sedal-bomba-de-nutricion-340-ml/p
Jumbo,19646,16808,Acondicionador Sedal Pureza Refrescante 190 Ml,SEDAL,130.65,10798.0,False,190.0,0.6876,> Perfumería > Cuidado Capilar > Acondicionador >,acondicionador,estandar,general,https://www.jumbo.com.ar/acondicionador-sedal-pureza-refrescante-190-ml/p
Jumbo,19644,16806,Acondicionador Sedal Restauración Instantánea 190 Ml,SEDAL,130.65,10798.0,False,190.0,0.6876,> Perfumería > Cuidado Capilar > Acondicionador >,acondicionador,estandar,general,https://www.jumbo.com.ar/acondicionador-sedal-restauracion-instantanea-190-ml/p
Jumbo,19640,16801,Acondicionador Sedal Crema Balance 190 Ml,SEDAL,134.55,11120.0,False,190.0,0.7082,> Perfumería > Cuidado Capilar > Acondicionador >,acondicionador,estandar,general,https://www.jumbo.com.ar/acondicionador-sedal-crema-balance-190-ml/p
Jumbo,19553,16711,Shampoo Sedal Restauración Instantánea 190 Ml,SEDAL,300.0,24793.0,False,190.0,1.5789,> Perfumería > Cuidado Capilar > Shampoo >,shampoo,estandar,general,https://www.jumbo.com.ar/shampoo-sedal-restauracion-instantanea-190-ml/p
Jumbo,19549,16706,Shampoo Sedal Rizos Definidos 190 Ml,SEDAL,166.17,13733.0,False,190.0,0.8746,> Perfumería > Cuidado Capilar > Shampoo >,shampoo,estandar,rizado,https://www.jumbo.com.ar/shampoo-sedal-rizos-definidos-190-ml/p
Jumbo,19547,16704,Shampoo Sedal Liso Perfecto 190 Ml,SEDAL,166.17,13733.0,False,190.0,0.8746,> Perfumería > Cuidado Capilar > Shampoo >,shampoo,estandar,general,https://www.jumbo.com.ar/shampoo-sedal-liso-perfecto-190-ml/p
Jumbo,3366,16850,Crema De Peinar Sedal Botella Crecimiento Saludable 300 Ml,SEDAL,48.87,4039.0,False,300.0,0.1629,> Perfumería > Cuidado Capilar > Reparación y Tratamientos >,shampoo,estandar,general,https://www.jumbo.com.ar/sedal-crema-peinar-botella-crecimiento-saludable-300ml/p
Jumbo,341813,340500,Shampoo Head&shoulders Scalp Care 375ml,HEAD & SHOULDERS,725.59,59966.0,False,375.0,1.9349,> Perfumería > Cuidado Capilar > Shampoo >,shampoo,estandar,general,https://www.jumbo.com.ar/shampoo-head-shoulders-scalp-care-375ml-2/p
Jumbo,386618,384897,Shampoo Head&shoulders Men 3en1 375ml,HEAD & SHOULDERS,7927.19,655140.0,False,375.0,21.1392,> Perfumería > Cuidado Capilar > Shampoo >,shampoo,estandar,general,https://www.jumbo.com.ar/shampoo-head-shoulders-men-3en1-375ml/p
Jumbo,344024,342709,Shampoo Head&shoulders Scalp Care 180ml.,HEAD & SHOULDERS,449.43,37143.0,False,180.0,2.4968,> Perfumería > Cuidado Capilar > Shampoo >,shampoo,estandar,general,https://www.jumbo.com.ar/shampoo-head-shoulders-scalp-care-180ml-2/p
Jumbo,341817,340504,Shampoo Head&shoulders Scalp Care Carbon 180ml,HEAD & SHOULDERS,449.43,37143.0,False,180.0,2.4968,> Perfumería > Cuidado Capilar > Shampoo >,shampoo,estandar,general,https://www.jumbo.com.ar/shampoo-head-shoulders-scalp-care-carbon-180ml-2/p
Jumbo,341802,340489,Shampoo Head&shoulders Scalp Care Humect 375ml,HEAD & SHOULDERS,725.59,59966.0,False,375.0,1.9349,> Perfumería > Cuidado Capilar > Shampoo >,shampoo,estandar,general,https://www.jumbo.com.ar/shampoo-head-shoulders-scalp-care-humect-375ml-2/p
Jumbo,341798,340485,Shampoo Head&shoulders Scalp Care Humect 180ml,HEAD & SHOULDERS,449.43,37143.0,False,180.0,2.4968,> Perfumería > Cuidado Capilar > Shampoo >,shampoo,estandar,general,https://www.jumbo.com.ar/shampoo-head-shoulders-scalp-care-humect-180ml-2/p
Jumbo,341818,340505,Shampoo Head&shoulders Scalp Care Carbon 375ml,HEAD & SHOULDERS,725.59,59966.0,False,375.0,1.9349,> Perfumería > Cuidado Capilar > Shampoo >,shampoo,estandar,general,https://www.jumbo.com.ar/shampoo-head-shoulders-scalp-care-carbon-375ml-2/p
Jumbo,341815,340502,Shampoo Head&shoulders Scalp Care Carbon 700ml,HEAD & SHOULDERS,1115.39,92181.0,False,700.0,1.5934,> Perfumería > Cuidado Capilar > Shampoo >,shampoo,estandar,general,https://www.jumbo.com.ar/shampoo-head-shoulders-scalp-care-carbon-700ml-2/p
Jumbo,341804,340491,Shampoo Head&shoulders Scalp Care Coco 375ml,HEAD & SHOULDERS,725.59,59966.0,False,375.0,1.9349,> Perfumería > Cuidado Capilar > Shampoo >,shampoo,estandar,general,https://www.jumbo.com.ar/shampoo-head-shoulders-scalp-care-coco-375ml-2/p
Jumbo,341800,340487,Shampoo Head&shoulders Scalp Care Manzana 180m,HEAD & SHOULDERS,449.43,37143.0,False,,,> Perfumería > Cuidado Capilar > Shampoo >,shampoo,estandar,general,https://www.jumbo.com.ar/shampoo-head-shoulders-scalp-care-manzana-180m/p
Jumbo,341795,340482,Shampoo Head&shoulders Scalp Care Coco 700ml,HEAD & SHOULDERS,1115.39,92181.0,False,700.0,1.5934,> Perfumería > Cuidado Capilar > Shampoo >,shampoo,estandar,general,https://www.jumbo.com.ar/shampoo-head-shoulders-scalp-care-coco-700ml-2/p
Jumbo,341796,340483,Shampoo Head&shoulders Scalp Care Coco 180ml,HEAD & SHOULDERS,449.43,37143.0,False,180.0,2.4968,> Perfumería > Cuidado Capilar > Shampoo >,shampoo,estandar,general,https://www.jumbo.com.ar/shampoo-head-shoulders-scalp-care-coco-180ml-2/p
Jumbo,341794,340481,Shampoo Head&shoulders Scalp Care Manzana 375m,HEAD & SHOULDERS,725.59,59966.0,False,,,> Perfumería > Cuidado Capilar > Shampoo >,shampoo,estandar,general,https://www.jumbo.com.ar/shampoo-head-shoulders-scalp-care-manzana-375m/p
Jumbo,341793,340480,Shampoo Head&shoulders Scalp Care Manzana 700m,HEAD & SHOULDERS,1115.39,92181.0,False,,,> Perfumería > Cuidado Capilar > Shampoo >,shampoo,estandar,general,https://www.jumbo.com.ar/shampoo-head-shoulders-scalp-care-manzana-700m/p
Jumbo,337363,336466,Shampoo Head&shoulders  Lr Scalp Care 375,HEAD & SHOULDERS,887.27,73328.0,False,,,> Perfumería > Cuidado Capilar > Shampoo >,shampoo,estandar,general,https://www.jumbo.com.ar/shampoo-head-shoulders-lr-scalp-care-375-2/p
Jumbo,341806,340493,Shampoo Men Head&shoulders Scalp Care Spice 37,HEAD & SHOULDERS,725.59,59966.0,False,,,> Perfumería > Cuidado Capilar > Shampoo >,shampoo,estandar,general,https://www.jumbo.com.ar/shampoo-men-head-shoulders-scalp-care-spice-37/p
Jumbo,341805,340492,Shampoo Men Head&shoulders Scalp Care 3en1 180,HEAD & SHOULDERS,449.43,37143.0,False,,,> Perfumería > Cuidado Capilar > Shampoo >,shampoo,estandar,general,https://www.jumbo.com.ar/shampoo-men-head-shoulders-scalp-care-3en1-180/p
Jumbo,341797,340484,Shampoo Men Head&shoulders Scalp Care 3en1 700,HEAD & SHOULDERS,1115.39,92181.0,False,,,> Perfumería > Cuidado Capilar > Shampoo >,shampoo,estandar,general,https://www.jumbo.com.ar/shampoo-men-head-shoulders-scalp-care-3en1-700/p
Jumbo,341801,340488,Shampoo Men Head&shoulders Scalp Care 3en1 375,HEAD & SHOULDERS,725.59,59966.0,False,,,> Perfumería > Cuidado Capilar > Shampoo >,shampoo,estandar,general,https://www.jumbo.com.ar/shampoo-men-head-shoulders-scalp-care-3en1-375/p
Jumbo,341799,340486,Shampoo Men Head&shoulders Scalp Care Spice 18,HEAD & SHOULDERS,449.43,37143.0,False,,,> Perfumería > Cuidado Capilar > Shampoo >,shampoo,estandar,general,https://www.jumbo.com.ar/shampoo-men-head-shoulders-scalp-care-spice-18/p
Jumbo,129469,126398,Head & Shoulders Shampoo Citrusfresh 200ml,HEAD & SHOULDERS,70.43,5821.0,False,200.0,0.3522,> Perfumería > Cuidado Capilar > Shampoo >,shampoo,estandar,general,https://www.jumbo.com.ar/head-shoulders-shampoo-citrusfresh-200ml/p
Jumbo,116031,115074,Head & Shoulders Shampoo Limpieza 700ml,HEAD & SHOULDERS,40.75,40.75,False,700.0,0.0582,> Perfumería > Cuidado Capilar > Shampoo >,shampoo,estandar,general,https://www.jumbo.com.ar/head-shoulders-shampoo-limpieza-700ml/p
Jumbo,337359,336462,Shampoo Head Shoulders Protección Caída Con Cafeína 375 Ml,HEAD & SHOULDERS,887.27,73328.0,False,375.0,2.3661,> Perfumería > Cuidado Capilar > Shampoo >,shampoo,estandar,general,https://www.jumbo.com.ar/shampoo-head-shoulders-proteccion-caida-con-cafeina-375-ml/p
Jumbo,38333,35489,Acondicionador Head & Shoulders 200 Ml,HEAD & SHOULDERS,54.29,4487.0,False,200.0,0.2714,> Perfumería > Cuidado Capilar > Acondicionador >,acondicionador,estandar,general,https://www.jumbo.com.ar/acondicionador-head-shoulders-200-ml/p
Jumbo,424002,417079,Shampoo Charcoal 650 Ml Head & Shoulders,HEAD & SHOULDERS,18850.0,1557851.0,False,650.0,29.0,> Perfumería > Cuidado Capilar > Shampoo >,shampoo,estandar,general,https://www.jumbo.com.ar/shampoo-charcoal-650-ml-head-shoulders-2/p
Jumbo,386603,384882,Shampoo Head And Shoulders Limpieza 180 Ml,HEAD & SHOULDERS,742.87,61394.0,False,180.0,4.1271,> Perfumería > Cuidado Capilar > Shampoo >,shampoo,estandar,general,https://www.jumbo.com.ar/shampoo-head-and-shoulders-limpieza-180-ml/p
Jumbo,275418,274714,Shampoo Head & Shoulders 3en1 700 Ml,HEAD & SHOULDERS,406.83,33622.0,False,700.0,0.5812,> Perfumería > Cuidado Capilar > Shampoo >,shampoo,estandar,general,https://www.jumbo.com.ar/shampoo-head-shoulders-3en1-700-ml/p
Jumbo,47086,44249,Acondicionador Head & Shoulders Winter 400 Ml,HEAD & SHOULDERS,167.29,13826.0,False,400.0,0.4182,> Perfumería > Cuidado Capilar > Acondicionador >,acondicionador,estandar,general,https://www.jumbo.com.ar/acondicionador-head-shoulders-winter-400-ml/p
Jumbo,386642,384921,Shampoo Head And Shoulders Purificación 700 Ml,HEAD & SHOULDERS,2700.0,223141.0,False,700.0,3.8571,> Perfumería > Cuidado Capilar > Shampoo >,shampoo,estandar,general,https://www.jumbo.com.ar/shampoo-head-and-shoulders-purificacion-700-ml/p
Jumbo,386608,384887,Shampoo Head And Shoulders Humecta 180 Ml,HEAD & SHOULDERS,728.99,60247.0,False,180.0,4.0499,> Perfumería > Cuidado Capilar > Shampoo >,shampoo,estandar,general,https://www.jumbo.com.ar/shampoo-head-and-shoulders-humecta-180-ml/p
Jumbo,275370,274666,Shampoo Head & Shoulders Humectación 375 Ml,HEAD & SHOULDERS,287.97,23799.0,False,375.0,0.7679,> Perfumería > Cuidado Capilar > Shampoo >,shampoo,estandar,general,https://www.jumbo.com.ar/shampoo-head-shoulders-humectacion-375-ml/p
Jumbo,275368,274664,Acondicionador Head & Shoulders Humectacion 180 Ml,HEAD & SHOULDERS,118.99,9834.0,False,180.0,0.6611,> Perfumería > Cuidado Capilar > Acondicionador >,acondicionador,estandar,general,https://www.jumbo.com.ar/acondicionador-head-shoulders-humectacion-180-ml/p
Jumbo,275365,274661,Shampoo Head & Shoulders Humectación 180 Ml,HEAD & SHOULDERS,178.47,14750.0,False,180.0,0.9915,> Perfumería > Cuidado Capilar > Shampoo >,shampoo,estandar,general,https://www.jumbo.com.ar/shampoo-head-shoulders-humectacion-180-ml/p
Jumbo,386628,384907,Shampoo Head And Shoulders Manzana 375 Ml,HEAD & SHOULDERS,9150.0,756198.0,False,375.0,24.4,> Perfumería > Cuidado Capilar > Shampoo >,shampoo,estandar,general,https://www.jumbo.com.ar/shampoo-head-and-shoulders-manzana-375-ml/p
Jumbo,386609,384888,Shampoo Head And Shoulders Hidratación 180 Ml,HEAD & SHOULDERS,5400.0,446281.0,False,180.0,30.0,> Perfumería > Cuidado Capilar > Shampoo >,shampoo,estandar,seco_danado,https://www.jumbo.com.ar/shampoo-head-and-shoulders-hidratacion-180-ml/p
Jumbo,386607,384886,Shampoo Head And Shoulders Hidratación 375 Ml,HEAD & SHOULDERS,9200.0,760331.0,False,375.0,24.5333,> Perfumería > Cuidado Capilar > Shampoo >,shampoo,estandar,seco_danado,https://www.jumbo.com.ar/shampoo-head-and-shoulders-hidratacion-375-ml/p
Jumbo,154039,151605,Acondicionador Head & Shoulders Winter 200 Ml,HEAD & SHOULDERS,33.57,2774.0,False,200.0,0.1678,> Perfumería > Cuidado Capilar > Acondicionador >,acondicionador,estandar,general,https://www.jumbo.com.ar/acondicionador-head-shoulders-winter-200-ml/p
Jumbo,42328,39498,Acondicionador Head & Shoulders Antifall 200 Ml,HEAD & SHOULDERS,54.29,4487.0,False,200.0,0.2714,> Perfumería > Cuidado Capilar > Acondicionador >,acondicionador,estandar,general,https://www.jumbo.com.ar/acondicionador-head-shoulders-antifall-200-ml/p
Jumbo,42132,39302,Acondicionador Head & Shoulders Humecta 200 Ml,HEAD & SHOULDERS,54.29,4487.0,False,200.0,0.2714,> Perfumería > Cuidado Capilar > Acondicionador >,acondicionador,estandar,general,https://www.jumbo.com.ar/acondicionador-head-shoulders-humecta-200-ml/p
Jumbo,386633,384912,Shampoo Head And Shoulders Protección Caída 375 Ml,HEAD & SHOULDERS,9150.0,756198.0,False,375.0,24.4,> Perfumería > Cuidado Capilar > Shampoo >,shampoo,estandar,general,https://www.jumbo.com.ar/shampoo-head-and-shoulders-proteccion-caida-375-ml/p
Jumbo,307400,306637,Dermo Acondicionador Head & Shoulders Humectación 150 Ml,HEAD & SHOULDERS,850.0,70248.0,False,150.0,5.6667,> Perfumería > Cuidado Capilar > Acondicionador >,acondicionador,estandar,general,https://www.jumbo.com.ar/dermo-acondicionador-head-shoulders-humectacion-150-ml/p
Jumbo,275443,274739,Acondicionador Head & Shoulders Alivio Refresc 375 Ml,HEAD & SHOULDERS,208.19,17206.0,False,375.0,0.5552,> Perfumería > Cuidado Capilar > Acondicionador >,acondicionador,estandar,general,https://www.jumbo.com.ar/acondicionador-head-shoulders-alivio-refresc-375-ml/p
Jumbo,275439,274735,Shampoo Head & Shoulders Nutrición Profunda 180 Ml,HEAD & SHOULDERS,410.83,33953.0,False,180.0,2.2824,> Perfumería > Cuidado Capilar > Shampoo >,shampoo,estandar,general,https://www.jumbo.com.ar/shampoo-head-shoulders-nutricion-profunda-180-ml/p
Jumbo,275437,274733,Acondicionador Head & Shoulders Nutricion Profunda 375 Ml,HEAD & SHOULDERS,208.19,17206.0,False,375.0,0.5552,> Perfumería > Cuidado Capilar > Acondicionador >,acondicionador,estandar,general,https://www.jumbo.com.ar/acondicionador-head-shoulders-nutricion-profunda-375-ml/p
Jumbo,275415,274711,Shampoo Head & Shoulders Control Grasa 375 Ml,HEAD & SHOULDERS,269.09,22239.0,False,375.0,0.7176,> Perfumería > Cuidado Capilar > Shampoo >,shampoo,estandar,graso,https://www.jumbo.com.ar/shampoo-head-shoulders-control-grasa-375-ml/p
Jumbo,275405,274701,Shampoo Head & Shoulders Nutricion Profunda 375 Ml,HEAD & SHOULDERS,253.89,20983.0,False,375.0,0.677,> Perfumería > Cuidado Capilar > Shampoo >,shampoo,estandar,general,https://www.jumbo.com.ar/shampoo-head-shoulders-nutricion-profunda-375-ml/p
Jumbo,17833,14950,Acondicionador Head & Shoulders Inst Relief 400 Ml,HEAD & SHOULDERS,134.83,11143.0,False,400.0,0.3371,> Perfumería > Cuidado Capilar > Acondicionador >,acondicionador,estandar,general,https://www.jumbo.com.ar/acondicionador-head-shoulders-inst-relief-400-ml/p
Jumbo,386640,384919,Shampoo Head And Shoulders Protección Caida 700 Ml,HEAD & SHOULDERS,9729.99,804131.0,False,700.0,13.9,> Perfumería > Cuidado Capilar > Shampoo >,shampoo,estandar,general,https://www.jumbo.com.ar/shampoo-head-and-shoulders-proteccion-caida-700-ml/p
Jumbo,307402,306639,Dermo Acondicionador Head & Shoulders Humectación 300 Ml,HEAD & SHOULDERS,882.37,72923.0,False,300.0,2.9412,> Perfumería > Cuidado Capilar > Acondicionador >,acondicionador,estandar,general,https://www.jumbo.com.ar/dermo-acondicionador-head-shoulders-humectacion-300-ml/p
Jumbo,42521,39691,Acondicionador Head & Shoulders Apple Fresh 200 Ml,HEAD & SHOULDERS,54.29,4487.0,False,200.0,0.2714,> Perfumería > Cuidado Capilar > Acondicionador >,acondicionador,estandar,general,https://www.jumbo.com.ar/acondicionador-head-shoulders-apple-fresh-200-ml/p
Jumbo,386636,384915,Shampoo Head And Shoulders Protección Caida 180 Ml,HEAD & SHOULDERS,5050.0,417355.0,False,180.0,28.0556,> Perfumería > Cuidado Capilar > Shampoo >,shampoo,estandar,general,https://www.jumbo.com.ar/shampoo-head-and-shoulders-proteccion-caida-180-ml/p
Jumbo,337581,336684,Shampoo Head & Shoulders Detox De Raíz 375 Ml,HEAD & SHOULDERS,887.27,73328.0,False,375.0,2.3661,> Perfumería > Cuidado Capilar > Shampoo >,shampoo,estandar,general,https://www.jumbo.com.ar/shampoo-head-shoulders-detox-de-raiz-375-ml/p
Jumbo,307407,306644,Dermo Acondicionador Head & Shoulders Pu Ca 150ml,HEAD & SHOULDERS,387.67,32039.0,False,150.0,2.5845,> Perfumería > Cuidado Capilar > Acondicionador >,acondicionador,estandar,general,https://www.jumbo.com.ar/dermo-acondicionador-head-shoulders-pu-ca-150ml/p
Jumbo,275448,274744,Shampoo Head & Shoulders Alivio Refrescante 180 Ml,HEAD & SHOULDERS,145.49,12024.0,False,180.0,0.8083,> Perfumería > Cuidado Capilar > Shampoo >,shampoo,estandar,general,https://www.jumbo.com.ar/shampoo-head-shoulders-alivio-refrescante-180-ml/p
Jumbo,275446,274742,Acondiconador Head & Shoulders Alivio Refresca 180 Ml,HEAD & SHOULDERS,118.99,9834.0,False,180.0,0.6611,> Perfumería > Cuidado Capilar > Acondicionador >,shampoo,estandar,general,https://www.jumbo.com.ar/acondiconador-head-shoulders-alivio-refresca-180-ml/p
Jumbo,275442,274738,Shampoo Head & Shoulders Alivio Refrescante 375 Ml,HEAD & SHOULDERS,246.49,20371.0,False,375.0,0.6573,> Perfumería > Cuidado Capilar > Shampoo >,shampoo,estandar,general,https://www.jumbo.com.ar/shampoo-head-shoulders-alivio-refrescante-375-ml/p
Jumbo,275432,274728,Acondicionador Head & Shoulders Fuerza Rejuven 375 Ml,HEAD & SHOULDERS,222.77,18411.0,False,375.0,0.5941,> Perfumería > Cuidado Capilar > Acondicionador >,acondicionador,estandar,general,https://www.jumbo.com.ar/acondicionador-head-shoulders-fuerza-rejuven-375-ml/p
Jumbo,275429,274725,Shampoo Head & Shoulders Manzana Fresh 700 Ml,HEAD & SHOULDERS,431.23,35639.0,False,700.0,0.616,> Perfumería > Cuidado Capilar > Shampoo >,shampoo,estandar,general,https://www.jumbo.com.ar/shampoo-head-shoulders-manzana-fresh-700-ml/p
Jumbo,275423,274719,Shampoo Old Spice 375 Ml Head & Shoulders,HEAD & SHOULDERS,12200.0,1008264.0,False,375.0,32.5333,> Perfumería > Cuidado Capilar > Shampoo >,shampoo,estandar,general,https://www.jumbo.com.ar/shampoo-old-spice-375-ml-head-shoulders-2/p
Jumbo,275408,274704,Shampoo Head & Shoulders Control Grasa 180 Ml,HEAD & SHOULDERS,388.69,32123.0,False,180.0,2.1594,> Perfumería > Cuidado Capilar > Shampoo >,shampoo,estandar,graso,https://www.jumbo.com.ar/shampoo-head-shoulders-control-grasa-180-ml/p
Jumbo,275403,274699,Shampoo Head & Shoulders Limpieza Renovadora 375 Ml,HEAD & SHOULDERS,253.89,20983.0,False,375.0,0.677,> Perfumería > Cuidado Capilar > Shampoo >,shampoo,estandar,general,https://www.jumbo.com.ar/shampoo-head-shoulders-limpieza-renovadora-375-ml/p
Jumbo,38197,35354,Acondicionador Head & Shoulders Nutrición Profunda 400 Ml,HEAD & SHOULDERS,134.83,11143.0,False,400.0,0.3371,> Perfumería > Cuidado Capilar > Acondicionador >,acondicionador,estandar,general,https://www.jumbo.com.ar/acondicionador-head-shoulders-nutricion-profunda-400-ml/p
Jumbo,17820,14936,Acondicionador Head & Shoulders Inst Relief 200 Ml,HEAD & SHOULDERS,54.29,4487.0,False,200.0,0.2714,> Perfumería > Cuidado Capilar > Acondicionador >,acondicionador,estandar,general,https://www.jumbo.com.ar/acondicionador-head-shoulders-inst-relief-200-ml/p
Jumbo,337362,336465,Shampoo Head & Shoulders Suave Y Manejable 375 Ml,HEAD & SHOULDERS,887.27,73328.0,False,375.0,2.3661,> Perfumería > Cuidado Capilar > Shampoo >,shampoo,estandar,bebe,https://www.jumbo.com.ar/shampoo-head-shoulders-suave-y-manejable-375-ml-2/p
Jumbo,310208,309446,Dermo-acondicionador Head & Shoulders Limpieza Renovadora 300 Ml,HEAD & SHOULDERS,456.47,37725.0,False,300.0,1.5216,> Perfumería > Cuidado Capilar > Acondicionador >,acondicionador,estandar,general,https://www.jumbo.com.ar/dermo-acondicionador-head-shoulders-limpieza-renovadora-300-ml/p
Jumbo,275471,274767,Acondicionador Head & Shoulders Suave Y Maneja 180 Ml,HEAD & SHOULDERS,118.99,9834.0,False,180.0,0.6611,> Perfumería > Cuidado Capilar > Acondicionador >,acondicionador,estandar,bebe,https://www.jumbo.com.ar/acondicionador-head-shoulders-suave-y-maneja-180-ml/p
Jumbo,275427,274723,Shampoo Head & Shoulders Men Previene Caida 375 Ml,HEAD & SHOULDERS,246.49,20371.0,False,375.0,0.6573,> Perfumería > Cuidado Capilar > Shampoo >,shampoo,estandar,general,https://www.jumbo.com.ar/shampoo-head-shoulders-men-previene-caida-375-ml/p
Jumbo,424001,417078,Shampoo 3 En 1 650 Ml Head & Shoulders,HEAD & SHOULDERS,18300.0,1512397.0,False,650.0,28.1538,> Perfumería > Cuidado Capilar > Shampoo >,shampoo,estandar,general,https://www.jumbo.com.ar/shampoo-3-en-1-650-ml-head-shoulders-2/p
Jumbo,337361,336464,Shampoo Head & Shoulders Suave Y Manejable 180 Ml,HEAD & SHOULDERS,549.59,45421.0,False,180.0,3.0533,> Perfumería > Cuidado Capilar > Shampoo >,shampoo,estandar,bebe,https://www.jumbo.com.ar/shampoo-head-shoulders-suave-y-manejable-180-ml-2/p
Jumbo,307416,306653,Dermo Acondicionador Head & Shoulders Protección Caída 150 Ml,HEAD & SHOULDERS,850.0,70248.0,False,150.0,5.6667,> Perfumería > Cuidado Capilar > Acondicionador >,acondicionador,estandar,general,https://www.jumbo.com.ar/dermo-acondicionador-head-shoulders-proteccion-caida-150-ml/p
Jumbo,275372,274668,Shampoo Head & Shoulders Suave Y Manejable 375 Ml,HEAD & SHOULDERS,253.89,20983.0,False,375.0,0.677,> Perfumería > Cuidado Capilar > Shampoo >,shampoo,estandar,bebe,https://www.jumbo.com.ar/shampoo-head-shoulders-suave-y-manejable-375-ml/p
Jumbo,310207,309445,Acondicionador Head & Shoulders Hidratación Aceite De Coco 150 Ml,HEAD & SHOULDERS,387.67,32039.0,False,150.0,2.5845,> Perfumería > Cuidado Capilar > Acondicionador >,acondicionador,estandar,seco_danado,https://www.jumbo.com.ar/acondicionador-head-shoulders-hidratacion-aceite-de-coco-150-ml/p
Jumbo,310202,309440,Shampoo Head & Shoulders Hidratación Aceite De Coco 700 Ml,HEAD & SHOULDERS,616.89,50983.0,False,700.0,0.8813,> Perfumería > Cuidado Capilar > Shampoo >,shampoo,estandar,seco_danado,https://www.jumbo.com.ar/shampoo-head-shoulders-hidratacion-aceite-de-coco-700-ml/p
Jumbo,307454,306691,Dermo Acondicionador Head & Shoulders Manzana Fresh 150 Ml,HEAD & SHOULDERS,387.67,32039.0,False,150.0,2.5845,> Perfumería > Cuidado Capilar > Acondicionador >,acondicionador,estandar,general,https://www.jumbo.com.ar/dermo-acondicionador-head-shoulders-manzana-fresh-150-ml/p
Jumbo,295011,294243,Shampoo Anti-Caspa Charcoal 375 Ml Head y Shoulders,HEAD & SHOULDERS,11850.0,979339.0,False,375.0,31.6,> Perfumería > Cuidado Capilar > Shampoo >,shampoo,estandar,anticaspa,https://www.jumbo.com.ar/shampoo-charcoal-375-ml-head-shoulders-2/p
Jumbo,275366,274662,Shampoo Head & Shoulders Suave Y Manejable 180 Ml,HEAD & SHOULDERS,157.35,13004.0,False,180.0,0.8742,> Perfumería > Cuidado Capilar > Shampoo >,shampoo,estandar,bebe,https://www.jumbo.com.ar/shampoo-head-shoulders-suave-y-manejable-180-ml/p
Jumbo,275362,274658,Acondicionador Head & Shoulders Suave Y Maneja 375 Ml,HEAD & SHOULDERS,208.19,17206.0,False,375.0,0.5552,> Perfumería > Cuidado Capilar > Acondicionador >,acondicionador,estandar,bebe,https://www.jumbo.com.ar/acondicionador-head-shoulders-suave-y-maneja-375-ml/p
Jumbo,391944,389996,Shampoo Head & Shoulders Aceite De Argán Control Caspa 700 Ml,HEAD & SHOULDERS,17550.0,1450413.0,False,700.0,25.0714,> Perfumería > Cuidado Capilar > Shampoo >,shampoo,estandar,anticaspa,https://www.jumbo.com.ar/shampoo-head-shoulders-aceite-de-argan-control-caspa-700-ml/p
Jumbo,337360,336463,Shampoo Head & Shoulders Protección Caída Con Cafeína 700 Ml,HEAD & SHOULDERS,1363.99,112726.0,False,700.0,1.9486,> Perfumería > Cuidado Capilar > Shampoo >,shampoo,estandar,general,https://www.jumbo.com.ar/shampoo-head-shoulders-proteccion-caida-con-cafeina-700-ml/p
Jumbo,332648,331803,Shampoo Head & Shoulders Crece Fuerte Desde La Raíz 700 Ml,HEAD & SHOULDERS,1136.69,93941.0,False,700.0,1.6238,> Perfumería > Cuidado Capilar > Shampoo >,shampoo,estandar,general,https://www.jumbo.com.ar/shampoo-head-shoulders-crece-fuerte-desde-la-raiz-700-ml/p
Jumbo,307405,306642,Dermo Acondicionador Head & Shoulders Suave Y Manejable 300 Ml,HEAD & SHOULDERS,7800.0,644628.0,False,300.0,26.0,> Perfumería > Cuidado Capilar > Acondicionador >,acondicionador,estandar,bebe,https://www.jumbo.com.ar/dermo-acondicionador-head-shoulders-suave-y-manejable-300-ml/p
Jumbo,386614,384893,Shampoo Head And Shoulders Men 3 En 1 700 Ml,HEAD & SHOULDERS,12258.99,1013140.0,False,700.0,17.5128,> Perfumería > Cuidado Capilar > Shampoo >,shampoo,estandar,general,https://www.jumbo.com.ar/shampoo-head-and-shoulders-men-3-en-1-700-ml/p
Jumbo,341816,340503,Shampoo Anti Caspa Dermo Sensitive 375 Ml Head y Shoulders,HEAD & SHOULDERS,11850.0,979339.0,False,375.0,31.6,> Perfumería > Cuidado Capilar > Shampoo >,shampoo,estandar,anticaspa,https://www.jumbo.com.ar/shampoo-sensitive-375-ml-head-shoulders/p
Jumbo,341811,340498,Shampoo Anti-Caspa Dermo Sensitive 180 Ml Head y Shoulders,HEAD & SHOULDERS,7050.0,582645.0,False,180.0,39.1667,> Perfumería > Cuidado Capilar > Shampoo >,shampoo,estandar,anticaspa,https://www.jumbo.com.ar/shampoo-sensitive-180-ml-head-shoulders-2/p
Jumbo,307404,306641,Dermo Acondicionador Head & Shoulders Suave Y Manejable 150 Ml,HEAD & SHOULDERS,520.97,43055.0,False,150.0,3.4731,> Perfumería > Cuidado Capilar > Acondicionador >,acondicionador,estandar,bebe,https://www.jumbo.com.ar/dermo-acondicionador-head-shoulders-suave-y-manejable-150-ml/p
Jumbo,295012,294242,Shampoo Anti Caspa con Carbón 180 Ml Head y Shoulders,HEAD & SHOULDERS,7050.0,582645.0,False,180.0,39.1667,> Perfumería > Cuidado Capilar > Shampoo >,shampoo,estandar,anticaspa,https://www.jumbo.com.ar/shampoo-charcoal-180-ml-head-shoulders-2/p
Jumbo,386623,384902,Shampoo Head And Shoulders Men 3 En 1 180 Ml,HEAD & SHOULDERS,5050.0,417355.0,False,180.0,28.0556,> Perfumería > Cuidado Capilar > Shampoo >,shampoo,estandar,general,https://www.jumbo.com.ar/shampoo-head-and-shoulders-men-3-en-1-180-ml/p
Jumbo,115892,114937,Shampoo Head & Shoulders X700ml Sensitive  Pvc 700 Ml.,HEAD & SHOULDERS,38.35,38.35,False,700.0,0.0548,> Perfumería > Cuidado Capilar > Shampoo >,shampoo,estandar,general,https://www.jumbo.com.ar/shampoo-head-shoulders-x700ml-sensitive-pvc-700-ml/p
Jumbo,423999,417076,Shampoo Dermo Sensitive con Aloe Vera 650 Ml Head y Shoulders,HEAD & SHOULDERS,18300.0,1512397.0,False,650.0,28.1538,> Perfumería > Cuidado Capilar > Shampoo >,shampoo,estandar,general,https://www.jumbo.com.ar/shampoo-sensitive-650-ml-head-shoulders-2/p
Jumbo,310205,309443,Crema Para Peinar Head & Shoulders Hidratación Aceite De Coco 300 Ml,Tio Nacho,642.95,53136.0,False,300.0,2.1432,> Perfumería > Cuidado Capilar > Reparación y Tratamientos >,shampoo,estandar,seco_danado,https://www.jumbo.com.ar/crema-para-peinar-head-shoulders-hidratacion-aceite-de-coco-300-ml/p
Jumbo,307406,306643,Dermo Acondicionador Head & Shoulders Purificación Capilar Carbón Activado 300 Ml,HEAD & SHOULDERS,625.29,51677.0,False,300.0,2.0843,> Perfumería > Cuidado Capilar > Acondicionador >,acondicionador,estandar,general,https://www.jumbo.com.ar/dermo-acondicionador-head-shoulders-purificacion-capilar-carbon-activado-300-ml/p
Jumbo,311425,310660,Kit Head & Shoulders Hidratación Shampoo 375 Ml  Dermo-acondicionador 300 Ml,HEAD & SHOULDERS,598.05,49426.0,False,375.0,1.5948,> Perfumería > Cuidado Capilar > Shampoo >,acondicionador,estandar,seco_danado,https://www.jumbo.com.ar/kit-head-shoulders-hidratacion-shampoo-375-ml-dermo-acondicionador-300-ml/p
Jumbo,122112,121131,Shampoo Head & Shoulders X 200ml Liso Y Sedoso  Pvc 200 Ml.,HEAD & SHOULDERS,12.75,12.75,False,200.0,0.0638,> Perfumería > Cuidado Capilar > Shampoo >,shampoo,estandar,general,https://www.jumbo.com.ar/shampoo-head-shoulders-x-200ml-liso-y-sedoso-pvc-200-ml/p
Jumbo,7254,4588,Acondicionador H&s Instant Moisture X400ml,HEAD & SHOULDERS,134.83,11143.0,False,400.0,0.3371,> Perfumería > Cuidado Capilar > Acondicionador >,acondicionador,estandar,general,https://www.jumbo.com.ar/acondicionador-h-s-instant-moisture-x400ml/p
Jumbo,41184,38349,Acondicionador H&s Instant Moisture X200ml,HEAD & SHOULDERS,54.29,4487.0,False,200.0,0.2714,> Perfumería > Cuidado Capilar > Acondicionador >,acondicionador,estandar,general,https://www.jumbo.com.ar/acondicionador-h-s-instant-moisture-x200ml/p
Jumbo,301521,300744,Tío Nacho Crema Para Peinar Anti Daño 250ml,Tio Nacho,6350.0,524793.0,False,250.0,25.4,> Perfumería > Cuidado Capilar > Reparación y Tratamientos >,shampoo,estandar,general,https://www.jumbo.com.ar/tio-nacho-crema-para-peinar-anti-dano-250ml/p
Jumbo,412493,408102,Crema para Peinar Rizos Poderosos 250 Ml Fructis,FRUCTIS,8100.0,669421.0,True,250.0,32.4,> Perfumería > Cuidado Capilar > Reparación y Tratamientos >,shampoo,estandar,rizado,https://www.jumbo.com.ar/crema-para-peinar-fructis-rizos-poderosos-250ml/p
Jumbo,3086633,3085857,Crema para Peinar Borrador de Daño Colágeno Jelly 300 Ml Fructis Crema Para Peinar Oil Control X 300 Ml Fructis,FRUCTIS,13650.0,1128099.0,True,300.0,45.5,> Perfumería > Cuidado Capilar > Reparación y Tratamientos >,shampoo,estandar,general,https://www.jumbo.com.ar/crema-para-peinar-oil-control-x-300-ml-fructis/p
Jumbo,420155,414429,Mascarilla Tratamiento Nutrición Palta 350 Ml Fructis,FRUCTIS,15100.0,1247934.0,True,350.0,43.1429,> Perfumería > Cuidado Capilar > Reparación y Tratamientos >,tratamiento,estandar,general,https://www.jumbo.com.ar/mascarilla-fructis-hair-food-palta-350-ml/p
Jumbo,384065,382760,Acondicionador Fructis Hair Food Aloe 300ml,FRUCTIS,12050.0,995868.0,True,300.0,40.1667,> Perfumería > Cuidado Capilar > Acondicionador >,acondicionador,estandar,general,https://www.jumbo.com.ar/acondicionador-fructis-hair-food-aloe-300ml/p
Jumbo,3068266,3068094,Crema para Peinar Probióticos Fuerza 10-en-1 250 Ml Fructis,FRUCTIS,8100.0,669421.0,True,250.0,32.4,> Perfumería > Cuidado Capilar > Reparación y Tratamientos >,shampoo,estandar,general,https://www.jumbo.com.ar/tratamiento-probiotics-x-250-ml-fructis/p
Jumbo,424313,417193,Crema De Peinar Fructis Hair Food Cocoa 3 En 1,FRUCTIS,9600.0,793388.0,True,,,> Perfumería > Cuidado Capilar > Reparación y Tratamientos >,shampoo,estandar,general,https://www.jumbo.com.ar/crema-de-peinar-fructis-hair-food-cocoa-3-en-1-2/p
Jumbo,412497,408106,Mascarilla Capilar Revitalizante Sandía 350 Ml Fructis,FRUCTIS,15100.0,1247934.0,True,350.0,43.1429,> Perfumería > Cuidado Capilar > Reparación y Tratamientos >,tratamiento,estandar,general,https://www.jumbo.com.ar/mascarilla-fructis-hair-food-sandia-350-ml/p
Jumbo,412496,408105,Mascarilla Hidratación Cabello Deshidratado Hair Food Aloe Vera 350 Ml Fructis,FRUCTIS,15100.0,1247934.0,True,350.0,43.1429,> Perfumería > Cuidado Capilar > Reparación y Tratamientos >,tratamiento,estandar,seco_danado,https://www.jumbo.com.ar/mascarilla-fructis-hair-food-aloe-350-ml/p
Jumbo,412309,416200,Crema para Peinar Hydra Liss 10 en 1 250 Ml Fructis,FRUCTIS,8100.0,669421.0,True,250.0,32.4,> Perfumería > Cuidado Capilar > Reparación y Tratamientos >,shampoo,estandar,general,https://www.jumbo.com.ar/crema-para-peinar-hidra-liss-250-ml-fructis/p
Jumbo,397193,394934,Acondicionador Goodbye Daños 200 Ml Fructis,FRUCTIS,5900.0,487603.0,True,200.0,29.5,> Perfumería > Cuidado Capilar > Acondicionador >,acondicionador,estandar,general,https://www.jumbo.com.ar/acondicionador-fructis-goodbye-danos-200-ml/p
Jumbo,3074193,3073689,Mascarilla Anti-quiebre Hair Food Ananá 350 Ml Fructis,FRUCTIS,15100.0,1247934.0,True,350.0,43.1429,> Perfumería > Cuidado Capilar > Reparación y Tratamientos >,tratamiento,estandar,general,https://www.jumbo.com.ar/tratamient-cap-fructis-pina-350ml/p
Jumbo,415162,410820,Crema para Peinar Recarga Nutritiva para Cabello Seco 250 Ml Fructis,FRUCTIS,8100.0,669421.0,True,250.0,32.4,> Perfumería > Cuidado Capilar > Reparación y Tratamientos >,shampoo,estandar,seco_danado,https://www.jumbo.com.ar/crema-para-peinar-fructis-recarga-nutritiva-cpp-250-ml/p
Jumbo,412485,408094,Crema Para Peinar Fructis Liso Coco 200 Ml,FRUCTIS,8100.0,669421.0,True,200.0,40.5,> Perfumería > Cuidado Capilar > Reparación y Tratamientos >,shampoo,estandar,general,https://www.jumbo.com.ar/crema-para-peinar-fructis-liso-coco-200-ml/p
Jumbo,3068269,3068097,Shampoo Force Probiotics X 650 Ml Fructis,FRUCTIS,11550.0,954545.0,False,650.0,17.7692,> Perfumería > Cuidado Capilar > Shampoo >,shampoo,estandar,general,https://www.jumbo.com.ar/shampoo-force-probiotics-x-650-ml-fructis-2/p
Jumbo,3068268,3068096,Shampoo Probióticos Fuerza 350 Ml Fructis,FRUCTIS,7350.0,607438.0,False,350.0,21.0,> Perfumería > Cuidado Capilar > Shampoo >,shampoo,estandar,general,https://www.jumbo.com.ar/shampoo-probiotics-x-350-ml-fructis-2/p
Jumbo,3068264,3068092,Shampoo para Cabello Frágil Probiotics 200 Ml Fructis,FRUCTIS,4850.0,400826.0,False,200.0,24.25,> Perfumería > Cuidado Capilar > Shampoo >,shampoo,estandar,general,https://www.jumbo.com.ar/shampoo-probiotics-x-200-ml-fructis-2/p
Jumbo,1371394,1369516,Shampoo Hidratante Aloe Hidra Clean 350 Ml Fructis,FRUCTIS,7000.0,578512.0,False,350.0,20.0,> Perfumería > Cuidado Capilar > Shampoo >,shampoo,estandar,seco_danado,https://www.jumbo.com.ar/shampoo-fructis-aloe-water-350-ml-2/p
Jumbo,424315,417195,Mascarilla Capilar Hair Food Manteca de Cacao 350 Ml Fructis Mascarilla Fructis Hair Food Cacao X 350 Ml,FRUCTIS,12600.0,1041322.0,False,350.0,36.0,> Perfumería > Cuidado Capilar > Reparación y Tratamientos >,tratamiento,estandar,general,https://www.jumbo.com.ar/mascarilla-fructis-hair-food-cacao-x-350-ml-2/p
Jumbo,424314,417194,Acondicionador Fructis Hair Food Cacao X 300 Ml,FRUCTIS,10000.0,826446.0,False,300.0,33.3333,> Perfumería > Cuidado Capilar > Acondicionador >,acondicionador,estandar,general,https://www.jumbo.com.ar/acondicionador-fructis-hair-food-cacao-x-300-ml-2/p
Jumbo,424312,417192,Shampoo Hair Food Restauración de Cacao 300 Ml Fructis,FRUCTIS,10500.0,867769.0,False,300.0,35.0,> Perfumería > Cuidado Capilar > Shampoo >,shampoo,estandar,general,https://www.jumbo.com.ar/shampoo-fructis-hair-food-cacao-x-300-ml-2/p
Jumbo,416916,412460,Shampoo Rizos Poderosos 200 Ml Fructis,FRUCTIS,4850.0,400826.0,False,200.0,24.25,> Perfumería > Cuidado Capilar > Shampoo >,shampoo,estandar,rizado,https://www.jumbo.com.ar/shampoo-fructis-rizos-poderosos-x-200-ml/p
Jumbo,412495,408104,Mascarilla Fructis Hair Food Coco 350 Ml,FRUCTIS,12000.0,991736.0,False,350.0,34.2857,> Perfumería > Cuidado Capilar > Reparación y Tratamientos >,tratamiento,estandar,general,https://www.jumbo.com.ar/mascarilla-fructis-hair-food-coco-350-ml-2/p
Jumbo,412494,408103,Mascarilla Hair Food Fuerza Banana 350 Ml Fructis Mascarilla Fructis Hair Food Banana 350 Ml,FRUCTIS,9750.0,805785.0,False,350.0,27.8571,> Perfumería > Cuidado Capilar > Reparación y Tratamientos >,tratamiento,estandar,general,https://www.jumbo.com.ar/mascarilla-fructis-hair-food-banana-350-ml/p
Jumbo,412308,408283,Crema para Peinar Aloe Hidra Clean 250 Ml Fructis,FRUCTIS,7050.0,582645.0,False,250.0,28.2,> Perfumería > Cuidado Capilar > Reparación y Tratamientos >,shampoo,estandar,general,https://www.jumbo.com.ar/crema-para-peinar-fructis-aloe-hidra-clean-250-ml/p
Jumbo,412301,408003,Acondicionador Aloe Hidra Clean 350 Ml Fructis,FRUCTIS,4850.0,400826.0,False,350.0,13.8571,> Perfumería > Cuidado Capilar > Acondicionador >,acondicionador,estandar,general,https://www.jumbo.com.ar/acondicionador-fructis-aloe-hidra-clean-200-ml/p
Jumbo,412299,408001,Acondicionador Recarga Nutritiva para Cabello Seco 650 Ml Fructis,FRUCTIS,9900.0,818182.0,False,650.0,15.2308,> Perfumería > Cuidado Capilar > Acondicionador >,acondicionador,estandar,seco_danado,https://www.jumbo.com.ar/acondicionador-fructis-recarga-nutritiva-650-ml/p
Jumbo,412298,408000,Shamp Fructis  Recarg Nutri 650ml,FRUCTIS,6000.0,495868.0,False,650.0,9.2308,> Perfumería > Cuidado Capilar > Shampoo >,shampoo,estandar,general,https://www.jumbo.com.ar/shamp-fructis-recarg-nutri-650ml/p
Jumbo,412297,407999,Shamp Fructis Liss Coconut 650ml,FRUCTIS,8200.0,677686.0,False,650.0,12.6154,> Perfumería > Cuidado Capilar > Shampoo >,shampoo,estandar,general,https://www.jumbo.com.ar/shamp-fructis-liss-coconut-650ml/p
Jumbo,405295,402230,Acondicionador Hydra Liss con Óleo de Argán y Keratina-V Líquida 350 Ml Fructis Shampoo Fructis Hair Food Cacao 300 Ml,FRUCTIS,5000.0,413223.0,False,350.0,14.2857,> Perfumería > Cuidado Capilar > Acondicionador >,acondicionador,estandar,tratado,https://www.jumbo.com.ar/shampoo-fructis-hair-food-cacao-300-ml/p
Jumbo,397211,394952,Crema para Peinar Goodbye Daños 250 Ml Fructis,FRUCTIS,6700.0,553719.0,False,250.0,26.8,> Perfumería > Cuidado Capilar > Acondicionador >,shampoo,estandar,general,https://www.jumbo.com.ar/crema-para-peinar-fructis-goodbye-danos-250ml/p
Jumbo,396768,339874,Acondic Fructis Hair Food Sandia 300ml,FRUCTIS,1450.0,119835.0,False,300.0,4.8333,> Perfumería > Cuidado Capilar > Acondicionador >,shampoo,estandar,general,https://www.jumbo.com.ar/acondic-fructis-hair-food-sandia-300ml-2/p
Jumbo,393749,391777,Crema Para Peinar Fructis Rizos Poderosos 250m,FRUCTIS,1176.06,97195.0,False,,,> Perfumería > Cuidado Capilar > Reparación y Tratamientos >,shampoo,estandar,rizado,https://www.jumbo.com.ar/crema-para-peinar-fructis-rizos-poderosos-250m/p
Jumbo,393554,391582,Crema Tratamiento Fructis Liso Coco 250 Ml,FRUCTIS,1105.09,91330.0,False,250.0,4.4204,> Perfumería > Cuidado Capilar > Reparación y Tratamientos >,tratamiento,estandar,general,https://www.jumbo.com.ar/crema-tratamiento-fructis-liso-coco-250-ml/p
Jumbo,393550,391578,Tratamiento Fructis Aloe Secado Natural 250ml,FRUCTIS,1190.29,98371.0,False,250.0,4.7612,> Perfumería > Cuidado Capilar > Reparación y Tratamientos >,tratamiento,estandar,general,https://www.jumbo.com.ar/tratamiento-fructis-aloe-secado-natural-250ml/p
Jumbo,393547,391575,Tratamiento Fructis Recarga Nutritiva 250ml,FRUCTIS,1312.29,108454.0,False,250.0,5.2492,> Perfumería > Cuidado Capilar > Reparación y Tratamientos >,tratamiento,estandar,general,https://www.jumbo.com.ar/tratamiento-fructis-recarga-nutritiva-250ml/p
Jumbo,384056,382758,Shampoo Hair Food Cabello Normal Sandía 300 Ml Fructis,FRUCTIS,10000.0,826446.0,False,300.0,33.3333,> Perfumería > Cuidado Capilar > Shampoo >,shampoo,estandar,general,https://www.jumbo.com.ar/shampoo-fructis-hair-food-sandia-300-ml/p
Jumbo,384051,382757,Shampoo Hair Food Nutrición Palta 300 Ml Fructis,FRUCTIS,10500.0,867769.0,False,300.0,35.0,> Perfumería > Cuidado Capilar > Shampoo >,shampoo,estandar,general,https://www.jumbo.com.ar/shampoo-hair-food-palta-fructis-garnier-300-ml/p
Jumbo,384050,382756,Acondicionador Hair Food Reparación de Coco 300 Ml Fructis,FRUCTIS,10800.0,892562.0,False,300.0,36.0,> Perfumería > Cuidado Capilar > Acondicionador >,acondicionador,estandar,general,https://www.jumbo.com.ar/acondicionador-hair-food-coco-fructis-garnier-300-ml/p
Jumbo,384046,382755,Acondicionador Nutrición Cabello Seco Hair Food Palta 300 Ml Fructis,FRUCTIS,10500.0,867769.0,False,300.0,35.0,> Perfumería > Cuidado Capilar > Acondicionador >,acondicionador,estandar,seco_danado,https://www.jumbo.com.ar/acondicionador-garnier-fructis-hair-food-palta-300-ml/p
Jumbo,384024,382746,Acondicionador Hair Food Fuerza para Cabello Débil Banana 300 Ml Fructis,FRUCTIS,9450.0,780992.0,False,300.0,31.5,> Perfumería > Cuidado Capilar > Acondicionador >,acondicionador,estandar,general,https://www.jumbo.com.ar/acondicionador-fructis-hair-food-banana-300ml/p
Jumbo,375243,373961,Shampooo Fructis Recarga Nutritiva 200ml,FRUCTIS,994.69,82206.0,False,200.0,4.9735,> Perfumería > Cuidado Capilar > Shampoo >,shampoo,estandar,general,https://www.jumbo.com.ar/shampooo-fructis-recarga-nutritiva-200ml/p
Jumbo,352443,351079,Shampoo  Sandia Solido 60 Gr Fructis Shampoo Fructis Sandia Solido 60g,FRUCTIS,1507.19,124561.0,False,60.0,25.1198,> Perfumería > Cuidado Capilar > Shampoo >,shampoo,estandar,general,https://www.jumbo.com.ar/shampoo-fructis-sandia-solido-60g-2/p
Jumbo,352442,351078,Shampoo  Banana Solido 60 Gr Fructis Shampoo Fructis Banana Solido 60g,FRUCTIS,1708.95,141236.0,False,60.0,28.4825,> Perfumería > Cuidado Capilar > Shampoo >,shampoo,estandar,general,https://www.jumbo.com.ar/shampoo-fructis-banana-solido-60g-2/p
Jumbo,352441,351077,Shampoo  Aloe Vera Solido 60 Gr Fructis Shampoo Fructis Aloe Vera Solido 60g,FRUCTIS,2700.0,223141.0,False,60.0,45.0,> Perfumería > Cuidado Capilar > Shampoo >,shampoo,estandar,general,https://www.jumbo.com.ar/shampoo-fructis-aloe-vera-solido-60g-2/p
Jumbo,352438,351074,Shampoo  Coco Solido 60 Gr Fructis Shampoo Fructis Coco Solido 60g,FRUCTIS,1763.65,145756.0,False,60.0,29.3942,> Perfumería > Cuidado Capilar > Shampoo >,shampoo,estandar,general,https://www.jumbo.com.ar/shampoo-fructis-coco-solido-60g-2/p
Jumbo,341184,339873,Mascara Fructis Hair Food Sandia 350ml,FRUCTIS,1936.48,160040.0,False,350.0,5.5328,> Perfumería > Cuidado Capilar > Reparación y Tratamientos >,tratamiento,estandar,general,https://www.jumbo.com.ar/mascara-fructis-hair-food-sandia-350ml-2/p
Jumbo,341182,339871,Shampoo Fructis Hair Food Sandia 300ml,FRUCTIS,691.49,57148.0,False,300.0,2.305,> Perfumería > Cuidado Capilar > Shampoo >,shampoo,estandar,general,https://www.jumbo.com.ar/shampoo-fructis-hair-food-sandia-300ml-2/p
Jumbo,339399,338090,Crema Para Peinar Fructis 300ml Nutritiva,FRUCTIS,657.69,54355.0,False,300.0,2.1923,> Perfumería > Cuidado Capilar > Reparación y Tratamientos >,shampoo,estandar,general,https://www.jumbo.com.ar/crema-para-peinar-fructis-300ml-nutritiva/p
Jumbo,339397,338088,Shampoo Recarga Nutritiva 650 Ml Fructis,FRUCTIS,11550.0,954545.0,False,650.0,17.7692,> Perfumería > Cuidado Capilar > Shampoo >,shampoo,estandar,general,https://www.jumbo.com.ar/shampoo-recarga-nutritiva-650-ml-fructis/p
Jumbo,321108,320145,Crema Para Peinar Fructis Goodbye Daños 250ml,FRUCTIS,372.4,30777.0,False,250.0,1.4896,> Perfumería > Cuidado Capilar > Reparación y Tratamientos >,shampoo,estandar,general,https://www.jumbo.com.ar/crema-para-peinar-fructis-goodbye-danos-250ml-2/p
Jumbo,313259,312497,Shampoo Fructis Hair Food Palta 300ml,FRUCTIS,643.67,53196.0,False,300.0,2.1456,> Perfumería > Cuidado Capilar > Shampoo >,shampoo,estandar,general,https://www.jumbo.com.ar/shampoo-fructis-hair-food-palta-300ml/p
Jumbo,313248,312486,Shampoo Fructis Hair Food Aloe 300ml,FRUCTIS,680.99,56280.0,False,300.0,2.27,> Perfumería > Cuidado Capilar > Shampoo >,shampoo,estandar,general,https://www.jumbo.com.ar/shampoo-fructis-hair-food-aloe-300ml/p
Jumbo,313247,312485,Shampoo Fructis Hair Food Banana 300ml,FRUCTIS,1300.0,107438.0,False,300.0,4.3333,> Perfumería > Cuidado Capilar > Shampoo >,shampoo,estandar,general,https://www.jumbo.com.ar/shampoo-fructis-hair-food-banana-300ml-2/p
Jumbo,295166,294495,Shampoo Fructis Aloe Hidra Bomb 650ml,FRUCTIS,6930.39,572760.0,False,650.0,10.6621,> Perfumería > Cuidado Capilar > Shampoo >,shampoo,estandar,general,https://www.jumbo.com.ar/shampoo-fructis-aloe-hidra-bomb-650ml/p
Jumbo,295162,294494,Shampoo Fructis Aloe Hidra Bomb 200ml,FRUCTIS,483.13,39928.0,False,200.0,2.4156,> Perfumería > Cuidado Capilar > Shampoo >,shampoo,estandar,general,https://www.jumbo.com.ar/shampoo-fructis-aloe-hidra-bomb-200ml/p
Jumbo,295161,294493,Crema Peinar Fructis Deshidratado 300ml,FRUCTIS,398.85,32963.0,False,300.0,1.3295,> Perfumería > Cuidado Capilar > Reparación y Tratamientos >,shampoo,estandar,seco_danado,https://www.jumbo.com.ar/crema-peinar-fructis-deshidratado-300ml/p
Jumbo,294858,294089,Acondicionador Fructis Aloe Hidra Bomb 200 Ml,FRUCTIS,650.0,53719.0,False,200.0,3.25,> Perfumería > Cuidado Capilar > Acondicionador >,acondicionador,estandar,general,https://www.jumbo.com.ar/acondicionador-fructis-aloe-hidra-bomb-200-ml/p
Jumbo,276532,275818,Tratamiento Fructis Food Palta 350ml,FRUCTIS,994.33,82176.0,False,350.0,2.8409,> Perfumería > Cuidado Capilar > Reparación y Tratamientos >,tratamiento,estandar,general,https://www.jumbo.com.ar/tratamiento-fructis-food-palta-350ml/p
Jumbo,276531,275817,Tratamiento Fructis Hairfood Máscara De Fuerza 350 Ml,FRUCTIS,1258.97,104047.0,False,350.0,3.5971,> Perfumería > Cuidado Capilar > Reparación y Tratamientos >,tratamiento,estandar,general,https://www.jumbo.com.ar/tratamiento-fructis-hairfood-mascara-de-fuerza-350-ml/p
Jumbo,276530,275816,Tratamiento Fructis Hair Food Máscara De Brillo 350 Ml,FRUCTIS,418.79,34611.0,False,350.0,1.1965,> Perfumería > Cuidado Capilar > Reparación y Tratamientos >,tratamiento,estandar,general,https://www.jumbo.com.ar/tratamiento-fructis-hair-food-mascara-de-brillo-350-ml/p
Jumbo,276529,275815,Fructis Hairfood Máscara De Reparación Cabello Dañado Coco 350ml,FRUCTIS,778.67,64353.0,False,350.0,2.2248,> Perfumería > Cuidado Capilar > Reparación y Tratamientos >,shampoo,estandar,seco_danado,https://www.jumbo.com.ar/fructis-hairfood-mascara-de-reparacion-cabello-danado-coco-350ml/p
Jumbo,265433,264967,Mascara Fructis Wonder Coconut 300gr,FRUCTIS,433.59,35834.0,False,300.0,1.4453,> Perfumería > Cuidado Capilar > Reparación y Tratamientos >,tratamiento,estandar,general,https://www.jumbo.com.ar/mascara-fructis-wonder-coconut-300gr/p
Jumbo,254978,254272,Shampoo Liso Coco 650 Ml Fructis,FRUCTIS,11550.0,954545.0,False,650.0,17.7692,> Perfumería > Cuidado Capilar > Shampoo >,shampoo,estandar,general,https://www.jumbo.com.ar/shampoo-liso-coco-650-ml-fructis/p
Jumbo,254976,254270,Tratamiento Fructis Coconut 300ml,FRUCTIS,475.09,39264.0,False,300.0,1.5836,> Perfumería > Cuidado Capilar > Reparación y Tratamientos >,tratamiento,estandar,general,https://www.jumbo.com.ar/tratamiento-fructis-coconut-300ml/p
Jumbo,42001,39165,Mascara Fructis Oil Repair 300gr,FRUCTIS,537.07,44386.0,False,300.0,1.7902,> Perfumería > Cuidado Capilar > Reparación y Tratamientos >,tratamiento,profesional,general,https://www.jumbo.com.ar/mascara-fructis-oil-repair-300gr-2/p
Jumbo,41992,39156,Oleo Fructis Control Y Definición Rizos Poderosos 100 Ml,FRUCTIS,813.09,67198.0,False,100.0,8.1309,> Perfumería > Cuidado Capilar > Reparación y Tratamientos >,shampoo,estandar,rizado,https://www.jumbo.com.ar/oleo-fructis-control-y-definicion-rizos-poderosos-100-ml/p
Jumbo,41986,39150,Crema Peinar Fructis Rizos 300ml,FRUCTIS,388.99,32148.0,False,300.0,1.2966,> Perfumería > Cuidado Capilar > Reparación y Tratamientos >,shampoo,estandar,rizado,https://www.jumbo.com.ar/crema-peinar-fructis-rizos-300ml-2/p
Jumbo,41939,39103,Acondicionador Fructis Control Y Definici«n Lisos Poderosos 350 Ml Acondicionador Fructis Control Y Definición Lisos Poderosos 350 Ml,FRUCTIS,159.0,159.0,False,350.0,0.4543,> Perfumería > Cuidado Capilar > Acondicionador >,acondicionador,estandar,general,https://www.jumbo.com.ar/acondicionador-fructis-control-y-definici-n-lisos-poderosos-350-ml/p
Jumbo,41823,38987,Mascara Fructis Goodbye 300gr,FRUCTIS,433.59,35834.0,False,300.0,1.4453,> Perfumería > Cuidado Capilar > Reparación y Tratamientos >,tratamiento,estandar,general,https://www.jumbo.com.ar/mascara-fructis-goodbye-300gr-2/p
Jumbo,41814,38978,Shampoo Fructis Control Y Definición Rizos Poderosos 650 Ml,FRUCTIS,381.19,31503.0,False,650.0,0.5864,> Perfumería > Cuidado Capilar > Shampoo >,shampoo,estandar,rizado,https://www.jumbo.com.ar/shampoo-fructis-control-y-definicion-rizos-poderosos-650-ml/p
Jumbo,41798,38962,Shampoo Fructis Control 350ml,FRUCTIS,339.27,28039.0,False,350.0,0.9693,> Perfumería > Cuidado Capilar > Shampoo >,shampoo,estandar,general,https://www.jumbo.com.ar/shampoo-fructis-control-350ml-2/p
Jumbo,41755,38919,Shampoo Fructis Oil Repair 650ml,FRUCTIS,381.19,31503.0,False,650.0,0.5864,> Perfumería > Cuidado Capilar > Shampoo >,shampoo,profesional,general,https://www.jumbo.com.ar/shampoo-fructis-oil-repair-650ml-2/p
Jumbo,41752,38915,Shampoo Fructis Stop Caída Crece Fuerte 350 Ml,FRUCTIS,262.17,21667.0,False,350.0,0.7491,> Perfumería > Cuidado Capilar > Shampoo >,shampoo,estandar,general,https://www.jumbo.com.ar/shampoo-fructis-stop-caida-crece-fuerte-350-ml/p
Jumbo,41654,38819,Shampoo Fructis Brillo 650ml,FRUCTIS,415.89,34371.0,False,650.0,0.6398,> Perfumería > Cuidado Capilar > Shampoo >,shampoo,estandar,general,https://www.jumbo.com.ar/shampoo-fructis-brillo-650ml-2/p
Jumbo,41619,38784,Acondicionador Fructis Control Y Definición Rizos Poderosos 650 Ml,FRUCTIS,381.19,31503.0,False,650.0,0.5864,> Perfumería > Cuidado Capilar > Acondicionador >,acondicionador,estandar,rizado,https://www.jumbo.com.ar/acondicionador-fructis-control-y-definicion-rizos-poderosos-650-ml/p
Jumbo,41590,38756,Acondicionador Fructis Stop Caída Crece Fuerte 350 Ml,FRUCTIS,311.59,25751.0,False,350.0,0.8903,> Perfumería > Cuidado Capilar > Acondicionador >,acondicionador,estandar,general,https://www.jumbo.com.ar/acondicionador-fructis-stop-caida-crece-fuerte-350-ml/p
Jumbo,41567,38732,Acondicionador Fructis Control Y Definici«n Lisos Poderosos 650 Ml Acondicionador Fructis Control Y Definición Lisos Poderosos 650 Ml,FRUCTIS,129.0,129.0,False,650.0,0.1985,> Perfumería > Cuidado Capilar > Acondicionador >,acondicionador,estandar,general,https://www.jumbo.com.ar/acondicionador-fructis-control-y-definici-n-lisos-poderosos-650-ml/p
Jumbo,41547,38712,Acondicionador Fructis Stop Caída Crece Fuerte 650 Ml,FRUCTIS,381.19,31503.0,False,650.0,0.5864,> Perfumería > Cuidado Capilar > Acondicionador >,acondicionador,estandar,general,https://www.jumbo.com.ar/acondicionador-fructis-stop-caida-crece-fuerte-650-ml/p
Jumbo,41401,38566,Crema Peinar Fructis Oil Repair 300ml,FRUCTIS,365.57,30212.0,False,300.0,1.2186,> Perfumería > Cuidado Capilar > Reparación y Tratamientos >,shampoo,profesional,general,https://www.jumbo.com.ar/crema-peinar-fructis-oil-repair-300ml-2/p
Jumbo,41365,38530,Shampoo Fructis Goodbye Daños 350ml,FRUCTIS,950.0,78512.0,False,350.0,2.7143,> Perfumería > Cuidado Capilar > Shampoo >,shampoo,estandar,general,https://www.jumbo.com.ar/shampoo-fructis-goodbye-danos-350ml/p
Jumbo,424304,417184,Protector Térmico Antifrizz 120 Ml Tresemmé,TRESEMMÉ,10350.0,855372.0,True,120.0,86.25,> Perfumería > Cuidado Capilar > Reparación y Tratamientos >,shampoo,estandar,general,https://www.jumbo.com.ar/spray-protector-termico-tresemme-antifrizz-120-ml-2/p
Jumbo,3070285,3069878,Mascara Keratina Antifrizz X 300 Gr Tresemmé,TRESEMMÉ,9350.0,772727.0,False,300.0,31.1667,> Perfumería > Cuidado Capilar > Reparación y Tratamientos >,tratamiento,estandar,tratado,https://www.jumbo.com.ar/mascara-keratina-antifrizz-x-300-gr-tresemme/p
Jumbo,3070235,3069838,Acondicionador Liso Efecto Profesional 500 Ml Tresemmé,TRESEMMÉ,9650.0,797521.0,False,500.0,19.3,> Perfumería > Cuidado Capilar > Acondicionador >,acondicionador,profesional,general,https://www.jumbo.com.ar/acondicionador-liso-perfecto-profesional-x-500-ml-tresemme/p
Jumbo,424303,417183,Spray Fijador Ultra Fine Hold 311 Grs Tresemme,TRESEMMÉ,12000.0,991736.0,False,,,> Perfumería > Cuidado Capilar > Reparación y Tratamientos >,shampoo,estandar,general,https://www.jumbo.com.ar/spray-fijador-ultra-fine-hold-311-grs-tresemme/p
Jumbo,413371,409248,Shampoo Liso Efecto Botox 500 Ml Tresemmé,TRESEMMÉ,6550.0,541322.0,False,500.0,13.1,> Perfumería > Cuidado Capilar > Shampoo >,shampoo,estandar,general,https://www.jumbo.com.ar/shampoo-tresemme-liso-efecto-botox-500-ml/p
Jumbo,413370,409247,Shampoo Tresemme Cauterización Reparadora 500 Ml,TRESEMMÉ,6550.0,541322.0,False,500.0,13.1,> Perfumería > Cuidado Capilar > Shampoo >,shampoo,estandar,general,https://www.jumbo.com.ar/shampoo-tresemme-cauterizacion-reparadora-500-ml/p
Jumbo,413367,409244,Shampoo Ondas Boho 250 Ml Tresemmé,TRESEMMÉ,4500.0,371901.0,False,250.0,18.0,> Perfumería > Cuidado Capilar > Shampoo >,shampoo,estandar,general,https://www.jumbo.com.ar/shampoo-tresemme-ondas-boho-250-ml/p
Jumbo,413346,409227,Shampoo Brillo Lamelar 250 Ml Tresemmé,TRESEMMÉ,5950.0,491736.0,False,250.0,23.8,> Perfumería > Cuidado Capilar > Shampoo >,shampoo,estandar,general,https://www.jumbo.com.ar/shampoo-tresemme-brillo-lamelar-250-ml/p
Jumbo,413345,409226,Shampoo Tresemme Ondas Boho 880 Ml,TRESEMMÉ,15050.0,1243802.0,False,880.0,17.1023,> Perfumería > Cuidado Capilar > Shampoo >,shampoo,estandar,general,https://www.jumbo.com.ar/shampoo-tresemme-ondas-boho-880-ml/p
Jumbo,413344,409225,Shampoo Tresemme Liso Efecto Botox 880 Ml,TRESEMMÉ,15050.0,1243802.0,False,880.0,17.1023,> Perfumería > Cuidado Capilar > Shampoo >,shampoo,estandar,general,https://www.jumbo.com.ar/shampoo-tresemme-liso-efecto-botox-880-ml/p
Jumbo,413340,409221,Shampoo Brillo Lamelar 880 Ml Tresemmé,TRESEMMÉ,15050.0,1243802.0,False,880.0,17.1023,> Perfumería > Cuidado Capilar > Shampoo >,shampoo,estandar,general,https://www.jumbo.com.ar/shampoo-tresemme-brillo-lamelar-880-ml/p
Jumbo,413336,409217,Shampoo Tresemme Ondas Boho 500 Ml,TRESEMMÉ,6850.0,566116.0,False,500.0,13.7,> Perfumería > Cuidado Capilar > Shampoo >,shampoo,estandar,general,https://www.jumbo.com.ar/shampoo-tresemme-ondas-boho-500-ml/p
Jumbo,413335,409140,Acondicionador Tresemme Liso Efecto Botox 880 Ml,TRESEMMÉ,15050.0,1243802.0,False,880.0,17.1023,> Perfumería > Cuidado Capilar > Acondicionador >,acondicionador,estandar,general,https://www.jumbo.com.ar/acondicionador-tresemme-liso-efecto-botox-880-ml/p
Jumbo,413328,409133,Acondicionador Tresemme Liso Efecto Botox 500 Ml,TRESEMMÉ,6550.0,541322.0,False,500.0,13.1,> Perfumería > Cuidado Capilar > Acondicionador >,acondicionador,estandar,general,https://www.jumbo.com.ar/acondicionador-tresemme-liso-efecto-botox-500-ml/p
Jumbo,390165,388257,Protector Termico Tresemme Spray 120 Ml,TRESEMMÉ,5700.0,471074.0,False,120.0,47.5,> Perfumería > Cuidado Capilar > Reparación y Tratamientos >,shampoo,estandar,general,https://www.jumbo.com.ar/protector-termico-tresemme-spray-120-ml/p
Jumbo,388494,386606,Spray Tresemme Frizz Control Ultra Fine 311g,TRESEMMÉ,5436.33,449283.0,False,311.0,17.4802,> Perfumería > Cuidado Capilar > Reparación y Tratamientos >,shampoo,estandar,general,https://www.jumbo.com.ar/spray-tresemme-frizz-control-ultra-fine-311g/p
Jumbo,384231,382916,Mousse Ondas y Rizos 190 Grs Tresemmé Mousse Tresemme Ondas Y Rizos 190 Gr,TRESEMMÉ,8100.0,669421.0,False,190.0,42.6316,> Perfumería > Cuidado Capilar > Reparación y Tratamientos >,shampoo,estandar,rizado,https://www.jumbo.com.ar/mousse-tresemme-ondas-y-rizos-190-gr/p
Jumbo,384228,382914,Máscara De Tratamiento Tresemmé Pro Activa 300 Gr,TRESEMMÉ,2900.0,239669.0,False,300.0,9.6667,> Perfumería > Cuidado Capilar > Reparación y Tratamientos >,tratamiento,estandar,general,https://www.jumbo.com.ar/mascara-de-tratamiento-tresemme-pro-activa-300-gr/p
Jumbo,384220,382910,Crema de Peinar Antifrizz Leave In 200 Ml Tresemmé Crema De Peinar Tresemme Antifrizz Leave In 200 Ml,TRESEMMÉ,3750.0,309917.0,False,200.0,18.75,> Perfumería > Cuidado Capilar > Reparación y Tratamientos >,shampoo,estandar,general,https://www.jumbo.com.ar/crema-de-peinar-tresemme-antifrizz-leave-in-200-ml/p
Jumbo,384193,382894,Shampoo Tresemme Liso Efecto Botox 880ml,TRESEMMÉ,2684.29,221842.0,False,880.0,3.0503,> Perfumería > Cuidado Capilar > Shampoo >,shampoo,estandar,general,https://www.jumbo.com.ar/shampoo-tresemme-liso-efecto-botox-880ml/p
Jumbo,384191,382892,Shampoo Tresemmé Liso Efecto Botox 250 Ml,TRESEMMÉ,950.0,78512.0,False,250.0,3.8,> Perfumería > Cuidado Capilar > Shampoo >,shampoo,estandar,general,https://www.jumbo.com.ar/shampoo-tresemme-liso-efecto-botox-250-ml-2/p
Jumbo,384188,382889,Shampoo Tresemme Detox Capilar 500 Ml,TRESEMMÉ,1500.0,123967.0,False,500.0,3.0,> Perfumería > Cuidado Capilar > Shampoo >,shampoo,estandar,general,https://www.jumbo.com.ar/shampoo-tresemme-detox-capilar-500-ml-2/p
Jumbo,384187,382888,Shampoo Tresemme Ondas Boho 880 Ml,TRESEMMÉ,2750.0,227273.0,False,880.0,3.125,> Perfumería > Cuidado Capilar > Shampoo >,shampoo,estandar,general,https://www.jumbo.com.ar/shampoo-tresemme-ondas-boho-880-ml-2/p
Jumbo,292338,291570,Shampoo Tresemmé-thermal Recovery-pvc-ml.-400,TRESEMMÉ,51.87,4287.0,False,,,> Perfumería > Cuidado Capilar > Shampoo >,shampoo,estandar,general,https://www.jumbo.com.ar/shampoo-tresemme-thermal-recovery-pvc-ml-400/p
Jumbo,247594,244277,Shampoo Tresemmé Bajo Poo 3 En 1 200 Ml,TRESEMMÉ,123.69,10222.0,False,200.0,0.6184,> Perfumería > Cuidado Capilar > Shampoo >,shampoo,estandar,general,https://www.jumbo.com.ar/shampoo-tresemme-bajo-poo-3-en-1-200-ml/p
Jumbo,209949,232487,Spray Fijador Tresemme Rizos Perfectos  Atm 177 Ml.,TRESEMMÉ,19.99,19.99,False,177.0,0.1129,> Perfumería > Cuidado Capilar > Fijación >,shampoo,estandar,rizado,https://www.jumbo.com.ar/spray-fijador-tresemme-2-349477/p
Jumbo,168057,165597,Shampoo Tresemme Liso Y Sedoso 400 Ml,TRESEMMÉ,77.69,6421.0,False,400.0,0.1942,> Perfumería > Cuidado Capilar > Shampoo >,shampoo,estandar,general,https://www.jumbo.com.ar/shampoo-tresemme-liso-y-sedoso-400-ml/p
Jumbo,167380,164918,Shampoo Tresemmé-proteccion Contra El Clima-pvc-ml.-400,TRESEMMÉ,77.69,6421.0,False,,,> Perfumería > Cuidado Capilar > Shampoo >,shampoo,estandar,general,https://www.jumbo.com.ar/shampoo-tresemme-proteccion-contra-el-clima-pvc-ml-400/p
Jumbo,167315,164852,Acondicionador Tresemmé-proteccion Contra El Clima-pvc-ml.-750,TRESEMMÉ,55.29,4569.0,False,,,> Perfumería > Cuidado Capilar > Acondicionador >,acondicionador,estandar,general,https://www.jumbo.com.ar/acondicionador-tresemme-proteccion-contra-el-clima-pvc-ml-750/p
Jumbo,167309,164846,Shampoo Tresemme Rizos Perfectos 400 Ml,TRESEMMÉ,77.69,6421.0,False,400.0,0.1942,> Perfumería > Cuidado Capilar > Shampoo >,shampoo,estandar,rizado,https://www.jumbo.com.ar/shampoo-tresemme-rizos-perfectos-400-ml/p
Jumbo,167299,164839,Shampoo Tresemme Rizos Perfectos 750 Ml,TRESEMMÉ,131.35,10855.0,False,750.0,0.1751,> Perfumería > Cuidado Capilar > Shampoo >,shampoo,estandar,rizado,https://www.jumbo.com.ar/shampoo-tresemme-rizos-perfectos-750-ml/p
Jumbo,167294,164832,Shampoo Tresemmé-proteccion Contra El Clima-pvc-ml.-750,TRESEMMÉ,55.29,4569.0,False,,,> Perfumería > Cuidado Capilar > Shampoo >,shampoo,estandar,general,https://www.jumbo.com.ar/shampoo-tresemme-proteccion-contra-el-clima-pvc-ml-750/p
Jumbo,167236,164774,Acondicionador Tresemmé-control Caida-nueva Presentacion-pvc-ml.-400,TRESEMMÉ,77.69,6421.0,False,,,> Perfumería > Cuidado Capilar > Acondicionador >,acondicionador,estandar,general,https://www.jumbo.com.ar/acondicionador-tresemme-control-caida-nueva-presentacion-pvc-ml-400/p
Jumbo,167228,164765,Shampoo Tresemmé-limpieza Profunda-nueva Presentacion-pvc-ml.-400,TRESEMMÉ,51.87,4287.0,False,,,> Perfumería > Cuidado Capilar > Shampoo >,shampoo,estandar,general,https://www.jumbo.com.ar/shampoo-tresemme-limpieza-profunda-nueva-presentacion-pvc-ml-400/p
Jumbo,167225,164763,Shampoo Tresemmé-control Caida-nueva Presentacion-pvc-ml.-400,TRESEMMÉ,77.69,6421.0,False,,,> Perfumería > Cuidado Capilar > Shampoo >,shampoo,estandar,general,https://www.jumbo.com.ar/shampoo-tresemme-control-caida-nueva-presentacion-pvc-ml-400/p
Jumbo,167210,164748,Acondicionador Tresemmé-proteccion Contra El Clima-pvc-ml.-400,TRESEMMÉ,77.69,6421.0,False,,,> Perfumería > Cuidado Capilar > Acondicionador >,acondicionador,estandar,general,https://www.jumbo.com.ar/acondicionador-tresemme-proteccion-contra-el-clima-pvc-ml-400/p
Jumbo,167169,164708,Acondicionador Tresemmé-limpieza Profunda-pvc-ml.-750,TRESEMMÉ,57.49,4751.0,False,,,> Perfumería > Cuidado Capilar > Acondicionador >,acondicionador,estandar,general,https://www.jumbo.com.ar/acondicionador-tresemme-limpieza-profunda-pvc-ml-750/p
Jumbo,166075,163609,Shampoo Tresemmé-hidratación Profunda X 400ml-+ Cr P/peinar Hid.profunda X236ml+gratis Aco.hid.p-pck,TRESEMMÉ,41.39,3421.0,False,400.0,0.1035,> Perfumería > Cuidado Capilar > Shampoo >,shampoo,estandar,seco_danado,https://www.jumbo.com.ar/shampoo-tresemme-hidratacion-profunda-x-400ml-cr-p-peinar-hid-profunda-x236ml-gratis-aco-hid-p-pck/p
Jumbo,164849,162389,Shampoo Tresemmé-hidratación Profunda X 400ml-+ Gratis Aco. Hidratación Profunda X 250m-pck-un.-2,TRESEMMÉ,18.13,1498.0,False,400.0,0.0453,> Perfumería > Cuidado Capilar > Shampoo >,shampoo,estandar,seco_danado,https://www.jumbo.com.ar/shampoo-tresemme-hidratacion-profunda-x-400ml-gratis-aco-hidratacion-profunda-x-250m-pck-un-2/p
Jumbo,154860,152429,Shampoo Tresemmé400ml + Ctt 226g Al 50%-split Remedy-+ Crema Para Peinar-bli-un.-2,TRESEMMÉ,41.59,41.59,False,400.0,0.104,> Perfumería > Cuidado Capilar > Shampoo >,shampoo,estandar,general,https://www.jumbo.com.ar/shampoo-tresemme400ml-ctt-226g-al-50-split-remedy-crema-para-peinar-bli-un-2/p
Jumbo,153373,150944,Shampoo Tresemmé-+ Tratamiento X226 + Ac X250 Gratis-bli-un.-3,TRESEMMÉ,36.23,2994.0,False,,,> Perfumería > Cuidado Capilar > Shampoo >,tratamiento,estandar,general,https://www.jumbo.com.ar/shampoo-tresemme-tratamiento-x226-ac-x250-gratis-bli-un-3-2/p
Jumbo,149887,146796,Crema Capilar Tresemmé-rituals-repair-pmo-ml.-234,TRESEMMÉ,21.29,1760.0,False,,,> Perfumería > Cuidado Capilar > Reparación y Tratamientos >,shampoo,profesional,general,https://www.jumbo.com.ar/crema-capilar-tresemme-rituals-repair-pmo-ml-234-2/p
Jumbo,149882,146791,Acondicionador Tresemmé-rituals-repair-pvc-ml.-900,TRESEMMÉ,32.59,2693.0,False,,,> Perfumería > Cuidado Capilar > Acondicionador >,acondicionador,profesional,general,https://www.jumbo.com.ar/acondicionador-tresemme-rituals-repair-pvc-ml-900-2/p
Jumbo,149865,146774,Shampoo Tresemmé Rituals Repair X 900 Ml,TRESEMMÉ,31.73,2622.0,False,900.0,0.0353,> Perfumería > Cuidado Capilar > Shampoo >,shampoo,profesional,general,https://www.jumbo.com.ar/shampoo-tresemme-rituals-repair-x-900-ml-2/p
Jumbo,149820,146729,Shampoo Tresemmé-rituals-repair-pvc-ml.-400,TRESEMMÉ,51.87,4287.0,False,,,> Perfumería > Cuidado Capilar > Shampoo >,shampoo,profesional,general,https://www.jumbo.com.ar/shampoo-tresemme-rituals-repair-pvc-ml-400-2/p
Jumbo,149318,146210,Acondicionador Tresemmé-smooth Keratin-pvc-ml.-400,TRESEMMÉ,51.87,4287.0,False,,,> Perfumería > Cuidado Capilar > Acondicionador >,acondicionador,estandar,general,https://www.jumbo.com.ar/acondicionador-tresemme-smooth-keratin-pvc-ml-400-2/p
Jumbo,149276,146168,Shampoo Tresemmé-smooth Keratin-pvc-ml.-400,TRESEMMÉ,27.79,2297.0,False,,,> Perfumería > Cuidado Capilar > Shampoo >,shampoo,estandar,general,https://www.jumbo.com.ar/shampoo-tresemme-smooth-keratin-pvc-ml-400-2/p
Jumbo,149037,145929,Shampoo Tresemmé-smooth Keratin-pvc-ml.-900,TRESEMMÉ,49.45,4087.0,False,,,> Perfumería > Cuidado Capilar > Shampoo >,shampoo,estandar,general,https://www.jumbo.com.ar/shampoo-tresemme-smooth-keratin-pvc-ml-900-2/p
Jumbo,134764,131676,Crema Capilar Tresemmé-liso-pvc-ml.-236,TRESEMMÉ,20.13,1664.0,False,,,> Perfumería > Cuidado Capilar > Reparación y Tratamientos >,shampoo,estandar,general,https://www.jumbo.com.ar/crema-capilar-tresemme-liso-pvc-ml-236/p
Jumbo,134652,131564,Crema Capilar Tresemmé-control Caida-pvc-ml.-236,TRESEMMÉ,20.13,1664.0,False,,,> Perfumería > Cuidado Capilar > Reparación y Tratamientos >,shampoo,estandar,general,https://www.jumbo.com.ar/crema-capilar-tresemme-control-caida-pvc-ml-236/p
Jumbo,134649,131563,Crema Capilar Tresemmé-hidratación Profunda-pvc-ml.-236,TRESEMMÉ,22.59,1867.0,False,,,> Perfumería > Cuidado Capilar > Reparación y Tratamientos >,shampoo,estandar,seco_danado,https://www.jumbo.com.ar/crema-capilar-tresemme-hidratacion-profunda-pvc-ml-236/p
Jumbo,92749,90077,Acondicionador Tresemmé-soothing Star Pooh-pet-ml.-400,TRESEMMÉ,51.87,4287.0,False,,,> Perfumería > Cuidado Capilar > Acondicionador >,acondicionador,estandar,general,https://www.jumbo.com.ar/acondicionador-tresemme-soothing-star-pooh-pet-ml-400/p
Jumbo,92743,90070,Acondicionador Tresemmé-soothing Star Pooh-pet-ml.-900,TRESEMMÉ,24.75,2045.0,False,,,> Perfumería > Cuidado Capilar > Acondicionador >,acondicionador,estandar,general,https://www.jumbo.com.ar/acondicionador-tresemme-soothing-star-pooh-pet-ml-900/p
Jumbo,92724,90052,Shampoo Tresemmé Shooting Star Pooh X 900 Ml,TRESEMMÉ,24.75,2045.0,False,900.0,0.0275,> Perfumería > Cuidado Capilar > Shampoo >,shampoo,estandar,general,https://www.jumbo.com.ar/shampoo-tresemme-shooting-star-pooh-x-900-ml/p
Jumbo,92721,90048,Shampoo Tresemmé-soothing Star Pooh-pet-ml.-400,TRESEMMÉ,51.87,4287.0,False,,,> Perfumería > Cuidado Capilar > Shampoo >,shampoo,estandar,general,https://www.jumbo.com.ar/shampoo-tresemme-soothing-star-pooh-pet-ml-400/p
Jumbo,91920,89248,Shampoo Tresemmé Climate-control-pet-ml.-400,TRESEMMÉ,51.87,4287.0,False,,,> Perfumería > Cuidado Capilar > Shampoo >,shampoo,estandar,general,https://www.jumbo.com.ar/shampoo-tresemme-climate-control-pet-ml-400/p
Jumbo,91911,89239,Shampoo Tresemmé Control X 900 Ml,TRESEMMÉ,26.25,2169.0,False,900.0,0.0292,> Perfumería > Cuidado Capilar > Shampoo >,shampoo,estandar,general,https://www.jumbo.com.ar/shampoo-tresemme-control-x-900-ml/p
Jumbo,91910,89238,Acondicionador Tresemmé Climate-control-pet-ml.-900,TRESEMMÉ,26.99,2231.0,False,,,> Perfumería > Cuidado Capilar > Acondicionador >,acondicionador,estandar,general,https://www.jumbo.com.ar/acondicionador-tresemme-climate-control-pet-ml-900/p
Jumbo,91736,89063,Shampoo Tresemmé Split Remedy X 900 Ml,TRESEMMÉ,49.45,4087.0,False,900.0,0.0549,> Perfumería > Cuidado Capilar > Shampoo >,shampoo,estandar,general,https://www.jumbo.com.ar/shampoo-tresemme-split-remedy-x-900-ml/p
Jumbo,91735,89064,Acondicionador Tresemmé-split Remedy-pvc-ml.-900,TRESEMMÉ,49.45,4087.0,False,,,> Perfumería > Cuidado Capilar > Acondicionador >,acondicionador,estandar,general,https://www.jumbo.com.ar/acondicionador-tresemme-split-remedy-pvc-ml-900/p
Jumbo,91730,89058,Shampoo Tresemmé-split Remedy-pvc-ml.-400,TRESEMMÉ,51.87,4287.0,False,,,> Perfumería > Cuidado Capilar > Shampoo >,shampoo,estandar,general,https://www.jumbo.com.ar/shampoo-tresemme-split-remedy-pvc-ml-400/p
Jumbo,82472,79805,Shampoo Tresemmé-+ Acondicionador X 250 Ml-control Caida-bli-un.-2,TRESEMMÉ,24.55,24.55,False,250.0,0.0982,> Perfumería > Cuidado Capilar > Shampoo >,acondicionador,estandar,general,https://www.jumbo.com.ar/shampoo-tresemme-acondicionador-x-250-ml-control-caida-bli-un-2/p
Jumbo,59078,56232,Shampoo Tresemmé-rizos Definidos-pvc-ml.-400,TRESEMMÉ,11.99,991.0,False,,,> Perfumería > Cuidado Capilar > Shampoo >,shampoo,estandar,rizado,https://www.jumbo.com.ar/shampoo-tresemme-rizos-definidos-pvc-ml-400/p
Jumbo,59059,56213,Acondicionador Tresemmé-rizos Definidos-pvc-ml.-400,TRESEMMÉ,15.65,1293.0,False,,,> Perfumería > Cuidado Capilar > Acondicionador >,acondicionador,estandar,rizado,https://www.jumbo.com.ar/acondicionador-tresemme-rizos-definidos-pvc-ml-400/p
Jumbo,58783,55937,Acondicionador Tresemmé Recovery X 900 Ml,TRESEMMÉ,26.25,2169.0,False,900.0,0.0292,> Perfumería > Cuidado Capilar > Acondicionador >,acondicionador,estandar,general,https://www.jumbo.com.ar/acondicionador-tresemme-recovery-x-900-ml/p
Jumbo,58753,55907,Shampoo Tresemmé Recovery X 900 Ml,TRESEMMÉ,26.99,2231.0,False,900.0,0.03,> Perfumería > Cuidado Capilar > Shampoo >,shampoo,estandar,general,https://www.jumbo.com.ar/shampoo-tresemme-recovery-x-900-ml/p
Jumbo,58511,55665,Acondicionador Tresemmé-liso Y Sin Frizz-pvc-ml.-400,TRESEMMÉ,77.69,6421.0,False,,,> Perfumería > Cuidado Capilar > Acondicionador >,acondicionador,estandar,general,https://www.jumbo.com.ar/acondicionador-tresemme-liso-y-sin-frizz-pvc-ml-400/p
Jumbo,58371,55525,Shampoo Tresemmé-liso Y Sin Frizz-pvc-ml.-400,TRESEMMÉ,51.87,4287.0,False,,,> Perfumería > Cuidado Capilar > Shampoo >,shampoo,estandar,general,https://www.jumbo.com.ar/shampoo-tresemme-liso-y-sin-frizz-pvc-ml-400/p
Jumbo,32462,29620,Shampoo Tresemmé-control Caida-pvc-ml.-750,TRESEMMÉ,131.35,10855.0,False,,,> Perfumería > Cuidado Capilar > Shampoo >,shampoo,estandar,general,https://www.jumbo.com.ar/shampoo-tresemme-17/p
Jumbo,32269,29428,Acondicionador Tresemme Liso Y Sedoso 400 Ml,TRESEMMÉ,77.69,6421.0,False,400.0,0.1942,> Perfumería > Cuidado Capilar > Acondicionador >,acondicionador,estandar,general,https://www.jumbo.com.ar/acondicionador-tresemme-22/p
Jumbo,32148,29307,Shampoo Tresemme Liso Y Sedoso 750 Ml,TRESEMMÉ,131.35,10855.0,False,750.0,0.1751,> Perfumería > Cuidado Capilar > Shampoo >,shampoo,estandar,general,https://www.jumbo.com.ar/shampoo-tresemme-16/p
Jumbo,32078,29237,Acondicionador Tresemme Rizos Perfectos 400 Ml,TRESEMMÉ,77.69,6421.0,False,400.0,0.1942,> Perfumería > Cuidado Capilar > Acondicionador >,acondicionador,estandar,rizado,https://www.jumbo.com.ar/acondicionador-tresemme-20/p
Jumbo,32046,29205,Acondicionador Tresemme 750 Ml,TRESEMMÉ,538.59,44512.0,False,750.0,0.7181,> Perfumería > Cuidado Capilar > Acondicionador >,acondicionador,estandar,general,https://www.jumbo.com.ar/acondicionador-tresemme-19/p
Jumbo,32041,29200,Shampoo Tresemme Puntas Perfectas 400 Ml,TRESEMMÉ,77.69,6421.0,False,400.0,0.1942,> Perfumería > Cuidado Capilar > Shampoo >,shampoo,estandar,general,https://www.jumbo.com.ar/shampoo-tresemme-15/p
Jumbo,32036,29195,Shampoo Tresemme Rituales De Reparación 400 Ml,TRESEMMÉ,77.69,6421.0,False,400.0,0.1942,> Perfumería > Cuidado Capilar > Shampoo >,shampoo,estandar,general,https://www.jumbo.com.ar/shampoo-tresemme-14/p
Jumbo,32028,29187,Acondicionador Tresemme Rituales De Reparación 750 Ml,TRESEMMÉ,538.59,44512.0,False,750.0,0.7181,> Perfumería > Cuidado Capilar > Acondicionador >,acondicionador,estandar,general,https://www.jumbo.com.ar/acondicionador-tresemme-18/p
Jumbo,32013,29172,Acondicionador Tresemme Limpieza Profunda 400 Ml,TRESEMMÉ,77.69,6421.0,False,400.0,0.1942,> Perfumería > Cuidado Capilar > Acondicionador >,acondicionador,estandar,general,https://www.jumbo.com.ar/acondicionador-tresemme-17/p
Jumbo,31929,29088,Acondicionador Tresemme Liso Y Sedoso 750 Ml,TRESEMMÉ,538.59,44512.0,False,750.0,0.7181,> Perfumería > Cuidado Capilar > Acondicionador >,acondicionador,estandar,general,https://www.jumbo.com.ar/acondicionador-tresemme-15/p
Jumbo,31925,29084,Acondicionador Tresemme Control Caída 750 Ml,TRESEMMÉ,131.35,10855.0,False,750.0,0.1751,> Perfumería > Cuidado Capilar > Acondicionador >,acondicionador,estandar,general,https://www.jumbo.com.ar/acondicionador-tresemme-14/p
Jumbo,31923,29082,Shampoo Tresemme Puntas Perfectas 750 Ml,TRESEMMÉ,447.75,37004.0,False,750.0,0.597,> Perfumería > Cuidado Capilar > Shampoo >,shampoo,estandar,general,https://www.jumbo.com.ar/shampoo-tresemme-13/p
Jumbo,31867,29026,Shampoo Tresemme Rituales De Reparación 750 Ml,TRESEMMÉ,447.75,37004.0,False,750.0,0.597,> Perfumería > Cuidado Capilar > Shampoo >,shampoo,estandar,general,https://www.jumbo.com.ar/shampoo-tresemme-12/p
Jumbo,27876,25035,Acondicionador Tresemmé Despeinado Perfecto Acondicionador Tresemme Despeinado Perfecto 750 Ml,TRESEMMÉ,538.59,44512.0,False,750.0,0.7181,> Perfumería > Cuidado Capilar > Acondicionador >,acondicionador,estandar,general,https://www.jumbo.com.ar/acondicionador-tresemme-despeinado-perfecto-2/p
Jumbo,27696,24855,Shampoo Tresemmé Despeinado Perfecto Shampoo Tresemme Despeinado Perfecto 750 Ml,TRESEMMÉ,447.75,37004.0,False,750.0,0.597,> Perfumería > Cuidado Capilar > Shampoo >,shampoo,estandar,general,https://www.jumbo.com.ar/shampoo-tresemme-despeinado-perfecto-2/p
Jumbo,19534,16690,Shampoo Tresemmé 750 Ml,TRESEMMÉ,447.75,37004.0,False,750.0,0.597,> Perfumería > Cuidado Capilar > Shampoo >,shampoo,estandar,general,https://www.jumbo.com.ar/shampoo-tresemme-750-ml/p
Jumbo,19526,16681,Acondicionador Tresemmé-pvc-ml.-400,TRESEMMÉ,283.29,23412.0,False,,,> Perfumería > Cuidado Capilar > Acondicionador >,acondicionador,estandar,general,https://www.jumbo.com.ar/acondicionador-tresemme-pvc-ml-400/p
Jumbo,19524,16678,Shampoo Tresemme Regeneración Tresplex 400 Ml,TRESEMMÉ,433.69,35842.0,False,400.0,1.0842,> Perfumería > Cuidado Capilar > Shampoo >,shampoo,estandar,general,https://www.jumbo.com.ar/shampoo-tresemme-regeneracion-tresplex-400-ml/p
Jumbo,19514,16660,Shampoo Tresemmé Detox Capilar X 200ml,TRESEMMÉ,123.69,10222.0,False,200.0,0.6184,> Perfumería > Cuidado Capilar > Shampoo >,shampoo,estandar,general,https://www.jumbo.com.ar/shampoo-tresemme-detox-capilar-x-200ml/p
Jumbo,19511,16657,Shampoo Tresemme Keratin Smooth 200 Ml,TRESEMMÉ,123.69,10222.0,False,200.0,0.6184,> Perfumería > Cuidado Capilar > Shampoo >,shampoo,estandar,general,https://www.jumbo.com.ar/shampoo-tresemme-keratin-smooth-200-ml/p
Jumbo,5331,2827,Shampoo Tresemmé-pvc-mi-400,TRESEMMÉ,283.29,23412.0,False,,,> Perfumería > Cuidado Capilar > Shampoo >,shampoo,estandar,general,https://www.jumbo.com.ar/shampoo-tresemme-pvc-mi-400/p
Jumbo,4079,16673,Shampoo Tresemme Oil Radiante 400 Ml,TRESEMMÉ,283.29,23412.0,False,400.0,0.7082,> Perfumería > Cuidado Capilar > Shampoo >,shampoo,estandar,general,https://www.jumbo.com.ar/shampoo-tresemme-oil-radiante-400-ml/p
Jumbo,4072,16679,Acondicionador Tresemme Oil Radiante 400 Ml,TRESEMMÉ,283.29,23412.0,False,400.0,0.7082,> Perfumería > Cuidado Capilar > Acondicionador >,acondicionador,estandar,general,https://www.jumbo.com.ar/acondicionador-tresemme-oil-radiante-400-ml/p
Jumbo,4063,16694,Acondicionador Tresemme Oil Radiante 750 Ml,TRESEMMÉ,538.59,44512.0,False,750.0,0.7181,> Perfumería > Cuidado Capilar > Acondicionador >,acondicionador,estandar,general,https://www.jumbo.com.ar/acondicionador-tresemme-oil-radiante-750-ml/p
Jumbo,4058,16689,Shampoo Tresemme Oil Radiante 750 Ml,TRESEMMÉ,447.75,37004.0,False,750.0,0.597,> Perfumería > Cuidado Capilar > Shampoo >,shampoo,estandar,general,https://www.jumbo.com.ar/shampoo-tresemme-oil-radiante-750-ml/p
Jumbo,3899,248611,Crema Para Peinar Tresemmé-rizos Perfectos-pet-ml.-200,TRESEMMÉ,81.17,6708.0,False,,,> Perfumería > Cuidado Capilar > Reparación y Tratamientos >,shampoo,estandar,rizado,https://www.jumbo.com.ar/crema-para-peinar-tresemme-3/p
Jumbo,3079028,3078352,Tratamiento Herbal Essences Grapefruit 300ml,HERBAL ESSENCES,15300.0,1264463.0,True,300.0,51.0,> Perfumería > Cuidado Capilar > Reparación y Tratamientos >,tratamiento,estandar,general,https://www.jumbo.com.ar/tratamiento-herbal-essences-grapefruit-300ml/p
Jumbo,312179,311417,Mascarilla Intensiva Herbal Essences Argan Oil Morocco 300 Ml,HERBAL ESSENCES,17300.0,1429752.0,True,300.0,57.6667,> Perfumería > Cuidado Capilar > Reparación y Tratamientos >,tratamiento,estandar,general,https://www.jumbo.com.ar/mascarilla-intensiva-herbal-essences-argan-oil-morocco-300-ml/p
Jumbo,3085751,3084979,Tratamieto Capilar Perfume Duradero X 90 Ml Herbal Essences,HERBAL ESSENCES,26350.0,2177686.0,False,90.0,292.7778,> Perfumería > Cuidado Capilar > Reparación y Tratamientos >,shampoo,estandar,general,https://www.jumbo.com.ar/tratamieto-capilar-perfume-duradero-x-90-ml-herbal-essences/p
Jumbo,3085749,3084977,Crema Para Peinar X 150 Ml Herbal Essences,HERBAL ESSENCES,8200.0,677686.0,False,150.0,54.6667,> Perfumería > Cuidado Capilar > Reparación y Tratamientos >,shampoo,estandar,general,https://www.jumbo.com.ar/crema-para-peinar-x-150-ml-herbal-essences/p
Jumbo,3079975,3079299,Shampoo Rosa Mosqueta 400 Ml Herbal Essences,HERBAL ESSENCES,15700.0,1297521.0,False,400.0,39.25,> Perfumería > Cuidado Capilar > Shampoo >,shampoo,estandar,general,https://www.jumbo.com.ar/shampoo-rosa-mosqueta-400ml-herbal-essences/p
Jumbo,3079040,3078364,Acondicionador Suavidad Rosa Mosqueta 400 Ml Herbal Essences,HERBAL ESSENCES,15700.0,1297521.0,False,400.0,39.25,> Perfumería > Cuidado Capilar > Reparación y Tratamientos >,acondicionador,estandar,general,https://www.jumbo.com.ar/acondicionador-herbal-essences-rosa-mosqueta-400ml/p
Jumbo,3079027,3078351,Mascarilla Capilar Nutrición Rosa Mosqueta 300 Ml Herbal Essences,HERBAL ESSENCES,14850.0,1227273.0,False,300.0,49.5,> Perfumería > Cuidado Capilar > Reparación y Tratamientos >,tratamiento,estandar,general,https://www.jumbo.com.ar/tratamiento-herbal-essences-rosa-mosqueta-300ml/p
Jumbo,3079025,3078349,Acondicionador Brillo Manzanilla y Pasiflora 400 Ml Herbal Essences,HERBAL ESSENCES,15700.0,1297521.0,False,400.0,39.25,> Perfumería > Cuidado Capilar > Acondicionador >,acondicionador,estandar,general,https://www.jumbo.com.ar/acondicionador-herbal-essences-manzanilla-400ml/p
Jumbo,3079022,3078346,Shampoo Nutrición Suavidad Rosa Mosqueta 240 Ml Herbal Essences,HERBAL ESSENCES,11850.0,979339.0,False,240.0,49.375,> Perfumería > Cuidado Capilar > Shampoo >,shampoo,estandar,general,https://www.jumbo.com.ar/shampoo-herbal-essences-rosa-mosqueta-240ml/p
Jumbo,3078794,3078120,Crema Para Peinar Herbal Essences Rosa Mosquet,HERBAL ESSENCES,10250.0,847107.0,False,,,> Perfumería > Cuidado Capilar > Reparación y Tratamientos >,shampoo,estandar,general,https://www.jumbo.com.ar/crema-para-peinar-herbal-essences-rosa-mosquet/p
Jumbo,421912,330568,Acondicionador Protege y Repara Aloe y Mango 250 Ml Herbal Essences,HERBAL ESSENCES,18650.0,1541322.0,False,250.0,74.6,> Perfumería > Cuidado Capilar > Acondicionador >,acondicionador,estandar,general,https://www.jumbo.com.ar/acondicionador-herbal-essences-bio-6x-aloe-y-mango-250-ml-2/p
Jumbo,421909,330577,Acondicionador Herbal Essences 6x Aloe & Algas 250 Ml,HERBAL ESSENCES,924.87,76436.0,False,250.0,3.6995,> Perfumería > Cuidado Capilar > Acondicionador >,acondicionador,estandar,general,https://www.jumbo.com.ar/acondicionador-herbal-essences-6x-aloe-algas-250-ml-2/p
Jumbo,337405,336508,Tratamiento Herbal Essences Argan 400ml,HERBAL ESSENCES,23150.0,1913223.0,False,400.0,57.875,> Perfumería > Cuidado Capilar > Reparación y Tratamientos >,tratamiento,estandar,general,https://www.jumbo.com.ar/tratamiento-herbal-essences-argan-400ml/p
Jumbo,331703,330861,Shampoo Herbal Essences Bío:renew 6x Aloe&am 400ml,HERBAL ESSENCES,924.87,76436.0,False,400.0,2.3122,> Perfumería > Cuidado Capilar > Shampoo >,shampoo,estandar,general,https://www.jumbo.com.ar/shampoo-herbal-essences-bio-renew-6x-aloe-am-400ml/p
Jumbo,331701,330859,Shampoo Bío Renew 6x Aloe Y Mango 400 Ml Herbal Essences,HERBAL ESSENCES,20150.0,1665289.0,False,400.0,50.375,> Perfumería > Cuidado Capilar > Shampoo >,shampoo,estandar,general,https://www.jumbo.com.ar/shampoo-bio-renew-6x-aloe-y-mango-400-ml-herbal-essences/p
Jumbo,317834,317079,Crema Para Peinar Tio Nacho Verano,HERBAL ESSENCES,534.76,44195.0,False,,,> Perfumería > Cuidado Capilar > Reparación y Tratamientos >,shampoo,estandar,general,https://www.jumbo.com.ar/crema-para-peinar-tio-nacho-verano/p
Jumbo,312182,311420,Mascarilla Capilar Hidratación Coconut Milk 300 Ml Herbal Essences,HERBAL ESSENCES,21700.0,1793388.0,False,300.0,72.3333,> Perfumería > Cuidado Capilar > Reparación y Tratamientos >,tratamiento,estandar,seco_danado,https://www.jumbo.com.ar/mascarilla-intensiva-herbal-essences-bio-renew-coconut-milk-300-ml/p
Jumbo,312178,311416,Mascarilla Intensiva Herbal Essences Bío:renew Passion Flower & Rice Milk 300 Ml,HERBAL ESSENCES,1077.99,89090.0,False,300.0,3.5933,> Perfumería > Cuidado Capilar > Reparación y Tratamientos >,tratamiento,estandar,general,https://www.jumbo.com.ar/mascarilla-intensiva-herbal-essences-bio-renew-passion-flower-rice-milk-300-ml/p
Jumbo,307536,306773,Tratamiento Herbal Essences Bio Renew Manuka 300 Ml,HERBAL ESSENCES,21700.0,1793388.0,False,300.0,72.3333,> Perfumería > Cuidado Capilar > Reparación y Tratamientos >,tratamiento,estandar,general,https://www.jumbo.com.ar/tratamiento-herbal-essences-bio-renew-manuka-300-ml/p
Jumbo,307535,306772,Tratamiento Herbal Essences Bio Renew Coco 300 Ml,HERBAL ESSENCES,21700.0,1793388.0,False,300.0,72.3333,> Perfumería > Cuidado Capilar > Reparación y Tratamientos >,tratamiento,estandar,general,https://www.jumbo.com.ar/tratamiento-herbal-essences-bio-renew-coco-300-ml/p
Jumbo,307534,306771,Tratamiento Herbal Bio Renew Argan Of Oil Morocco 300 Ml,HERBAL ESSENCES,23800.0,1966942.0,False,300.0,79.3333,> Perfumería > Cuidado Capilar > Reparación y Tratamientos >,tratamiento,estandar,general,https://www.jumbo.com.ar/tratamiento-herbal-bio-renew-argan-of-oil-morocco-300-ml/p
Jumbo,307533,306770,Acondicionador Herbal Essences Bío Renew Chamomile 400 Ml,HERBAL ESSENCES,15650.0,1293388.0,False,400.0,39.125,> Perfumería > Cuidado Capilar > Acondicionador >,acondicionador,estandar,general,https://www.jumbo.com.ar/acondicionador-herbal-essences-bio-renew-chamomile-400-ml/p
Jumbo,307531,306768,Shampoo Herbal Essences Bío Renew Chamomile 400 Ml,HERBAL ESSENCES,14900.0,1231405.0,False,400.0,37.25,> Perfumería > Cuidado Capilar > Shampoo >,shampoo,estandar,general,https://www.jumbo.com.ar/shampoo-herbal-essences-bio-renew-chamomile-400-ml/p
Jumbo,295154,294383,Shampoo Herbal Essences Bío Renew Bourbon Manuka Honey 400 Ml,HERBAL ESSENCES,15032.55,1242360.0,False,400.0,37.5814,> Perfumería > Cuidado Capilar > Shampoo >,shampoo,estandar,general,https://www.jumbo.com.ar/shampoo-herbal-essences-bio-renew-bourbon-manuka-honey-400-ml/p
Jumbo,295140,294368,Acondicionador Herbal Essences Bourbon Manuka Honey 400 Ml,HERBAL ESSENCES,15650.0,1293388.0,False,400.0,39.125,> Perfumería > Cuidado Capilar > Acondicionador >,acondicionador,estandar,general,https://www.jumbo.com.ar/acondicionador-herbal-essences-bourbon-manuka-honey-400-ml/p
Jumbo,273579,272865,Acondicionador Brillo Radiante Pomelo Blanco y Menta 400 Ml Herbal Essences,HERBAL ESSENCES,16100.0,1330579.0,False,400.0,40.25,> Perfumería > Cuidado Capilar > Acondicionador >,acondicionador,estandar,general,https://www.jumbo.com.ar/acondicionador-herbal-essences-grapefruit-400ml/p
Jumbo,259541,258835,Acondicionador Herbal Essences Daily Detox Brillo 670 Ml,HERBAL ESSENCES,330.69,27330.0,False,670.0,0.4936,> Perfumería > Cuidado Capilar > Acondicionador >,acondicionador,estandar,general,https://www.jumbo.com.ar/acondicionador-herbal-essences-daily-detox-brillo-670-ml/p
Jumbo,259540,258834,Shampoo Herbal Essences Daily Detox Brillo 700 Ml,HERBAL ESSENCES,330.69,27330.0,False,700.0,0.4724,> Perfumería > Cuidado Capilar > Shampoo >,shampoo,estandar,general,https://www.jumbo.com.ar/shampoo-herbal-essences-daily-detox-brillo-700-ml/p
Jumbo,251379,250680,Shampoo Herbal Essences Bío:renew Golden Moringa Oil 400 Ml,HERBAL ESSENCES,743.29,61429.0,False,400.0,1.8582,> Perfumería > Cuidado Capilar > Shampoo >,shampoo,estandar,general,https://www.jumbo.com.ar/shampoo-herbal-essences-bio-renew-golden-moringa-oil-400-ml/p
Jumbo,251377,250678,Shampoo Herbal Essences Bío:renew Vitamin E & Cocoa Butter 400 Ml,HERBAL ESSENCES,340.95,28178.0,False,400.0,0.8524,> Perfumería > Cuidado Capilar > Shampoo >,shampoo,estandar,general,https://www.jumbo.com.ar/shampoo-herbal-essences-bio-renew-vitamin-e-cocoa-butter-400-ml/p
Jumbo,251376,250677,Acondicionador Herbal Essences Bío:renew Vitamin E & Cocoa Butter 400 Ml,HERBAL ESSENCES,340.95,28178.0,False,400.0,0.8524,> Perfumería > Cuidado Capilar > Acondicionador >,acondicionador,estandar,general,https://www.jumbo.com.ar/acondicionador-herbal-essences-bio-renew-vitamin-e-cocoa-butter-400-ml/p
Jumbo,251375,250676,Acondicionador Nutrición Rosemary 400 Ml Herbal Essences,HERBAL ESSENCES,15700.0,1297521.0,False,400.0,39.25,> Perfumería > Cuidado Capilar > Acondicionador >,acondicionador,estandar,general,https://www.jumbo.com.ar/acondicionador-herbal-essences-rosemary-400ml/p
Jumbo,251374,250675,Acondicionador Herbal Essences Bío:renew Passion Flower & Rice Milk 400 Ml,HERBAL ESSENCES,743.29,61429.0,False,400.0,1.8582,> Perfumería > Cuidado Capilar > Acondicionador >,acondicionador,estandar,general,https://www.jumbo.com.ar/acondicionador-herbal-essences-bio-renew-passion-flower-rice-milk-400-ml/p
Jumbo,251372,250673,Acondicionador Herbal Essences Bío:renew Golden Moringa Oil 400 Ml,HERBAL ESSENCES,743.29,61429.0,False,400.0,1.8582,> Perfumería > Cuidado Capilar > Acondicionador >,acondicionador,estandar,general,https://www.jumbo.com.ar/acondicionador-herbal-essences-bio-renew-golden-moringa-oil-400-ml/p
Jumbo,251371,250671,Shampoo Herbal Essences Bío:renew Passion Flower & Rice Milk 400 Ml,HERBAL ESSENCES,743.29,61429.0,False,400.0,1.8582,> Perfumería > Cuidado Capilar > Shampoo >,shampoo,estandar,general,https://www.jumbo.com.ar/shampoo-herbal-essences-bio-renew-passion-flower-rice-milk-400-ml/p
Jumbo,151503,149074,Acondicionador Herbal Essences X 300-+ Crema De Peinar X300ml.-alborótalos-bli-un.-2,HERBAL ESSENCES,22.09,22.09,False,300.0,0.0736,> Perfumería > Cuidado Capilar > Acondicionador >,acondicionador,estandar,general,https://www.jumbo.com.ar/acondicionador-herbal-essences-x-300-crema-de-peinar-x300ml-alborotalos-bli-un-2-2/p
Jumbo,151500,149070,Acondicionador Herbal Essences-+ Crema Para Peinar-curvas Peligrosas-bli-un.-2,HERBAL ESSENCES,26.15,26.15,False,,,> Perfumería > Cuidado Capilar > Acondicionador >,acondicionador,estandar,general,https://www.jumbo.com.ar/acondicionador-herbal-essences-crema-para-peinar-curvas-peligrosas-bli-un-2/p
Jumbo,151482,149054,Acondicionador Herbal Essences-+ Crema De Peinar X300ml.-paralísalos-bli-un.-2,HERBAL ESSENCES,22.09,22.09,False,300.0,0.0736,> Perfumería > Cuidado Capilar > Acondicionador >,acondicionador,estandar,general,https://www.jumbo.com.ar/acondicionador-herbal-essences-crema-de-peinar-x300ml-paralisalos-bli-un-2/p
Jumbo,149651,146560,Acondicionador Herbal Essences Endulzalos Con Fuerza-pvc-ml.-670,HERBAL ESSENCES,34.39,2842.0,False,,,> Perfumería > Cuidado Capilar > Acondicionador >,acondicionador,estandar,general,https://www.jumbo.com.ar/acondicionador-herbal-essences-endulzalos-con-fuerza-pvc-ml-670-2/p
Jumbo,149629,146538,Shampoo Herbal Essences Endúlzalos Con Fuerza 700 Ml,HERBAL ESSENCES,36.09,2983.0,False,700.0,0.0516,> Perfumería > Cuidado Capilar > Shampoo >,shampoo,estandar,general,https://www.jumbo.com.ar/shampoo-herbal-essences-endulzalos-con-fuerza-700-ml-2/p
Jumbo,148804,145704,Shampoo Herbal Essences X 355ml-+ Acondicionador X 300ml-enciéndete-bli-un.-2,HERBAL ESSENCES,23.07,23.07,False,355.0,0.065,> Perfumería > Cuidado Capilar > Shampoo >,acondicionador,estandar,general,https://www.jumbo.com.ar/shampoo-herbal-essences-x-355ml-acondicionador-x-300ml-enciendete-bli-un-2-2/p
Jumbo,148803,145701,Shampoo Herbal Essences-+ Acondicionador-alborótalos-bli-un.-2,HERBAL ESSENCES,20.99,20.99,False,,,> Perfumería > Cuidado Capilar > Shampoo >,acondicionador,estandar,general,https://www.jumbo.com.ar/shampoo-herbal-essences-acondicionador-alborotalos-bli-un-2-2/p
Jumbo,148801,145699,Shampoo Herbal Essences-+ Acondicionador-hidradisíaco-bli-un.-2,HERBAL ESSENCES,17.29,17.29,False,,,> Perfumería > Cuidado Capilar > Shampoo >,acondicionador,estandar,general,https://www.jumbo.com.ar/shampoo-herbal-essences-acondicionador-hidradisiaco-bli-un-2-2/p
Jumbo,147392,144300,Shampoo Herbal Essences-paracaídas-pvc-ml.-355,HERBAL ESSENCES,15.75,1302.0,False,,,> Perfumería > Cuidado Capilar > Shampoo >,shampoo,estandar,general,https://www.jumbo.com.ar/shampoo-herbal-essences-paracaidas-pvc-ml-355-2/p
Jumbo,147386,144295,Acondicionador Herbal Essences-curvas Peligrosas-pvc-ml.-670,HERBAL ESSENCES,297.99,24627.0,False,,,> Perfumería > Cuidado Capilar > Acondicionador >,acondicionador,estandar,general,https://www.jumbo.com.ar/acondicionador-herbal-essences-curvas-peligrosas-pvc-ml-670-2/p
Jumbo,147379,144288,Acondicionador Herbal Essences-domador De Fieras-pvc-ml.-300,HERBAL ESSENCES,157.69,13032.0,False,,,> Perfumería > Cuidado Capilar > Acondicionador >,acondicionador,estandar,general,https://www.jumbo.com.ar/acondicionador-herbal-essences-domador-de-fieras-pvc-ml-300-2/p
Jumbo,147364,144272,Shampoo Herbal Essences-hidradisíaco-pvc-mi-355,HERBAL ESSENCES,15.75,1302.0,False,,,> Perfumería > Cuidado Capilar > Shampoo >,shampoo,estandar,general,https://www.jumbo.com.ar/shampoo-herbal-essences-hidradisiaco-pvc-mi-355-2/p
Jumbo,146588,143497,Shampoo Herbal Essences-paralísalos-pvc-ml.-355,HERBAL ESSENCES,15.75,1302.0,False,,,> Perfumería > Cuidado Capilar > Shampoo >,shampoo,estandar,general,https://www.jumbo.com.ar/shampoo-herbal-essences-paralisalos-pvc-ml-355-2/p
Jumbo,146557,143466,Shampoo Herbal Essences Curvas Peligrosas 700 Ml,HERBAL ESSENCES,297.99,24627.0,False,700.0,0.4257,> Perfumería > Cuidado Capilar > Shampoo >,shampoo,estandar,general,https://www.jumbo.com.ar/shampoo-herbal-essences-curvas-peligrosas-700-ml-2/p
Jumbo,146551,143459,Shampoo Herbal Essences Prolóngalo 700 Ml,HERBAL ESSENCES,297.99,24627.0,False,700.0,0.4257,> Perfumería > Cuidado Capilar > Shampoo >,shampoo,estandar,general,https://www.jumbo.com.ar/shampoo-herbal-essences-prolongalo-700-ml-2/p
Jumbo,146538,143450,Shampoo Herbal Essences-prolóngalos-pvc-ml.-355,HERBAL ESSENCES,15.75,1302.0,False,,,> Perfumería > Cuidado Capilar > Shampoo >,shampoo,estandar,general,https://www.jumbo.com.ar/shampoo-herbal-essences-prolongalos-pvc-ml-355-2/p
Jumbo,146511,143419,Shampoo Herbal Essences-alborótalos-pvc-ml.-355,HERBAL ESSENCES,15.75,1302.0,False,,,> Perfumería > Cuidado Capilar > Shampoo >,shampoo,estandar,general,https://www.jumbo.com.ar/shampoo-herbal-essences-alborotalos-pvc-ml-355-2/p
Jumbo,146502,143411,Shampoo Herbal Essences-domador De Fieras-pvc-ml.-355,HERBAL ESSENCES,15.75,1302.0,False,,,> Perfumería > Cuidado Capilar > Shampoo >,shampoo,estandar,general,https://www.jumbo.com.ar/shampoo-herbal-essences-domador-de-fieras-pvc-ml-355-2/p
Jumbo,146498,143407,Shampoo Herbal Essences-curvas Peligrosas-pvc-ml.-355,HERBAL ESSENCES,15.75,1302.0,False,,,> Perfumería > Cuidado Capilar > Shampoo >,shampoo,estandar,general,https://www.jumbo.com.ar/shampoo-herbal-essences-curvas-peligrosas-pvc-ml-355-2/p
Jumbo,146494,143403,Shampoo Herbal Essences-enciéndete-pvc-ml.-355,HERBAL ESSENCES,15.75,1302.0,False,,,> Perfumería > Cuidado Capilar > Shampoo >,shampoo,estandar,general,https://www.jumbo.com.ar/shampoo-herbal-essences-enciendete-pvc-ml-355-2/p
Jumbo,46830,43994,Acondicionador Herbal Essences Daily Detox Brillo 300 Ml,HERBAL ESSENCES,157.69,13032.0,False,300.0,0.5256,> Perfumería > Cuidado Capilar > Acondicionador >,acondicionador,estandar,general,https://www.jumbo.com.ar/acondicionador-herbal-essences-daily-detox-brillo-300-ml/p
Jumbo,46735,43899,Shampoo Herbal Essences Daily Detox Brillo 300 Ml,HERBAL ESSENCES,157.69,13032.0,False,300.0,0.5256,> Perfumería > Cuidado Capilar > Shampoo >,shampoo,estandar,general,https://www.jumbo.com.ar/shampoo-herbal-essences-daily-detox-brillo-300-ml/p
Jumbo,46734,43898,Acondicionador Herbal Essences Daily Detox Hidratación 300 Ml,HERBAL ESSENCES,157.69,13032.0,False,300.0,0.5256,> Perfumería > Cuidado Capilar > Acondicionador >,acondicionador,estandar,seco_danado,https://www.jumbo.com.ar/acondicionador-herbal-essences-daily-detox-hidratacion-300-ml/p
Jumbo,42238,39408,Acondicionador Herbal Essences Delirio De Control 300 Ml,HERBAL ESSENCES,157.69,13032.0,False,300.0,0.5256,> Perfumería > Cuidado Capilar > Acondicionador >,acondicionador,estandar,general,https://www.jumbo.com.ar/acondicionador-herbal-essences-delirio-de-control-300-ml/p
Jumbo,34506,31665,Crema Para Peinar Herbal Essences Alborótalos 300 Ml,HERBAL ESSENCES,189.75,15682.0,False,300.0,0.6325,> Perfumería > Cuidado Capilar > Reparación y Tratamientos >,shampoo,estandar,general,https://www.jumbo.com.ar/crema-para-peinar-herbal-essences-alborotalos-300-ml/p
Jumbo,34490,31649,Acondicionador Herbal Essences Enciéndete 300 Ml,HERBAL ESSENCES,157.69,13032.0,False,300.0,0.5256,> Perfumería > Cuidado Capilar > Acondicionador >,acondicionador,estandar,general,https://www.jumbo.com.ar/acondicionador-herbal-essences-3/p
Jumbo,29967,27129,Crema Para Peinar Herbal Essences Endúlzalo Con Fuerza 300 Ml,HERBAL ESSENCES,189.75,15682.0,False,300.0,0.6325,> Perfumería > Cuidado Capilar > Reparación y Tratamientos >,shampoo,estandar,general,https://www.jumbo.com.ar/crema-para-peinar-herbal-essences-endulzalo-con-fuerza-300-ml/p
Jumbo,29853,27015,Shampoo Herbal Essences Endulzalos Con Fuerza Shampoo Herbal Essences Endúlzalo Con Fuerza 300 Ml,HERBAL ESSENCES,157.69,13032.0,False,300.0,0.5256,> Perfumería > Cuidado Capilar > Shampoo >,shampoo,estandar,general,https://www.jumbo.com.ar/shampoo-herbal-essences-endulzalos-con-fuerza/p
Jumbo,29847,27009,Acondicionador Herbal Essences Endulzalos Con Fuerza Acondicionador Herbal Essences Endúlzalo Con Fuerza 300 Ml,HERBAL ESSENCES,157.69,13032.0,False,300.0,0.5256,> Perfumería > Cuidado Capilar > Acondicionador >,acondicionador,estandar,general,https://www.jumbo.com.ar/acondicionador-herbal-essences-endulzalos-con-fuerza/p
Jumbo,29627,26789,Shampoo Herbal Essences Paralísalos 300 Ml,HERBAL ESSENCES,157.69,13032.0,False,300.0,0.5256,> Perfumería > Cuidado Capilar > Shampoo >,shampoo,estandar,general,https://www.jumbo.com.ar/shampoo-herbal-essences-4/p
Jumbo,29569,26731,Shampoo Herbal Essences-curvas Peligrosas-pvc-ml.-300,HERBAL ESSENCES,21.29,1760.0,False,,,> Perfumería > Cuidado Capilar > Shampoo >,shampoo,estandar,general,https://www.jumbo.com.ar/shampoo-herbal-essences/p
Jumbo,384082,382765,Aceite para el Pelo Óleo Extraordinario Nutrición 100 Ml Elvive,ELVIVE,21600.0,1785124.0,True,100.0,216.0,> Perfumería > Cuidado Capilar > Reparación y Tratamientos >,shampoo,profesional,general,https://www.jumbo.com.ar/tratamiento-nutricion-elvive-loreal-oleo-extraordinario-100-ml/p
Jumbo,420156,414430,Crema para Peinar Cabello Rizado Oleo Extraordinario 250 Ml Elvive,ELVIVE,9700.0,801653.0,True,250.0,38.8,> Perfumería > Cuidado Capilar > Reparación y Tratamientos >,shampoo,profesional,rizado,https://www.jumbo.com.ar/crema-para-peinar-elvive-oleo-rizo/p
Jumbo,407571,403760,Mascarilla Elvive Rt5 Keratin 300 Gr,ELVIVE,11550.0,954545.0,True,300.0,38.5,> Perfumería > Cuidado Capilar > Acondicionador >,tratamiento,profesional,general,https://www.jumbo.com.ar/mascarilla-elvive-rt5-keratin-300-gr/p
Jumbo,3074528,3074013,Serum Capilar Liso 7 Días Dream Liso 100 Ml Elvive,ELVIVE,20650.0,1706612.0,True,100.0,206.5,> Perfumería > Cuidado Capilar > Reparación y Tratamientos >,shampoo,profesional,general,https://www.jumbo.com.ar/serum-liso-7-dias-dream-liso-x-100-ml-elvive/p
Jumbo,1360454,1360037,Serum Capilar Glycolic Gloss 100 Ml Elvive,ELVIVE,21400.0,1768595.0,True,100.0,214.0,> Perfumería > Cuidado Capilar > Reparación y Tratamientos >,shampoo,profesional,general,https://www.jumbo.com.ar/serum-capilar-elvive-glyco-gloss-100ml-2/p
Jumbo,1360451,1360034,Mascarilla Capilar Glycolic Gloss 300 Grs Elvive,ELVIVE,12600.0,1041322.0,True,,,> Perfumería > Cuidado Capilar > Reparación y Tratamientos >,tratamiento,profesional,general,https://www.jumbo.com.ar/mascarilla-elvive-glycolic-gloss-300-gr/p
Jumbo,407573,403762,Mascarilla Elvive Rt Extreme 300 Gr,ELVIVE,12050.0,995868.0,True,300.0,40.1667,> Perfumería > Cuidado Capilar > Reparación y Tratamientos >,tratamiento,profesional,general,https://www.jumbo.com.ar/mascarilla-elvive-rt-extreme-300-gr/p
Jumbo,397625,395358,Mascarilla Hidratación Ligera Hialurónico Pure 300 Grs Elvive,ELVIVE,12050.0,995868.0,True,,,> Perfumería > Cuidado Capilar > Reparación y Tratamientos >,tratamiento,profesional,seco_danado,https://www.jumbo.com.ar/mascarilla-elvive-hialuronico-pure-300-gr/p
Jumbo,288713,287960,Crema para Peinar Dream Long Stop Tijeras 250 Ml Elvive,ELVIVE,9700.0,801653.0,True,250.0,38.8,> Perfumería > Cuidado Capilar > Reparación y Tratamientos >,shampoo,profesional,general,https://www.jumbo.com.ar/crema-para-peinar-elvive-dream-long-250-ml/p
Jumbo,3083502,3082777,Mascarilla Tratamiento Brillo Anti-residuos Glycolic Cristal 300 Ml Elvive,ELVIVE,13250.0,1095041.0,True,300.0,44.1667,> Perfumería > Cuidado Capilar > Reparación y Tratamientos >,tratamiento,profesional,general,https://www.jumbo.com.ar/tratamiento-brillo-anti-residuos-glycolic-cristal-x-300-ml-elvive/p
Jumbo,3087943,3087171,Acondicionador Collagen Lifter Redensificador de Fibra 200 Ml Elvive Acondicionador Elvive Lifter Colageno 200ml,ELVIVE,7900.0,652893.0,False,200.0,39.5,> Perfumería > Cuidado Capilar > Acondicionador >,acondicionador,profesional,general,https://www.jumbo.com.ar/acondicionador-elvive-lifter-colageno-200ml/p
Jumbo,3087936,3087164,Acondicionador Redensificador de Fibra Collagen Lifter 400 Ml Elvive Acondicionador Elvive Lifter Colageno 400ml,ELVIVE,13150.0,1086777.0,False,400.0,32.875,> Perfumería > Cuidado Capilar > Acondicionador >,acondicionador,profesional,general,https://www.jumbo.com.ar/acondicionador-elvive-lifter-colageno-400ml/p
Jumbo,3087935,3087163,Shampoo Engrosador Lifter Colágeno 200 Ml Elvive Shampoo Elvive Lifter Colageno 200ml,ELVIVE,7900.0,652893.0,False,200.0,39.5,> Perfumería > Cuidado Capilar > Shampoo >,shampoo,profesional,general,https://www.jumbo.com.ar/shampoo-elvive-lifter-colageno-200ml/p
Jumbo,3087927,3087155,Tratamiento Elvive Lifter Colageno 300gr,ELVIVE,14200.0,1173554.0,False,300.0,47.3333,> Perfumería > Cuidado Capilar > Reparación y Tratamientos >,tratamiento,profesional,general,https://www.jumbo.com.ar/tratamiento-elvive-lifter-colageno-300gr/p
Jumbo,3087926,3087154,Crema para Peinar Volumen Anti-Frizz Lifter Colágeno 250 Ml Elvive Crema Para Peinar Elvive Lifter Colageno 250ml,ELVIVE,10500.0,867769.0,False,250.0,42.0,> Perfumería > Cuidado Capilar > Reparación y Tratamientos >,shampoo,profesional,general,https://www.jumbo.com.ar/crema-para-peinar-elvive-lifter-colageno-250ml/p
Jumbo,3071023,3070594,Crema para Peinar Dream Liso Anti Frizz 250 Ml Elvive,ELVIVE,9450.0,780992.0,False,250.0,37.8,> Perfumería > Cuidado Capilar > Reparación y Tratamientos >,shampoo,profesional,general,https://www.jumbo.com.ar/crema-de-peinar-dream-liso-250-ml-elvive/p
Jumbo,1360453,1360036,Crema para Peinar Glyco Gloss Extra Brillo 250 Ml Elvive,ELVIVE,9450.0,780992.0,False,250.0,37.8,> Perfumería > Cuidado Capilar > Reparación y Tratamientos >,shampoo,profesional,general,https://www.jumbo.com.ar/crema-para-peinar-elvive-glyco-gloss-250ml/p
Jumbo,407569,403758,Crema para Peinar Reparación Total 5 Keratin 250 Ml Elvive,ELVIVE,8400.0,694215.0,False,250.0,33.6,> Perfumería > Cuidado Capilar > Reparación y Tratamientos >,shampoo,profesional,general,https://www.jumbo.com.ar/crema-para-peinar-elvive-reparacion-total-5-keratin-250-ml/p
Jumbo,407564,403753,Mascarilla para Cabello Teñido Color Vive 300 Grs Elvive,ELVIVE,10500.0,867769.0,False,,,> Perfumería > Cuidado Capilar > Reparación y Tratamientos >,tratamiento,profesional,tratado,https://www.jumbo.com.ar/mascarilla-elvive-colorvive-300-gr/p
Jumbo,400558,397896,Crema para Peinar Kera-Liso 250 Ml Elvive,ELVIVE,8400.0,694215.0,False,250.0,33.6,> Perfumería > Cuidado Capilar > Reparación y Tratamientos >,shampoo,profesional,general,https://www.jumbo.com.ar/crema-para-peinar-elvive-kera-liso-mk-250-ml/p
Jumbo,400557,397895,Mascarilla Kera-Liso con Micro-Queratina 300 Grs Elvive,ELVIVE,10500.0,867769.0,False,,,> Perfumería > Cuidado Capilar > Reparación y Tratamientos >,tratamiento,profesional,general,https://www.jumbo.com.ar/mascarilla-elvive-kera-liso-mq-300-gr/p
Jumbo,400555,397893,Acondicionador Elvive Kera-liso Mk 200 Ml,ELVIVE,6300.0,520661.0,False,200.0,31.5,> Perfumería > Cuidado Capilar > Acondicionador >,acondicionador,profesional,general,https://www.jumbo.com.ar/acondicionador-elvive-kera-liso-mk-200-ml/p
Jumbo,400552,397890,Acondicionador Kera-Liso para Cabello Alisado 400 Ml Elvive,ELVIVE,10500.0,867769.0,False,400.0,26.25,> Perfumería > Cuidado Capilar > Acondicionador >,acondicionador,profesional,tratado,https://www.jumbo.com.ar/acondicionador-elvive-kera-liso-mk-400-ml/p
Jumbo,400532,397870,Crema para Peinar Hidra Hialurónico 250 Ml Elvive,ELVIVE,8400.0,694215.0,False,250.0,33.6,> Perfumería > Cuidado Capilar > Reparación y Tratamientos >,shampoo,profesional,general,https://www.jumbo.com.ar/crema-para-peinar-elvive-hidra-hialuronico-250-ml/p
Jumbo,397686,395420,Shampoo Hialurónico Pure Raíz Grasa y Puntas Deshidratadas 400 Ml Elvive,ELVIVE,10000.0,826446.0,False,400.0,25.0,> Perfumería > Cuidado Capilar > Shampoo >,shampoo,profesional,seco_danado,https://www.jumbo.com.ar/shampoo-elvive-hialuronico-pure-400-ml/p
Jumbo,393768,391789,Acondicionador Óleo Extraordinario Nutrición para Cabello Seco 750 Ml Elvive,ELVIVE,16800.0,1388430.0,False,750.0,22.4,> Perfumería > Cuidado Capilar > Acondicionador >,acondicionador,profesional,seco_danado,https://www.jumbo.com.ar/acondicionador-elvive-oleo-extraordinario-nutricion-750-ml/p
Jumbo,393745,391773,Mascarilla Nutritiva Óleo Extraordinario para Cabello Seco 300 Grs Elvive,ELVIVE,10800.0,892562.0,False,,,> Perfumería > Cuidado Capilar > Reparación y Tratamientos >,tratamiento,profesional,seco_danado,https://www.jumbo.com.ar/mascarilla-oleo-extraordinario-nutricion-universal-300-gr/p
Jumbo,388712,386824,Shampoo Elvive Lóréal óleo Extraordinario Nutrición 400 Ml,ELVIVE,10500.0,867769.0,False,400.0,26.25,> Perfumería > Cuidado Capilar > Shampoo >,shampoo,profesional,general,https://www.jumbo.com.ar/shampoo-elvive-loreal-oleo-extraordinario-nutricion-400-ml/p
Jumbo,386233,384388,Oleo Fructis Recarga Nutritiva 100ml,ELVIVE,4350.0,359504.0,False,100.0,43.5,> Perfumería > Cuidado Capilar > Reparación y Tratamientos >,shampoo,profesional,general,https://www.jumbo.com.ar/oleo-fructis-recarga-nutritiva-100ml/p
Jumbo,354070,352701,Acondicionador Elvive Kera Liso Brillo Sedosidad 750ml,ELVIVE,14500.0,1198347.0,False,750.0,19.3333,> Perfumería > Cuidado Capilar > Acondicionador >,acondicionador,profesional,general,https://www.jumbo.com.ar/acondicionador-elvive-kera-liso-brillo-sedosidad-750ml/p
Jumbo,354069,352700,Mascarilla Kera-Liso Brillo y Sedosidad 300 Grs Elvive,ELVIVE,8700.0,719008.0,False,,,> Perfumería > Cuidado Capilar > Reparación y Tratamientos >,tratamiento,profesional,general,https://www.jumbo.com.ar/mascara-elvive-kera-liso-brillo-y-sedosidad-300-gr/p
Jumbo,354065,352696,Acondicionador Kera Liso Brillo y Sedosidad 200 Ml Elvive Acondicionador Kera Liso Brillo Sedosidad 200 Ml Elvive,ELVIVE,5750.0,475207.0,False,200.0,28.75,> Perfumería > Cuidado Capilar > Acondicionador >,acondicionador,profesional,general,https://www.jumbo.com.ar/acondicionador-kera-liso-brillo-sedosidad-200-ml-elvive/p
Jumbo,354064,352695,Acondicionador Kera Liso Brillo y Sedosidad 400 Ml Elvive,ELVIVE,9250.0,764463.0,False,400.0,23.125,> Perfumería > Cuidado Capilar > Acondicionador >,acondicionador,profesional,general,https://www.jumbo.com.ar/acondicionador-kera-liso-brillo-sedosidad-400-ml-elvive/p
Jumbo,354061,352692,Shampoo Kera Liso Brillo Sedosidad 750 Ml Elvive,ELVIVE,14500.0,1198347.0,False,750.0,19.3333,> Perfumería > Cuidado Capilar > Shampoo >,shampoo,profesional,general,https://www.jumbo.com.ar/shampoo-kera-liso-brillo-sedosidad-750-ml-elvive/p
Jumbo,354059,352690,Shampoo Kera Liso Brillo Sedosidad 200 Ml Elvive,ELVIVE,5900.0,487603.0,False,200.0,29.5,> Perfumería > Cuidado Capilar > Shampoo >,shampoo,profesional,general,https://www.jumbo.com.ar/shampoo-kera-liso-brillo-sedosidad-200-ml-elvive/p
Jumbo,354058,352689,Shampoo Elvive Color Vive Protector 400ml,ELVIVE,1301.07,107526.0,False,400.0,3.2527,> Perfumería > Cuidado Capilar > Shampoo >,shampoo,profesional,tratado,https://www.jumbo.com.ar/shampoo-elvive-color-vive-protector-400ml/p
Jumbo,354055,352686,Shampoo Elvive Color Vive Protector 200ml,ELVIVE,1050.0,86777.0,False,200.0,5.25,> Perfumería > Cuidado Capilar > Shampoo >,shampoo,profesional,tratado,https://www.jumbo.com.ar/shampoo-elvive-color-vive-protector-200ml/p
Jumbo,354054,352685,Mascarilla para Cabello Teñido Color Vive 300 Grs Elvive,ELVIVE,4050.0,334711.0,False,,,> Perfumería > Cuidado Capilar > Reparación y Tratamientos >,tratamiento,profesional,tratado,https://www.jumbo.com.ar/mascarilla-elvive-color-vive-300-gr/p
Jumbo,354051,352682,Shampoo Elvive Kera-liso 230° 200 Ml,ELVIVE,1050.0,86777.0,False,200.0,5.25,> Perfumería > Cuidado Capilar > Shampoo >,shampoo,profesional,general,https://www.jumbo.com.ar/shampoo-elvive-kera-liso-230-200-ml/p
Jumbo,354046,352677,Shampoo Elvive Kera-liso 230° 400ml,ELVIVE,1600.0,132231.0,False,400.0,4.0,> Perfumería > Cuidado Capilar > Shampoo >,shampoo,profesional,general,https://www.jumbo.com.ar/shampoo-elvive-kera-liso-230-400ml/p
Jumbo,354045,352676,Shampoo Elvive Kera Liso Brillo Y Sedosidad 400 Ml,ELVIVE,9250.0,764463.0,False,400.0,23.125,> Perfumería > Cuidado Capilar > Shampoo >,shampoo,profesional,general,https://www.jumbo.com.ar/shampoo-elvive-kera-liso-brillo-y-sedosidad-400-ml/p
Jumbo,350125,348785,Acondicionador Elvive Oleo Extraordinario Rizos 200 Ml,ELVIVE,3750.0,309917.0,False,200.0,18.75,> Perfumería > Cuidado Capilar > Reparación y Tratamientos >,acondicionador,profesional,rizado,https://www.jumbo.com.ar/acondicionador-elvive-oleo-extraordinario-rizos-200-ml/p
Jumbo,350123,348783,Crema para Peinar Oleo Extraordinario Coco para Cabello Muy Seco 250 Ml Elvive,ELVIVE,8400.0,694215.0,False,250.0,33.6,> Perfumería > Cuidado Capilar > Reparación y Tratamientos >,shampoo,profesional,seco_danado,https://www.jumbo.com.ar/crema-para-peinar-elvive-oleo-extraordinario-coco-250-ml/p
Jumbo,350002,348662,Elvive Crema Para Peinar Reparación Total 5 250ml,ELVIVE,1605.06,132650.0,False,250.0,6.4202,> Perfumería > Cuidado Capilar > Reparación y Tratamientos >,shampoo,profesional,general,https://www.jumbo.com.ar/elvive-crema-para-peinar-reparacion-total-5-250ml/p
Jumbo,350001,348661,Mascarilla Elvive Reparacion Total 5 300ml,ELVIVE,1650.0,136364.0,False,300.0,5.5,> Perfumería > Cuidado Capilar > Reparación y Tratamientos >,tratamiento,profesional,general,https://www.jumbo.com.ar/mascarilla-elvive-reparacion-total-5-300ml-2/p
Jumbo,350000,348660,Shampoo Elvive Reparador 2 En 1 Total 5 400ml,ELVIVE,1366.09,112900.0,False,400.0,3.4152,> Perfumería > Cuidado Capilar > Shampoo >,shampoo,profesional,general,https://www.jumbo.com.ar/shampoo-elvive-reparador-2-en-1-total-5-400ml-2/p
Jumbo,349998,348658,Shampoo Elvive Reparador Total 5 750ml,ELVIVE,2168.17,179188.0,False,750.0,2.8909,> Perfumería > Cuidado Capilar > Shampoo >,shampoo,profesional,general,https://www.jumbo.com.ar/shampoo-elvive-reparador-total-5-750ml-2/p
Jumbo,349996,348656,Shampoo Reparación Total 5 Elvive L´oréal Paris X 400 Ml,ELVIVE,1650.0,136364.0,False,400.0,4.125,> Perfumería > Cuidado Capilar > Shampoo >,shampoo,profesional,general,https://www.jumbo.com.ar/shampoo-reparacion-total-5-elvive-l-oreal-paris-x-400-ml/p
Jumbo,349994,348654,Shampoo Elvive Reparador Total 5 200ml,ELVIVE,1150.0,95041.0,False,200.0,5.75,> Perfumería > Cuidado Capilar > Shampoo >,shampoo,profesional,general,https://www.jumbo.com.ar/shampoo-elvive-reparador-total-5-200ml-2/p
Jumbo,349985,348645,Mascarilla Nutrición Intensa Oleo Extraordinario de Coco 300 Grs Elvive,ELVIVE,10500.0,867769.0,False,,,> Perfumería > Cuidado Capilar > Reparación y Tratamientos >,tratamiento,profesional,general,https://www.jumbo.com.ar/mascarilla-elvive-oleo-extraordinario-coco-300-gr/p
Jumbo,348107,346781,Acond Algabo Detox Eco-pack 930ml,ELVIVE,278.39,23007.0,False,930.0,0.2993,> Perfumería > Cuidado Capilar > Acondicionador >,tratamiento,profesional,general,https://www.jumbo.com.ar/acond-algabo-detox-eco-pack-930ml-2/p
Jumbo,348055,346730,Shampoo Algabo Hidratación Eco-pack 930ml,ELVIVE,221.47,18303.0,False,930.0,0.2381,> Perfumería > Cuidado Capilar > Shampoo >,tratamiento,profesional,seco_danado,https://www.jumbo.com.ar/shampoo-algabo-hidratacion-eco-pack-930ml/p
Jumbo,348053,346728,Shampoo Algabo Suavidad Eco-pack 930ml,ELVIVE,221.47,18303.0,False,930.0,0.2381,> Perfumería > Cuidado Capilar > Shampoo >,tratamiento,profesional,general,https://www.jumbo.com.ar/shampoo-algabo-suavidad-eco-pack-930ml-2/p
Jumbo,346827,345502,Shampoo Reconstructor Dream Long 200 Ml Elvive Shampoo Elvive Dream Long 200 Ml,ELVIVE,6300.0,520661.0,False,200.0,31.5,> Perfumería > Cuidado Capilar > Shampoo >,shampoo,profesional,general,https://www.jumbo.com.ar/shampoo-elvive-dream-long-200-ml/p
Jumbo,346822,345497,Acondicionador Nutrición Intensa Oleo Extraordinario Coco 750 Ml Elvive,ELVIVE,16800.0,1388430.0,False,750.0,22.4,> Perfumería > Cuidado Capilar > Acondicionador >,acondicionador,profesional,general,https://www.jumbo.com.ar/acondicionador-elvive-oleo-extraordinario-coco-750-ml/p
Jumbo,346821,345496,Shampoo Elvive Oleo Extraordinario Rizos 200 Ml,ELVIVE,823.69,68074.0,False,200.0,4.1185,> Perfumería > Cuidado Capilar > Shampoo >,shampoo,profesional,rizado,https://www.jumbo.com.ar/shampoo-elvive-oleo-extraordinario-rizos-200-ml/p
Jumbo,346818,345493,Acondicionador Óleo Extraordinario Rizos Definidos 200 Ml Elvive Acondicionador Elvive Oleo Extraordinario Rizos 200 Ml,ELVIVE,3300.0,272727.0,False,200.0,16.5,> Perfumería > Cuidado Capilar > Acondicionador >,acondicionador,profesional,rizado,https://www.jumbo.com.ar/acondicionador-elvive-oleo-extraordinario-rizos-200-ml-2/p
Jumbo,346817,345492,Acodicionador Elvive Arcilla Purificante 750ml,ELVIVE,2500.0,206612.0,False,750.0,3.3333,> Perfumería > Cuidado Capilar > Acondicionador >,shampoo,profesional,general,https://www.jumbo.com.ar/acodicionador-elvive-arcilla-purificante-750ml/p
Jumbo,346814,345489,Mascarilla Elvive Extreme Reconstrucción 300g,ELVIVE,1284.47,106155.0,False,300.0,4.2816,> Perfumería > Cuidado Capilar > Reparación y Tratamientos >,tratamiento,profesional,general,https://www.jumbo.com.ar/mascarilla-elvive-extreme-reconstruccion-300g/p
Jumbo,346770,345445,Shampoo Oleo Extraordinario Nutrición Intensa Coco 400 Ml Elvive,ELVIVE,10000.0,826446.0,False,400.0,25.0,> Perfumería > Cuidado Capilar > Shampoo >,shampoo,profesional,general,https://www.jumbo.com.ar/shampoo-elvive-oleo-extraordinario-coco-400-ml/p
Jumbo,346769,345444,Acondicionador Elvive Oleo Extraordinario Rizos 400 Ml,ELVIVE,1333.09,110173.0,False,400.0,3.3327,> Perfumería > Cuidado Capilar > Acondicionador >,acondicionador,profesional,rizado,https://www.jumbo.com.ar/acondicionador-elvive-oleo-extraordinario-rizos-400-ml/p
Jumbo,346766,345441,Shampoo Elvive Oleo Extraordinario Rizos 400ml,ELVIVE,1333.09,110173.0,False,400.0,3.3327,> Perfumería > Cuidado Capilar > Shampoo >,shampoo,profesional,rizado,https://www.jumbo.com.ar/shampoo-elvive-oleo-extraordinario-rizos-400ml-2/p
Jumbo,346759,345434,Shampoo Dream Long Reparador 750 Ml Elvive,ELVIVE,16800.0,1388430.0,False,750.0,22.4,> Perfumería > Cuidado Capilar > Shampoo >,shampoo,profesional,general,https://www.jumbo.com.ar/shampoo-elvive-dream-long-750-ml/p
Jumbo,346758,345433,Crema Para Peinar Elvive Kera-liso 230° 250ml,ELVIVE,4450.0,367769.0,False,250.0,17.8,> Perfumería > Cuidado Capilar > Reparación y Tratamientos >,shampoo,profesional,general,https://www.jumbo.com.ar/crema-para-peinar-elvive-kera-liso-230-250ml/p
Jumbo,346756,345431,Acondicionador Dream Long Reconstructor 750 Ml Elvive,ELVIVE,16800.0,1388430.0,False,750.0,22.4,> Perfumería > Cuidado Capilar > Acondicionador >,acondicionador,profesional,general,https://www.jumbo.com.ar/acondicionador-elvive-dream-long-750-ml/p
Jumbo,346755,345430,Acondicionador Dream Long Reconstructor 200 Ml Elvive,ELVIVE,6300.0,520661.0,False,200.0,31.5,> Perfumería > Cuidado Capilar > Acondicionador >,acondicionador,profesional,general,https://www.jumbo.com.ar/acondicionador-elvive-dream-long-200-ml/p
Jumbo,346754,345429,Shampoo Reconstructor Dream Long 400 Ml Elvive,ELVIVE,10500.0,867769.0,False,400.0,26.25,> Perfumería > Cuidado Capilar > Shampoo >,shampoo,profesional,general,https://www.jumbo.com.ar/shampoo-elvive-dream-long-400-ml/p
Jumbo,331665,330823,Mascarilla Hidratante Elvive Hidra 300ml,ELVIVE,1419.89,117346.0,False,300.0,4.733,> Perfumería > Cuidado de la Piel > Cremas Faciales >,tratamiento,profesional,seco_danado,https://www.jumbo.com.ar/mascarilla-hidratante-elvive-hidra-300ml/p
Jumbo,331664,330822,Elvive Crema Para Peinar Hidra Hialuronico 250ml,ELVIVE,1498.99,123883.0,False,250.0,5.996,> Perfumería > Cuidado Capilar > Reparación y Tratamientos >,shampoo,profesional,general,https://www.jumbo.com.ar/elvive-crema-para-peinar-hidra-hialuronico-250ml/p
Jumbo,331663,330821,Acondicionador Hidra Hialurónico Elvive L´oréal Paris 400ml,ELVIVE,1188.09,98189.0,False,400.0,2.9702,> Perfumería > Cuidado Capilar > Acondicionador >,acondicionador,profesional,general,https://www.jumbo.com.ar/acondicionador-hidra-hialuronico-elvive-l-oreal-paris-400ml-2/p
Jumbo,321106,320143,Tratamiento Elvive Capsulas Rt5 300ml,ELVIVE,836.59,69140.0,False,300.0,2.7886,> Perfumería > Cuidado Capilar > Reparación y Tratamientos >,tratamiento,profesional,general,https://www.jumbo.com.ar/tratamiento-elvive-capsulas-rt5-300ml/p
Jumbo,308652,307889,Crema para Peinar Dream Long Liss Stop Frizz 250 Ml Elvive,ELVIVE,7550.0,623967.0,False,250.0,30.2,> Perfumería > Cuidado Capilar > Reparación y Tratamientos >,shampoo,profesional,general,https://www.jumbo.com.ar/crema-para-peinar-elvive-dream-long-liss-250-ml/p
Jumbo,308649,307886,Acondicionador Dream Long Liss 750 Ml Elvive,ELVIVE,14100.0,1165289.0,False,750.0,18.8,> Perfumería > Cuidado Capilar > Acondicionador >,acondicionador,profesional,general,https://www.jumbo.com.ar/acondicionador-elvive-dream-long-liss-700ml/p
Jumbo,308642,307879,Acondicionador Elvive Dream Long Liss 200 Ml,ELVIVE,5750.0,475207.0,False,200.0,28.75,> Perfumería > Cuidado Capilar > Acondicionador >,acondicionador,profesional,general,https://www.jumbo.com.ar/acondicionador-elvive-dream-long-liss-200-ml/p
Jumbo,308608,307845,Shampoo Elvive Dream Long Liss 200 Ml,ELVIVE,5300.0,438017.0,False,200.0,26.5,> Perfumería > Cuidado Capilar > Shampoo >,shampoo,profesional,general,https://www.jumbo.com.ar/shampoo-elvive-dream-long-liss-200-ml/p
Jumbo,288749,287996,Acondicionador Elvive Desenredante 200ml,ELVIVE,290.85,24037.0,False,200.0,1.4543,> Perfumería > Cuidado Capilar > Acondicionador >,acondicionador,profesional,general,https://www.jumbo.com.ar/acondicionador-elvive-desenredante-200ml/p
Jumbo,288719,287966,Shampoo Elvive Reconstructor 750ml,ELVIVE,745.65,61624.0,False,750.0,0.9942,> Perfumería > Cuidado Capilar > Shampoo >,shampoo,profesional,general,https://www.jumbo.com.ar/shampoo-elvive-reconstructor-750ml/p
Jumbo,288711,287958,Mascara Elvive Dream Long Packx3,ELVIVE,411.09,33974.0,False,,,> Perfumería > Cuidado Capilar > Reparación y Tratamientos >,tratamiento,profesional,general,https://www.jumbo.com.ar/mascara-elvive-dream-long-packx3/p
Jumbo,278472,277728,óleo Extraordinario Tratamiento Intensivo En Forma De Gota Elvive L Oréal Paris 4.5 Ml,ELVIVE,154.59,12776.0,False,4.5,34.3533,> Perfumería > Cuidado Capilar > Reparación y Tratamientos >,tratamiento,profesional,general,https://www.jumbo.com.ar/oleo-extraordinario-tratamiento-intensivo-en-forma-de-gota-elvive-l-oreal-paris-4-5-ml/p
Jumbo,276517,275803,Crema De Limpieza Reparación Total 5 Elvive L Oréal Paris 400 Ml,ELVIVE,417.15,34475.0,False,400.0,1.0429,> Perfumería > Cuidado Capilar > Reparación y Tratamientos >,shampoo,profesional,general,https://www.jumbo.com.ar/crema-de-limpieza-reparacion-total-5-elvive-l-oreal-paris-400-ml/p
Jumbo,276511,275797,Crema De Limpieza óleo Extraordinario Elvive L Oréal Paris 400 Ml,ELVIVE,417.15,34475.0,False,400.0,1.0429,> Perfumería > Cuidado Capilar > Reparación y Tratamientos >,shampoo,profesional,general,https://www.jumbo.com.ar/crema-de-limpieza-oleo-extraordinario-elvive-l-oreal-paris-400-ml/p
Jumbo,276510,275796,Crema De Limpieza Color Vive Elvive L Oréal Paris 400 Ml,ELVIVE,417.15,34475.0,False,400.0,1.0429,> Perfumería > Cuidado Capilar > Reparación y Tratamientos >,shampoo,profesional,tratado,https://www.jumbo.com.ar/crema-de-limpieza-color-vive-elvive-l-oreal-paris-400-ml/p
Jumbo,276505,275791,Shampoo Elvive Oleo Extra Nut Univ 200ml,ELVIVE,398.39,32925.0,False,200.0,1.9919,> Perfumería > Cuidado Capilar > Shampoo >,shampoo,profesional,general,https://www.jumbo.com.ar/shampoo-elvive-oleo-extra-nut-univ-200ml/p
Jumbo,276493,275779,Crema Tratamiento Elvive Kera-liso 230° 300gr,ELVIVE,1700.0,140496.0,False,300.0,5.6667,> Perfumería > Cuidado Capilar > Reparación y Tratamientos >,tratamiento,profesional,general,https://www.jumbo.com.ar/crema-tratamiento-elvive-kera-liso-230-300gr/p
Jumbo,259832,259126,Crema Elvive Oleo Extraordinario 250ml,ELVIVE,523.09,43231.0,False,250.0,2.0924,> Perfumería > Cuidado Capilar > Reparación y Tratamientos >,shampoo,profesional,general,https://www.jumbo.com.ar/crema-elvive-oleo-extraordinario-250ml/p
Jumbo,246777,243689,Tratamiento Elvive Rt5 Ciclamen 50ml,ELVIVE,476.89,39412.0,False,50.0,9.5378,> Perfumería > Cuidado Capilar > Reparación y Tratamientos >,tratamiento,profesional,general,https://www.jumbo.com.ar/tratamiento-elvive-rt5-ciclamen-50ml/p
Jumbo,246776,243688,Acondicionador óleo Extraordinario Edición Verano Elvive L´oréal Paris 200 Ml,ELVIVE,266.59,22032.0,False,200.0,1.3329,> Perfumería > Cuidado Capilar > Acondicionador >,acondicionador,profesional,general,https://www.jumbo.com.ar/acondicionador-oleo-extraordinario-edicion-verano-elvive-l-oreal-paris-200-ml/p
Jumbo,246775,243687,Shampoo Oleo Extraordinario Summer Edition Elvive Loreal Paris 400 Ml,ELVIVE,430.95,35616.0,False,400.0,1.0774,> Perfumería > Cuidado Capilar > Shampoo >,shampoo,profesional,general,https://www.jumbo.com.ar/shampoo-oleo-extraordinario-summer-edition-elvive-loreal-paris-400-ml/p
Jumbo,246773,243685,Shampoo óleo Extraordinario Edición Verano Elvive L´oréal Paris 200 Ml,ELVIVE,266.59,22032.0,False,200.0,1.3329,> Perfumería > Cuidado Capilar > Shampoo >,shampoo,profesional,general,https://www.jumbo.com.ar/shampoo-oleo-extraordinario-edicion-verano-elvive-l-oreal-paris-200-ml/p
Jumbo,246770,243682,Acondicionador Oleo Extraordinario Summer Edition Elvive Loreal Paris 400 Ml,ELVIVE,430.99,35619.0,False,400.0,1.0775,> Perfumería > Cuidado Capilar > Acondicionador >,acondicionador,profesional,general,https://www.jumbo.com.ar/acondicionador-oleo-extraordinario-summer-edition-elvive-loreal-paris-400-ml/p
Jumbo,246769,243681,Crema Para Peinar óleo Extraordinario Edición Verano Elvive L´oréal Paris 250 Ml,ELVIVE,479.47,39626.0,False,250.0,1.9179,> Perfumería > Cuidado Capilar > Reparación y Tratamientos >,shampoo,profesional,general,https://www.jumbo.com.ar/crema-para-peinar-oleo-extraordinario-edicion-verano-elvive-l-oreal-paris-250-ml/p
Jumbo,218636,228633,Shampoo Elvive Cosmetico Colorvive 350ml + Acondicionador Pack 2u,ELVIVE,20.29,20.29,False,350.0,0.058,> Perfumería > Cuidado Capilar > Shampoo >,acondicionador,profesional,tratado,https://www.jumbo.com.ar/shampoo-elvive-cosmetico-colorvive-350ml-acondicionador-pack-2u-250270/p
Jumbo,184216,207620,Crema De Enjuague Elvive,ELVIVE,192.77,192.77,False,,,> Perfumería > Cuidado Capilar > Acondicionador >,acondicionador,profesional,general,https://www.jumbo.com.ar/crema-de-enjuague-elvive-3/p
Jumbo,181652,201996,Shampoo Elvive Cosmetico Solar + Acondicionador Pck 2 Un.,ELVIVE,15.39,15.39,False,,,> Perfumería > Cuidado Capilar > Shampoo >,acondicionador,profesional,general,https://www.jumbo.com.ar/shampoo-elvive-cosmetico-52-245643/p
Jumbo,168240,165780,Crema De Enjuague Elvive-volumen Control-nueva Presentacion-pvc-ml.-400,ELVIVE,430.99,35619.0,False,,,> Perfumería > Cuidado Capilar > Acondicionador >,acondicionador,profesional,general,https://www.jumbo.com.ar/crema-de-enjuague-elvive-volumen-control-nueva-presentacion-pvc-ml-400/p
Jumbo,168236,165776,Crema De Enjuague Elvive-volumen Control-nueva Presentacion-pvc-ml.-200,ELVIVE,266.59,22032.0,False,,,> Perfumería > Cuidado Capilar > Acondicionador >,acondicionador,profesional,general,https://www.jumbo.com.ar/crema-de-enjuague-elvive-volumen-control-nueva-presentacion-pvc-ml-200/p
Jumbo,168232,165772,Crema De Enjuague Elvive-citrus-nueva Presentacion-pvc-ml.-200,ELVIVE,266.59,22032.0,False,,,> Perfumería > Cuidado Capilar > Acondicionador >,acondicionador,profesional,general,https://www.jumbo.com.ar/crema-de-enjuague-elvive-citrus-nueva-presentacion-pvc-ml-200/p
Jumbo,167840,165379,Crema Capilar Elvive-caída Resist-nueva Presentacion-pvc-ml.-250,ELVIVE,38.37,3171.0,False,,,> Perfumería > Cuidado Capilar > Reparación y Tratamientos >,shampoo,profesional,general,https://www.jumbo.com.ar/crema-capilar-elvive-caida-resist-nueva-presentacion-pvc-ml-250/p
Jumbo,167816,165353,Crema Capilar Elvive-volumen Control-nueva Presentacion-pvc-ml.-250,ELVIVE,38.37,3171.0,False,,,> Perfumería > Cuidado Capilar > Reparación y Tratamientos >,shampoo,profesional,general,https://www.jumbo.com.ar/crema-capilar-elvive-volumen-control-nueva-presentacion-pvc-ml-250/p
Jumbo,167814,165352,Crema Capilar Elvive-nutri - Gloss-nueva Presentacion-pvc-ml.-250,ELVIVE,38.37,3171.0,False,,,> Perfumería > Cuidado Capilar > Reparación y Tratamientos >,shampoo,profesional,general,https://www.jumbo.com.ar/crema-capilar-elvive-nutri-gloss-nueva-presentacion-pvc-ml-250/p
Jumbo,160841,158391,Locion Oleo Extraordinario 100ml Elvive Locion Elvive Oleo Extraordinario 100ml,ELVIVE,1119.97,92560.0,False,100.0,11.1997,> Perfumería > Cuidado Capilar > Reparación y Tratamientos >,shampoo,profesional,general,https://www.jumbo.com.ar/locion-elvive-oleo-extraordinario-100ml-2/p
Jumbo,160163,157722,Shampoo Elvive +crm Trat. Repac Total 5,ELVIVE,26.99,26.99,False,,,> Perfumería > Cuidado Capilar > Shampoo >,shampoo,profesional,general,https://www.jumbo.com.ar/shampoo-elvive-crm-trat-repac-total-5/p
Jumbo,159564,157123,Crema De Enjuague Elvive-reparación Total 5-pvc-ml.-750,ELVIVE,146.95,12145.0,False,,,> Perfumería > Cuidado Capilar > Acondicionador >,acondicionador,profesional,general,https://www.jumbo.com.ar/crema-de-enjuague-elvive-reparacion-total-5-pvc-ml-750-2/p
Jumbo,158511,156070,Shampoo Elvive  X 2 Un 200 Cc + Acondicionador Reparación Total 5 Bli 2 Un.,ELVIVE,11.5,11.5,False,,,> Perfumería > Cuidado Capilar > Shampoo >,acondicionador,profesional,general,https://www.jumbo.com.ar/shampoo-elvive-x-2-un-200-cc-acondicionador-reparacion-total-5-bli-2-un/p
Jumbo,155524,153093,Crema Capilar Elvive-rizos Hidratados-pot-gr.-300,ELVIVE,33.97,2807.0,False,,,> Perfumería > Cuidado Capilar > Reparación y Tratamientos >,shampoo,profesional,rizado,https://www.jumbo.com.ar/crema-capilar-elvive-rizos-hidratados-pot-gr-300-2/p
Jumbo,155122,152693,Crema De Enjuague Elvive-rizos Hidratados Colágeno-pvc-ml.-750,ELVIVE,146.95,12145.0,False,,,> Perfumería > Cuidado Capilar > Acondicionador >,acondicionador,profesional,rizado,https://www.jumbo.com.ar/crema-de-enjuague-elvive-rizos-hidratados-colageno-pvc-ml-750-2/p
Jumbo,154892,152461,Crema Capilar Elvive-caida Resist.con Arginina-pvc-ml.-300,ELVIVE,29.89,2470.0,False,,,> Perfumería > Cuidado Capilar > Reparación y Tratamientos >,shampoo,profesional,general,https://www.jumbo.com.ar/crema-capilar-elvive-caida-resist-con-arginina-pvc-ml-300-2/p
Jumbo,150526,147435,Crema De Enjuague Elvive-caida Resist.con Arginina-pvc-ml.-200,ELVIVE,41.19,3404.0,False,,,> Perfumería > Cuidado Capilar > Acondicionador >,acondicionador,profesional,general,https://www.jumbo.com.ar/crema-de-enjuague-elvive-caida-resist-con-arginina-pvc-ml-200-2/p
Jumbo,150499,147408,Crema De Enjuague Elvive-caida Resist.con Arginina-pvc-ml.-300,ELVIVE,14.67,1212.0,False,,,> Perfumería > Cuidado Capilar > Acondicionador >,acondicionador,profesional,general,https://www.jumbo.com.ar/crema-de-enjuague-elvive-caida-resist-con-arginina-pvc-ml-300-2/p
Jumbo,150489,147398,Tratamiento Reconstituyente Elvive-caida Resist.con Arginina-pot-gr.-350,ELVIVE,26.69,2206.0,False,,,> Perfumería > Cuidado Capilar > Reparación y Tratamientos >,tratamiento,profesional,general,https://www.jumbo.com.ar/tratamiento-reconstituyente-elvive-caida-resist-con-arginina-pot-gr-350-2/p
Jumbo,147359,144269,Crema De Enjuague Elvive-renutricion-pvc-ml.-750,ELVIVE,146.95,12145.0,False,,,> Perfumería > Cuidado Capilar > Acondicionador >,acondicionador,profesional,general,https://www.jumbo.com.ar/crema-de-enjuague-elvive-renutricion-pvc-ml-750-2/p
Jumbo,127727,110508,Crema De Enjuague Elvive Nutrigloss X 200 Ml,ELVIVE,266.59,22032.0,False,200.0,1.3329,> Perfumería > Cuidado Capilar > Acondicionador >,acondicionador,profesional,general,https://www.jumbo.com.ar/crema-de-enjuague-elvive-nutrigloss-x-200-ml/p
Jumbo,127705,110488,Shampoo Tratamiento Elvive Nutri-gloss Balance X 250 Ml,ELVIVE,9.27,9.27,False,250.0,0.0371,> Perfumería > Cuidado Capilar > Shampoo >,tratamiento,profesional,general,https://www.jumbo.com.ar/shampoo-tratamiento-elvive-nutri-gloss-balance-x-250-ml/p
Jumbo,127699,110480,Crema De Enjuague Elvive Nutrigloss Balance X 300 Ml,ELVIVE,14.67,1212.0,False,300.0,0.0489,> Perfumería > Cuidado Capilar > Acondicionador >,acondicionador,profesional,general,https://www.jumbo.com.ar/crema-de-enjuague-elvive-nutrigloss-balance-x-300-ml/p
Jumbo,121531,120552,Crema Capilar Elvive Colorvive  Pvc 250 Ml.,ELVIVE,20.65,1707.0,False,250.0,0.0826,> Perfumería > Cuidado Capilar > Reparación y Tratamientos >,shampoo,profesional,tratado,https://www.jumbo.com.ar/crema-capilar-elvive-5/p
Jumbo,120972,119993,Crema De Enjuague Elvive Citrus  Pvc 200 Ml.,ELVIVE,13.19,13.19,False,200.0,0.0659,> Perfumería > Cuidado Capilar > Acondicionador >,acondicionador,profesional,general,https://www.jumbo.com.ar/crema-de-enjuague-elvive-8/p
Jumbo,118503,117540,Shampoo Elvive Cosmetico X 2 Un,ELVIVE,11.99,11.99,False,,,> Perfumería > Cuidado Capilar > Shampoo >,shampoo,profesional,general,https://www.jumbo.com.ar/shampoo-elvive-cosmetico-x-2-un-12/p
Jumbo,117022,116062,Shampoo Elvive Cosmetico X 350 Ml Shampoo Elvive Cosmetico Anti Quiebre Pvc 350 Ml.,ELVIVE,11.89,11.89,False,350.0,0.034,> Perfumería > Cuidado Capilar > Shampoo >,shampoo,profesional,general,https://www.jumbo.com.ar/shampoo-elvive-cosmetico-x-350-ml/p
Jumbo,116437,115477,Crema Capilar Elvive Anti-quiebre,ELVIVE,18.13,1498.0,False,,,> Perfumería > Cuidado Capilar > Reparación y Tratamientos >,shampoo,profesional,general,https://www.jumbo.com.ar/crema-capilar-elvive-6/p
Jumbo,116353,115394,Crema De Enjuague Elvive X 200 Ml Anti-quiebre,ELVIVE,10.93,10.93,False,200.0,0.0546,> Perfumería > Cuidado Capilar > Acondicionador >,acondicionador,profesional,general,https://www.jumbo.com.ar/crema-de-enjuague-elvive-9-2/p
Jumbo,116346,115388,Crema De Enjuague Elvive Anti-quiebre  Pvc 300 Ml.,ELVIVE,15.19,15.19,False,300.0,0.0506,> Perfumería > Cuidado Capilar > Acondicionador >,acondicionador,profesional,general,https://www.jumbo.com.ar/crema-de-enjuague-elvive-9/p
Jumbo,116340,115382,Shampoo Elvive Cosmetico X 250 Ml,ELVIVE,7.87,7.87,False,250.0,0.0315,> Perfumería > Cuidado Capilar > Shampoo >,shampoo,profesional,general,https://www.jumbo.com.ar/shampoo-elvive-cosmetico-x-250-ml-3/p
Jumbo,113281,112332,Crema De Enjuague Elvive Pvc 200 Ml Solar,ELVIVE,9.17,9.17,False,200.0,0.0459,> Perfumería > Cuidado Capilar > Acondicionador >,acondicionador,profesional,general,https://www.jumbo.com.ar/crema-de-enjuague-elvive-pvc-200-ml-solar/p
Jumbo,113275,112326,Crema De Enjuague Elvive Pvc 200 Cc Colorvive,ELVIVE,266.59,22032.0,False,,,> Perfumería > Cuidado Capilar > Acondicionador >,acondicionador,profesional,tratado,https://www.jumbo.com.ar/crema-de-enjuague-elvive-pvc-200-cc-colorvive/p
Jumbo,113268,112319,Crema De Enjuague Elvive Pvc 200 Ml Hydra-curl,ELVIVE,266.59,22032.0,False,200.0,1.3329,> Perfumería > Cuidado Capilar > Acondicionador >,acondicionador,profesional,rizado,https://www.jumbo.com.ar/crema-de-enjuague-elvive-pvc-200-ml-hydra-curl/p
Jumbo,113267,112318,Crema De Enjuague Elvive Pvc 200 Ml Liss Intense,ELVIVE,266.59,22032.0,False,200.0,1.3329,> Perfumería > Cuidado Capilar > Acondicionador >,acondicionador,profesional,general,https://www.jumbo.com.ar/crema-de-enjuague-elvive-pvc-200-ml-liss-intense/p
Jumbo,108107,105374,Shampoo Elvive  Cosmetico X 2 Un Colorvive X 250ml. + Acond Elvive Colorvive X 200 Cc Pck 2 Un.,ELVIVE,14.11,14.11,False,250.0,0.0564,> Perfumería > Cuidado Capilar > Shampoo >,shampoo,profesional,tratado,https://www.jumbo.com.ar/shampoo-elvive-cosmetico-x-2-un-8/p
Jumbo,105097,102386,Crema De Enjuague Elvive Colorvive Pvc 400 Ml,ELVIVE,91.65,7574.0,False,400.0,0.2291,> Perfumería > Cuidado Capilar > Acondicionador >,acondicionador,profesional,tratado,https://www.jumbo.com.ar/crema-de-enjuague-elvive-colorvive-pvc-400-ml/p
Jumbo,102377,99678,Crema De Enjuague Elvive Pet X  200 Ml,ELVIVE,192.77,192.77,False,200.0,0.9639,> Perfumería > Cuidado Capilar > Acondicionador >,acondicionador,profesional,general,https://www.jumbo.com.ar/crema-de-enjuague-elvive-pet-x-200-ml/p
Jumbo,102215,99519,Crema De Enjuague Elvive Nutri - Gloss Pvc 400 Ml,ELVIVE,91.65,7574.0,False,400.0,0.2291,> Perfumería > Cuidado Capilar > Acondicionador >,acondicionador,profesional,general,https://www.jumbo.com.ar/crema-de-enjuague-elvive-nutri-gloss-pvc-400-ml/p
Jumbo,102083,99390,Shampoo Elvive Cosmetico Pet 250 Ml,ELVIVE,8.15,8.15,False,250.0,0.0326,> Perfumería > Cuidado Capilar > Shampoo >,shampoo,profesional,general,https://www.jumbo.com.ar/shampoo-elvive-cosmetico-pet-250-ml/p
Jumbo,102074,99380,Crema De Enjuague Elvive Nutri - Gloss  Pvc 200 Ml.,ELVIVE,266.59,22032.0,False,200.0,1.3329,> Perfumería > Cuidado Capilar > Acondicionador >,acondicionador,profesional,general,https://www.jumbo.com.ar/crema-de-enjuague-elvive-nutri-gloss-pvc-200-ml/p
Jumbo,102039,99343,Shampoo Elvive Cosmetico Nutri - Gloss Pvc 250 Ml,ELVIVE,8.19,8.19,False,250.0,0.0328,> Perfumería > Cuidado Capilar > Shampoo >,shampoo,profesional,general,https://www.jumbo.com.ar/shampoo-elvive-cosmetico-nutri-gloss-pvc-250-ml/p
Jumbo,96979,94296,Shampoo Elvive Set-colorvive-sh X 400 Ml+ Aco X 200ml-paq-un.-2,ELVIVE,34.49,2850.0,False,400.0,0.0862,> Perfumería > Cuidado Capilar > Shampoo >,shampoo,profesional,tratado,https://www.jumbo.com.ar/shampoo-elvive-set-colorvive-sh-x-400-ml-aco-x-200ml-paq-un-2/p
Jumbo,96705,94021,Shampoo Elvive Set-renutricion-sh X 400 Ml+ Aco X 200ml-paq-un.-2,ELVIVE,34.49,2850.0,False,400.0,0.0862,> Perfumería > Cuidado Capilar > Shampoo >,shampoo,profesional,general,https://www.jumbo.com.ar/shampoo-elvive-set-renutricion-sh-x-400-ml-aco-x-200ml-paq-un-2/p
Jumbo,92085,89413,Crema Capilar Elvive-renutricion-pvc-ml.-200,ELVIVE,22.77,1882.0,False,,,> Perfumería > Cuidado Capilar > Reparación y Tratamientos >,shampoo,profesional,general,https://www.jumbo.com.ar/crema-capilar-elvive-renutricion-pvc-ml-200/p
Jumbo,91955,89283,Crema Capilar Elvive-renutricion-pvc-ml.-250,ELVIVE,20.93,1730.0,False,,,> Perfumería > Cuidado Capilar > Reparación y Tratamientos >,shampoo,profesional,general,https://www.jumbo.com.ar/crema-capilar-elvive-renutricion-pvc-ml-250/p
Jumbo,91950,89278,Tratamiento Reconstituyente Elvive-renutricion-pvc-gr.-350,ELVIVE,25.59,2115.0,False,,,> Perfumería > Cuidado Capilar > Reparación y Tratamientos >,tratamiento,profesional,general,https://www.jumbo.com.ar/tratamiento-reconstituyente-elvive-renutricion-pvc-gr-350/p
Jumbo,91935,89263,Crema De Enjuague Elvive-renutricion-pvc-ml.-200,ELVIVE,266.59,22032.0,False,,,> Perfumería > Cuidado Capilar > Acondicionador >,acondicionador,profesional,general,https://www.jumbo.com.ar/crema-de-enjuague-elvive-renutricion-pvc-ml-200/p
Jumbo,91924,89252,Tratamiento Reconstituyente Elvive-renutricion-noche-pvc-ml.-150,ELVIVE,22.47,1857.0,False,,,> Perfumería > Cuidado Capilar > Reparación y Tratamientos >,tratamiento,profesional,general,https://www.jumbo.com.ar/tratamiento-reconstituyente-elvive-renutricion-noche-pvc-ml-150/p
Jumbo,91799,89128,Shampoo Elvive Set-sh 400 Ml + Acond 200 Ml + 1 Ampolla 15ml-rt5+-pck-un.-3,ELVIVE,42.89,42.89,False,400.0,0.1072,> Perfumería > Cuidado Capilar > Shampoo >,shampoo,profesional,general,https://www.jumbo.com.ar/shampoo-elvive-set-sh-400-ml-acond-200-ml-1-ampolla-15ml-rt5-pck-un-3/p
Jumbo,82823,80158,Crema Capilar Elvive-rizos-colageno-pvc-ml.-250,ELVIVE,29.89,2470.0,False,,,> Perfumería > Cuidado Capilar > Reparación y Tratamientos >,shampoo,profesional,rizado,https://www.jumbo.com.ar/crema-capilar-elvive-13/p
Jumbo,82812,80147,Tratamiento Reconstituyente Elvive-rizos-colageno-pvc-ml.-350,ELVIVE,26.69,2206.0,False,,,> Perfumería > Cuidado Capilar > Reparación y Tratamientos >,tratamiento,profesional,rizado,https://www.jumbo.com.ar/tratamiento-reconstituyente-elvive-8/p
Jumbo,82795,80130,Crema De Enjuague Elvive-colageno-pvc-ml.-400,ELVIVE,91.65,7574.0,False,,,> Perfumería > Cuidado Capilar > Acondicionador >,acondicionador,profesional,general,https://www.jumbo.com.ar/crema-de-enjuague-elvive-62/p
Jumbo,82781,80116,Crema De Enjuague Elvive-caida Resist.con Arginina-pvc-ml.-400,ELVIVE,91.65,7574.0,False,,,> Perfumería > Cuidado Capilar > Acondicionador >,acondicionador,profesional,general,https://www.jumbo.com.ar/crema-de-enjuague-elvive-61/p
Jumbo,82755,80087,Crema De Enjuague Elvive-intense-pvc-ml.-400,ELVIVE,91.65,7574.0,False,,,> Perfumería > Cuidado Capilar > Acondicionador >,acondicionador,profesional,general,https://www.jumbo.com.ar/crema-de-enjuague-elvive-60/p
Jumbo,82738,80071,Crema De Enjuague Elvive-caida Resist.con Arginina-pvc-ml.-750,ELVIVE,146.95,12145.0,False,,,> Perfumería > Cuidado Capilar > Acondicionador >,acondicionador,profesional,general,https://www.jumbo.com.ar/crema-de-enjuague-elvive-59/p
Jumbo,81615,78949,Shampoo Elvive Cosmetico Multivitaminas  250 Ml,ELVIVE,10.99,10.99,False,250.0,0.044,> Perfumería > Cuidado Capilar > Shampoo >,shampoo,profesional,general,https://www.jumbo.com.ar/shampoo-elvive-cosmetico-70/p
Jumbo,77114,74242,Shampoo Elvive Cosmetico X 2 Un,ELVIVE,16.19,16.19,False,,,> Perfumería > Cuidado Capilar > Shampoo >,shampoo,profesional,general,https://www.jumbo.com.ar/shampoo-elvive-cosmetico-x-2-un-7/p
Jumbo,77081,74209,Shampoo Elvive  Cosmetico X 2 Un,ELVIVE,15.27,15.27,False,,,> Perfumería > Cuidado Capilar > Shampoo >,shampoo,profesional,general,https://www.jumbo.com.ar/shampoo-elvive-cosmetico-x-2-un-3/p
Jumbo,77063,74191,Crema Capilar Elvive Nutri-gloss,ELVIVE,19.77,1634.0,False,,,> Perfumería > Cuidado Capilar > Reparación y Tratamientos >,shampoo,profesional,general,https://www.jumbo.com.ar/crema-capilar-elvive-3/p
Jumbo,77038,74166,Crema Capilar Elvive X 250 Ml Liss Intense  Pvc 250 Ml.,ELVIVE,18.13,1498.0,False,250.0,0.0725,> Perfumería > Cuidado Capilar > Reparación y Tratamientos >,shampoo,profesional,general,https://www.jumbo.com.ar/crema-capilar-elvive/p
Jumbo,77032,74160,Crema Capilar Elvive X 250 Ml Crema Capilar Elvive Solar,ELVIVE,11.93,986.0,False,250.0,0.0477,> Perfumería > Cuidado Capilar > Reparación y Tratamientos >,shampoo,profesional,general,https://www.jumbo.com.ar/crema-capilar-elvive-x-250-ml-2/p
Jumbo,77030,74158,Crema Capilar Elvive X 250 Ml Nutri-repair  Pvc 250 Ml.,ELVIVE,9.8,9.8,False,250.0,0.0392,> Perfumería > Cuidado Capilar > Reparación y Tratamientos >,shampoo,profesional,general,https://www.jumbo.com.ar/crema-capilar-elvive-x-250-ml/p
Jumbo,77029,74157,Crema Capilar Elvive X 250 Ml,ELVIVE,20.05,20.05,False,250.0,0.0802,> Perfumería > Cuidado Capilar > Reparación y Tratamientos >,shampoo,profesional,general,https://www.jumbo.com.ar/crema-capilar-elvive-4/p
Jumbo,76449,73579,Crema De Enjuague Elvive X 3 Un,ELVIVE,1.49,1.49,False,,,> Perfumería > Cuidado Capilar > Acondicionador >,acondicionador,profesional,general,https://www.jumbo.com.ar/crema-de-enjuague-elvive-x-3-un/p
Jumbo,72462,69598,Shampoo Elvive Cosmetico X 2 Un,ELVIVE,16.32,16.32,False,,,> Perfumería > Cuidado Capilar > Shampoo >,shampoo,profesional,general,https://www.jumbo.com.ar/shampoo-elvive-cosmetico-x-2-un-2/p
Jumbo,70854,67987,Shampoo Elvive Cosmetico X 250 Ml,ELVIVE,9.17,9.17,False,250.0,0.0367,> Perfumería > Cuidado Capilar > Shampoo >,shampoo,profesional,general,https://www.jumbo.com.ar/shampoo-elvive-cosmetico-x-250-ml-2/p
Jumbo,70822,67956,Crema De Enjuague Elvive X 300 Ml,ELVIVE,10.35,10.35,False,300.0,0.0345,> Perfumería > Cuidado Capilar > Acondicionador >,acondicionador,profesional,general,https://www.jumbo.com.ar/crema-de-enjuague-elvive-x-300-ml-3/p
Jumbo,69844,66981,Tratamiento Reconstituyente Elvive,ELVIVE,25.47,25.47,False,,,> Perfumería > Cuidado Capilar > Reparación y Tratamientos >,tratamiento,profesional,general,https://www.jumbo.com.ar/tratamiento-reconstituyente-elvive-4/p
Jumbo,68545,65684,Crema Capilar Elvive Volumen Control  Pvc 250 Ml.,ELVIVE,18.13,1498.0,False,250.0,0.0725,> Perfumería > Cuidado Capilar > Reparación y Tratamientos >,shampoo,profesional,general,https://www.jumbo.com.ar/crema-capilar-elvive-7/p
Jumbo,68539,65678,Crema De Enjuague Elvive Volumen Control  Pvc 200 Ml.,ELVIVE,266.59,22032.0,False,200.0,1.3329,> Perfumería > Cuidado Capilar > Acondicionador >,acondicionador,profesional,general,https://www.jumbo.com.ar/crema-de-enjuague-elvive-11/p
Jumbo,68533,65672,Crema De Enjuague Elvive,ELVIVE,91.65,7574.0,False,,,> Perfumería > Cuidado Capilar > Acondicionador >,acondicionador,profesional,general,https://www.jumbo.com.ar/crema-de-enjuague-elvive-4/p
Jumbo,68501,65640,Tratamiento Reconstituyente Elvive,ELVIVE,26.69,2206.0,False,,,> Perfumería > Cuidado Capilar > Reparación y Tratamientos >,tratamiento,profesional,general,https://www.jumbo.com.ar/tratamiento-reconstituyente-elvive-3/p
Jumbo,67977,65115,Shampoo Elvive 2 En 1 Vitamax X 400 Ml,ELVIVE,91.65,7574.0,False,400.0,0.2291,> Perfumería > Cuidado Capilar > Shampoo >,shampoo,profesional,general,https://www.jumbo.com.ar/shampoo-elvive-2-en-1-vitamax-x-400-ml/p
Jumbo,62527,59676,Crema De Enjuague Elvive Pvc 300 Ml Hydra-curl .,ELVIVE,14.67,1212.0,False,300.0,0.0489,> Perfumería > Cuidado Capilar > Acondicionador >,acondicionador,profesional,rizado,https://www.jumbo.com.ar/crema-de-enjuague-elvive-pvc-300-ml-hydra-curl/p
Jumbo,62513,59662,Shampoo Elvive Cosmetico Hydra Curl Pvc 350 Ml,ELVIVE,12.65,12.65,False,350.0,0.0361,> Perfumería > Cuidado Capilar > Shampoo >,shampoo,profesional,rizado,https://www.jumbo.com.ar/shampoo-elvive-cosmetico-hydra-curl-pvc-350-ml/p
Jumbo,60065,57213,Shampoo Elvive Cosmetico Colorvive Nueva Presentacion Pvc 250 Ml,ELVIVE,7.97,7.97,False,250.0,0.0319,> Perfumería > Cuidado Capilar > Shampoo >,shampoo,profesional,tratado,https://www.jumbo.com.ar/shampoo-elvive-cosmetico-colorvive-nueva-presentacion-pvc-250-ml/p
Jumbo,60061,57210,Shampoo Elvive Cosmetico Liss Intense Pvc 250 Ml,ELVIVE,7.97,7.97,False,250.0,0.0319,> Perfumería > Cuidado Capilar > Shampoo >,shampoo,profesional,general,https://www.jumbo.com.ar/shampoo-elvive-cosmetico-liss-intense-pvc-250-ml/p
Jumbo,60054,57203,Shampoo Liss Intense 350 Ml Elvive Shampoo Elvive Cosmetico Liss Intense Pvc 350 Ml,ELVIVE,12.65,12.65,False,350.0,0.0361,> Perfumería > Cuidado Capilar > Shampoo >,shampoo,profesional,general,https://www.jumbo.com.ar/shampoo-elvive-cosmetico-liss-intense-pvc-350-ml/p
Jumbo,60044,57193,Crema De Enjuague Elvive Liss Intense Pvc 300 Ml,ELVIVE,14.67,1212.0,False,300.0,0.0489,> Perfumería > Cuidado Capilar > Acondicionador >,acondicionador,profesional,general,https://www.jumbo.com.ar/crema-de-enjuague-elvive-liss-intense-pvc-300-ml/p
Jumbo,58722,55876,Tratamiento Nocturno Elvive Reparacion Total 5-pvc-ml.-150,ELVIVE,18.97,1568.0,False,,,> Perfumería > Cuidado Capilar > Reparación y Tratamientos >,tratamiento,profesional,general,https://www.jumbo.com.ar/tratamiento-nocturno-elvive-reparacion-total-5-pvc-ml-150/p
Jumbo,55621,52779,Crema De Enjuague Elvive X 200 Ml Vitamax  Pet 200 Ml.,ELVIVE,12.83,12.83,False,200.0,0.0641,> Perfumería > Cuidado Capilar > Acondicionador >,acondicionador,profesional,general,https://www.jumbo.com.ar/crema-de-enjuague-elvive-x-200-ml-vitamax-pet-200-ml/p
Jumbo,54060,51222,Crema De Enjuague Elvive-rizos Hidratados Colágeno-pvc-ml.-200,ELVIVE,41.19,3404.0,False,,,> Perfumería > Cuidado Capilar > Acondicionador >,acondicionador,profesional,rizado,https://www.jumbo.com.ar/crema-de-enjuague-elvive-rizos-hidratados-colageno-pvc-ml-200/p
Jumbo,44744,41915,Shampoo Oleo Extraordinario Nutrición Univ 750ml.,ELVIVE,1021.39,84412.0,False,750.0,1.3619,> Perfumería > Cuidado Capilar > Shampoo >,shampoo,profesional,general,https://www.jumbo.com.ar/shampoo-oleo-extraordinario-nutricion-univ-750ml/p
Jumbo,44040,41211,Ampolla Reparadora Elvive Oleo Extraordinario Nutrición Universal 15 Ml,ELVIVE,86.69,7164.0,False,15.0,5.7793,> Perfumería > Cuidado Capilar > Reparación y Tratamientos >,shampoo,profesional,general,https://www.jumbo.com.ar/ampolla-reparadora-elvive-oleo-extraordinario-nutricion-universal-15-ml/p
Jumbo,43915,41086,Crema Elvive Oleo Extraordinario 300ml,ELVIVE,520.25,42996.0,False,300.0,1.7342,> Perfumería > Cuidado Capilar > Reparación y Tratamientos >,shampoo,profesional,general,https://www.jumbo.com.ar/crema-elvive-oleo-extraordinario-300ml-2/p
Jumbo,40463,37628,Acondicionador Elvive Arcilla 200ml,ELVIVE,290.85,24037.0,False,200.0,1.4543,> Perfumería > Cuidado Capilar > Acondicionador >,acondicionador,profesional,general,https://www.jumbo.com.ar/acondicionador-elvive-arcilla-200ml-2/p
Jumbo,40448,37613,Shampoo Arcilla Purificante Elvive L Oréal Paris 400 Ml,ELVIVE,430.95,35616.0,False,400.0,1.0774,> Perfumería > Cuidado Capilar > Shampoo >,shampoo,profesional,general,https://www.jumbo.com.ar/shampoo-arcilla-purificante-elvive-l-oreal-paris-400-ml/p
Jumbo,39968,37134,Acondicionador Elvive Arcilla 400ml,ELVIVE,470.23,38862.0,False,400.0,1.1756,> Perfumería > Cuidado Capilar > Acondicionador >,acondicionador,profesional,general,https://www.jumbo.com.ar/acondicionador-elvive-arcilla-400ml/p
Jumbo,39678,36844,Pre-shampoo Arcilla Purificante Elvive L Oréal Paris 150 Ml,ELVIVE,159.49,13181.0,False,150.0,1.0633,> Perfumería > Cuidado Capilar > Reparación y Tratamientos >,shampoo,profesional,general,https://www.jumbo.com.ar/pre-shampoo-arcilla-purificante-elvive-l-oreal-paris-150-ml/p
Jumbo,39672,36837,Acondicionador Elvive Arcilla 750ml,ELVIVE,745.65,61624.0,False,750.0,0.9942,> Perfumería > Cuidado Capilar > Acondicionador >,acondicionador,profesional,general,https://www.jumbo.com.ar/acondicionador-elvive-arcilla-750ml/p
Jumbo,39160,36326,Shampoo óleo Extraordinario Rizos Definidos Elvive L Oréal Paris 750 Ml,ELVIVE,683.47,56485.0,False,750.0,0.9113,> Perfumería > Cuidado Capilar > Shampoo >,shampoo,profesional,rizado,https://www.jumbo.com.ar/shampoo-oleo-extraordinario-rizos-definidos-elvive-l-oreal-paris-750-ml/p
Jumbo,38320,35478,Crema Elvive Rizos Definidos 250ml,ELVIVE,523.09,43231.0,False,250.0,2.0924,> Perfumería > Cuidado Capilar > Reparación y Tratamientos >,shampoo,profesional,rizado,https://www.jumbo.com.ar/crema-elvive-rizos-definidos-250ml/p
Jumbo,38306,35463,Tratamiento Elvive 200 Ml,ELVIVE,160.47,13262.0,False,200.0,0.8024,> Perfumería > Cuidado Capilar > Reparación y Tratamientos >,tratamiento,profesional,general,https://www.jumbo.com.ar/tratamiento-elvive/p
Jumbo,37696,34854,Tratamiento Elvive Oleo En Crema Nutrici«n Intensa 200 Ml Tratamiento Elvive Oleo En Crema Nutrición Intensa 200 Ml,ELVIVE,169.0,169.0,False,200.0,0.845,> Perfumería > Cuidado Capilar > Reparación y Tratamientos >,tratamiento,profesional,general,https://www.jumbo.com.ar/tratamiento-elvive-oleo-en-crema-2/p
Jumbo,37394,34552,Tratamiento Elvive Rt5 200 Ml,ELVIVE,143.85,11888.0,False,200.0,0.7192,> Perfumería > Cuidado Capilar > Reparación y Tratamientos >,tratamiento,profesional,general,https://www.jumbo.com.ar/tratamiento-elvive-rt5-200-ml/p
Jumbo,36709,33869,Tratamiento Elvive óleo En Crema Tratamiento Elvive Oleo En Crema 200 Ml,ELVIVE,143.85,11888.0,False,200.0,0.7192,> Perfumería > Cuidado Capilar > Reparación y Tratamientos >,tratamiento,profesional,general,https://www.jumbo.com.ar/tratamiento-elvive-oleo-en-crema/p
Jumbo,31746,28905,Shampoo Elvive 2 En 1 Shampoo 2 En 1 Reparación Total 5 Elvive L Oréal Paris 400 Ml,ELVIVE,430.95,35616.0,False,400.0,1.0774,> Perfumería > Cuidado Capilar > Shampoo >,shampoo,profesional,general,https://www.jumbo.com.ar/shampoo-elvive-2-en-1/p
Jumbo,31744,28904,Shampoo Elvive Reparacion Total 5 750ml,ELVIVE,846.49,69958.0,False,750.0,1.1287,> Perfumería > Cuidado Capilar > Shampoo >,shampoo,profesional,general,https://www.jumbo.com.ar/shampoo-elvive-reparacion-total-5-750ml/p
Jumbo,31696,28855,Shampoo Elvive Rizos Hidratados 200ml,ELVIVE,290.85,24037.0,False,200.0,1.4543,> Perfumería > Cuidado Capilar > Shampoo >,shampoo,profesional,rizado,https://www.jumbo.com.ar/shampoo-elvive-rizos-hidratados-200ml/p
Jumbo,31675,28834,Acondicionador Elvive Reparación Total 5 200 Ml,ELVIVE,3250.0,268595.0,False,200.0,16.25,> Perfumería > Cuidado Capilar > Acondicionador >,acondicionador,profesional,general,https://www.jumbo.com.ar/acondicionador-elvive-reparacion-total-5-200-ml/p
Jumbo,31654,28813,Acondicionador Elvive Rep Total 5 750ml,ELVIVE,795.59,65751.0,False,750.0,1.0608,> Perfumería > Cuidado Capilar > Acondicionador >,acondicionador,profesional,general,https://www.jumbo.com.ar/acondicionador-elvive-rep-total-5-750ml/p
Jumbo,31611,28770,Acondicionador Elvive Rizos Hidratados Colágeno 750 Ml,ELVIVE,146.95,12145.0,False,750.0,0.1959,> Perfumería > Cuidado Capilar > Acondicionador >,acondicionador,profesional,rizado,https://www.jumbo.com.ar/crema-de-enjuague-elvive-20/p
Jumbo,31579,28738,Shampoo Elvive Reparacion Total 5 200ml,ELVIVE,3050.0,252066.0,False,200.0,15.25,> Perfumería > Cuidado Capilar > Shampoo >,shampoo,profesional,general,https://www.jumbo.com.ar/shampoo-elvive-reparacion-total-5-200ml-2/p
Jumbo,31467,28626,Shampoo Elvive Color Vive 400ml,ELVIVE,533.79,44115.0,False,400.0,1.3345,> Perfumería > Cuidado Capilar > Shampoo >,shampoo,profesional,tratado,https://www.jumbo.com.ar/shampoo-elvive-color-vive-400ml/p
Jumbo,31344,28503,Tratamiento Elvive Keraliso 300gr,ELVIVE,520.25,42996.0,False,300.0,1.7342,> Perfumería > Cuidado Capilar > Reparación y Tratamientos >,tratamiento,profesional,general,https://www.jumbo.com.ar/tratamiento-elvive-keraliso-300gr/p
Jumbo,31342,28501,Shampoo Elvive Kera Liso Brillo 200ml,ELVIVE,346.37,28626.0,False,200.0,1.7319,> Perfumería > Cuidado Capilar > Shampoo >,shampoo,profesional,general,https://www.jumbo.com.ar/shampoo-elvive-kera-liso-brillo-200ml/p
Jumbo,31322,28481,Crema Capilar Elvive Crema Para Peinar Keraliso 230° Elvive L Oréal Paris 250 Ml,ELVIVE,479.47,39626.0,False,250.0,1.9179,> Perfumería > Cuidado Capilar > Reparación y Tratamientos >,shampoo,profesional,general,https://www.jumbo.com.ar/crema-capilar-elvive-9/p
Jumbo,31250,28409,Shampoo Elvive Kera Liso 200ml,ELVIVE,330.19,27288.0,False,200.0,1.6509,> Perfumería > Cuidado Capilar > Shampoo >,shampoo,profesional,general,https://www.jumbo.com.ar/shampoo-elvive-kera-liso-200ml/p
Jumbo,31010,28169,Shampoo Caida Resist Elvive L Oréal Paris 400 Ml,ELVIVE,600.0,49587.0,False,400.0,1.5,> Perfumería > Cuidado Capilar > Shampoo >,shampoo,profesional,general,https://www.jumbo.com.ar/shampoo-caida-resist-elvive-l-oreal-paris-400-ml/p
Jumbo,31008,28167,Crema De Enjuague Elvive Acondicionador Elvive Renutrición 750 Ml,ELVIVE,683.47,56485.0,False,750.0,0.9113,> Perfumería > Cuidado Capilar > Acondicionador >,acondicionador,profesional,general,https://www.jumbo.com.ar/crema-de-enjuague-elvive-12/p
Jumbo,31005,28164,Crema De Enjuague Elvive Acondicionador Elvive Renutrición 200 Ml,ELVIVE,266.59,22032.0,False,200.0,1.3329,> Perfumería > Cuidado Capilar > Acondicionador >,acondicionador,profesional,general,https://www.jumbo.com.ar/crema-de-enjuague-elvive-10/p
Jumbo,30922,28081,Crema Capilar Elvive Crema Para Peinar Keraliso Elvive L Oréal Paris 250 Ml,ELVIVE,479.47,39626.0,False,250.0,1.9179,> Perfumería > Cuidado Capilar > Reparación y Tratamientos >,shampoo,profesional,general,https://www.jumbo.com.ar/crema-capilar-elvive-10/p
Jumbo,30921,28080,Tratamiento Elvive Keraliso Brillo 300gr,ELVIVE,619.59,51206.0,False,300.0,2.0653,> Perfumería > Cuidado Capilar > Reparación y Tratamientos >,tratamiento,profesional,general,https://www.jumbo.com.ar/tratamiento-elvive-keraliso-brillo-300gr/p
Jumbo,30915,28074,Shampoo Elvive Kera Liso Brillo 400ml,ELVIVE,1050.0,86777.0,False,400.0,2.625,> Perfumería > Cuidado Capilar > Shampoo >,shampoo,profesional,general,https://www.jumbo.com.ar/shampoo-elvive-kera-liso-brillo-400ml/p
Jumbo,23864,21026,Crema De Enjuague Elvive-renutricion-pvc-ml.-300,ELVIVE,91.65,7574.0,False,,,> Perfumería > Cuidado Capilar > Acondicionador >,acondicionador,profesional,general,https://www.jumbo.com.ar/crema-de-enjuague-elvive-7/p
Jumbo,18084,15178,Tratamiento Elvive Keraliso 200 Ml,ELVIVE,143.85,11888.0,False,200.0,0.7192,> Perfumería > Cuidado Capilar > Reparación y Tratamientos >,tratamiento,profesional,general,https://www.jumbo.com.ar/tratamiento-elvive-keraliso-200-ml/p
Jumbo,12117,9376,Crema Tratamiento Fibralogy Elvive L Oréal Paris 300 Ml,ELVIVE,476.85,39409.0,False,300.0,1.5895,> Perfumería > Cuidado Capilar > Reparación y Tratamientos >,tratamiento,profesional,general,https://www.jumbo.com.ar/crema-tratamiento-fibralogy-elvive-l-oreal-paris-300-ml/p
Jumbo,12111,9370,Acondicionador Elvive Fibralogy 400ml,ELVIVE,430.99,35619.0,False,400.0,1.0775,> Perfumería > Cuidado Capilar > Acondicionador >,acondicionador,profesional,general,https://www.jumbo.com.ar/acondicionador-elvive-fibralogy-400ml/p
Jumbo,12091,9350,Acondicionador Fibralogy Elvive L Oréal Paris 200 Ml,ELVIVE,266.59,22032.0,False,200.0,1.3329,> Perfumería > Cuidado Capilar > Acondicionador >,acondicionador,profesional,general,https://www.jumbo.com.ar/acondicionador-fibralogy-elvive-l-oreal-paris-200-ml/p
Jumbo,12087,9346,Crema Para Peinar Fibralogy Elvive L Oréal Paris 250 Ml,ELVIVE,479.47,39626.0,False,250.0,1.9179,> Perfumería > Cuidado Capilar > Reparación y Tratamientos >,shampoo,profesional,general,https://www.jumbo.com.ar/crema-para-peinar-fibralogy-elvive-l-oreal-paris-250-ml/p
Jumbo,9768,7046,Crema Capilar Elvive Crema Para Peinar Color Vive Elvive L Oréal Paris 250 Ml,ELVIVE,479.47,39626.0,False,250.0,1.9179,> Perfumería > Cuidado Capilar > Reparación y Tratamientos >,shampoo,profesional,tratado,https://www.jumbo.com.ar/crema-capilar-elvive-11/p
Jumbo,9765,7043,Tratamiento Elvive Rep Total 5 300gr,ELVIVE,800.0,66116.0,False,300.0,2.6667,> Perfumería > Cuidado Capilar > Reparación y Tratamientos >,tratamiento,profesional,general,https://www.jumbo.com.ar/tratamiento-elvive-rep-total-5-300gr/p
Jumbo,9763,7041,Tratamiento Elvive Color 300gr,ELVIVE,520.25,42996.0,False,300.0,1.7342,> Perfumería > Cuidado Capilar > Reparación y Tratamientos >,tratamiento,profesional,tratado,https://www.jumbo.com.ar/tratamiento-elvive-color-300gr/p
Jumbo,9762,7040,Crema Capilar Elvive Rizos Hidratados Colágeno 250 Ml,ELVIVE,97.07,8022.0,False,250.0,0.3883,> Perfumería > Cuidado Capilar > Reparación y Tratamientos >,shampoo,profesional,rizado,https://www.jumbo.com.ar/crema-capilar-elvive-rizos-hidratados-colageno-250-ml/p
Jumbo,9759,7037,Crema Capilar Elvive Renutrición 250 Ml,ELVIVE,479.47,39626.0,False,250.0,1.9179,> Perfumería > Cuidado Capilar > Reparación y Tratamientos >,shampoo,profesional,general,https://www.jumbo.com.ar/crema-capilar-elvive-2/p
Jumbo,9758,7036,Crema Elvive Reparacion Total 5 250ml,ELVIVE,558.13,46126.0,False,250.0,2.2325,> Perfumería > Cuidado Capilar > Reparación y Tratamientos >,shampoo,profesional,general,https://www.jumbo.com.ar/crema-elvive-reparacion-total-5-250ml/p
Jumbo,7699,5025,Tratamiento Elvive Rt5 Extreme 300gr,ELVIVE,520.25,42996.0,False,300.0,1.7342,> Perfumería > Cuidado Capilar > Reparación y Tratamientos >,tratamiento,profesional,general,https://www.jumbo.com.ar/tratamiento-elvive-rt5-extreme-300gr/p
Jumbo,3512,248531,Shampoo Elvive Rizos Hidratados 750ml,ELVIVE,745.65,61624.0,False,750.0,0.9942,> Perfumería > Cuidado Capilar > Shampoo >,shampoo,profesional,rizado,https://www.jumbo.com.ar/shampoo-elvive-rizos-hidratados-750ml/p
Jumbo,3496,248524,Crema De Enjuague Elvive-nutri - Gloss-nueva Presentacion-pvc-ml.-400,ELVIVE,91.65,7574.0,False,,,> Perfumería > Cuidado Capilar > Acondicionador >,acondicionador,profesional,general,https://www.jumbo.com.ar/crema-de-enjuague-elvive/p
Jumbo,3464,248550,Shampoo Elvive Citrus 400ml,ELVIVE,533.79,44115.0,False,400.0,1.3345,> Perfumería > Cuidado Capilar > Shampoo >,shampoo,profesional,general,https://www.jumbo.com.ar/shampoo-elvive-citrus-400ml/p
